label	question	answer	lang
LOC:country	17,000 island nation?	Indonesia.	en
HUM:ind	1984 author?	1984.	en
ENTY:symbol	27th letter name?	The ampersand.	en
ENTY:techmeth	3D printing?	Additive manufacturing.	en
ENTY:instru	88 key device?	The piano.	en
NUM:period	A standard day?	24 hours.	en
ABBR:abb	Abbreviation for the state of New York?	NY	en
ABBR:abb	Acronym for laser?	LASER	en
ABBR:abb	Acronym for light amplification by stimulated emission of radiation?	LASER	en
ABBR:abb	Acronym for sonar?	SONAR	en
ABBR:abb	Acronym for the International Monetary Fund?	IMF	en
ABBR:abb	Acronym for the United Nations?	UN	en
ENTY:techmeth	Active noise cancellation relies on digital signal processing; provide the name for the wave manipulation used.	Phase inversion.	en
HUM:desc	Actor's job?	A professional who performs in plays or movies.	en
HUM:title	Admiral navy?	Admiral.	en
NUM:perc	Air nitrogen?	78 percent.	en
ENTY:body	Air sac?	The alveoli.	en
NUM:code	Airport code?	LAX.	en
NUM:code	Airport IATA?	SFO.	en
ENTY:veh	Airship name?	The Hindenburg.	en
ENTY:letter	Alpha shape?	Α.	en
LOC:mount	Alps continent?	Europe.	en
LOC:mount	Alps location?	The Alps.	en
LOC:landmass	Amazon basin?	The Amazon Basin.	en
NUM:dist	Amazon long?	6,400 km.	en
LOC:water	Amazon mouth?	The Amazon.	en
HUM:gr	Amazon tribe?	The Yanomami people.	en
HUM:gr	Amish belief?	The Amish community.	en
HUM:desc	An environmental epidemiologist studies the relationship between factors and health.	Analyzing how pollution and climate affect public health.	en
HUM:desc	An environmental epidemiologist studies the relationship between factors and health; provide a look at their work.	Analyzing how pollution and climate affect public health.	en
ENTY:word	Anagram silent?	Listen.	en
DESC:desc	Ancient Egyptian religion was a complex system of polytheistic beliefs; describe their funerary practices.	Rituals and mummification to prepare for the afterlife.	en
DESC:desc	Ancient Greek mythology was a complex system of beliefs; describe the nature of the god Zeus.	The powerful king of the gods who ruled the sky.	en
ENTY:religion	Ancient Greek religion was a complex polytheistic system; name the home of the gods.	Mount Olympus.	en
ENTY:religion	Ancient Greek religion was a complex system; provide the name of the home of the twelve major gods in the sky.	Mount Olympus.	en
ENTY:religion	Ancient Greek religion was a complex system; provide the name of the home of the twelve major gods.	Mount Olympus.	en
ENTY:lang	Ancient Rome tongue?	Latin.	en
LOC:mount	Andes country?	Chile/Peru.	en
LOC:mount	Andes where?	The Andes.	en
ENTY:product	Android OS?	Android.	en
ENTY:symbol	Ankh mean?	Life.	en
ENTY:symbol	Ankh meaning?	The Ankh.	en
ENTY:symbol	Ankh name?	The Ankh.	en
ENTY:animal	Ant society?	The Leafcutter Ant.	en
ENTY:animal	Antarctic penguin?	The Emperor Penguin.	en
LOC:landmass	Antarctica area?	Antarctica.	en
LOC:other	Antarctica is a unique landmass; provide the location of the Amundsen-Scott research station on the continent.	At the geographical South Pole.	en
LOC:other	Antarctica is a unique landmass; provide the location of the McMurdo research station.	Ross Island.	en
LOC:landmass	Antarctica is the coldest continent; provide the name of the mountain range that divides it.	The Transantarctic Mountains.	en
ENTY:word	Antonym search?	Benevolent.	en
NUM:date	Apollo 11 date?	1969.	en
ENTY:event	Apollo 11?	The Moon Landing.	en
ENTY:letter	Arabic Alif?	ﺍ.	en
ENTY:lang	Arabic script?	Arabic.	en
BOOL:yesno	Are all prime numbers odd integers in math?	No.	en
BOOL:yesno	Are all spiders classified as arachnids in biological terms?	Yes.	en
BOOL:yesno	Are lions cats?	Yes.	en
BOOL:yesno	Are spiders classified as insects in biology?	No.	en
BOOL:yesno	Are there any birds that cannot fly at all?	Yes, such as ostriches.	en
BOOL:yesno	Are trees alive?	Yes.	en
NUM:code	Area code 212?	212.	en
NUM:code	Area code for Los Angeles?	213.	en
NUM:code	Area code?	212.	en
ENTY:symbol	Aries sign?	The Ram.	en
HUM:title	Army General?	General.	en
HUM:desc	Artist work?	A person who creates paintings or sculptures.	en
NUM:code	ASCII value for @?	64.	en
NUM:temp	At what temperature does a bar of milk chocolate begin to melt?	30 degrees.	en
NUM:temp	At what temperature does a pizza oven bake?	400 degrees Celsius.	en
NUM:temp	At what temperature does a standard wood-fired pizza oven bake?	400 degrees.	en
NUM:temp	At what temperature does granulated sugar begin to caramelize properly?	160 degrees.	en
NUM:temp	At what temperature does granulated sugar begin to caramelize?	160 degrees.	en
NUM:temp	At what temperature does liquid argon boil at standard pressure?	-185 degrees.	en
NUM:temp	At what temperature does liquid argon boil?	-185 degrees Celsius.	en
NUM:temp	At what temperature does milk chocolate melt?	30 degrees Celsius.	en
NUM:temp	At what temperature does solid granite melt?	1,200 degrees Celsius.	en
NUM:temp	At what temperature does solid granite rock begin to melt down?	1,200 degrees.	en
NUM:temp	At what temperature does solid granite rock begin to melt?	1,200 degrees.	en
NUM:temp	At what temperature does sugar caramelize?	160 degrees Celsius.	en
LOC:landmass	Atacama desert?	South America.	en
LOC:mount	Atlas Africa?	The Atlas Mountains.	en
NUM:perc	Attendance?	Ninety percent.	en
LOC:state	Auckland NZ?	Auckland.	en
LOC:landmass	Australian out?	The Outback.	en
ENTY:sport	Australian Rules Football is a fast game; name the field it uses.	The oval.	en
ENTY:sport	Australian Rules Football is a fast-paced game unique to the continent; provide the name for the field on which it is played.	The oval.	en
NUM:weight	Average birth weight of a human?	3.5 kilograms.	en
NUM:money	Average cost of a wedding in the US?	0,000.	en
NUM:money	Average house price in Texas?	50,000.	en
NUM:other	Avogadro?	6.022 x 10^23.	en
ENTY:currency	Baht sign?	The Thai Baht.	en
ENTY:food	Baking relies on precise chemical reactions; provide the name of the raising agent that uses an acid-base reaction.	Baking powder.	en
ENTY:sport	Ball game?	Basketball.	en
ENTY:plant	Bamboo stalk?	The Bamboo.	en
ENTY:instru	Banjo skin?	The resonator.	en
ENTY:color	Bark color?	Brown.	en
DESC:desc	Bark look?	Rough, brown, and deeply grooved on the tree.	en
ENTY:lang	Basque isolate?	Basque.	en
ENTY:event	Bastille Day?	The French Revolution.	en
LOC:state	Bavaria where?	Bavaria.	en
ENTY:termeq	Beautiful?	Lovely.	en
HUM:gr	Bedouin life?	The Bedouin nomads.	en
ENTY:cremat	Beowulf roots?	Beowulf.	en
HUM:gr	Berber origin?	The Amazigh people.	en
LOC:water	Bering Strait?	The Bering Strait.	en
LOC:city	Berlin Germany?	Berlin.	en
ENTY:event	Berlin wall fall?	The 1989 protests.	en
ENTY:termeq	Big synonym?	Large.	en
ENTY:termeq	Big word?	Large.	en
NUM:code	Binary bit 1?	101.	en
ENTY:letter	Binary bit?	Zero or one.	en
NUM:code	Binary code for carriage return?	00001101.	en
ENTY:symbol	Biohazard?	The Biohazard sign.	en
ENTY:symbol	Biological hazard sign?	The Biohazard symbol.	en
NUM:speed	Bird speed?	200 mph.	en
ENTY:currency	Bitcoin legal?	The Bitcoin.	en
ENTY:event	Black Death years?	The 14th century plague.	en
ENTY:event	Black Death?	The Black Death.	en
DESC:desc	Black hole?	A region with gravity so strong it's invisible.	en
ENTY:animal	Black widow type?	The Spider.	en
ENTY:techmeth	Blockchain use?	Blockchain technology.	en
ENTY:techmeth	Blockchain?	Blockchain technology.	en
ENTY:body	Blood cell?	Erythrocytes.	en
ENTY:color	Blood color?	Red.	en
ENTY:color	Blood shade?	Crimson.	en
ENTY:symbol	Bluetooth technology icon name?	The Bluetooth symbol.	en
ENTY:sport	Board game?	Chess.	en
DESC:manner	Boil water?	Heat in a pot until bubbles appear rapidly.	en
NUM:other	Boiling water?	100 degrees.	en
NUM:other	Boltzmann k?	1.38 x 10^-23.	en
NUM:other	Boltzmann?	1.38 x 10^-23.	en
ENTY:body	Bone density?	The femur.	en
NUM:count	Bones in body?	206.	en
NUM:count	Bones in hand?	27.	en
LOC:country	Bordering US and Guatemala?	Mexico.	en
LOC:landmass	Borneo island?	Borneo.	en
LOC:landmass	Borneo location?	Southeast Asia.	en
ENTY:plant	Botanical gardens work to preserve rare species; provide the name of the endangered 'Wollemia' pine found in Australia.	The Wollemi Pine.	en
NUM:volsize	Bottle cap?	One liter.	en
NUM:volsize	Bottle capacity?	One liter.	en
NUM:volsize	Bottle size?	One liter.	en
NUM:weight	Brain mass?	1.4 kilograms.	en
ENTY:body	Brain parts?	The cerebrum.	en
NUM:volsize	Brain size?	1,200 cubic cm.	en
NUM:volsize	Brain volume?	1,200 cubic cm.	en
ENTY:instru	Brass slide device?	The trombone.	en
LOC:state	Brazil has twenty-six states; provide the name of the one located in the heart of the Amazon.	Amazonas.	en
LOC:country	Brazil size?	Brazil.	en
ENTY:currency	Brazil unit?	Real.	en
ENTY:food	Bread flour?	Wheat flour.	en
NUM:weight	Brick weight?	Two kilograms.	en
ENTY:substance	Bronze make?	Copper and tin.	en
ENTY:substance	Bronze makeup?	Copper and tin.	en
NUM:money	BTC value?	0,000.	en
NUM:volsize	Bucket size?	Ten liters.	en
ENTY:religion	Buddhist path?	Buddhism.	en
ENTY:symbol	Buddhist wheel name?	The Dharmachakra.	en
DESC:manner	Build shelf?	Cut the wood and screw the pieces together.	en
NUM:speed	Bullet?	800 m/s.	en
ENTY:other	Bureaucracy?	Red tape.	en
ENTY:food	Burger meat?	Ground beef.	en
NUM:dist	Burj tall?	828 meters.	en
ENTY:other	Business loss?	Net loss.	en
ENTY:plant	Cactus spines?	The Cactus.	en
LOC:city	Cairo Egypt?	Cairo.	en
LOC:state	California?	California.	en
BOOL:yesno	Can a blue whale survive on land for a day?	No.	en
BOOL:yesno	Can a computer think like a human being?	No.	en
BOOL:yesno	Can a human hold their breath for ten minutes?	No.	en
BOOL:yesno	Can a modern commercial jet aircraft fly safely through a volcanic ash cloud during an eruption?	No.	en
BOOL:yesno	Can a person actually catch a common cold from being out in the cold weather?	No.	en
BOOL:yesno	Can a single cell be seen with the naked eye?	No.	en
BOOL:yesno	Can an electric car function without a traditional battery?	No.	en
BOOL:yesno	Can an electric car travel over five hundred miles on a single charge today?	Yes.	en
BOOL:yesno	Can ants lift?	Yes.	en
BOOL:yesno	Can birds fly?	Yes.	en
BOOL:yesno	Can fish fly?	No.	en
BOOL:yesno	Can humans see UV?	No.	en
BOOL:yesno	Can humans survive without any sleep for a full month?	No.	en
BOOL:yesno	Can light be trapped by the gravity of a black hole?	Yes.	en
BOOL:yesno	Can sound travel through a vacuum in space?	No.	en
BOOL:yesno	Can the Great Barrier Reef be seen from space by an astronaut in orbit?	Yes.	en
BOOL:yesno	Can the International Space Station be seen with the naked eye from the Earth's surface?	Yes.	en
DESC:reason	Can you describe the economic reasons for the 2008 global financial crisis involving subprime mortgages?	Predatory lending and the housing bubble burst.	en
DESC:reason	Can you describe the economic reasons for the 2008 global financial crisis, focusing on the role of the housing market and subprime mortgages?	Risky lending and the collapse of the housing bubble led to a systemic banking failure.	en
ENTY:product	Can you describe the internal mechanism and the mathematical complexity of a Rubik's Cube puzzle?	The Rubik's Cube.	en
ENTY:word	Can you describe the meaning of the word 'meticulous' and its connotations?	Thorough.	en
ENTY:word	Can you describe the meaning of the word 'meticulous' and its uses?	Thorough.	en
DESC:manner	Can you describe the method of traditional glassblowing and the precise temperature controls required?	Gathering molten glass and blowing through a long pipe.	en
DESC:manner	Can you describe the method of traditional hand-blown glassblowing and the tools required?	Gathering molten glass and blowing through a pipe.	en
ENTY:color	Can you describe the unique shimmering color seen on a natural pearl?	Iridescent white.	en
ENTY:color	Can you describe the unique shimmering color seen on a pearl?	Iridescent white.	en
DESC:desc	Can you describe the visual style and the recurring themes in the films directed by Wes Anderson?	Symmetry, bright colors, and quirky humor.	en
DESC:desc	Can you describe the visual style and the recurring themes in the gothic novels?	Dark settings, intense emotions, and supernatural elements.	en
ENTY:word	Can you provide an antonym for the term 'expensive' in retail?	Cheap.	en
ENTY:word	Can you provide an antonym for the term 'expensive' used in retail?	Cheap.	en
ABBR:abb	Can you provide the four-letter acronym that represents the Global Positioning System in navigation technology?	GPS	en
ABBR:exp	Can you provide the full name of the trade treaty known as NAFTA and explain the goals of the North American agreement?	North American Free Trade Agreement	en
NUM:perc	Can you provide the percentage of body weight that is muscle in males?	40 percent.	en
NUM:perc	Can you provide the percentage of the human body's total weight that is muscle in adult males?	40 percent.	en
ENTY:termeq	Can you tell me another name for the element 'Quicksilver' on the periodic table?	Mercury.	en
ENTY:termeq	Can you tell me another name for the element 'Quicksilver' on the table?	Mercury.	en
BOOL:yesno	Can you tell me if sound travels faster in water than air?	Yes.	en
BOOL:yesno	Can you tell me if the planet Jupiter has a solid surface to stand on?	No.	en
NUM:temp	Can you tell me the average winter temperature in the Antarctic interior?	-60 degrees.	en
NUM:temp	Can you tell me the average winter temperature in the Antarctic?	-60 degrees Celsius.	en
NUM:money	Can you tell me the current market capitalization of the company NVIDIA?	trillion.	en
NUM:money	Can you tell me the current market price of one barrel of Brent crude oil?	0.	en
NUM:date	Can you tell me the date of the 1906 San Francisco earthquake and fire?	April 18, 1906.	en
NUM:date	Can you tell me the date of the 1906 San Francisco earthquake?	April 18, 1906.	en
NUM:dist	Can you tell me the distance in kilometers from Earth to Moon?	384,400 km.	en
NUM:dist	Can you tell me the distance in kilometers from the Earth to the Moon?	384,400 km.	en
DESC:def	Can you tell me the formal scientific definition of 'photosynthesis' including the role of chlorophyll?	The chemical process of making food from light.	en
DESC:def	Can you tell me the formal scientific definition of 'photosynthesis', including the role of chlorophyll and the conversion of solar energy into chemical energy?	The process by which green plants and some other organisms use sunlight to synthesize foods from carbon dioxide and water.	en
ABBR:exp	Can you tell me the full expansion of the acronym MOSFET used in electronics and explain what each term signifies?	Metal-Oxide-Semiconductor Field-Effect Transistor	en
NUM:period	Can you tell me the historical duration of the Hundred Years' War between nations?	116 years.	en
NUM:period	Can you tell me the historical duration of the Hundred Years' War between the French and the English?	116 years in total.	en
NUM:dist	Can you tell me the length of the bridge connecting the island of Bahrain to Saudi Arabia?	25 kilometers.	en
LOC:other	Can you tell me the location of the Great Garbage Patch in the Pacific Ocean?	Between the state of Hawaii and California.	en
NUM:weight	Can you tell me the maximum takeoff weight of the Antonov An-225 Mriya cargo plane?	640,000 kilograms.	en
NUM:weight	Can you tell me the maximum takeoff weight of the Antonov An-225 Mriya?	640,000 kilograms.	en
ENTY:event	Can you tell me the name of the 13th-century military campaigns led by Mongols?	The Mongol Invasions.	en
ENTY:event	Can you tell me the name of the 18th-century intellectual movement in Europe?	The Enlightenment.	en
ENTY:substance	Can you tell me the name of the active ingredient in aspirin?	Acetylsalicylic acid.	en
ENTY:religion	Can you tell me the name of the branch of Islam that is the majority in Iran?	Shia Islam.	en
ENTY:substance	Can you tell me the name of the chemical substance that is the active ingredient in aspirin?	Acetylsalicylic acid.	en
LOC:city	Can you tell me the name of the city that is the capital of Argentina?	Buenos Aires.	en
LOC:country	Can you tell me the name of the country that has the Nile River flowing through its heart?	Egypt.	en
ENTY:currency	Can you tell me the name of the currency of Norway and explain its code?	The Norwegian Krone.	en
ENTY:currency	Can you tell me the name of the currency of Norway and explain its primary code?	The Norwegian Krone.	en
ENTY:product	Can you tell me the name of the EUV lithography systems produced by the firm ASML?	Twinscan.	en
ENTY:veh	Can you tell me the name of the flagship aircraft carrier of the United States Navy today?	The USS Gerald R. Ford.	en
ENTY:veh	Can you tell me the name of the flagship aircraft carrier of the US Navy?	The USS Gerald R. Ford.	en
ENTY:techmeth	Can you tell me the name of the industrial process used to synthesize ammonia for fertilizers?	The Haber-Bosch process.	en
ENTY:lang	Can you tell me the name of the language that is considered a 'constructed language' for peace?	Esperanto.	en
ENTY:other	Can you tell me the name of the linguistic term for a word that sounds like the action it describes?	Onomatopoeia.	en
ENTY:other	Can you tell me the name of the linguistic term for a word that sounds like what it describes, such as 'buzz'?	Onomatopoeia.	en
HUM:ind	Can you tell me the name of the mathematician who cracked the Enigma code?	Alan Turing.	en
LOC:mount	Can you tell me the name of the mountain in Greece where the gods lived in myth?	Mount Olympus.	en
LOC:mount	Can you tell me the name of the mountain range located in North Africa?	The Atlas Mountains.	en
LOC:water	Can you tell me the name of the ocean that is located to the south of Asia?	The Indian Ocean.	en
HUM:gr	Can you tell me the name of the organization that awards the Nobel Prizes annually?	The Nobel Foundation.	en
HUM:gr	Can you tell me the name of the organization that awards the Nobel Prizes?	The Nobel Foundation.	en
LOC:landmass	Can you tell me the name of the peninsula that separates the Red Sea from the Gulf of Aden?	The Horn of Africa.	en
ENTY:letter	Can you tell me the name of the phonetic character used for the 'glottal stop'?	The glottal stop.	en
ENTY:letter	Can you tell me the name of the phonetic character used to represent the 'glottal stop' sound?	The glottal stop.	en
LOC:landmass	Can you tell me the name of the plateau often referred to as the 'Roof of the World'?	The Tibetan Plateau.	en
ENTY:animal	Can you tell me the name of the primate that is our closest genetic relative?	The Bonobo.	en
ENTY:techmeth	Can you tell me the name of the process for ammonia synthesis?	Haber-Bosch.	en
LOC:state	Can you tell me the name of the region in Spain that has its own language?	Catalonia.	en
NUM:ord	Can you tell me the name of the second sign of the Chinese zodiac?	The Ox.	en
ENTY:religion	Can you tell me the name of the specific branch of Islam that is the majority in the state of Iran?	Shia Islam.	en
ENTY:symbol	Can you tell me the name of the specific symbol that represents the holy sound of Om?	The Om symbol.	en
LOC:state	Can you tell me the name of the state in India where the Taj Mahal is located?	Uttar Pradesh.	en
ENTY:plant	Can you tell me the name of the succulent plant from Africa that looks like a cluster of stones?	Lithops.	en
ENTY:plant	Can you tell me the name of the succulent plant from Africa that looks like stones?	Lithops.	en
ENTY:body	Can you tell me the name of the three tiny bones located in the middle ear?	Ossicles.	en
ENTY:sport	Can you tell me the name of the traditional Asian sport where players attempt to tag opponents while chanting?	Kabaddi.	en
ENTY:sport	Can you tell me the name of the traditional Asian tagging sport?	Kabaddi.	en
ENTY:instru	Can you tell me the name of the traditional Chinese two-stringed vertical fiddle?	The erhu.	en
ENTY:food	Can you tell me the name of the traditional Vietnamese noodle soup served with herbs?	Pho.	en
NUM:count	Can you tell me the number of official languages in Switzerland?	Four.	en
NUM:count	Can you tell me the number of official languages in the United Nations?	Six.	en
NUM:other	Can you tell me the numerical value of the speed of light in a vacuum?	299,792,458 m/s.	en
NUM:speed	Can you tell me the orbital speed of the International Space Station currently?	17,100 mph.	en
NUM:speed	Can you tell me the orbital speed of the Space Station currently?	17,100 mph.	en
NUM:ord	Can you tell me the rank of the city of Hamburg in Germany?	Second largest.	en
ENTY:cremat	Can you tell me the title of the film directed by Wes Anderson about a hotel?	The Grand Budapest Hotel.	en
HUM:title	Can you tell me the title used for a high official in the historical Ottoman Empire?	Grand Vizier.	en
NUM:code	Can you tell me the universal product code for a can of Coca-Cola?	049000028904.	en
NUM:volsize	Can you tell me the volume of the Caspian Sea in terms of its water?	78,200 cubic km.	en
NUM:volsize	Can you tell me the volume of the Caspian Sea in terms of water space?	78,000 cubic km.	en
LOC:country	Canada area?	Canada.	en
NUM:money	Car cost?	0,000.	en
ENTY:other	Card name?	Tarot cards.	en
ENTY:cremat	Carmen opera?	Carmen.	en
ENTY:animal	Cartilage fish?	The Shark.	en
ENTY:religion	Catholic Pope?	Catholicism.	en
DESC:reason	Causes of rain?	Water vapor cooling and condensing.	en
DESC:reason	Causes of wind?	Atmospheric pressure differences.	en
ENTY:instru	Cello sound?	The cello.	en
LOC:other	Center of US?	Kansas.	en
HUM:title	CEO role?	Chief Executive Officer.	en
DESC:manner	Change a tire?	Jack up the car and swap the wheels.	en
ENTY:food	Cheese type?	Cheddar.	en
NUM:speed	Cheetah?	70 mph.	en
HUM:desc	Chef's work?	A professional who prepares food in a kitchen.	en
NUM:code	Chemical symbol for Tungsten?	W.	en
ENTY:symbol	Chemical symbols on the periodic table are derived from various linguistic roots; provide the name for the silver symbol.	Argentum.	en
NUM:date	Chernobyl year?	1986.	en
ENTY:event	Chernobyl?	The Chernobyl disaster.	en
HUM:title	Church rank?	Cardinal.	en
ENTY:cremat	Citizen Kane?	Citizen Kane.	en
DESC:manner	Clean car?	Scrub with soap and rinse with clean water.	en
ENTY:color	Coal black?	Sable.	en
ENTY:color	Coal color?	Black.	en
ENTY:color	Coal shade?	Sable.	en
ENTY:product	Coca-Cola?	Coca-Cola.	en
ENTY:sport	Combat sport?	Boxing.	en
NUM:code	Computer networking relies on IP addresses; provide the IPv4 for localhost.	127.0.0.1.	en
LOC:water	Congo River?	The Congo.	en
ENTY:letter	Consonant B?	B.	en
ENTY:lang	Constructed languages like Klingon have complex rules; provide the name of the creator of the language.	Marc Okrand.	en
ENTY:body	Control center?	The brain.	en
DESC:manner	Cook steak?	Sear in a pan until the center is done.	en
LOC:other	Coordinates 0,0?	Null Island.	en
ENTY:substance	Copper wire?	Copper.	en
ENTY:cremat	Corleone film?	The Godfather.	en
NUM:money	Cost of a gallon of milk?	.20.	en
NUM:money	Cost to build the Golden Gate Bridge?	5 million.	en
NUM:perc	Could you please calculate the exact percentage of the world's oxygen produced by phytoplankton?	50 to 80 percent.	en
NUM:perc	Could you please calculate the exact percentage of world oxygen from plankton?	50 to 80 percent.	en
ENTY:word	Could you please explain the linguistic concept of a 'portmanteau' word?	Smog.	en
DESC:reason	Could you please explain the scientific reasons why the ozone layer is being depleted by humans?	Release of CFCs breaking down ozone molecules.	en
DESC:reason	Could you please explain the scientific reasons why the ozone layer is being depleted, specifically focusing on the role of chlorofluorocarbons?	CFCs release chlorine atoms that break down ozone molecules in the stratosphere.	en
DESC:desc	Could you please provide a detailed character sketch of a typical forensic pathologist?	A doctor who investigates suspicious deaths.	en
DESC:def	Could you please provide a detailed definition of the term 'thermodynamics' specifically explaining energy laws?	The science of heat and energy relations.	en
DESC:def	Could you please provide a detailed definition of the term 'thermodynamics', specifically explaining the first and second laws in the context of energy transfer?	The branch of physical science that deals with the relations between heat and other forms of energy.	en
HUM:desc	Could you please provide a detailed description of the air traffic controller?	Managing flight paths and ensuring safety in the skies.	en
HUM:desc	Could you please provide a detailed description of the daily responsibilities for an air traffic controller?	Managing flight paths and ensuring safety in the skies.	en
DESC:desc	Could you please provide a detailed description of the nature of a polar desert?	A cold, dry region with very little precipitation.	en
ENTY:color	Could you please provide a detailed explanation of the shade known as navy blue?	Dark blue.	en
ENTY:color	Could you please provide a detailed explanation of the shade navy blue?	Dark blue.	en
DESC:manner	Could you please provide a step-by-step guide on how to safely change a flat tire on a busy highway?	Move to the shoulder and use a jack and wrench.	en
DESC:manner	Could you please provide a step-by-step guide on how to safely change a flat tire on a highway?	Move to the shoulder and use a jack and wrench.	en
DESC:manner	Could you please provide a step-by-step guide on how to safely change a flat tire on a vehicle?	Loosen bolts, jack up the car, and swap the tire.	en
ENTY:termeq	Could you please provide a synonym for the word 'reliable' for a person?	Trustworthy.	en
ENTY:termeq	Could you please provide a synonym for the word 'reliable' when describing a person?	Trustworthy.	en
NUM:ord	Could you please provide the chronological position of the planet Neptune?	Eighth.	en
NUM:code	Could you please provide the exact binary code for a carriage return?	00001101.	en
NUM:date	Could you please provide the exact date and year when the Magna Carta was signed?	June 15, 1215.	en
NUM:date	Could you please provide the exact date the Magna Carta was signed?	June 15, 1215.	en
NUM:period	Could you please provide the exact duration of a sidereal year compared to a tropical year for Earth?	365.256 days versus 365.242 days.	en
NUM:period	Could you please provide the exact duration of a sidereal year for Earth?	365.25 days.	en
LOC:other	Could you please provide the exact geographical coordinates for the peak of Mount Everest?	27.9881° N, 86.9250° E.	en
NUM:dist	Could you please provide the exact height of the Burj Khalifa including its tip?	829.8 meters.	en
NUM:dist	Could you please provide the exact height of the Great Pyramid of Giza?	138 meters.	en
NUM:weight	Could you please provide the exact mass of a single water molecule?	2.99 x 10^-23 grams.	en
NUM:weight	Could you please provide the exact mass of the Higgs boson particle as measured in GeV units?	125.1 GeV/c^2.	en
NUM:speed	Could you please provide the exact top speed of the SR-71 aircraft?	2,193 mph.	en
NUM:speed	Could you please provide the exact top speed of the SR-71 Blackbird aircraft?	2,193 mph.	en
ABBR:exp	Could you please provide the full and exact expansion for the acronym CRISPR used in modern gene-editing technology today?	Clustered Regularly Interspaced Short Palindromic Repeats	en
NUM:other	Could you please provide the most accurate measurement of the Planck constant?	6.62607015 x 10^-34.	en
ENTY:event	Could you please provide the name of the 17th-century fire that destroyed London?	The Great Fire of London.	en
ENTY:event	Could you please provide the name of the 19th-century gold rush in California?	The California Gold Rush.	en
ENTY:veh	Could you please provide the name of the aircraft that broke the sound barrier?	The Bell X-1.	en
LOC:city	Could you please provide the name of the city that is famous for its network of canals in Holland?	Amsterdam.	en
ENTY:product	Could you please provide the name of the components found in a Tesla Powerwall home battery system?	The Powerwall.	en
LOC:country	Could you please provide the name of the country that borders both the US and Guatemala?	Mexico.	en
ENTY:currency	Could you please provide the name of the currency used in Sweden and its subunit?	The Swedish Krona.	en
ENTY:animal	Could you please provide the name of the deep-sea fish with a bioluminescent lure?	The Anglerfish.	en
LOC:landmass	Could you please provide the name of the desert located in the western United States?	The Mojave Desert.	en
ENTY:substance	Could you please provide the name of the element in the Sun?	Hydrogen.	en
ENTY:substance	Could you please provide the name of the element that is the primary component of the Sun?	Hydrogen.	en
ENTY:food	Could you please provide the name of the fruit known as the 'king of fruits' in Asia?	Durian.	en
ENTY:other	Could you please provide the name of the fundamental physical constant that is the basis for all quantum mechanics?	The Planck constant.	en
ENTY:other	Could you please provide the name of the fundamental physical constant that is the basis for quantum mechanics?	The Planck constant.	en
ENTY:letter	Could you please provide the name of the Greek letter that is the final character of that alphabet?	Omega.	en
ENTY:letter	Could you please provide the name of the Greek letter that is the final character?	Omega.	en
HUM:gr	Could you please provide the name of the group responsible for the Magna Carta?	The English Barons.	en
HUM:gr	Could you please provide the name of the group that was responsible for the Magna Carta?	The English Barons.	en
LOC:mount	Could you please provide the name of the highest peak in the Antarctic continent?	Mount Vinson.	en
ENTY:product	Could you please provide the name of the home battery system manufactured by Tesla?	The Powerwall.	en
HUM:ind	Could you please provide the name of the individual who wrote the novel '1984'?	George Orwell.	en
ENTY:instru	Could you please provide the name of the instrument used by the master luthier Stradivarius?	The violin.	en
ENTY:lang	Could you please provide the name of the language spoken in the state of Bavaria?	German.	en
LOC:mount	Could you please provide the name of the mountain range that contains the Jungfrau?	The Bernese Alps.	en
ENTY:currency	Could you please provide the name of the official currency used in the Philippines today?	The Philippine Peso.	en
ENTY:plant	Could you please provide the name of the parasitic plant that is commonly used as a holiday decoration?	Mistletoe.	en
ENTY:plant	Could you please provide the name of the parasitic plant used as a holiday decoration?	Mistletoe.	en
LOC:landmass	Could you please provide the name of the peninsula that contains both Spain and Portugal?	The Iberian Peninsula.	en
HUM:title	Could you please provide the name of the rank that is a Five-Star General in the US Army?	General of the Army.	en
HUM:title	Could you please provide the name of the rank that is a Five-Star General?	General of the Army.	en
ENTY:religion	Could you please provide the name of the religious tradition that follows the teachings of Confucius?	Confucianism.	en
LOC:water	Could you please provide the name of the river that has the largest discharge?	The Amazon.	en
ENTY:body	Could you please provide the name of the specialized cells that carry oxygen in the blood?	Red blood cells.	en
ENTY:veh	Could you please provide the name of the specific aircraft that was the first to break the sound barrier?	The Bell X-1.	en
ENTY:techmeth	Could you please provide the name of the specific technology used in modern touchscreen displays?	Capacitive sensing.	en
ENTY:sport	Could you please provide the name of the sport that features the famous Tour de France race?	Road cycling.	en
ENTY:sport	Could you please provide the name of the sport with the Tour de France?	Road cycling.	en
LOC:state	Could you please provide the name of the state in the US known as the 'Lone Star State'?	Texas.	en
ENTY:symbol	Could you please provide the name of the symbol used in heraldry that features a lily?	The Fleur-de-lis.	en
ENTY:techmeth	Could you please provide the name of the tech in touchscreens?	Capacitive sensing.	en
ENTY:religion	Could you please provide the name of the tradition following Confucius?	Confucianism.	en
NUM:ord	Could you please provide the name of the US President who was sixteenth?	Abraham Lincoln.	en
LOC:state	Could you please provide the names of all the states that border the Mississippi River?	MN, WI, IA, and others.	en
ABBR:abb	Could you please provide the official acronym used to designate the National Institute of Standards and Technology?	NIST	en
NUM:temp	Could you please provide the surface temperature of a typical white dwarf star?	10,000 Kelvin.	en
NUM:temp	Could you please provide the surface temperature of a typical white dwarf?	10,000 Kelvin.	en
NUM:temp	Could you please provide the surface temperature of a white dwarf star?	10,000 Kelvin.	en
ENTY:cremat	Could you please provide the title of the novel often considered the first modern work?	Don Quixote.	en
NUM:money	Could you please provide the total cost of the Apollo 11 moon mission?	5.4 billion.	en
NUM:money	Could you please provide the total cost of the Apollo space program?	5.4 billion.	en
NUM:count	Could you please provide the total number of amendments in the US Constitution?	27.	en
NUM:count	Could you please provide the total number of bones in a newborn baby?	270.	en
NUM:volsize	Could you please provide the total volume of all water in the Earth's oceans?	1.33 billion cubic km.	en
NUM:volsize	Could you please provide the total volume of all water in the oceans?	1.3 billion cubic km.	en
ABBR:abb	Could you please tell me the official acronym used for the National Institute of Standards and Technology?	NIST	en
BOOL:yesno	Could you please verify if the state of Alaska was purchased from the Russian Empire?	Yes.	en
BOOL:yesno	Could you tell me if the human body contains more bacteria than human cells?	Yes.	en
BOOL:yesno	Could you tell me if the Moon has its own atmosphere?	No.	en
LOC:country	Country at Africa's southern tip?	South Africa.	en
HUM:title	Court order?	Bailiff.	en
ABBR:abb	CPU shorthand?	CPU	en
ABBR:exp	CPU stands for what?	Central Processing Unit	en
ABBR:exp	CPU stands for?	Central Processing Unit	en
ENTY:techmeth	CRISPR gene editing is a breakthrough in biology; provide the name of the specific enzyme involved.	Cas9.	en
ENTY:techmeth	CRISPR gene editing is a breakthrough; name the specific enzyme.	Cas9.	en
ENTY:symbol	Cross sign?	The Christian cross.	en
NUM:volsize	Cup volume?	250 milliliters.	en
ENTY:currency	Currency in Brazil?	The Real.	en
ENTY:currency	Currency in Mexico?	The Peso.	en
ENTY:food	Curry spice?	Turmeric.	en
ENTY:letter	Cyrillic Sha?	Ш.	en
ENTY:cremat	Dali painting?	The Persistence of Memory.	en
NUM:period	Day hours?	24 hours.	en
NUM:count	Days in week?	Seven.	en
NUM:count	Days in year?	365.	en
LOC:water	Dead Sea where?	The Dead Sea.	en
HUM:title	Dean academic?	Dean.	en
ENTY:veh	Deep sea ship?	A Bathyscaphe.	en
LOC:other	Deepest trench?	The Challenger Deep in the Mariana Trench.	en
DESC:def	Define capitalism.	An economic system based on private ownership and free markets.	en
DESC:def	Define democracy.	A government system where people hold power.	en
DESC:def	Define photosynthesis.	Process plants use to make food from light.	en
DESC:def	Define the biological concept of 'natural selection' as proposed by Charles Darwin.	The process whereby organisms better adapted to their environment tend to survive and produce more offspring.	en
DESC:def	Define the biological concept of 'natural selection'.	Survival of the fittest organisms in a habitat.	en
DESC:def	Define the term 'plate tectonics' within the academic study of geology.	The scientific theory that the Earth's lithosphere is divided into several moving plates.	en
DESC:def	Define the term 'plate tectonics' within the study of geology.	Theory that Earth's outer shell is moving plates.	en
LOC:mount	Denali state?	Alaska.	en
NUM:dist	Depth of the ocean?	11,000 meters.	en
ENTY:techmeth	Desalination?	Reverse osmosis.	en
ENTY:termeq	Describe another term used for the weather event called a 'twister'.	Tornado.	en
ENTY:termeq	Describe another term used for the weather phenomenon called a 'twister'.	Tornado.	en
DESC:manner	Describe how to correctly format a formal business email.	Professional greeting and clear subject line.	en
DESC:manner	Describe how to prepare for a successful job interview.	Practicing common questions and dressing well.	en
DESC:manner	Describe how to prepare for a successful long-distance hike.	Pack essential gear, plan the route, and build stamina.	en
DESC:manner	Describe how to properly maintain a residential swimming pool.	Test chemical levels and clean the filtration system.	en
BOOL:yesno	Describe if the process of cloning has been used on mammals.	Yes.	en
BOOL:yesno	Describe if the process of nuclear fusion has been achieved for energy production yet.	No.	en
ENTY:symbol	Describe the 'Eye of Providence'.	An eye inside a triangle.	en
ENTY:event	Describe the 1773 event in Boston where tea was destroyed.	The Boston Tea Party.	en
ENTY:event	Describe the 1906 natural disaster in the city of San Francisco.	The 1906 earthquake.	en
ENTY:event	Describe the 1917 revolution that led to the Soviet Union.	The Russian Revolution.	en
ENTY:event	Describe the 1929 event that started the Great Depression.	The Wall Street Crash.	en
ENTY:event	Describe the 1937 fire of a famous German airship in New Jersey.	The Hindenburg disaster.	en
ENTY:event	Describe the 1986 disaster in the Soviet Union.	The Chernobyl disaster.	en
ENTY:event	Describe the 1986 disaster that occurred in the Soviet Union.	The Chernobyl disaster.	en
ENTY:event	Describe the 1986 nuclear accident that occurred in the Soviet Union.	The Chernobyl disaster.	en
ENTY:event	Describe the 1989 event that signaled the fall of communism in Europe.	The fall of the Berlin Wall.	en
ENTY:product	Describe the acoustic and the physical properties of a Gibson Les Paul electric guitar.	The Gibson Les Paul.	en
HUM:title	Describe the administrative title of the officer who maintains order in a modern court of law.	Bailiff.	en
ENTY:veh	Describe the aircraft that can take off and land vertically like a bird.	A VTOL aircraft.	en
ENTY:substance	Describe the alloy that is a mixture of copper and zinc.	Brass.	en
ENTY:symbol	Describe the ancient Chinese symbol that represents the balance of opposites.	The Yin and Yang.	en
HUM:gr	Describe the ancient civilization that built the Great Pyramids.	The Egyptians.	en
HUM:ind	Describe the ancient Greek philosopher who was the teacher of Alexander.	Aristotle.	en
ENTY:animal	Describe the animal that is known as the 'ghost of the mountains' in Asia.	The Snow Leopard.	en
ENTY:animal	Describe the animal that is the primary predator of the African savanna plains.	The Lion.	en
ENTY:color	Describe the appearance and naming of the color 'International Orange'.	Orange.	en
DESC:desc	Describe the appearance and the ecological importance of a high-altitude alpine meadow.	Open grass and flowers that support unique species.	en
DESC:desc	Describe the appearance and the ecological importance of a mangrove forest.	Tangled roots that protect tropical coasts.	en
DESC:desc	Describe the appearance and the style of a modern glass skyscraper.	Sleek, reflective surfaces and soaring height.	en
DESC:desc	Describe the appearance and the style of medieval Gothic architecture.	Tall spires, stained glass, and arches.	en
ENTY:letter	Describe the appearance of the Arabic letter known as 'Ain'.	ﻌ.	en
ENTY:color	Describe the appearance of the color 'mauve'.	Pale purple.	en
ENTY:color	Describe the appearance of the color known as 'mauve'.	Pale purple.	en
ENTY:symbol	Describe the appearance of the symbol known as the 'Eye of Providence' in art.	An eye inside a triangle.	en
ENTY:symbol	Describe the appearance of the symbol known as the 'Eye of Providence'.	An eye inside a triangle.	en
ENTY:symbol	Describe the appearance of the symbol used for the Bluetooth wireless technology standard today.	A runic H and B.	en
ENTY:plant	Describe the aquatic plant that is sacred in many religions and grows in mud.	The Lotus.	en
ENTY:plant	Describe the aquatic plant that is sacred in many religions and grows in muddy water.	The Lotus.	en
NUM:dist	Describe the average depth of the Atlantic Ocean in meters.	3,646 meters.	en
NUM:temp	Describe the average temperature of an active basaltic lava flow today.	1,100 degrees.	en
LOC:water	Describe the body of water that separates the UK from mainland Europe.	The English Channel.	en
ENTY:religion	Describe the branch of Buddhism that is primarily practiced in Tibet and the Himalayas.	Vajrayana Buddhism.	en
ENTY:religion	Describe the branch of Christianity that is led by the Pope in Rome.	Roman Catholicism.	en
ENTY:religion	Describe the branch of Judaism that emphasizes strict adherence to traditional laws.	Orthodox Judaism.	en
ENTY:religion	Describe the branch of Judaism that emphasizes strict adherence to traditional Mosaic laws.	Orthodox Judaism.	en
ENTY:termeq	Describe the British English term for what Americans call a 'sidewalk'.	Pavement.	en
DESC:reason	Describe the causes of the Great Depression in the US.	The 1929 stock market crash and bank runs.	en
DESC:reason	Describe the causes of the Great Depression that began in 1929.	Stock market crash, bank failures, and reduction in purchasing.	en
DESC:reason	Describe the causes of volcanic eruptions in the Ring of Fire.	Subduction of tectonic plates creating pressure and molten rock.	en
LOC:city	Describe the city in Brazil that is famous for its carnival celebration.	Rio de Janeiro.	en
LOC:city	Describe the city in Italy that is famous for its many canals and lack of cars.	Venice.	en
LOC:city	Describe the city in Italy that is famous for its many canals.	Venice.	en
LOC:city	Describe the city in South Africa that is located at the foot of Table Mountain.	Cape Town.	en
LOC:city	Describe the city that is located on two separate continents simultaneously.	Istanbul.	en
LOC:city	Describe the city that is located on two separate continents.	Istanbul.	en
ENTY:body	Describe the cluster of nerves located at the base of the brain.	The brainstem.	en
ENTY:color	Describe the color of a field of blooming lavender.	Purple.	en
ENTY:color	Describe the color of a fully ripe banana fruit.	Yellow.	en
ENTY:color	Describe the color of a fully ripe banana.	Yellow.	en
ENTY:color	Describe the color of a standard basketball.	Orange.	en
ENTY:color	Describe the color of a standard caution road sign in the US.	Yellow.	en
ENTY:color	Describe the color of a standard caution road sign.	Yellow.	en
ENTY:color	Describe the color of a standard stop sign on the road.	Red.	en
ENTY:color	Describe the color of raw copper metal.	Reddish-brown.	en
ENTY:color	Describe the color of raw untarnished copper metal.	Reddish-brown.	en
ENTY:color	Describe the color of the bark of a birch tree.	White.	en
ENTY:color	Describe the color of the bark of a white birch tree.	White.	en
ENTY:color	Describe the color of the planet Mars seen from space.	Reddish-orange.	en
DESC:def	Describe the concept of 'existentialism' as a philosophical movement and the search for individual meaning.	The belief in individual freedom and responsibility.	en
DESC:def	Describe the concept of 'existentialism' as a philosophical movement, identifying the core beliefs regarding individual freedom and the search for meaning.	A philosophical theory or approach which emphasizes the existence of the individual person as a free and responsible agent determining their own development through acts of the will.	en
DESC:def	Describe the concept of 'quantum entanglement' in a simple way for a student.	A physical phenomenon where particles remain connected so that actions on one affect the other.	en
DESC:def	Describe the concept of 'quantum entanglement' simply.	Particles remaining connected over any distance.	en
ENTY:word	Describe the correct grammatical usage of the pronoun 'whom'.	Objective case.	en
ENTY:word	Describe the correct grammatical usage of the relative pronoun 'whom'.	Objective case.	en
NUM:count	Describe the count of continents on the planet Earth currently.	Seven.	en
NUM:count	Describe the count of hydrogen atoms in a single water molecule.	Two.	en
NUM:count	Describe the count of individual grains of sand in a teaspoon.	Millions.	en
NUM:count	Describe the count of individual keys on a standard modern flute instrument.	Sixteen.	en
NUM:count	Describe the count of rings on the official flag of the Olympics.	Five.	en
NUM:count	Describe the count of rings on the official Olympic flag symbol.	Five.	en
LOC:country	Describe the country formerly known as Siam.	Thailand.	en
LOC:country	Describe the country home to the Great Pyramids.	Egypt.	en
LOC:country	Describe the country in Southeast Asia that was formerly known as Siam.	Thailand.	en
LOC:country	Describe the country that has the longest coastline in the world.	Canada.	en
LOC:country	Describe the country that is home to the Great Pyramids of Giza in Africa.	Egypt.	en
LOC:country	Describe the country that is home to the Great Pyramids of Giza.	Egypt.	en
ENTY:currency	Describe the currency of Argentina that has faced many periods of inflation.	The Argentine Peso.	en
ENTY:currency	Describe the currency of Brazil that features a series of native animals on its notes.	The Real.	en
ENTY:currency	Describe the currency of Mexico that is divided into 100 centavos.	The Mexican Peso.	en
ENTY:currency	Describe the currency of Saudi Arabia which shares its name with other Middle Eastern nations.	The Riyal.	en
ENTY:currency	Describe the currency of Singapore, which is often considered very stable.	The Singapore Dollar.	en
ENTY:currency	Describe the currency of Sweden which has been in use for over a century.	The Krona.	en
ENTY:currency	Describe the currency of Switzerland which is often considered a safe haven for investors.	The Franc.	en
ENTY:currency	Describe the currency that is shared by nineteen members of the EU.	The Euro.	en
ENTY:currency	Describe the currency used in Brazil that features various native animals.	The Brazilian Real.	en
ENTY:currency	Describe the currency used in India that depicts Mahatma Gandhi.	The Indian Rupee.	en
ENTY:currency	Describe the currency used in Norway that is divided into 100 ore.	The Krone.	en
ENTY:currency	Describe the currency used in Norway that is divided into smaller units called ore.	The Krone.	en
ENTY:currency	Describe the currency used in Saudi Arabia that is also a unit of weight.	The Riyal.	en
NUM:date	Describe the date the Suez Canal was opened to shipping.	November 17, 1869.	en
NUM:date	Describe the date when the Suez Canal was first opened to international shipping.	November 17, 1869.	en
NUM:date	Describe the day the Great Fire of London first began in 1666.	September 2, 1666.	en
LOC:landmass	Describe the desert landmass that covers much of Northern China and Mongolia.	The Gobi Desert.	en
ENTY:plant	Describe the desert plant that is known for its medicinal gel and thick leaves.	The Aloe Vera.	en
ENTY:plant	Describe the desert plant that is known for its thick, water-storing leaves and medicinal gel.	The Aloe Vera.	en
ENTY:product	Describe the design and the innovative features of the James Webb Space Telescope's primary mirror array.	The JWST mirror.	en
ENTY:product	Describe the design and the movement of a Rolex Submariner professional diving watch.	The Rolex Submariner.	en
ENTY:currency	Describe the digital asset that was the first decentralized cryptocurrency.	Bitcoin.	en
ENTY:product	Describe the distinctive characteristics of a Steinway and Sons concert grand piano instrument.	The Steinway piano.	en
DESC:def	Describe the economic concept of 'supply and demand' and its core logic.	The amount of a commodity, product, or service available and the desire of buyers for it, considered as factors regulating its price.	en
DESC:def	Describe the economic concept of 'supply and demand'.	The relationship between availability and desire.	en
DESC:reason	Describe the environmental reasons for the intensification of wildfires in the western United States, focusing on the roles of climate change and management.	Higher temperatures, prolonged drought, and accumulation of dry fuel in forests.	en
DESC:reason	Describe the environmental reasons for the intensification of wildfires in the western United States.	Prolonged droughts and rising global temperatures.	en
ENTY:event	Describe the event where the first atomic bomb was dropped in 1945.	The bombing of Hiroshima.	en
DESC:desc	Describe the features of a modern integrated smart home system.	Voice commands and remote device control.	en
DESC:desc	Describe the features of a traditional Japanese tea house building.	Small, simple structure with tatami mats and paper.	en
ENTY:food	Describe the fermented soybean cake that is a staple in Indonesia.	Tempeh.	en
ENTY:animal	Describe the flightless bird that is native only to New Zealand.	The Kiwi bird.	en
ENTY:plant	Describe the flowering plant known as 'Rafflesia Arnoldii' and its record size.	The Rafflesia.	en
ENTY:plant	Describe the flowering plant known as 'Rafflesia Arnoldii' and mention its record-breaking size.	The Rafflesia.	en
ENTY:termeq	Describe the formal name for the 'thumb' in anatomical human studies.	Pollex.	en
ENTY:termeq	Describe the formal name for the 'thumb' in anatomical studies.	Pollex.	en
NUM:code	Describe the format of an American ZIP+4 postal code exactly.	5 digits plus 4.	en
ENTY:food	Describe the French confection that is round and almond-based.	The macaron.	en
ENTY:termeq	Describe the French term for what Americans call 'French Fries' in cuisine.	Pommes frites.	en
ENTY:termeq	Describe the French term for what Americans call 'French Fries' today.	Pommes frites.	en
ENTY:food	Describe the fruit that is the main ingredient in guacamole.	Avocado.	en
ABBR:exp	Describe the full name of the organization represented by OPEC and identify the primary nations that are members of this group.	Organization of the Petroleum Exporting Countries	en
ABBR:exp	Describe the full name of the organization represented by OPEC and identify the primary nations that are members.	Organization of the Petroleum Exporting Countries	en
HUM:gr	Describe the group of people who are members of the Sikh faith.	The Sikhs.	en
NUM:dist	Describe the height of the Christ the Redeemer statue in Rio de Janeiro.	30 meters.	en
NUM:dist	Describe the height of the Christ the Redeemer statue in Rio.	30 meters.	en
NUM:dist	Describe the height of the peak of K2, the second highest mountain.	8,611 meters.	en
NUM:dist	Describe the height of the peak of K2, the second highest.	8,611 meters.	en
ENTY:word	Describe the historical origin of the word 'salary' and its connection to salt.	Salarium.	en
ENTY:word	Describe the historical origin of the word 'salary' and the salt link.	Salarium.	en
ENTY:word	Describe the historical origin of the word 'shampoo' from Hindi.	Chāmpo.	en
ENTY:word	Describe the historical origin of the word 'shampoo' from the Hindi language.	Chāmpo.	en
ENTY:product	Describe the history and the development of the popular imaging software called Photoshop.	Adobe Photoshop.	en
HUM:gr	Describe the indigenous people who inhabit the Arctic regions of Canada.	The Inuit.	en
ENTY:instru	Describe the instrument that is the largest in the string family and played standing up.	The double bass.	en
ENTY:instru	Describe the instrument that uses a set of metal strings over a soundboard.	The piano.	en
ENTY:instru	Describe the instrument that uses spinning glass bowls for sound.	The glass armonica.	en
ENTY:instru	Describe the instrument used in jazz that has a conical brass body.	The saxophone.	en
NUM:volsize	Describe the internal volume of the International Space Station for the crew members.	916 cubic meters.	en
NUM:volsize	Describe the internal volume of the International Space Station for the crew.	916 cubic meters.	en
ENTY:food	Describe the Italian dessert made with espresso and ladyfingers.	Tiramisu.	en
ENTY:religion	Describe the Japanese faith that centers on the worship of the 'Kami'.	Shinto.	en
ENTY:religion	Describe the Japanese religion that centers on the worship of nature spirits known as 'Kami'.	Shinto.	en
ENTY:instru	Describe the keyboard instrument that plucks its strings.	The harpsichord.	en
LOC:country	Describe the landlocked nation between Russia and China.	Mongolia.	en
LOC:country	Describe the landlocked nation located between Russia and China.	Mongolia.	en
LOC:country	Describe the landlocked nation located between the countries of Russia and China.	Mongolia.	en
LOC:landmass	Describe the landmass that is covered by a massive ice sheet in the south.	Antarctica.	en
ENTY:lang	Describe the language family that includes both Finnish and Hungarian.	Finno-Ugric.	en
ENTY:lang	Describe the language family that includes Finnish and Estonian.	Finno-Ugric.	en
ENTY:lang	Describe the language of ancient Rome that influenced modern legal terminology.	Latin.	en
ENTY:lang	Describe the language of the Netherlands which is closely related to English.	Dutch.	en
ENTY:lang	Describe the language of the Netherlands which is related to English.	Dutch.	en
ENTY:lang	Describe the language of the Vikings which is the ancestor of modern Nordic tongues.	Old Norse.	en
ENTY:lang	Describe the language that uses a unique clicking sound in Southern Africa.	Xhosa.	en
ENTY:lang	Describe the language used in Egypt that is written with a specific script.	Arabic.	en
LOC:landmass	Describe the large island chain located off the northwest coast of Europe.	The British Isles.	en
HUM:title	Describe the law enforcement title of a person who leads a rural US county.	Sheriff.	en
HUM:title	Describe the law enforcement title of the leader of a US county.	Sheriff.	en
HUM:ind	Describe the leader of the Soviet Union during the Second World War.	Joseph Stalin.	en
NUM:dist	Describe the length of the Amazon River in the South American continent.	6,400 km.	en
NUM:dist	Describe the length of the Suez Canal waterway in Egypt currently.	193 km.	en
NUM:dist	Describe the length of the Suez Canal waterway in Egypt.	193 km.	en
ENTY:letter	Describe the letter that is the logo for the social media site formerly known as Twitter.	X.	en
ENTY:letter	Describe the letter that is the logo for the social media site Twitter.	X.	en
ENTY:letter	Describe the letter that is used in the NATO phonetic alphabet for 'S'.	Sierra.	en
ENTY:letter	Describe the letter that is used in the NATO phonetic alphabet to represent the character 'S'.	Sierra.	en
ENTY:letter	Describe the letter used in physics to represent the speed of light.	c.	en
ENTY:word	Describe the linguistic term for a word that sounds like what it means.	Onomatopoeia.	en
LOC:state	Describe the location of the Andalusia region in the nation of Spain.	The South.	en
LOC:state	Describe the location of the Bavaria region within the country of Germany.	The Southeast.	en
LOC:other	Describe the location of the Chernobyl exclusion zone in Ukraine today.	30 kilometers around the Power Plant.	en
LOC:landmass	Describe the location of the Great Rift Valley in the African continent.	East Africa.	en
LOC:mount	Describe the location of the high mountain system known as the Hindu Kush.	Central Asia.	en
LOC:state	Describe the location of the historical Punjab region in South Asia.	The Northwest.	en
LOC:state	Describe the location of the Hokkaido region in the nation of Japan.	The North.	en
LOC:other	Describe the location of the Hollywood sign in the city of Los Angeles.	Mount Lee.	en
LOC:landmass	Describe the location of the Kalahari Desert in Africa.	Southern Africa.	en
LOC:landmass	Describe the location of the landmass known as the Horn of Africa.	East Africa.	en
LOC:mount	Describe the location of the mountain known as Mount Rainier in the US.	Washington state.	en
LOC:mount	Describe the location of the mountain range called the Great Dividing Range.	Australia.	en
LOC:mount	Describe the location of the mountain range known as the Sierra Nevada.	California.	en
LOC:landmass	Describe the location of the Scandinavian Peninsula in northern Europe.	Europe.	en
LOC:other	Describe the location of the Silicon Valley region within California.	The Santa Clara Valley.	en
LOC:other	Describe the location of the Silicon Valley region within northern California.	Stretching from Palo Alto down to San Jose.	en
LOC:state	Describe the location of the state of California in the United States.	The West Coast.	en
LOC:state	Describe the location of the Tuscany region in the nation of Italy.	Central Italy.	en
LOC:landmass	Describe the location of the Yucatan Peninsula in relation to the Gulf.	Mexico.	en
ENTY:food	Describe the long, thin pasta that is the base for spaghetti carbonara.	Spaghetti.	en
NUM:weight	Describe the mass of a single oxygen atom on the modern periodic table of elements.	15.999 amu.	en
NUM:weight	Describe the mass of a single proton expressed in the unit of kilograms.	1.67 x 10^-27 kg.	en
NUM:speed	Describe the maximum speed of the fastest fish in the ocean, the sailfish.	68 mph.	en
NUM:speed	Describe the maximum speed of the fastest fish in the sea, the sailfish.	68 mph.	en
DESC:def	Describe the meaning of 'socioeconomic status' in sociology.	Social standing based on income and education.	en
DESC:def	Describe the meaning of 'socioeconomic status' in the field of sociology today.	The social standing or class of an individual or group, measured as a combination of education and income.	en
ENTY:word	Describe the meaning of the prefix 'pre-' in chronological terms.	Before.	en
ENTY:instru	Describe the mechanical keyboard instrument that plucks its strings.	The harpsichord.	en
ENTY:techmeth	Describe the medical tech that uses magnets to see inside.	MRI.	en
ENTY:techmeth	Describe the medical technology that uses radio waves and magnetic fields to see inside the body.	MRI.	en
ENTY:substance	Describe the metamorphic rock that is formed from limestone.	Marble.	en
ENTY:techmeth	Describe the method for jet engine thrust in aviation.	Turbofan.	en
DESC:manner	Describe the method for making a sourdough starter.	Mix flour and water and wait for fermentation.	en
DESC:manner	Describe the method for performing a successful CPR rescue.	Provide rhythmic chest compressions and rescue breaths.	en
ENTY:techmeth	Describe the method for treating wastewater with bacteria.	Biological treatment.	en
ENTY:techmeth	Describe the method of 'hydroponics' for growing plants.	Hydroponics.	en
ENTY:techmeth	Describe the method of 'hydroponics' used to grow plants without the use of soil.	Hydroponics.	en
ENTY:techmeth	Describe the method of wastewater treatment that uses bacteria to break down organic matter.	Biological treatment.	en
ENTY:techmeth	Describe the method used by jet engines to generate thrust for flight.	Turbofan propulsion.	en
ENTY:animal	Describe the microscopic animal that is known for its ability to survive a vacuum.	The Tardigrade.	en
ENTY:veh	Describe the motorcycle that is designed for long-distance highway travel.	A Cruiser.	en
LOC:mount	Describe the mountain range located in the South Island of New Zealand.	The Southern Alps.	en
LOC:mount	Describe the mountain range that forms the border between France and Spain.	The Pyrenees.	en
LOC:mount	Describe the mountain range that separates Europe and Asia.	The Ural Mountains.	en
LOC:mount	Describe the mountain range that spans across eight European countries.	The Alps.	en
ENTY:religion	Describe the mystical branch of Islam that focuses on the internal search for God through dance.	Sufism.	en
ENTY:religion	Describe the mystical branch of Islam that focuses on the internal search for God.	Sufism.	en
ENTY:event	Describe the name of the 1773 protest in the Boston harbor involving tea.	The Boston Tea Party.	en
ENTY:event	Describe the name of the 18th-century intellectual movement in Europe.	The Enlightenment.	en
ENTY:event	Describe the name of the 1919 treaty that formally ended World War I.	The Treaty of Versailles.	en
ENTY:event	Describe the name of the 1945 conference between the Big Three powers.	The Yalta Conference.	en
ENTY:event	Describe the name of the 19th-century invention of the first practical airplane.	The first flight by the Wright brothers.	en
ENTY:event	Describe the name of the 19th-century search for a passage in the Arctic.	The Franklin Expedition.	en
ENTY:event	Describe the name of the 20th-century international fair held in New York.	The World's Fair.	en
ENTY:event	Describe the name of the 20th-century movement for women's voting rights.	The Suffrage movement.	en
ENTY:substance	Describe the name of the alloy that is a mix of copper and zinc.	Brass.	en
HUM:gr	Describe the name of the ancient group of people who founded the city of Carthage.	The Phoenicians.	en
HUM:gr	Describe the name of the ancient group who founded the city of Carthage.	The Phoenicians.	en
HUM:ind	Describe the name of the ancient ruler who built the Hanging Gardens of Babylon.	Nebuchadnezzar II.	en
ENTY:other	Describe the name of the biological cycle that regulates the sleep-wake patterns of humans and other living organisms.	The circadian rhythm.	en
ENTY:religion	Describe the name of the branch of Buddhism practiced in the Himalayas.	Vajrayana Buddhism.	en
ENTY:religion	Describe the name of the branch of Judaism that follows strict Mosaic law.	Orthodox Judaism.	en
ENTY:other	Describe the name of the chemical reaction that occurs when a metal combines with oxygen and moisture to form rust.	Oxidation.	en
ENTY:other	Describe the name of the chemical reaction that occurs when a metal combines with oxygen to form rust.	Oxidation.	en
ENTY:religion	Describe the name of the Christian branch led by the Pope in Rome.	Roman Catholicism.	en
LOC:city	Describe the name of the city in Illinois known as the 'Windy City'.	Chicago.	en
LOC:city	Describe the name of the city that is the capital of Israel today.	Jerusalem.	en
LOC:city	Describe the name of the city that is the capital of Israel today?	Jerusalem.	en
LOC:country	Describe the name of the country that has the city of Seoul as its capital.	South Korea.	en
LOC:country	Describe the name of the country that is the smallest in the world by land area.	Vatican City.	en
ENTY:currency	Describe the name of the currency used in the state of Israel.	The New Shekel.	en
ENTY:currency	Describe the name of the currency used in the state of Kuwait.	The Dinar.	en
ENTY:product	Describe the name of the distinctive concert grand piano made in New York.	Steinway.	en
ENTY:veh	Describe the name of the early 20th-century rigid airship for luxury.	A Zeppelin.	en
ENTY:veh	Describe the name of the early 20th-century rigid airship that was used for luxury travel before the Hindenburg.	A Zeppelin.	en
ENTY:product	Describe the name of the electric guitar model that is a favorite of rock musicians.	The Gibson Les Paul.	en
ENTY:religion	Describe the name of the ethical and philosophical system that is the foundation of traditional Chinese society.	Confucianism.	en
ENTY:religion	Describe the name of the ethical system that is the foundation of Chinese society.	Confucianism.	en
ENTY:product	Describe the name of the flagship gaming console released by Sony in 2020.	The PlayStation 5.	en
LOC:landmass	Describe the name of the frozen landmass that surrounds the North Pole.	The Arctic.	en
HUM:gr	Describe the name of the group led by Genghis Khan in the 13th century.	The Mongol Hordes.	en
HUM:gr	Describe the name of the group that was led by Genghis Khan in the 13th century.	The Mongol Hordes.	en
ENTY:sport	Describe the name of the gymnastics apparatus used by women for balance.	The balance beam.	en
HUM:ind	Describe the name of the historical figure who led the French army at age 17.	Joan of Arc.	en
ENTY:product	Describe the name of the imaging software developed by Adobe for professional photographers.	Photoshop.	en
LOC:landmass	Describe the name of the island that contains the cities of Belfast and Dublin.	Ireland.	en
LOC:landmass	Describe the name of the island that is the home of the city of Tokyo.	Honshu.	en
LOC:landmass	Describe the name of the landmass that is the most northern part of Russia.	Siberia.	en
ENTY:lang	Describe the name of the language family that includes Hindi and Urdu.	Indo-Aryan.	en
LOC:water	Describe the name of the large bay on the eastern coast of India.	The Bay of Bengal.	en
LOC:landmass	Describe the name of the massive island country that is also considered a continent.	Australia.	en
ENTY:substance	Describe the name of the material for the first transistors.	Germanium.	en
ENTY:substance	Describe the name of the material used to create the first semiconductors in the electronics industry.	Germanium.	en
ENTY:symbol	Describe the name of the mathematical symbol used to represent a square root operation.	The radical sign.	en
ENTY:substance	Describe the name of the metamorphic rock from limestone.	Marble.	en
ENTY:techmeth	Describe the name of the method for mass-producing steel metal.	Bessemer process.	en
ENTY:techmeth	Describe the name of the method used to mass-produce steel by blowing air through molten iron.	The Bessemer process.	en
ENTY:religion	Describe the name of the modern religious movement focused on the mind.	Scientology.	en
ENTY:religion	Describe the name of the modern religious movement that centers on the study and auditing of the mind.	Scientology.	en
ENTY:religion	Describe the name of the modern religious movement that centers on the study and the auditing of the mind.	Scientology.	en
LOC:mount	Describe the name of the mountain in Washington state that is a major hazard.	Mount Rainier.	en
LOC:mount	Describe the name of the mountain range located in the eastern part of India.	The Eastern Ghats.	en
LOC:mount	Describe the name of the mountain range that contains the famous Khyber Pass.	The Hindu Kush.	en
LOC:mount	Describe the name of the mountain system that includes the peak of Nanga Parbat.	The Himalayas.	en
ENTY:religion	Describe the name of the mystical branch of Islam focused on internal truth.	Sufism.	en
LOC:water	Describe the name of the ocean that surrounds the continent of Antarctica.	The Southern Ocean.	en
LOC:landmass	Describe the name of the peninsula that contains the countries of Norway and Sweden.	The Scandinavian Peninsula.	en
ENTY:substance	Describe the name of the primary ingredient in glass manufacturing.	Silica.	en
ENTY:techmeth	Describe the name of the process to treat rubber with sulfur.	Vulcanization.	en
ENTY:techmeth	Describe the name of the process used to treat natural rubber with sulfur to make it more durable.	Vulcanization.	en
ENTY:product	Describe the name of the professional diving watch produced by the brand Rolex.	The Submariner.	en
LOC:state	Describe the name of the province in China where the city of Wuhan is.	Hubei.	en
LOC:state	Describe the name of the province in the Netherlands that contains Amsterdam.	North Holland.	en
LOC:state	Describe the name of the region in France that is famous for its wine.	Bordeaux/Aquitaine.	en
LOC:state	Describe the name of the region in Italy that is the center of the fashion industry.	Lombardy.	en
LOC:water	Describe the name of the river that flows through the city of Cairo.	The Nile.	en
ENTY:sport	Describe the name of the rugby version that uses thirteen players.	Rugby league.	en
ENTY:product	Describe the name of the spacecraft designed by SpaceX to carry people to the ISS.	The Crew Dragon.	en
ENTY:sport	Describe the name of the sport played on a grass court with a yellow ball.	Tennis.	en
ENTY:sport	Describe the name of the sport traditionally played on a beach.	Volleyball.	en
ENTY:sport	Describe the name of the sport with a pitcher and a diamond.	Baseball.	en
LOC:state	Describe the name of the state in Australia that contains the city of Darwin.	Northern Territory.	en
LOC:state	Describe the name of the state in Australia that is home to the city of Perth.	Western Australia.	en
LOC:state	Describe the name of the state in India that is famous for its backwaters.	Kerala.	en
LOC:state	Describe the name of the state in the US that is the leading producer of oil.	Texas.	en
LOC:water	Describe the name of the strait that separates Russia from Alaska.	The Bering Strait.	en
ENTY:symbol	Describe the name of the symbol used for the at-sign in email addresses.	The ampersat.	en
ENTY:substance	Describe the name of the synthetic material for bulletproof vests.	Kevlar.	en
ENTY:veh	Describe the name of the traditional Polynesian boat that uses two hulls for stability in the ocean.	A Catamaran.	en
ENTY:veh	Describe the name of the traditional Polynesian boat with two hulls.	A Catamaran.	en
ENTY:substance	Describe the name of the volcanic glass known as frozen smoke.	Obsidian.	en
DESC:desc	Describe the nature of a high-altitude mountain climate in winter.	Thin air, freezing temperatures, and heavy snow.	en
DESC:desc	Describe the nature of a total solar eclipse event.	The moon blocks the sun creating darkness.	en
ENTY:termeq	Describe the nautical term for the 'left side' of a ship in motion.	Port.	en
ENTY:termeq	Describe the nautical term for the 'left side' of a ship when facing forward.	Port.	en
HUM:gr	Describe the nomadic people who live in the Sahara desert today.	The Tuareg.	en
LOC:country	Describe the Nordic country that is known for its many fjords.	Norway.	en
NUM:count	Describe the number of distinct time zones currently used in Russia.	Eleven.	en
NUM:count	Describe the number of human heart chambers and their count.	Four.	en
NUM:count	Describe the number of hydrogen atoms in a single molecule of methane.	Four.	en
NUM:count	Describe the number of points on a standard compass rose symbol.	Four.	en
NUM:count	Describe the number of sides on a standard hexagonal nut.	Six.	en
NUM:count	Describe the number of sides on a standard stop sign on the road.	Eight.	en
NUM:count	Describe the number of strings on a standard orchestral cello.	Four.	en
NUM:count	Describe the number of time zones that are used in the country of Canada.	Six.	en
LOC:water	Describe the ocean that is located to the east of the coast of the United States.	The Atlantic.	en
LOC:water	Describe the ocean that is located to the east of the United States.	The Atlantic.	en
ENTY:body	Describe the organ that produces bile to aid in the digestion of fats.	The liver.	en
ENTY:body	Describe the organ that produces insulin to regulate blood sugar.	The pancreas.	en
ENTY:body	Describe the part of the ear that captures sound waves from the air.	The pinna.	en
ENTY:body	Describe the part of the kidney that serves as the basic functional unit.	The nephron.	en
HUM:gr	Describe the people who were the inhabitants of the Aztec Empire.	The Aztecs.	en
ENTY:instru	Describe the percussion instrument made of a set of tuned wooden bars.	The xylophone.	en
ENTY:instru	Describe the percussion instrument made of tuned wooden bars.	The xylophone.	en
HUM:ind	Describe the person who is known as the 'Father of Modern Physics'.	Galileo Galilei.	en
HUM:ind	Describe the person who is the head of the Catholic Church in Rome.	Pope Francis.	en
ENTY:plant	Describe the plant that produces the small, edible green pods used in okra dishes.	The Okra plant.	en
ENTY:plant	Describe the plant that produces the small, edible green pods used in okra.	The Okra plant.	en
NUM:ord	Describe the position of the thirteenth amendment in the US Constitution.	13th.	en
HUM:title	Describe the primary title of the person who manages a corporation.	CEO.	en
HUM:title	Describe the primary title of the person who manages a global corporation.	CEO.	en
DESC:manner	Describe the procedure for a professional engine oil change.	Drain the old oil and replace the oil filter unit.	en
DESC:manner	Describe the procedure for a professional oil change car.	Drain old oil and replace the engine filter.	en
DESC:manner	Describe the process of 'solar salt extraction' from seawater in large-scale coastal salt pans.	Natural evaporation of seawater until salt crystals form.	en
DESC:manner	Describe the process of 'solar salt extraction' from seawater in large-scale salt pans.	Natural evaporation of seawater until crystals form.	en
DESC:manner	Describe the process of making artisanal dark chocolate home.	Grinding cacao nibs with sugar for hours.	en
DESC:manner	Describe the process of making traditional hand-pulled noodles.	Repeatedly stretching and folding the dough into strands.	en
DESC:manner	Describe the process of manufacturing a standard lithium-ion battery in a modern factory setting.	Coating electrodes, assembly, and adding electrolyte fluid.	en
DESC:manner	Describe the process of manufacturing a standard lithium-ion battery in a modern factory.	Assembling electrodes and adding electrolyte fluid.	en
ENTY:product	Describe the product known as the 'Post-it Note' and the company that developed it.	3M.	en
ENTY:product	Describe the product known as the 'Post-it Note' and which company originally developed it.	3M.	en
ENTY:color	Describe the psychological effects associated with the color red in art.	Red.	en
ENTY:color	Describe the psychological effects associated with the color red.	Red.	en
NUM:ord	Describe the rank of the Burj Khalifa among the world's tallest buildings.	First.	en
DESC:reason	Describe the reasons for the decline of the Roman Empire in history.	Economic instability, military overexpansion, and external invasions.	en
DESC:reason	Describe the reasons for the decline of the Roman Empire.	Political corruption, inflation, and invasions.	en
DESC:reason	Describe the reasons why the invention of the printing press by Gutenberg led to a massive increase in literacy rates across Europe during the Renaissance.	Books became cheaper and more accessible, encouraging people to learn to read.	en
DESC:reason	Describe the reasons why the invention of the printing press led to a massive increase in literacy.	Lower cost of books made reading accessible to all.	en
HUM:desc	Describe the responsibilities of a modern pharmacologist in a lab.	Studying the effects of drugs and developing new medicines.	en
LOC:water	Describe the river that flows through the heart of the city of London in the UK.	The Thames.	en
LOC:water	Describe the river that flows through the heart of the city of London.	The Thames.	en
HUM:desc	Describe the role of a crisis negotiator, focusing on psychological techniques.	Building rapport and de-escalating tension during crises.	en
HUM:desc	Describe the role of a crisis negotiator, focusing on the psychological techniques they use for safety.	Building rapport and de-escalating tension during crises.	en
HUM:desc	Describe the role of a forest firefighter during a wildfire.	Containing fires and protecting homes and wildlife.	en
HUM:ind	Describe the role of the person who founded the company Amazon.	Jeff Bezos.	en
ENTY:letter	Describe the shape of the mathematical letter known as infinity.	∞.	en
ENTY:lang	Describe the Slavic language that uses the Cyrillic alphabet in Russia.	Russian.	en
ENTY:instru	Describe the small, four-stringed guitar-like instrument from Hawaii.	The ukulele.	en
ENTY:food	Describe the small, round French almond-based confection.	Macaron.	en
HUM:title	Describe the specialized title of the person who is the leading spokesperson on public health.	Surgeon General.	en
ENTY:letter	Describe the specific letter used in musical notation for 'treble clef'.	G.	en
ENTY:letter	Describe the specific letter used in musical notation to indicate the 'treble clef'.	G.	en
ENTY:food	Describe the spicy paste used in North African harissa dishes.	Harissa.	en
ENTY:sport	Describe the sport of baseball and name the position of the player who throws the ball.	The pitcher.	en
ENTY:sport	Describe the sport of fencing and name one of the three weapons.	The foil.	en
ENTY:sport	Describe the sport of fencing and name the three weapons used.	Foil, epee, and sabre.	en
ENTY:sport	Describe the sport of gymnastics and name one of the apparatus used by women.	The balance beam.	en
ENTY:sport	Describe the sport of rugby and explain the primary difference between the Union and League versions.	Rugby union and rugby league.	en
ENTY:sport	Describe the sport of volleyball and mention where it is traditionally played.	On a beach or indoor court.	en
ENTY:sport	Describe the sport that is played on a grass court with a yellow ball.	Tennis.	en
NUM:money	Describe the starting salary for a software architect at a major firm.	80,000.	en
ENTY:substance	Describe the substance that is the primary ingredient in glass manufacturing.	Silica sand.	en
ENTY:symbol	Describe the symbol known as the 'Skull and Crossbones' and its primary historical use.	A warning for poison.	en
ENTY:symbol	Describe the symbol known as the 'Skull and Crossbones' and its use.	A warning for poison.	en
ENTY:symbol	Describe the symbol used to represent a hazardous biological material.	The Biohazard symbol.	en
ENTY:substance	Describe the synthetic material used to make bulletproof vests.	Kevlar.	en
ENTY:techmeth	Describe the tech in self-driving cars for distance measurement.	LIDAR.	en
ENTY:termeq	Describe the technical term for being 'nearsighted' in optometry.	Myopia.	en
ENTY:techmeth	Describe the technology used in self-driving cars to measure distance with lasers.	LIDAR.	en
NUM:temp	Describe the temperature of an active lava flow.	1,100 degrees Celsius.	en
ENTY:termeq	Describe the term used in the UK for a 'car hood' in automotive terms.	Bonnet.	en
ENTY:termeq	Describe the term used in the UK for a 'car hood' in automotive.	Bonnet.	en
ABBR:abb	Describe the three-letter acronym used to identify the Consumer Price Index to track national inflation.	CPI	en
ABBR:abb	Describe the three-letter acronym used to identify the Consumer Price Index used to track global inflation.	CPI	en
NUM:money	Describe the total financial investment required to develop a new drug.	.6 billion.	en
NUM:money	Describe the total financial investment required to develop a new mRNA vaccine.	billion.	en
ENTY:instru	Describe the traditional African instrument made of a hollow gourd and metal keys.	The mbira.	en
ENTY:plant	Describe the tree known as the 'Baobab' and explain which continent it is native to today.	The Baobab tree.	en
ENTY:plant	Describe the tree known as the 'Baobab' and mention which continent it is native to.	The Baobab tree.	en
ENTY:plant	Describe the tree that produces the acorns eaten by forest animals.	The Oak tree.	en
ENTY:plant	Describe the tree that produces the acorns eaten by many forest animals.	The Oak tree.	en
ENTY:food	Describe the Turkish delight confection that is flavored with rosewater or lemon.	Lokum.	en
ENTY:veh	Describe the type of aircraft that can take off and land vertically like a bird.	A VTOL aircraft.	en
ENTY:other	Describe the type of bond that is formed between two atoms through the sharing of electrons in a molecule.	A covalent bond.	en
ENTY:other	Describe the type of bond that is formed between two atoms through the sharing of electrons.	A covalent bond.	en
ENTY:food	Describe the type of cured ham that is a famous specialty of the Parma region.	Prosciutto.	en
ENTY:other	Describe the type of heat transfer that occurs through the direct contact of two solid surfaces.	Conduction.	en
ENTY:other	Describe the type of heat transfer that occurs through the direct contact of two surfaces.	Conduction.	en
ENTY:other	Describe the type of insurance that covers the cost of medical expenses for a person or family.	Health insurance.	en
ENTY:other	Describe the type of insurance that covers the cost of medical expenses for a person.	Health insurance.	en
ENTY:other	Describe the type of light that is invisible to the human eye but can cause sunburn on the skin.	Ultraviolet light.	en
ENTY:other	Describe the type of light that is invisible to the human eye but can cause sunburn.	Ultraviolet light.	en
ENTY:veh	Describe the type of motorcycle that is designed for long-distance touring on highways.	A Cruiser.	en
ENTY:other	Describe the type of software that allows a user to browse the vast world wide web today.	A web browser.	en
ENTY:other	Describe the type of software that allows a user to browse the world wide web.	A web browser.	en
ENTY:veh	Describe the type of vehicle that uses a cushion of air to travel over water.	A Hovercraft.	en
DESC:desc	Describe the typical career path of a diplomat today.	Serving in embassies and managing relations.	en
HUM:desc	Describe the typical day of a master sushi chef in Tokyo.	Sourcing fresh fish and preparing traditional Japanese dishes.	en
DESC:desc	Describe the typical day of a master sushi chef.	Sourcing fish and preparing traditional dishes.	en
DESC:desc	Describe the typical day of a researcher in a marine laboratory.	Collecting water samples and analyzing ocean data.	en
DESC:desc	Describe the typical personality of a domestic golden retriever dog.	Friendly, loyal, and eager to please the owner.	en
LOC:city	Describe the US city that is known for its steep hills and cable cars.	San Francisco.	en
NUM:other	Describe the value of the Boltzmann constant relating energy and temperature values.	1.380649 x 10^-23 J/K.	en
NUM:other	Describe the value of the Boltzmann constant relating energy and temperature.	1.380649 x 10^-23.	en
ENTY:veh	Describe the vehicle that uses a cushion of air over water and land.	A Hovercraft.	en
ENTY:veh	Describe the vehicle used by astronauts to move around the Moon's surface.	The Lunar Roving Vehicle.	en
ENTY:veh	Describe the vehicle used by astronauts to move around the surface of the Moon.	The Lunar Roving Vehicle.	en
ENTY:substance	Describe the volcanic substance that is often called 'frozen smoke' or glass.	Obsidian.	en
NUM:weight	Describe the weight of a professional concert grand piano in pounds or kilograms.	500 kilograms on average.	en
NUM:weight	Describe the weight of a typical laptop computer in the lightweight category today.	Two to three pounds.	en
NUM:weight	Describe the weight of the Burj Khalifa building in Dubai and the weight of the concrete used.	330,000 cubic meters.	en
ENTY:food	Describe the white, spongy cake made without egg yolks or fat.	Angel food cake.	en
NUM:dist	Describe the width of the Grand Canyon at its widest point.	29 km.	en
DESC:desc	Describe the work of a professional lighting designer in a modern theater production.	Using color and shadow to create mood on a stage.	en
HUM:desc	Describe the work of a professional storyboard artist for a film.	Creating a series of sketches that map out the film's flow.	en
DESC:desc	Describe the work of a professional storyboard artist in the animation industry.	Visualizing scenes for a film production.	en
HUM:desc	Describe the work of a professional storyboard artist, explaining how they translate a script into visuals.	Creating a series of sketches that map out the film's flow.	en
DESC:desc	Describe the work performed by a master furniture restorer today.	Repairing and refinishing antique wooden pieces.	en
DESC:desc	Describe the work performed by a professional sound engineer.	Mixing and recording audio for various media.	en
DESC:desc	Describe the work performed by a traditional landscape painter today.	Capturing natural scenes with oils or watercolors.	en
DESC:desc	Describe the work performed by a traditional violin luthier.	Hand-carving and repairing string instruments.	en
HUM:desc	Describe the work performed by an expert ethical hacker today.	Testing computer systems to find and fix vulnerabilities.	en
NUM:date	Describe the year the first practical steam engine was patented.	1769.	en
NUM:date	Describe the year the printing press was invented by Gutenberg.	1440.	en
ABBR:exp	Describe what the acronym HTML stands for in the context of web development.	HyperText Markup Language	en
ABBR:exp	Describe what the letters GPS represent in the context of navigation technology.	Global Positioning System	en
DESC:reason	Describe why honey does not spoil even over thousands of years.	High sugar concentration and low water content.	en
NUM:code	Description of VIN format?	17 characters.	en
HUM:desc	Detective?	An investigator who solves crimes and finds evidence.	en
ENTY:body	Detox organ?	The liver.	en
ENTY:color	Digital image processing relies on color spaces; provide the name for the primary print space.	CMYK.	en
ENTY:symbol	Direct current sign?	The DC symbol.	en
ENTY:other	Discovery type?	The Rosetta Stone.	en
NUM:dist	Distance to the Moon?	384,400 kilometers.	en
NUM:dist	Distance to the Sun?	150 million km.	en
ENTY:other	DNA shape?	The double helix.	en
BOOL:yesno	Do all insects have six legs according to biological standards?	Yes.	en
BOOL:yesno	Do all known living organisms on the planet Earth utilize DNA as their primary genetic material?	Yes.	en
BOOL:yesno	Do all mammals lay eggs to reproduce?	No.	en
BOOL:yesno	Do all plants require sunlight for their growth cycle?	Yes.	en
BOOL:yesno	Do bats use sonar to navigate in the dark?	Yes.	en
BOOL:yesno	Do dogs bark?	Yes.	en
BOOL:yesno	Do fish breathe?	Yes.	en
BOOL:yesno	Do honey bees communicate through a complex dance?	Yes.	en
BOOL:yesno	Do penguins live in the northern hemisphere?	No.	en
BOOL:yesno	Do plants produce oxygen during photosynthesis?	Yes.	en
BOOL:yesno	Do snakes walk?	No.	en
BOOL:yesno	Do stars shine?	Yes.	en
BOOL:yesno	Does the Earth revolve around the Sun annually?	Yes.	en
BOOL:yesno	Does the Moon orbit the Earth every month?	Yes.	en
NUM:period	Dog sleep?	12 hours.	en
NUM:money	Dollar cost?	.20.	en
ENTY:symbol	Dollar sign?	The $ sign.	en
ENTY:veh	Drone type?	A Quadcopter.	en
ENTY:instru	Drum kit?	The snare drum.	en
NUM:temp	Dry ice?	-78 degrees Celsius.	en
NUM:period	Duration of WWII?	Six years.	en
ENTY:product	Dyson vacuum?	Dyson.	en
NUM:code	EAN-13 barcode length?	13 digits.	en
ENTY:body	Ear drum?	The tympanic membrane.	en
NUM:other	Earth g?	9.8 m/s^2.	en
NUM:weight	Earth mass?	5.97 x 10^24 kg.	en
NUM:speed	Earth spin?	1,600 km/h.	en
NUM:volsize	Earth volume?	1 trillion cubic km.	en
NUM:dist	Earth wide?	12,742 km.	en
NUM:volsize	Earth's volume?	1 trillion cubic km.	en
LOC:country	Egypt place?	Egypt.	en
NUM:dist	Eiffel tall?	330 meters.	en
DESC:desc	Eiffel Tower?	A massive iron lattice tower in Paris.	en
NUM:ord	Eighth King?	Henry VIII.	en
HUM:ind	Einstein role?	Albert Einstein.	en
HUM:ind	Einstein's role?	Albert Einstein.	en
ENTY:veh	Electric car?	The Tesla Model 3.	en
NUM:other	Electron m?	9.1 x 10^-31 kg.	en
ENTY:animal	Elephant ears?	The African Bush Elephant.	en
ENTY:symbol	Email at-sign name?	The ampersat.	en
ENTY:letter	End of Greek?	Ω.	en
ENTY:event	End of WWII?	The surrender of Japan.	en
ENTY:termeq	English has many terms for the same object by region; provide the UK name for a 'flashlight'.	Torch.	en
ENTY:termeq	English has many terms for the same object; provide the UK name for 'flashlight'.	Torch.	en
ENTY:letter	English vowel?	A.	en
ENTY:currency	EU currency?	Euro.	en
NUM:other	Euler e?	2.718.	en
NUM:other	Euler's e?	2.71828.	en
ENTY:currency	Euro symbol?	The Euro.	en
LOC:country	European Union country in the center?	Germany.	en
NUM:dist	Everest high?	8,848 meters.	en
LOC:mount	Everest location?	Nepal/China.	en
LOC:mount	Everest range?	The Himalayas.	en
ENTY:body	Eye retina?	The retina.	en
NUM:speed	F1 speed?	230 mph.	en
ENTY:other	Fabric name?	Polyester.	en
HUM:title	Faith defender?	The Sovereign.	en
ENTY:animal	Falcon speed?	The Peregrine Falcon.	en
ENTY:termeq	Fast synonym?	Rapid.	en
ENTY:termeq	Fast word?	Rapid.	en
ENTY:animal	Fastest land animal?	The Cheetah.	en
ABBR:exp	FBI expansion?	Federal Bureau of Investigation	en
ABBR:abb	FBI shorthand?	FBI	en
ABBR:exp	FBI stands for?	Federal Bureau of Investigation	en
LOC:country	Federal republic in North America?	The USA.	en
ENTY:plant	Fern spores?	The Fern.	en
NUM:ord	Fifth state?	Connecticut.	en
ENTY:symbol	File folder icon name?	The Folder icon.	en
ENTY:body	Filter organ?	The kidneys.	en
NUM:money	Fine amount?	00.	en
NUM:other	Fine-structure?	1/137.	en
LOC:other	Finish line?	The end of the track.	en
ENTY:lang	Finnish family?	Finnish.	en
DESC:desc	Fire feel?	Intensely hot with flickering orange flames.	en
ENTY:color	Fire orange?	Amber.	en
NUM:ord	First King?	William the Conqueror.	en
NUM:ord	First planet?	Mercury.	en
ENTY:letter	First vowel?	A.	en
HUM:title	Five-star rank?	General of the Army.	en
DESC:manner	Fix floor?	Pull up old tiles and lay down new ones.	en
DESC:manner	Fix leak?	Turn off water and replace the damaged seal.	en
NUM:period	Flight time?	Six hours.	en
LOC:state	Florida coast?	Florida.	en
LOC:state	Florida land?	The United States.	en
ENTY:instru	Flute parts?	The headjoint.	en
HUM:desc	Forensic role?	A doctor who studies causes of death.	en
NUM:perc	Forest cover?	Thirty-one percent.	en
ENTY:instru	Four string bow?	The violin.	en
NUM:ord	Fourth book?	Goblet of Fire.	en
ENTY:currency	Franc country?	The Swiss Franc.	en
LOC:country	France where?	France.	en
ENTY:food	French long bread?	Baguette.	en
NUM:date	French Rev?	1789.	en
ENTY:event	French Revolution start?	The storming of the Bastille.	en
NUM:date	French Revolution?	1789.	en
ENTY:lang	French words?	French.	en
LOC:mount	Fuji country?	Mount Fuji.	en
NUM:code	Full SWIFT for HSBC London?	HBUSUKL2.	en
NUM:volsize	Gallons in tank?	50 gallons.	en
LOC:water	Ganges mouth?	The Ganges.	en
ENTY:cremat	Gatsby book?	The Great Gatsby.	en
LOC:state	Gauteng land?	South Africa.	en
ENTY:techmeth	Gene edit?	CRISPR technology.	en
ENTY:techmeth	Gene splicing?	CRISPR technology.	en
NUM:period	Gestation of a cat?	65 days.	en
ENTY:animal	Giraffe neck?	The Reticulated Giraffe.	en
ABBR:abb	Give me the abbreviation for the Environmental Protection Agency.	EPA	en
ABBR:abb	Give me the shorthand for Digital Versatile Disc.	DVD	en
NUM:period	Global climate cycles known as Milankovitch cycles occur over vast periods; provide the length of the eccentricity cycle.	100,000 years.	en
NUM:period	Global climate cycles occur over vast periods; provide the length of a Milankovitch cycle.	100,000 years.	en
LOC:landmass	Gobi desert where?	East Asia.	en
LOC:landmass	Gobi desert?	The Gobi.	en
NUM:money	Gold price?	,000 per ounce.	en
NUM:perc	Gold purity?	Ninety-nine percent.	en
ENTY:substance	Gold symbol?	Au.	en
NUM:other	Golden phi?	1.618.	en
NUM:other	Golden ratio?	1.618.	en
NUM:weight	Golf ball?	45 grams.	en
ENTY:cremat	Gothic literature reached its peak in the 19th century with a novel by Mary Shelley; name it.	Frankenstein.	en
DESC:desc	Gothic style?	Pointed arches and intricate stone carvings.	en
ENTY:techmeth	GPS tracking?	Satellite navigation.	en
DESC:desc	Grand Canyon?	A vast, colorful canyon with steep walls.	en
ENTY:color	Grape color?	Purple.	en
ENTY:color	Grape purple?	Violet.	en
ENTY:color	Grass color?	Green.	en
ENTY:color	Grass shade?	Emerald.	en
NUM:other	Gravity on Moon?	1.62 m/s^2.	en
NUM:dist	Great Wall?	21,196 km.	en
ENTY:letter	Greek Alpha?	Alpha.	en
ENTY:lang	Greek history?	Greek.	en
LOC:landmass	Greenland is an autonomous territory; provide the name of the continent it is geographically part of.	North America.	en
LOC:landmass	Greenland ocean?	Atlantic/Arctic.	en
LOC:landmass	Greenland?	Greenland.	en
NUM:code	GTIN-13 digit count?	13.	en
ENTY:instru	Guitar bridge?	The bridge.	en
ENTY:other	Habit name?	Nocturnal behavior.	en
ENTY:cremat	Hamlet plot?	Hamlet.	en
ENTY:termeq	Happy synonym?	Joyful.	en
ENTY:termeq	Happy term?	Joyful.	en
ENTY:instru	Harp pedals?	The pedals.	en
HUM:title	Health lead?	Surgeon General.	en
ENTY:body	Heart function?	The heart.	en
NUM:weight	Heart mass?	300 grams.	en
ENTY:letter	Hebrew Mem?	מ.	en
ENTY:lang	Hebrew revival?	Hebrew.	en
ENTY:veh	Helicopter?	The Apache.	en
ENTY:symbol	Heraldic lily name?	The Fleur-de-lis.	en
ENTY:symbol	Heraldry lion name?	The Leo.	en
NUM:code	HEX code for navy blue?	#000080.	en
NUM:code	HEX color?	#FFFFFF.	en
NUM:code	HEX for white?	#FFFFFF.	en
NUM:weight	High-precision laboratory scales can measure weights at a very small scale; provide the weight of a fly.	12 milligrams.	en
NUM:speed	High-speed rail has revolutionized travel; provide the operating speed of the TGV.	200 mph.	en
NUM:speed	High-speed rail has revolutionized travel; provide the speed of the TGV.	200 mph.	en
ENTY:event	Hindenburg?	The Hindenburg disaster.	en
ENTY:lang	Hindi roots?	Hindi.	en
ENTY:religion	Hindu Vedas?	Hinduism.	en
ENTY:religion	Hinduism is an incredibly diverse religious tradition; provide the name of the major branch that worships Lord Vishnu.	Vaishnavism.	en
ENTY:religion	Hinduism is an incredibly diverse religious tradition; provide the name of the major branch that worships Vishnu.	Vaishnavism.	en
ENTY:religion	Hinduism is an incredibly diverse tradition; name the branch that worships Vishnu.	Vaishnavism.	en
LOC:state	Hokkaido?	Hokkaido.	en
ENTY:symbol	Holy Om sound sign?	The Om symbol.	en
ENTY:animal	Honey bees live in highly structured colonies governed by a queen; provide the name of the type of bee that builds the hive.	The Worker Bee.	en
NUM:weight	Honeybee?	0.1 grams.	en
ENTY:instru	Horizontal woodwind?	The flute.	en
ENTY:sport	Horse sport?	Polo.	en
HUM:title	House head?	Speaker of the House.	en
NUM:money	House price?	00,000.	en
NUM:dist	How deep is the Mariana Trench at its deepest point in the Pacific?	10,994 meters.	en
ABBR:abb	How do doctors abbreviate the instruction for 'twice a day'?	BID	en
ABBR:abb	How do medical professionals abbreviate 'twice a day'?	BID	en
ABBR:abb	How do you abbreviate California?	CA	en
ABBR:abb	How do you abbreviate the phrase 'as soon as possible'?	ASAP	en
ABBR:abb	How do you abbreviate the state of Texas?	TX	en
DESC:manner	How do you correctly format a formal bibliography in APA style?	List authors, year, title, and publisher in order.	en
DESC:manner	How do you effectively manage a large team in a remote setting?	Using digital communication tools and set clear goals.	en
DESC:manner	How do you effectively manage time when working home?	Set a schedule and take regular breaks.	en
DESC:manner	How do you install a standard ceiling fan safely?	Turn off power and wire to the junction box.	en
DESC:manner	How do you install a standard dimming light switch safely?	Wire the switch to the load and ground wires correctly.	en
DESC:manner	How do you prepare a traditional Italian lasagna?	Layer pasta, sauce, and cheese then bake.	en
DESC:manner	How do you prepare a traditional Japanese miso soup?	Simmer dashi stock and whisk in the miso paste.	en
DESC:manner	How do you troubleshoot a computer that won't start?	Check power supply and reseat the RAM sticks.	en
DESC:manner	How does an inkjet printer precisely apply ink to a page to create a high-resolution image?	Spraying tiny droplets of ink through small nozzles.	en
DESC:manner	How does one effectively propagate succulents from leaf cuttings?	Let the leaf callus then place it on dry soil.	en
DESC:manner	How does one successfully grow tomatoes in a garden?	Watering regularly and using support stakes.	en
NUM:dist	How far can a cheetah run in a single high-speed burst of energy?	500 meters.	en
NUM:dist	How far can a cheetah run in a single high-speed burst?	500 meters.	en
NUM:dist	How far is it from the Earth's surface to the International Space Station?	408 km.	en
NUM:dist	How far is it from the Earth's surface to the ISS?	408 km.	en
NUM:dist	How far is the Earth from the Sun on average during its orbit?	150 million km.	en
NUM:speed	How fast does a bullet travel when fired from a high-powered rifle?	2,800 fps.	en
NUM:speed	How fast does a bullet travel when fired from a rifle?	2,800 fps.	en
NUM:speed	How fast does a peregrine falcon fly during its high-speed dive?	240 mph.	en
NUM:speed	How fast does a peregrine falcon fly during its high-speed hunting dive?	240 mph.	en
NUM:speed	How fast does the Earth rotate at the poles compared to the equator?	Zero mph.	en
NUM:speed	How fast does the Moon travel around the Earth in its orbit?	2,288 mph.	en
NUM:speed	How fast does the Moon travel around the Earth in its orbital path?	2,288 mph.	en
NUM:speed	How fast does the Sun move through the Milky Way galaxy?	450,000 mph.	en
NUM:speed	How fast does the Sun move through the vast Milky Way galaxy?	450,000 mph.	en
NUM:weight	How heavy is a grand piano?	500 kilograms.	en
NUM:weight	How heavy is a standard brick?	Five pounds.	en
NUM:dist	How high is the Eiffel Tower?	330 meters.	en
NUM:dist	How high is the highest waterfall in the world, Angel Falls?	979 meters.	en
ABBR:abb	How is the term 'as soon as possible' shortened in emails?	ASAP	en
ABBR:abb	How is the term 'Gross Domestic Product' commonly abbreviated?	GDP	en
ABBR:abb	How is the term Gross Domestic Product commonly abbreviated?	GDP	en
NUM:period	How long did the construction of the Empire State Building actually take?	One year and 45 days.	en
NUM:period	How long did the construction of the Great Pyramid of Giza actually take?	20 years.	en
NUM:period	How long does it take for light from the Sun to reach the Earth?	Eight minutes.	en
NUM:period	How long does it take for light from the Sun to reach the planet Mars?	12 minutes.	en
NUM:period	How long is a PhD?	Four to six years.	en
NUM:period	How long is a typical professional hockey period in the NHL league?	20 minutes.	en
NUM:period	How long is a typical term for a member of the United States Senate?	Six years.	en
NUM:period	How long is summer?	Three months.	en
NUM:dist	How long is the Amazon?	6,400 km.	en
NUM:period	How long to boil egg?	Six minutes.	en
NUM:count	How many countries are currently members of the European Union today?	27.	en
NUM:count	How many countries are members of the United Nations today?	193.	en
NUM:volsize	How many cubic meters of concrete were used in the Hoover Dam wall?	3.3 million cubic m.	en
NUM:volsize	How many cubic meters of concrete were used in the Hoover Dam?	3.3 million cubic meters.	en
NUM:volsize	How many gallons of water flow over the Niagara Falls every second?	750,000 gallons.	en
NUM:count	How many hours does it take for a high-speed train to reach Paris?	Three.	en
NUM:count	How many hours does it take for the Earth to rotate once?	24.	en
NUM:period	How many hours of sleep does a newborn baby require in a 24-hour cycle?	14 to 17 hours.	en
NUM:count	How many levels are there in the classical game of Tetris?	99.	en
NUM:volsize	How many milliliters are in a standard United States tablespoon volume?	15 ml.	en
NUM:volsize	How many milliliters are in a standard United States tablespoon?	15 milliliters.	en
NUM:period	How many minutes are in a standard professional basketball game quarters?	Twelve minutes.	en
NUM:count	How many minutes are in a standard three-hour professional movie film?	180.	en
NUM:count	How many minutes are there in a standard twenty-four hour day?	1,440.	en
NUM:count	How many planets?	Eight.	en
NUM:count	How many stars?	Fifty.	en
NUM:count	How many years are in a standard century of the Gregorian calendar?	100.	en
NUM:period	How many years are in a standard decade of the modern calendar?	Ten years.	en
NUM:count	How many years are in a standard millennium of time?	1,000.	en
NUM:count	How many years did the construction of the Great Wall take?	2,000.	en
NUM:period	How many years does it take for a Redwood tree to reach full maturity?	500 years.	en
NUM:period	How many years does it take for a sequoia to reach maturity?	Several hundred years.	en
NUM:period	How many years of education are required for a standard medical degree?	Eight years.	en
NUM:volsize	How much air can a typical large commercial hot air balloon hold?	3,000 cubic meters.	en
NUM:volsize	How much air can a typical large hot air balloon hold inside?	3,000 cubic meters.	en
NUM:money	How much did it cost to construct the Golden Gate Bridge?	5 million.	en
NUM:money	How much did it cost to restore the Notre Dame cathedral roof?	00 million.	en
NUM:money	How much did the production of the film 'Avatar' cost to make?	37 million.	en
NUM:money	How much did the production of the film 'Endgame' cost to make?	56 million.	en
NUM:weight	How much does a bag of concrete weigh?	94 pounds.	en
NUM:money	How much does a diamond engagement ring cost on average today?	,000.	en
NUM:weight	How much does a gold bar weigh?	400 troy ounces.	en
NUM:weight	How much does a liter of pure liquid mercury weigh at room temperature?	13.5 kilograms.	en
NUM:weight	How much does a mature adult human liver weigh on average?	1.5 kilograms.	en
NUM:money	How much does a professional concert grand piano cost to purchase?	50,000.	en
NUM:weight	How much does a single honeycomb cell made of beeswax weigh when empty?	0.01 grams.	en
NUM:weight	How much does a standard bag of Portland cement weigh in the US?	94 pounds.	en
NUM:money	How much does a Tesla Model 3 cost?	0,000.	en
NUM:weight	How much does a typical adult male African elephant weigh?	Six tons.	en
NUM:weight	How much does a typical lead-acid battery for a car weigh on average?	18 to 22 kilograms.	en
NUM:weight	How much does a typical lead-acid car battery weigh?	20 kilograms.	en
NUM:money	How much does an average commercial pilot earn annually in the US?	50,000.	en
NUM:weight	How much does an empty NASA space shuttle orbiter weigh?	78,000 kilograms.	en
NUM:money	How much does it cost to maintain the White House every year?	million.	en
NUM:weight	How much does one liter of pure liquid mercury weigh?	13.5 kilograms.	en
NUM:money	How much is the fine for speeding in the state of California?	30.	en
NUM:money	How much is the fine for speeding in the state of Texas?	00.	en
NUM:volsize	How much space does a mature adult human heart occupy in the body?	280 cubic cm.	en
NUM:volsize	How much space does a mature adult human heart occupy in the chest?	280 milliliters.	en
NUM:money	How much was the ransom paid for the release of Guy de Rothschild?	million.	en
NUM:money	How much was the total prize money for the first modern Olympics?	None.	en
NUM:dist	How tall is Burj Khalifa?	828 meters.	en
NUM:dist	How tall is Everest?	8,848 meters.	en
DESC:manner	How to bake?	Mix ingredients and cook in an oven.	en
DESC:manner	How to fish?	Cast a line with bait and wait for a bite.	en
ABBR:abb	How to short California?	CA	en
ABBR:abb	HTML abbreviation?	HTML	en
ABBR:exp	HTML expansion?	HyperText Markup Language	en
ABBR:exp	HTML stands for what?	HyperText Markup Language	en
ABBR:exp	HTTP meaning?	HyperText Transfer Protocol	en
NUM:code	HTTP status code for Not Found?	404.	en
LOC:water	Hudson Bay?	The Hudson Bay.	en
NUM:period	Human life?	79 years.	en
HUM:desc	I am curious about the work of a forensic pathologist; explain the duties.	Investigating suspicious deaths through medical autopsies.	en
HUM:desc	I am curious about the work of a forensic pathologist; explain what their primary duties are in a case.	Investigating suspicious deaths through medical autopsies.	en
ENTY:product	I am interested in the history of consumer electronics; can you tell me the name of the Sony device that changed music in the 80s?	The Walkman.	en
ABBR:abb	I am looking for the standard medical abbreviation for 'three times a day' used on patient prescriptions.	TID	en
ABBR:abb	I am looking for the standard medical abbreviation for 'three times a day' used on prescriptions.	TID	en
BOOL:yesno	I would like to know if diamonds can be made in a lab.	Yes.	en
BOOL:yesno	I would like to know if the Titanic was ever found on the ocean floor.	Yes.	en
NUM:money	I would like to know the average annual salary of a senior architect.	20,000.	en
NUM:period	I would like to know the average length of a professional career for an NFL player in the US.	3.3 years on average.	en
NUM:period	I would like to know the average length of a professional career for an NFL player.	3.3 years.	en
NUM:dist	I would like to know the distance between the North and South Poles through the Earth.	12,713.6 km.	en
NUM:weight	I would like to know the estimated total weight of the Great Wall of China.	50 million tons.	en
NUM:money	I would like to know the exact amount of money in the US federal budget.	trillion.	en
ENTY:color	I would like to know the exact color of the gemstone known as lapis lazuli.	Deep blue.	en
ENTY:color	I would like to know the exact color of the stone lapis lazuli.	Deep blue.	en
DESC:def	I would like to know the exact definition of 'epistemology' in philosophy and its primary focus.	The theory of knowledge and how it's acquired.	en
DESC:def	I would like to know the exact definition of 'epistemology' in philosophy, and could you also describe its primary focus compared to other branches of study?	The theory of knowledge, especially with regard to its methods, validity, and scope.	en
ENTY:word	I would like to know the exact etymological origin of 'assassin'.	Hashishin.	en
ENTY:word	I would like to know the exact etymological origin of the word 'assassin' from Arabic.	Hashishin.	en
NUM:count	I would like to know the exact number of days in a leap year.	366.	en
NUM:count	I would like to know the exact number of days in a standard year.	365.	en
DESC:manner	I would like to know the exact process of 'DNA fingerprinting' in a forensic laboratory.	Comparing DNA sequences from crime scene samples.	en
DESC:manner	I would like to know the exact process of 'DNA fingerprinting' in a modern forensic laboratory.	Extracting DNA and using PCR to compare sequences.	en
NUM:temp	I would like to know the exact temperature at which pure ethanol ignites.	365 degrees.	en
HUM:title	I would like to know the exact title of the person who holds the position of Lord Chancellor.	Lord Chancellor.	en
NUM:other	I would like to know the exact value of the Avogadro constant for atoms.	6.02214076 x 10^23.	en
NUM:temp	I would like to know the ignition temperature of pure ethanol.	365 degrees Celsius.	en
NUM:code	I would like to know the ISBN-10 for the novel 'The Great Gatsby'.	0743273567.	en
ENTY:event	I would like to know the name of the 16th-century religious movement started by Luther.	The Protestant Reformation.	en
ENTY:event	I would like to know the name of the 1917 revolution that led to the USSR.	The Russian Revolution.	en
ENTY:religion	I would like to know the name of the African faith that is the basis for Santería.	Yoruba religion.	en
ENTY:religion	I would like to know the name of the African religion that is the basis for many New World faiths like Santería.	Yoruba religion.	en
ENTY:religion	I would like to know the name of the African religion that is the basis for New World Santería.	Yoruba religion.	en
LOC:city	I would like to know the name of the city-state located at the tip of the Malay Peninsula.	Singapore.	en
ENTY:food	I would like to know the name of the classic French sauce made from egg yolks and butter.	Hollandaise.	en
ENTY:body	I would like to know the name of the cluster of nerves located in the solar plexus.	The celiac plexus.	en
LOC:country	I would like to know the name of the country that is an archipelago of over 17,000 islands.	Indonesia.	en
ENTY:currency	I would like to know the name of the currency used in the Maldives and its subunit.	The Rufiyaa.	en
ENTY:currency	I would like to know the name of the currency used in the Philippines currently.	The Philippine Peso.	en
ENTY:veh	I would like to know the name of the deep-sea exploration vessel that reached the bottom of the Mariana Trench in 1960.	The Trieste.	en
ENTY:substance	I would like to know the name of the element for permanent magnets.	Neodymium.	en
HUM:gr	I would like to know the name of the ethnic group that is a minority in Turkey.	The Kurds.	en
HUM:gr	I would like to know the name of the ethnic group that is the largest minority in Turkey.	The Kurds.	en
ENTY:techmeth	I would like to know the name of the high-speed rail technology that uses magnets to lift the train.	Maglev.	en
LOC:mount	I would like to know the name of the highest mountain in the South Island of NZ.	Mount Cook.	en
ENTY:instru	I would like to know the name of the keyboard instrument that uses tonewheels to generate sound.	The Hammond organ.	en
ENTY:lang	I would like to know the name of the language used by the Aztec Empire in Mexico.	Nahuatl.	en
LOC:landmass	I would like to know the name of the large island located off the coast of SE Africa.	Madagascar.	en
LOC:state	I would like to know the name of the largest administrative division in Russia.	The Sakha Republic.	en
LOC:landmass	I would like to know the name of the largest island in the Mediterranean Sea.	Sicily.	en
ENTY:techmeth	I would like to know the name of the maglev rail technology.	Maglev.	en
ENTY:plant	I would like to know the name of the massive trees in the Amazon canopy.	The Kapok tree.	en
ENTY:plant	I would like to know the name of the massive trees in the Amazon that form a large part of the canopy.	The Kapok tree.	en
LOC:mount	I would like to know the name of the mountain range that contains the peak of Nanga Parbat.	The Karakoram.	en
ENTY:sport	I would like to know the name of the Olympic sport that combines cross-country skiing and rifle shooting.	The Biathlon.	en
ENTY:product	I would like to know the name of the portable music player introduced by Sony in 1979.	The Walkman.	en
LOC:state	I would like to know the name of the province in Canada that is mainly French-speaking.	Quebec.	en
ENTY:substance	I would like to know the name of the rare earth element used in powerful permanent magnets.	Neodymium.	en
LOC:water	I would like to know the name of the sea that is located in the Middle East.	The Red Sea.	en
ENTY:cremat	I would like to know the name of the song by John Lennon that is an anthem.	Imagine.	en
ENTY:letter	I would like to know the name of the specific letter that was historically the twenty-seventh in English.	The ampersand.	en
ENTY:letter	I would like to know the name of the specific letter that was the twenty-seventh.	The ampersand.	en
ENTY:other	I would like to know the name of the specific type of star that has such strong gravity that light cannot escape.	A black hole.	en
ENTY:sport	I would like to know the name of the sport combining skiing and shooting.	The Biathlon.	en
ENTY:symbol	I would like to know the name of the symbol used for the planet Venus in astronomy.	The hand mirror.	en
ENTY:veh	I would like to know the name of the vessel that reached the Mariana Trench.	The Trieste.	en
HUM:ind	I would like to know the name of the woman who refused to give up her bus seat.	Rosa Parks.	en
NUM:perc	I would like to know the percentage of the Sun's energy that reaches Earth.	One billionth.	en
NUM:perc	I would like to know the percentage of the total energy output of the Sun that reaches Earth.	One billionth.	en
DESC:desc	I would like to know the physical and cultural characteristics of the city of Cairo.	A chaotic, ancient city with Nile river views.	en
DESC:desc	I would like to know the physical and cultural characteristics of the city of Tokyo.	A mix of high-tech and historical culture.	en
NUM:ord	I would like to know the position of the planet Venus from the Sun.	Second.	en
DESC:reason	I would like to know the psychological and physiological reasons why humans need to dream during REM sleep and what happens if we are deprived.	Dreams facilitate cognitive processing and emotional regulation during deep sleep cycles.	en
DESC:reason	I would like to know the psychological and physiological reasons why humans need to dream during sleep.	Emotional regulation and information consolidation.	en
LOC:other	I would like to know the specific location of the Area 51 military installation in Nevada.	At Groom Lake inside the Nellis Air Force Base.	en
NUM:speed	I would like to know the speed of sound through a block of steel.	5,960 m/s.	en
NUM:speed	I would like to know the speed of sound through a solid block of steel.	5,960 m/s.	en
ENTY:termeq	I would like to know the technical term for 'farsightedness' as used by eye doctors.	Hyperopia.	en
ENTY:termeq	I would like to know the technical term for 'farsightedness' in medicine.	Hyperopia.	en
NUM:weight	I would like to know the total displacement weight of the Titanic ship when it was launched.	52,310 tons.	en
NUM:dist	I would like to know the total length of the Nile River in Africa.	6,650 km.	en
NUM:dist	I would like to know the total length of the Nile River.	6,650 km.	en
NUM:volsize	I would like to know the volume of a single red blood cell in the body.	90 cubic micrometers.	en
NUM:date	I would like to know the year the Renaissance is considered to have started.	14th century.	en
NUM:date	I would like to know the year the Renaissance started.	14th century.	en
ABBR:exp	I would like to know what the individual letters in the diving abbreviation SCUBA actually stand for in plain English.	Self-Contained Underwater Breathing Apparatus	en
ENTY:animal	I would like to know which specific animal has the longest lifespan of any vertebrate.	The Greenland Shark.	en
NUM:ord	I would like to know which US President was the sixteenth to hold office.	Abraham Lincoln.	en
NUM:code	IATA code for London Heathrow?	LHR.	en
NUM:code	IBAN for Germany?	DE.	en
NUM:code	IBAN format for Spain?	24 characters.	en
LOC:landmass	Iberian peninsula?	The Iberian Peninsula.	en
DESC:desc	Ice feel?	It is cold, slippery, and hard to the touch.	en
NUM:temp	Ice melts?	Zero degrees Celsius.	en
ENTY:cremat	Iliad epic?	The Iliad.	en
NUM:temp	In high-energy physics, provide the temperature of a lead-ion collision.	5 trillion Kelvin.	en
ENTY:color	In the animal kingdom, bright colors are used for signaling; name the color of a poison frog.	Vibrant red.	en
HUM:title	In the British legal system, a specific professional title is used for lawyers who represent clients in higher courts; name it.	Barrister.	en
ABBR:abb	In the complex field of genetics, researchers often use a shorthand to describe a specific gene-editing tool; provide the acronym for 'Clustered Regularly Interspaced Short Palindromic Repeats'.	CRISPR	en
ABBR:abb	In the complex field of genetics, researchers use a shorthand to describe a specific gene-editing tool; could you provide the acronym for Clustered Regularly Interspaced Short Palindromic Repeats?	CRISPR	en
BOOL:yesno	In the context of astronomy, is it possible for a star to become a black hole?	Yes.	en
BOOL:yesno	In the context of modern evolutionary biology, is it true that humans evolved from monkeys?	No, we share a common ancestor.	en
ENTY:food	In the context of modern global food systems, certain grains are called 'ancient'; provide the name of the one from the Andes.	Quinoa.	en
ENTY:currency	In the context of the emerging digital economy, a specific asset was adopted as legal tender in El Salvador; name it.	Bitcoin.	en
ENTY:currency	In the context of the emerging digital economy, a specific asset was adopted as legal tender in El Salvador; provide its name.	Bitcoin.	en
LOC:mount	In the far south, the Transantarctic Mountains divide the land; provide the name of a peak within them.	Mount Kirkpatrick.	en
NUM:code	In the field of cryptography, SHA-256 results in a code; provide the bit length.	256.	en
ENTY:veh	In the field of deep-space exploration, a specific type of craft is used to visit the outer planets; provide the name of the one that visited Pluto.	New Horizons.	en
ENTY:veh	In the field of deep-space exploration, provide the name of the Pluto craft.	New Horizons.	en
ENTY:other	In the field of diplomacy, the formal rules of behavior and communication between different nations are known as a specific term; name it.	Protocol.	en
DESC:reason	In the field of evolutionary biology, the development of complex eyes is a classic example of convergent evolution; explain the causes.	Independent paths to similar solutions for light sensing.	en
DESC:reason	In the field of evolutionary biology, the development of complex eyes is often cited as a classic example of convergent evolution; provide an in-depth explanation of why such different species evolved similar eyes.	Similar environmental pressures favored the development of efficient visual systems for survival and navigation.	en
NUM:weight	In the field of high-energy physics, provide the latest measured mass of the Higgs boson.	125.1 GeV.	en
NUM:temp	In the field of high-energy physics, provide the temperature of a lead-ion collision.	5 trillion Kelvin.	en
ENTY:letter	In the field of high-energy physics, several Greek letters represent particles; provide the photon one.	Gamma.	en
ENTY:letter	In the field of high-energy physics, several Greek letters represent subatomic particles; provide the name of the one for the photon.	Gamma.	en
NUM:speed	In the field of high-performance automotive engineering, provide the Bugatti speed.	304 mph.	en
NUM:speed	In the field of high-performance automotive engineering, provide the speed of the Bugatti.	304 mph.	en
ENTY:techmeth	In the field of high-precision manufacturing, a specific technique creates patterns; provide its name.	Lithography.	en
NUM:volsize	In the field of high-pressure physics, provide the volume of compressed iron.	Five cubic centimeters.	en
NUM:volsize	In the field of high-pressure physics, provide the volume of compressed solid iron.	Five cubic centimeters.	en
HUM:gr	In the field of international relations, provide the name for the big five powers.	The P5.	en
HUM:gr	In the field of international relations, specific groups represent nations at the UN; provide the name for the five powers.	The Permanent Five.	en
DESC:def	In the field of linguistics, 'phonology' is a core branch that studies the organization of sounds; define its scope.	The study of speech sound systems in language.	en
DESC:def	In the field of linguistics, 'phonology' is a core branch that studies the systematic organization of sounds in various languages; could you provide an extensive definition of its scope and its relationship to phonetics?	The system of contrastive relationships among the speech sounds that constitute the fundamental components of a language.	en
ENTY:termeq	In the field of linguistics, synonymy is complex; provide a synonym for 'liberty'.	Freedom.	en
ENTY:termeq	In the field of linguistics, the concept of synonymy is complex; provide a synonym for 'liberty'.	Freedom.	en
ENTY:techmeth	In the field of manufacturing, name the technique for patterns.	Lithography.	en
ENTY:symbol	In the field of semiotics, the study of signs is fundamental; provide the name for the symbol that represents a file folder.	The Folder icon.	en
NUM:ord	In the history of the Catholic Church, the line of Popes is an unbroken list; provide the first.	Saint Peter.	en
NUM:ord	In the history of the Catholic Church, the position of Pope is a line; provide the first.	Saint Peter.	en
ENTY:body	In the human digestive system, several accessory organs assist in the breakdown of food; provide the name of the gallbladder.	The gallbladder.	en
NUM:volsize	In the realm of celestial mechanics, provide the volume of a solar mass black hole event horizon.	Zero.	en
NUM:volsize	In the realm of celestial mechanics, provide the volume of a solar mass black hole.	Zero.	en
ENTY:sport	In the realm of extreme winter sports, a specific event involves sliding down a winding ice track on a sled; name it.	Bobsleigh.	en
ENTY:sport	In the realm of extreme winter sports, name the event for sliding on a sled.	Bobsleigh.	en
ENTY:product	In the realm of high-performance computing, provide the name of the fastest supercomputer in the world.	Frontier.	en
ENTY:product	In the realm of high-performance computing, the development of supercomputers is critical; provide the name of the fastest system today.	The Frontier supercomputer.	en
NUM:perc	In the study of economics, the unemployment rate is critical; provide the current US U-3 percentage.	3.8 percent.	en
NUM:perc	In the study of economics, the unemployment rate is critical; provide US U-3.	3.8 percent.	en
DESC:def	In the study of international relations, the concept of 'sovereignty' is fundamental to the modern state system; could you provide an in-depth definition of its historical evolution and its modern legal meaning?	The authority of a state to govern itself or another state.	en
DESC:def	In the study of international relations, the concept of 'sovereignty' is fundamental to the state; define its evolution.	The ultimate authority within a territory.	en
ENTY:word	In the study of rhetoric, authors use 'synecdoche' for imagery; provide a common example of this term.	All hands on deck.	en
ENTY:word	In the study of rhetoric, provide a common example of 'synecdoche'.	All hands on deck.	en
ENTY:other	In the study of theoretical physics, a specific type of matter is thought to make up the majority of mass; provide its name.	Dark matter.	en
ENTY:other	In the study of theoretical physics, a specific type of matter is thought to make up the majority of the universe's mass; provide its name.	Dark matter.	en
NUM:ord	In the world of aviation, the Bell X-1 is significant for being the first; provide the name.	The first supersonic plane.	en
NUM:ord	In the world of aviation, the Bell X-1 was significant for being the first; provide the name.	Supersonic flight.	en
NUM:code	In the world of banking, IBAN codes are essential; provide the one for Germany.	DE.	en
ENTY:plant	In the world of extreme botany, some plants have adapted to survive for centuries without rain; provide the name of a desert shrub.	The Creosote bush.	en
ENTY:plant	In the world of extreme botany, some plants have adapted to survive without rain; provide the name of the desert shrub.	The Creosote bush.	en
ENTY:veh	In the world of extreme marine engineering, a specific type of ship is used to lay cable on the ocean floor; name it.	A Cable-layer.	en
ENTY:animal	In the world of extreme survival, a tiny animal is famous for its ability to withstand vacuum and radiation; name it.	The Water Bear.	en
ENTY:termeq	In the world of finance, several terms are equivalents for 'money'; provide one.	Specie.	en
ENTY:termeq	In the world of finance, several terms are equivalents for 'money'; provide the formal term for coins.	Specie.	en
HUM:title	In the world of high finance and corporate governance, one specific title is used for the top executive; name it.	CEO.	en
ABBR:abb	In the world of high-performance aviation, pilots and engineers frequently refer to specific requirements for long-range twin-engine aircraft; could you please tell me the shorthand for 'Extended-range Twin-engine Operations Performance Standards'?	ETOPS	en
ABBR:abb	In the world of high-performance aviation, pilots and engineers frequently refer to specific requirements; could you please tell me the shorthand for Extended-range Twin-engine Operations Performance Standards?	ETOPS	en
HUM:ind	In the world of high-performance computing, one visionary laid the foundation for AI; provide his name.	Alan Turing.	en
ABBR:exp	In the world of high-precision scientific research, the acronym 'CERN' is synonymous with particle physics; could you tell me exactly what the original French phrase was that these letters represent?	Conseil Européen pour la Recherche Nucléaire	en
ABBR:exp	In the world of high-precision scientific research, the acronym 'CERN' is synonymous with particle physics; could you tell me the full French expansion?	Conseil Européen pour la Recherche Nucléaire	en
ENTY:instru	In the world of high-quality audio recording, specific tools are essential; provide the name of the device that converts sound.	The microphone.	en
ENTY:veh	In the world of marine engineering, name the ship used to lay cables.	A Cable-layer.	en
DESC:manner	In the world of professional filmmaking, the process of 'stop-motion animation' requires extreme precision; describe it.	Moving models in tiny increments between every frame.	en
DESC:manner	In the world of professional filmmaking, the process of 'stop-motion animation' requires precision; describe it.	Moving models slightly between each camera frame.	en
ENTY:letter	In the world of professional typography, certain characters are called 'ligatures'; provide the name of the combined 'ae' character.	Ash.	en
ENTY:letter	In the world of professional typography, specific characters are called 'ligatures'; provide the ae name.	Ash.	en
LOC:city	In what country is the city of Prague located today?	The Czech Republic.	en
LOC:country	In what country would you find Ontario?	Canada.	en
LOC:country	In what country would you find the provinces of Ontario and Quebec today?	Canada.	en
LOC:country	In what country would you find the provinces of Ontario and Quebec?	Canada.	en
LOC:landmass	In what part of the world is the Arabian Peninsula situated?	Southwest Asia.	en
NUM:ord	In what place did the athlete finish if they were the runner-up?	Second.	en
NUM:ord	In what position did the runner finish if they earned a silver medal?	Second.	en
NUM:ord	In what position did the runner finish if they earned the silver medal?	Second.	en
NUM:date	In what year did the Meiji Restoration occur in Japan's history?	1868.	en
NUM:date	In what year did the Meiji Restoration occur in Japan?	1868.	en
NUM:date	In what year was the first modern Olympic Games held in Athens?	1896.	en
LOC:other	In which city would you find the headquarters of the United Nations?	760 United Nations Plaza, New York.	en
LOC:country	In which country is Marrakesh located?	Morocco.	en
LOC:country	In which country is Petra situated?	Jordan.	en
LOC:city	In which country is the city of Munich situated in Europe?	Germany.	en
LOC:country	In which country is the Eiffel Tower located geographically in Europe?	France.	en
LOC:country	In which country is the Eiffel Tower located geographically?	France.	en
LOC:country	In which country is the Eiffel Tower located?	France.	en
LOC:country	In which country is the historic city of Petra situated today?	Jordan.	en
LOC:state	In which country is the province of Quebec located geographically?	Canada.	en
LOC:state	In which country is the state of New South Wales located geographically?	Australia.	en
LOC:state	In which country is the state of Rio de Janeiro situated currently?	Brazil.	en
LOC:city	In which country would you find the ancient city of Cairo?	Egypt.	en
LOC:country	In which country would you find the city of Marrakesh?	Morocco.	en
LOC:city	In which country would you find the historical city of Marrakesh today?	Morocco.	en
LOC:city	In which country would you find the historical city of Marrakesh?	Morocco.	en
LOC:state	In which country would you find the province of Alberta today?	Canada.	en
LOC:state	In which country would you find the province of Gauteng today?	South Africa.	en
LOC:city	In which US state is the city of Seattle located geographically in the northwest?	Washington.	en
LOC:city	In which US state is the city of Seattle located geographically?	Washington.	en
ENTY:currency	India bill?	Rupee.	en
LOC:country	India neighbors?	India.	en
LOC:state	India's political geography is complex; provide the names of the Seven Sister States.	The Seven Sisters.	en
ENTY:food	Indian spicy dish?	Curry.	en
ENTY:animal	Indonesian lizard?	The Komodo Dragon.	en
ENTY:symbol	Infinity?	The lemniscate.	en
NUM:money	International aid funding is a critical component of global diplomacy; provide the total ODA.	00 billion.	en
NUM:money	International aid funding is critical; provide the total ODA provided by donor nations.	00 billion.	en
NUM:date	Internet birth?	1983.	en
NUM:date	Internet born?	1983.	en
NUM:code	IP address for Google DNS?	8.8.8.8.	en
NUM:money	iPhone cost?	99.	en
ENTY:product	iPhone features?	The iPhone.	en
NUM:code	IPv4 for localhost?	127.0.0.1.	en
NUM:temp	Iron gas?	2,862 degrees Celsius.	en
ENTY:substance	Iron ore?	Hematite.	en
DESC:manner	Iron shirt?	Heat the iron and glide over the fabric flat.	en
BOOL:yesno	Is Earth round?	Yes.	en
BOOL:yesno	Is fire cold?	No.	en
BOOL:yesno	Is gold a metal?	Yes.	en
BOOL:yesno	Is gold considered a noble metal in the field of chemistry?	Yes.	en
BOOL:yesno	Is grass green?	Yes.	en
BOOL:yesno	Is ice hot?	No.	en
BOOL:yesno	Is it a fact that the Great Pyramid of Giza was built by slaves in Egypt?	No.	en
BOOL:yesno	Is it a fact that the human heart has four distinct chambers?	Yes.	en
BOOL:yesno	Is it a recognized scientific fact that the Earth's magnetic poles have flipped in the past?	Yes.	en
BOOL:yesno	Is it possible for a human to survive a fall from a plane without a parachute?	Yes.	en
BOOL:yesno	Is it possible to see individual atoms with a standard light microscope?	No.	en
BOOL:yesno	Is it possible to survive without water for a week?	No.	en
BOOL:yesno	Is it true that sharks have bones made of bone?	No, they have cartilage.	en
BOOL:yesno	Is it true that the average adult human body is composed of sixty percent water?	Yes.	en
BOOL:yesno	Is it true that the fingerprints of two different people can be identical in some cases?	No.	en
BOOL:yesno	Is it true that the Great Pyramid of Giza was originally covered in polished white limestone casing?	Yes.	en
BOOL:yesno	Is it true that the total mass of the atmosphere is negligible compared to the Earth?	Yes.	en
BOOL:yesno	Is lead light?	No.	en
BOOL:yesno	Is paper wood?	Yes.	en
BOOL:yesno	Is pure water a good conductor of electricity?	No.	en
BOOL:yesno	Is silver gold?	No.	en
BOOL:yesno	Is the Amazon the longest river in the world?	No.	en
BOOL:yesno	Is the capital of Australia the city of Sydney?	No.	en
BOOL:yesno	Is the concept of absolute zero reachable in a controlled laboratory environment today?	No.	en
BOOL:yesno	Is the concept of time travel currently possible according to Einstein's theories?	No.	en
BOOL:yesno	Is the Great Wall of China visible from the Moon?	No.	en
BOOL:yesno	Is the Pacific Ocean the largest body of water on Earth?	Yes.	en
BOOL:yesno	Is the Sahara the largest desert on Earth?	No.	en
BOOL:yesno	Is the speed of light a constant in a vacuum?	Yes.	en
BOOL:yesno	Is the sun cold?	No.	en
BOOL:yesno	Is water wet?	Yes.	en
NUM:code	ISBN 13?	978-3-16-148410-0.	en
NUM:code	ISBN for book?	978-3-16-148410-0.	en
NUM:code	ISBN-10 for 'The Great Gatsby'?	0743273567.	en
ENTY:religion	Islam core?	Islam.	en
NUM:code	ISO code for Brazil?	BR.	en
ENTY:currency	Israeli unit?	Shekel.	en
ENTY:food	Italian flatbread?	Pizza.	en
LOC:country	Italy shape?	Italy.	en
LOC:country	Japan is an island nation located in the Pacific; provide the name of its nearest neighbor to the west.	South Korea.	en
LOC:city	Japan is an island nation with many large cities; provide the name of the one on the island of Hokkaido.	Sapporo.	en
LOC:country	Japan islands?	Japan.	en
ENTY:currency	Japan unit?	Yen.	en
LOC:country	Japan's neighbor to the west?	South Korea.	en
ENTY:food	Japanese raw fish?	Sashimi.	en
ENTY:lang	Japanese tones?	Japanese.	en
LOC:city	Jerusalem is a city of religious significance; provide the name of the ancient city it is often paired with in history.	Tel Aviv.	en
ENTY:veh	Jet fighter?	The F-35 Lightning.	en
ENTY:symbol	Jewish star name?	The Star of David.	en
ENTY:religion	Judaism law?	Judaism.	en
HUM:desc	Judge's role?	An official who presides over a court of law.	en
HUM:title	Judge's title?	Justice.	en
LOC:mount	K2 mountain?	K2.	en
LOC:mount	K2 range?	The Karakoram.	en
ENTY:animal	Kangaroo bag?	The Red Kangaroo.	en
ENTY:plant	Kelp forest?	The Kelp.	en
LOC:country	Kenya location?	Kenya.	en
ENTY:body	Kidney use?	The kidneys.	en
LOC:mount	Kilimanjaro?	Mount Kilimanjaro.	en
ENTY:product	Kindle owner?	Amazon.	en
ENTY:product	Kindle screen?	The Kindle.	en
HUM:title	King title?	Monarch.	en
HUM:title	King's name?	Monarch.	en
HUM:gr	Kurdish group?	The Kurdish people.	en
LOC:water	Lake Baikal is the oldest lake in the world; provide the name of the river that flows out of it.	The Angara River.	en
LOC:water	Lake Baikal?	Lake Baikal.	en
LOC:country	Landlocked South American country?	Paraguay.	en
ENTY:lang	Language of Brazil?	Portuguese.	en
ENTY:lang	Language of Egypt?	Arabic.	en
ENTY:lang	Language of Japan?	Japanese.	en
ENTY:veh	Large boat?	An Aircraft Carrier.	en
ENTY:instru	Large pipe device?	The pipe organ.	en
LOC:country	Largest country by land area?	Russia.	en
LOC:country	Largest country in Africa by area?	Algeria.	en
ENTY:animal	Largest mammal?	The Blue Whale.	en
ENTY:body	Largest organ?	The skin.	en
NUM:ord	Last element?	Oganesson.	en
ENTY:letter	Last letter?	Z.	en
ENTY:lang	Latin origin?	Latin.	en
ENTY:symbol	Latin silver symbol name?	Argentum.	en
HUM:desc	Lawyer role?	A person who practices law and gives legal advice.	en
ENTY:termeq	Lawyer synonym?	Attorney.	en
ENTY:termeq	Lawyer word?	Attorney.	en
ENTY:substance	Lead metal?	Pb.	en
ENTY:color	Leaf green?	Emerald.	en
DESC:manner	Learn Spanish?	Practice speaking and study grammar daily.	en
ENTY:product	LEGO brand?	The LEGO Group.	en
ENTY:product	LEGO bricks?	LEGO.	en
NUM:count	Legs on bug?	Six.	en
NUM:count	Legs on cow?	Four.	en
NUM:count	Legs on spider?	Eight.	en
ENTY:color	Lemon color?	Yellow.	en
DESC:desc	Lemon taste?	Sour, acidic, and very sharp on the tongue.	en
ENTY:color	Lemon yellow?	Canary.	en
NUM:period	Length of a movie?	Two hours.	en
NUM:dist	Length of Great Wall?	21,196 km.	en
ENTY:cremat	Lennon song?	Imagine.	en
ENTY:symbol	Leo zodiac sign symbol?	The Lion.	en
NUM:code	License plate format in California?	1ABC234.	en
ENTY:techmeth	LIDAR tech?	Laser scanning.	en
NUM:other	Light speed?	299,792,458 m/s.	en
ENTY:plant	Lily water?	The Water Lily.	en
ENTY:word	Linguistic evolution results in words that have developed opposite meanings; provide the term for this phenomenon.	Contronym.	en
ENTY:word	Linguistic evolution results in words with opposite meanings; name the term.	Contronym.	en
ENTY:letter	Linguistic researchers use the International Phonetic Alphabet for precise sounds; provide the name of the symbol for the 'schwa'.	The schwa.	en
ENTY:letter	Linguistic researchers use the International Phonetic Alphabet for sounds; provide the schwa name.	The schwa.	en
ENTY:lang	Linguistics studies the structure of human speech; provide the name of the branch that studies meaning.	Semantics.	en
ENTY:animal	Lion group?	The African Lion.	en
ENTY:currency	Lira history?	The Turkish Lira.	en
NUM:volsize	Liters in pool?	2.5 million liters.	en
ENTY:body	Liver role?	The liver.	en
LOC:city	London is a massive global city in England; provide the name of the financial district within it.	The City of London.	en
LOC:city	London river?	London.	en
NUM:volsize	Lung capacity?	Six liters.	en
ENTY:body	Lung oxygen?	The lungs.	en
NUM:volsize	Lung volume?	Six liters.	en
LOC:landmass	Madagascar?	Madagascar.	en
NUM:speed	Maglev?	600 km/h.	en
NUM:date	Magna Carta signed?	1215.	en
ENTY:event	Magna Carta?	The signing of the Magna Carta.	en
ENTY:body	Main pump?	The heart.	en
DESC:manner	Make tea?	Steep tea leaves in hot water for minutes.	en
HUM:ind	Mandela's life?	Nelson Mandela.	en
HUM:ind	Mandela?	Nelson Mandela.	en
ENTY:currency	Many national currencies have names that reflect their deep historical roots; provide the name of the currency used in the Roman Empire.	The Denarius.	en
ENTY:currency	Many national currencies have names that reflect their historical roots; provide the name for the 'cut of silver' unit in Russia.	The Ruble.	en
DESC:reason	Many people suffer from seasonal affective disorder during the winter months when sunlight is scarce; could you please provide a detailed biological explanation for why the lack of light affects serotonin levels?	Reduced sunlight disrupts the body's internal clock and leads to a drop in serotonin and a rise in melatonin.	en
DESC:reason	Many people suffer from seasonal affective disorder during the winter months when sunlight is scarce; provide a biological explanation.	Lower light levels disrupting serotonin and circadian rhythms.	en
ENTY:termeq	Many people use 'weather' and 'climate' incorrectly; provide the technical distinction term.	Climate.	en
ENTY:termeq	Many people use 'weather' and 'climate' incorrectly; provide the technical term for the 'average' weather.	Climate.	en
HUM:gr	Maori people?	The Māori of New Zealand.	en
ENTY:symbol	Map hospital icon?	The Red Cross.	en
ENTY:plant	Maple leaf?	The Maple.	en
NUM:dist	Marathon distance?	42.195 km.	en
NUM:dist	Marathon km?	42.195 km.	en
NUM:perc	Market share?	Five percent.	en
NUM:money	Market value of a 1962 Ferrari?	8 million.	en
DESC:desc	Mars weather?	It is cold, dry, and very windy.	en
NUM:weight	Mass of a blue whale heart?	180 kilograms.	en
NUM:weight	Mass of the Earth's atmosphere?	5.15 x 10^18 kg.	en
ENTY:letter	Math sigma?	Σ.	en
ENTY:symbol	Math square root sign name?	The radical sign.	en
NUM:other	Mathematical constants like pi and e are fundamental to many areas of science; provide e to ten places.	2.7182818284.	en
NUM:other	Mathematical constants like pi and e are fundamental to science; provide e to 10 places.	2.718281828.	en
HUM:title	Mayor city?	Mayor.	en
ENTY:word	Meaning of?	Serendipity.	en
HUM:desc	Medical technical writers play a vital role in the pharma industry; detail tasks.	Translating complex scientific data into clear medical manuals.	en
HUM:desc	Medical technical writers play a vital role in the pharmaceutical industry; detail the daily tasks required.	Translating complex scientific data into clear medical manuals.	en
ENTY:termeq	Medical terminology uses Latin roots; provide the formal term for a common 'bruise'.	Contusion.	en
ENTY:termeq	Medical terminology uses Latin roots; provide the term for a common 'bruise'.	Contusion.	en
NUM:temp	Medical vaccines require precise controls; provide the Pfizer storage temp.	-70 degrees Celsius.	en
ENTY:symbol	Mercury sign?	The ☿ symbol.	en
ENTY:food	Mexican corn wrap?	Taco.	en
ENTY:currency	Mexico coin?	Peso.	en
NUM:money	Milk price?	.00.	en
ENTY:animal	Mimic bird?	The Lyrebird.	en
NUM:code	Model number of original iPhone?	A1203.	en
ENTY:product	Model T car?	The Model T.	en
ENTY:product	Model T maker?	Ford.	en
NUM:weight	Modern aircraft are designed to manage immense weights during flight; provide the max takeoff of a 787.	227,930 kilograms.	en
DESC:desc	Modern aircraft carriers are marvels of naval engineering; provide an in-depth technical analysis of their deck.	A mobile airbase with catapults and arrestor wires.	en
ENTY:cremat	Modern architecture was fundamentally shaped by a residential masterpiece by Frank Lloyd Wright; name it.	Fallingwater.	en
ENTY:substance	Modern aviation and aerospace engineering rely heavily on advanced materials; provide the name of the lightweight carbon-based composite.	Carbon fiber.	en
ENTY:substance	Modern aviation relies on advanced materials; name the carbon composite.	Carbon fiber.	en
NUM:speed	Modern computer networking relies on rapid transmission; provide fiber speed.	200,000 km/s.	en
NUM:speed	Modern computer networking relies on rapid transmission; provide the speed of fiber optics.	200,000 km/s.	en
ENTY:veh	Modern military aviation relies on stealth technology; provide the name of the first operational stealth fighter used by the US.	The F-117 Nighthawk.	en
ENTY:veh	Modern military aviation relies on stealth; provide the first US fighter name.	The F-117 Nighthawk.	en
ENTY:religion	Modern Neopagan movements represent a diverse attempt to reconstruct traditions; provide the name for the worship of Earth.	Gaia worship.	en
ENTY:religion	Modern Neopagan movements represent an attempt to reconstruct traditions; name the Earth worship.	Gaia worship.	en
ENTY:instru	Modern orchestral percussion involves many instruments; provide the name of the large tuned drums.	The kettledrums.	en
HUM:gr	Modern scientific research is often conducted by large international groups; name one.	CERN.	en
HUM:gr	Modern scientific research is often conducted by large international groups; provide the name of the one at CERN.	The CMS Collaboration.	en
NUM:volsize	Modern skyscrapers contain massive internal volumes; provide the value for the Burj Khalifa.	334,000 cubic meters.	en
NUM:volsize	Modern skyscrapers contain massive internal volumes; provide the value for the Burj.	334,000 cubic meters.	en
NUM:weight	Modern skyscrapers like the Burj Khalifa manage immense weight; provide the foundation mass.	110,000 tons.	en
DESC:desc	Modern smartphone technology is a marvel of integration; provide an in-depth technical analysis of a device.	A pocket computer with cameras and sensors.	en
ENTY:product	Modern smartphone technology is a marvel of integration; provide the name of the latest flagship device from Samsung.	The Galaxy S24 Ultra.	en
ENTY:product	Modern smartphone technology is a marvel of integration; provide the name of the latest Samsung flagship.	The Galaxy S24 Ultra.	en
DESC:desc	Mona Lisa?	A portrait of a woman with a slight smile.	en
ENTY:currency	Money in India?	The Rupee.	en
HUM:gr	Mongol horde?	The Mongol Empire.	en
NUM:count	Months year?	Twelve.	en
NUM:dist	Moon distance?	384,400 km.	en
NUM:date	Moon landing?	1969.	en
DESC:desc	Moon surface?	Rocky, dusty, and covered in craters.	en
NUM:temp	Moon's day?	127 degrees Celsius.	en
NUM:count	Moons of Earth?	One.	en
NUM:count	Moons of Mars?	Two.	en
ENTY:religion	Mormon history?	Mormonism.	en
NUM:code	Morse code for Q?	--.-.	en
NUM:code	Morse for SOS?	... --- ...	en
NUM:code	Morse SOS?	... --- ...	en
LOC:city	Moscow size?	Moscow.	en
ENTY:plant	Moss growth?	The Moss.	en
ENTY:sport	Motor sport?	Formula 1.	en
LOC:mount	Mount Kilimanjaro is the highest free-standing mountain; provide the name of its highest volcanic cone.	Kibo.	en
NUM:money	Movie budget?	00 million.	en
ENTY:techmeth	MRI scan?	Magnetic Resonance Imaging.	en
LOC:city	Mumbai India?	Mumbai.	en
ENTY:symbol	Music sharp note sign?	The sharp sign.	en
HUM:ind	Musk CEO?	Elon Musk.	en
LOC:country	Name the country of four nations including Scotland.	The United Kingdom.	en
LOC:country	Name the country on the Iberian Peninsula.	Spain.	en
LOC:country	Name the country with Seoul as its capital.	South Korea.	en
LOC:country	Name the country with the longest coastline.	Canada.	en
LOC:country	Name the nation that is a continent.	Australia.	en
LOC:country	Name the Nordic country known for fjords.	Norway.	en
LOC:country	Name the Pacific nation with four islands.	Japan.	en
ENTY:symbol	Name the symbol for division.	The obelus.	en
ENTY:symbol	Name the symbol for the percentage calculation.	The percent sign.	en
ENTY:symbol	Name the symbol used by pharmacists.	The Bowl of Hygieia.	en
HUM:ind	Napoleon Bonaparte rose to become the Emperor of the French; provide the name of the general who defeated him.	The Duke of Wellington.	en
ABBR:abb	NASA label?	NASA	en
ABBR:exp	NASA means what?	National Aeronautics and Space Administration	en
ABBR:exp	NASA means?	National Aeronautics and Space Administration	en
ENTY:animal	Native NZ bird?	The Kiwi.	en
ABBR:exp	NATO full form?	North Atlantic Treaty Organization	en
ENTY:color	Navy blue?	Indigo.	en
LOC:city	New York USA?	New York City.	en
ENTY:substance	Nickel magnet?	Nickel.	en
LOC:water	Nile source?	The Nile.	en
NUM:ord	Ninth letter?	I.	en
NUM:perc	Nitrogen air?	Seventy-eight percent.	en
NUM:period	Normal human life?	70 to 80 years.	en
LOC:other	North Pole?	The Arctic.	en
LOC:water	North Sea?	The North Sea.	en
LOC:country	Norway coast?	Norway.	en
ENTY:word	Noun example?	Mountain.	en
ENTY:techmeth	Nuclear fission?	Nuclear fission.	en
ENTY:letter	Number ten?	X.	en
DESC:desc	Nurse description?	Providing medical care and support to sick people.	en
DESC:desc	Nurse job?	Provide medical care and patient support.	en
ENTY:cremat	Nutcracker?	The Nutcracker.	en
ENTY:plant	Oak tree?	The Oak.	en
ENTY:instru	Oboe reed?	The double reed.	en
NUM:dist	Ocean depth?	11,000 meters.	en
DESC:desc	Ocean look?	A deep blue, restless surface with large waves.	en
ENTY:currency	Official money of Japan?	The Yen.	en
ENTY:sport	Olympic game?	Archery.	en
NUM:date	On what day did the first humans land on the Moon's surface?	July 20, 1969.	en
NUM:date	On what day did the first humans land on the Moon?	July 20, 1969.	en
ENTY:animal	Only flying mammal?	The Bat.	en
ENTY:color	Orange color?	Orange.	en
ENTY:product	Oreo brand?	Nabisco.	en
ENTY:product	Oreo cookie?	The Oreo.	en
HUM:title	Ottoman title?	Grand Vizier.	en
NUM:perc	Oxygen blood?	Ninety-eight percent.	en
DESC:manner	Paint wall?	Apply a primer then roll on the final color.	en
ENTY:word	Palindrome?	Racecar.	en
ENTY:animal	Panda diet?	The Giant Panda.	en
NUM:weight	Panda weight?	100 kilograms.	en
NUM:temp	Paper burn?	451 degrees Fahrenheit.	en
ENTY:techmeth	Paper making?	Pulping.	en
LOC:city	Paris country?	Paris.	en
ENTY:food	Pasta sauce?	Marinara.	en
ENTY:symbol	Peace sign?	The Peace Symbol.	en
ENTY:currency	Peso origin?	The Spanish Real.	en
NUM:other	pH of acid?	1.0.	en
NUM:period	PhD length?	Four years.	en
NUM:other	Pi decimal?	3.14159.	en
ENTY:other	Pi value?	3.14159.	en
ENTY:instru	Piano keys?	Wooden keys.	en
NUM:weight	Piano weight?	400 kilograms.	en
NUM:money	Pilot wage?	50,000.	en
HUM:desc	Pilot's job?	A person who operates the flight controls of an aircraft.	en
ENTY:food	Pizza topping?	Pepperoni.	en
NUM:other	Planck h?	6.626 x 10^-34.	en
NUM:count	Planets now?	Eight.	en
DESC:manner	Plant seeds?	Put in soil, water them, and give sun.	en
DESC:manner	Plant tree?	Dig a hole, place the root ball, and water.	en
ENTY:substance	Plastics are ubiquitous in modern life but vary in chemistry; provide the name of the clear plastic used for water bottles.	Polyethylene terephthalate.	en
ENTY:substance	Plastics vary in chemistry; provide the name for the PET plastic.	Polyethylene terephthalate.	en
NUM:count	Players court?	Ten.	en
NUM:count	Players on team?	Eleven.	en
ENTY:product	PlayStation 5?	Sony.	en
HUM:title	Pope rank?	Pope.	en
HUM:title	Pope's rank?	The Pope.	en
NUM:code	Postal code for Burj Khalifa?	00000.	en
ENTY:word	Prefix role?	Pseudo-.	en
NUM:perc	Price drop?	Ten percent.	en
NUM:money	Price of a kilo of saffron?	,000.	en
NUM:money	Price of an iPhone 15?	99.	en
ENTY:animal	Primate in Congo?	The Bonobo.	en
LOC:other	Prime Meridian?	Greenwich.	en
NUM:money	Professional sports contracts have exploded in value over the last decade; provide Ohtani's.	00 million.	en
NUM:money	Professional sports contracts have exploded in value; provide the value of Ohtani's deal.	00 million.	en
NUM:other	Proton q?	+1.6 x 10^-19 C.	en
HUM:desc	Provide a comprehensive character sketch of a modern private detective.	A legal investigator who finds facts and missing people.	en
HUM:desc	Provide a comprehensive character sketch of a typical private detective in modern times versus the fiction.	A legal investigator who finds facts and missing people.	en
DESC:def	Provide a comprehensive definition of 'inflation' in an economic context and the use of the consumer price index.	The decline of purchasing power of a currency.	en
DESC:def	Provide a comprehensive definition of 'inflation' in an economic context, explaining how the consumer price index is used to measure the purchasing power of money.	A general increase in prices and fall in the purchasing power of value.	en
DESC:def	Provide a comprehensive definition of the 'Scientific Method' detailing the steps from observation to conclusion.	A systematic way of testing hypotheses.	en
DESC:def	Provide a comprehensive definition of the 'Scientific Method', detailing the steps from initial observation and hypothesis to experimentation and final conclusion.	A method of procedure that has characterized natural science since the 17th century, consisting in systematic observation, measurement, and experiment.	en
NUM:code	Provide a comprehensive description of the 17-digit VIN system format.	17 characters.	en
DESC:desc	Provide a comprehensive description of the appearance of the Milky Way galaxy from Earth.	A faint, milky band of light across the night sky.	en
DESC:desc	Provide a comprehensive description of the phenomenon known as the Northern Lights.	Vibrant green and purple lights in the sky.	en
NUM:temp	Provide a comprehensive description of the temperature at the Earth's core.	6,000 Kelvin.	en
NUM:speed	Provide a comprehensive description of the terminal velocity of a human skydiver.	120 mph.	en
NUM:speed	Provide a comprehensive description of the terminal velocity of a skydiver.	120 mph.	en
ABBR:exp	Provide a comprehensive expansion for the technical term RAID used in computer storage and explain the role of independent disks.	Redundant Array of Independent Disks	en
DESC:manner	Provide a comprehensive overview of how a bill becomes a law in the United States system.	Voting in the House and Senate then a signature.	en
DESC:manner	Provide a comprehensive overview of how a federal bill becomes a law in the United States.	Passes both houses of Congress and is signed by the President.	en
ENTY:color	Provide a comprehensive overview of the history of the color purple.	Tyrian purple.	en
NUM:money	Provide a comprehensive overview of the price of gold per ounce historically.	5 to ,000.	en
NUM:money	Provide a comprehensive overview of the price of gold per ounce over 50 years.	5 to ,000.	en
DESC:reason	Provide a comprehensive overview of the reasons why the Great Wall of China was constructed by emperors.	Defense against raids from northern nomadic tribes.	en
DESC:reason	Provide a comprehensive overview of the reasons why the Great Wall of China was constructed, detailing the specific threats from northern nomadic tribes.	To protect the Chinese states and empires against the raids of various nomadic groups.	en
BOOL:yesno	Provide a confirmation of whether the planet Mars has water ice.	Yes.	en
BOOL:yesno	Provide a confirmation of whether the US has ever had a female president.	No.	en
NUM:perc	Provide a detailed breakdown of the percentage of people speaking English.	18 percent.	en
NUM:perc	Provide a detailed breakdown of the percentage of people who speak the top five languages.	English, 18 percent.	en
NUM:weight	Provide a detailed breakdown of the weight of the Statue of Liberty skin.	31 tons of copper.	en
NUM:weight	Provide a detailed breakdown of the weight of the various components that make up a space shuttle.	78,000 kg orbiter.	en
BOOL:yesno	Provide a detailed confirmation of whether a chameleon changes color solely for camouflage.	No, also for temperature.	en
ENTY:word	Provide a detailed explanation of the prefix 'trans-' and its Latin roots.	Across.	en
ENTY:word	Provide a detailed explanation of the prefix 'trans-' and its roots.	Across.	en
NUM:ord	Provide a list of the first five states to ratify the US Constitution.	DE, PA, NJ, GA, CT.	en
ENTY:termeq	Provide another term for the 'exit' on a highway in civil engineering.	Off-ramp.	en
NUM:code	Provide binary for 100.	1100100.	en
ABBR:abb	Provide the acronym for North Atlantic Treaty Organization.	NATO	en
NUM:money	Provide the annual cost of living for a single person in New York City.	0,000.	en
NUM:money	Provide the average annual tuition for an Ivy League university degree.	0,000.	en
NUM:money	Provide the average cost of a standard wedding in the United States.	0,000.	en
NUM:money	Provide the average cost of an Ivy League university degree program.	50,000.	en
NUM:period	Provide the average length of a professional football match including the half.	90 minutes.	en
NUM:period	Provide the average lifespan of a domestic house cat living indoors.	15 years.	en
NUM:weight	Provide the average weight of a newborn human infant in a modern hospital today.	7.5 pounds.	en
NUM:weight	Provide the average weight of an adult giant panda found in the forests of China.	100 kilograms.	en
NUM:code	Provide the binary representation of the decimal number 100.	1100100.	en
NUM:code	Provide the chemical symbol for the element Tungsten on the table.	W.	en
NUM:money	Provide the cost of building a single F-35 fighter jet aircraft.	00 million.	en
NUM:count	Provide the count of individual books in the 'Harry Potter' series.	Seven.	en
NUM:count	Provide the count of individual states in the nation of India currently.	28.	en
NUM:perc	Provide the current percentage of the global population with internet access.	66 percent.	en
NUM:dist	Provide the distance of a light-year in kilometers precisely.	9.46 trillion km.	en
NUM:speed	Provide the escape velocity required for a craft to leave Earth's gravity.	11.2 km/s.	en
NUM:speed	Provide the escape velocity required to leave Earth's gravity.	11.2 km/s.	en
NUM:money	Provide the estimated cost of a ticket to fly to the edge of space.	50,000.	en
NUM:money	Provide the estimated daily revenue of the Las Vegas Strip casinos.	0 million.	en
NUM:period	Provide the estimated length of time that the Roman Empire lasted in the West.	500 years.	en
NUM:other	Provide the estimated mass of the observable universe excluding the dark matter.	1.5 x 10^53 kg.	en
NUM:period	Provide the estimated period of time that the dinosaurs existed on Earth.	165 million years.	en
NUM:speed	Provide the estimated speed of a volcanic lahar mudflow in an eruption.	100 mph.	en
NUM:speed	Provide the estimated speed of a volcanic lahar or mudflow during an eruption.	100 mph.	en
NUM:temp	Provide the estimated temperature at the Earth's core.	6,000 Kelvin.	en
NUM:period	Provide the estimated time required for a plastic bottle to decompose in nature.	450 years.	en
NUM:weight	Provide the estimated total weight of the Great Pyramid of Giza.	Six million tons.	en
NUM:other	Provide the exact value of one astronomical unit used in distance calculations.	149,597,870 km.	en
NUM:temp	Provide the freezing point of jet fuel.	-47 degrees Celsius.	en
NUM:temp	Provide the freezing point of standard commercial jet fuel for aviation.	-47 degrees.	en
NUM:volsize	Provide the fuel tank capacity of a Boeing 787 passenger jet.	126,000 liters.	en
NUM:volsize	Provide the fuel tank capacity of a Boeing 787-8 Dreamliner jet.	126,000 liters.	en
ABBR:exp	Provide the full name for the international education and culture group called UNESCO.	United Nations Educational, Scientific and Cultural Organization	en
ABBR:exp	Provide the full name of the United States environmental group known as the EPA.	Environmental Protection Agency	en
NUM:dist	Provide the height of the Great Pyramid of Giza in Egypt.	138 meters.	en
NUM:code	Provide the HEX code for the color pure white in web design.	#FFFFFF.	en
NUM:code	Provide the HTTP status code for 'Page Not Found' errors.	404.	en
NUM:code	Provide the IATA airport code for London Heathrow.	LHR.	en
NUM:period	Provide the length of a standard commercial break during a primetime TV show.	Three to four minutes.	en
NUM:dist	Provide the length of the Trans-Siberian Railway across Russia.	9,289 km.	en
NUM:dist	Provide the length of the Trans-Siberian Railway that spans across Russia.	9,289 km.	en
LOC:other	Provide the location of the primary server farm for Google in the US.	The Dalles, Oregon.	en
LOC:other	Provide the location of the site where the first nuclear bomb exploded.	The Alamogordo Bombing Range in New Mexico.	en
NUM:other	Provide the mass of the observable universe excluding the dark matter.	10^53 kg.	en
NUM:code	Provide the model number of the original iPhone released in 2007.	A1203.	en
ENTY:event	Provide the name of the 19th-century war between the North and South in the US.	The American Civil War.	en
ENTY:event	Provide the name of the 20th-century nuclear testing program in the Pacific.	Operation Crossroads.	en
ENTY:religion	Provide the name of the ancient Persian religion before the arrival of Islam.	Zoroastrianism.	en
ENTY:religion	Provide the name of the ancient religion of the Persian Empire before the arrival of Islam in the area.	Zoroastrianism.	en
ENTY:religion	Provide the name of the ancient religion of the Persian Empire before the arrival of Islam.	Zoroastrianism.	en
LOC:landmass	Provide the name of the archipelago that forms the southern tip of South America.	Tierra del Fuego.	en
ENTY:product	Provide the name of the autonomous driving technology used in Waymo vehicles currently.	Waymo Driver.	en
LOC:city	Provide the name of the city in Austria that was the home of Mozart.	Vienna.	en
LOC:country	Provide the name of the country that is the largest in Africa by land area.	Algeria.	en
ENTY:currency	Provide the name of the currency of Switzerland, known for its high value.	The Swiss Franc.	en
LOC:water	Provide the name of the gulf that is a major source of the world's oil.	The Persian Gulf.	en
ENTY:veh	Provide the name of the high-speed ferry across the English Channel.	A Catamaran.	en
ENTY:veh	Provide the name of the high-speed ferry that operates across the English Channel for commuters.	A Catamaran.	en
ENTY:substance	Provide the name of the highly reactive element that is stored in oil to prevent fire.	Sodium.	en
ENTY:instru	Provide the name of the instrument invented by Benjamin Franklin that uses glass bowls.	The glass armonica.	en
ENTY:lang	Provide the name of the language spoken in the province of Quebec in Canada.	French.	en
ENTY:letter	Provide the name of the letter that represents the imaginary unit in complex mathematics.	i.	en
ENTY:letter	Provide the name of the letter that represents the imaginary unit in math.	i.	en
LOC:landmass	Provide the name of the massive island country located in the Indian Ocean.	Indonesia.	en
LOC:mount	Provide the name of the mountain range in Russia that is famous for its minerals.	The Urals.	en
LOC:mount	Provide the name of the mountain range that is considered the border of Europe.	The Urals.	en
HUM:ind	Provide the name of the person who is currently the head of the World Bank.	Ajay Banga.	en
LOC:state	Provide the name of the province in Pakistan that borders the Arabian Sea.	Sindh.	en
ENTY:substance	Provide the name of the reactive element stored in mineral oil.	Sodium.	en
HUM:gr	Provide the name of the religious group founded by Joseph Smith in the US.	The Mormons.	en
HUM:gr	Provide the name of the religious group that was founded by Joseph Smith in the US.	The Mormons.	en
ENTY:techmeth	Provide the name of the security tech for facial recognition.	Biometrics.	en
ENTY:techmeth	Provide the name of the security technology that uses facial recognition to unlock devices.	Biometrics.	en
ENTY:other	Provide the name of the specific type of government where a single person holds all the political power and authority.	An autocracy.	en
ENTY:other	Provide the name of the specific type of government where a single person holds all the political power.	An autocracy.	en
ENTY:plant	Provide the name of the specific variety of tea plant that produces black tea.	Camellia sinensis.	en
ENTY:plant	Provide the name of the specific variety of tea plant that produces black, green, and oolong teas.	Camellia sinensis.	en
ENTY:food	Provide the name of the spicy, fermented fish sauce used in Southeast Asian cooking.	Nam Pla.	en
ENTY:sport	Provide the name of the sport that involves a net and a birdie instead of a ball.	Badminton.	en
ENTY:sport	Provide the name of the sport that uses a net and a birdie.	Badminton.	en
ENTY:symbol	Provide the name of the symbol that consists of three interlocking triangles from Norse myth.	The Valknut.	en
ENTY:product	Provide the name of the various sensors and cameras used in the Waymo self-driving car system today.	Waymo Driver.	en
LOC:state	Provide the names of the federal states of Germany that were once in the East.	The states.	en
NUM:other	Provide the octane rating of standard regular gasoline in the US.	87.	en
NUM:other	Provide the octane rating of standard regular gasoline today.	87.	en
NUM:perc	Provide the percentage of a blue whale's body weight that is comprised of blubber.	25 percent.	en
NUM:perc	Provide the percentage of a blue whale's weight that is comprised of blubber.	25 percent.	en
NUM:perc	Provide the percentage of non-coding DNA found in the human genome.	98 percent.	en
NUM:perc	Provide the percentage of the Earth's mass contained in the mantle.	67 percent.	en
NUM:perc	Provide the percentage of the Earth's total mass contained in the mantle.	67 percent.	en
NUM:perc	Provide the percentage of the human brain active during sleep.	100 percent.	en
NUM:perc	Provide the percentage of the human brain that is active during sleep.	100 percent.	en
NUM:perc	Provide the percentage of the moon visible from Earth at once.	59 percent.	en
NUM:perc	Provide the percentage of the moon's surface visible from Earth at once.	59 percent.	en
ABBR:abb	Provide the recognized three-letter shorthand for the international airport located in Chicago known as O'Hare.	ORD	en
ABBR:abb	Provide the shorthand for the American Standard Code for Information Interchange.	ASCII	en
NUM:speed	Provide the speed of sound in seawater at standard pressure.	1,500 m/s.	en
NUM:speed	Provide the speed of sound in seawater at standard sea level pressure.	1,500 m/s.	en
NUM:other	Provide the standard gravitational parameter for the planet Earth.	3.98 x 10^14.	en
NUM:period	Provide the standard length of a commercial break during a primetime show.	Three minutes.	en
NUM:period	Provide the standard lifespan of a domestic house cat living indoors.	12 to 18 years.	en
NUM:speed	Provide the terminal velocity of a falling raindrop in a standard storm.	20 mph.	en
NUM:speed	Provide the terminal velocity of a falling raindrop in a storm.	20 mph.	en
ENTY:cremat	Provide the title of the oldest surviving work of great literature about a king.	The Epic of Gilgamesh.	en
HUM:title	Provide the title of the person who is considered the 'defender of the faith' in the UK.	The Sovereign.	en
NUM:speed	Provide the typical cruising speed of a commercial passenger jet.	575 mph.	en
NUM:speed	Provide the typical cruising speed of a modern commercial passenger jet.	575 mph.	en
NUM:other	Provide the value of the Bohr magneton in physics units.	9.27 x 10^-24 J/T.	en
NUM:other	Provide the value of the Bohr magneton in standard physics units.	9.27 x 10^-24 J/T.	en
NUM:other	Provide the value of the magnetic permeability of the vacuum.	4pi x 10^-7.	en
NUM:other	Provide the value of the Rydberg constant for the hydrogen atom.	1.097 x 10^7 m^-1.	en
NUM:volsize	Provide the volume of a single raindrop in a typical tropical rain storm.	0.05 ml.	en
NUM:volsize	Provide the volume of a single raindrop in a typical tropical storm.	0.05 milliliters.	en
NUM:volsize	Provide the volume of the Antarctic ice sheet in terms of frozen water content.	26.5 million cubic km.	en
NUM:volsize	Provide the volume of the Antarctic ice sheet in terms of frozen water.	26 million cubic km.	en
NUM:volsize	Provide the volume of the Great Pyramid of Giza in Egypt currently.	2.58 million cubic m.	en
NUM:volsize	Provide the volume of the Great Pyramid of Giza in Egypt today.	2.5 million cubic meters.	en
NUM:volsize	Provide the volume of the Moon expressed in cubic kilometers.	21 billion cubic km.	en
NUM:volsize	Provide the volume of the Moon expressed in terms of cubic kilometers.	21.9 billion cubic km.	en
NUM:volsize	Provide the volume of the Sun and express it in cubic kilometers.	1.4 x 10^18 cubic km.	en
NUM:volsize	Provide the volume of the Sun and express it in cubic meters.	1.4 x 10^27 cubic meters.	en
NUM:weight	Provide the weight of a professional Olympic bar used in the sport of competitive weightlifting.	20 kilograms.	en
NUM:weight	Provide the weight of a standard regulation MLB baseball.	Five ounces.	en
NUM:weight	Provide the weight of a standard single sheet of A4 paper.	Five grams.	en
NUM:weight	Provide the weight of a standard steel horseshoe for a racing horse.	250 grams.	en
NUM:weight	Provide the weight of a standard US gallon of liquid water.	8.34 pounds.	en
NUM:date	Provide the year that the first atomic bomb was dropped on the city of Hiroshima.	1945.	en
NUM:date	Provide the year that the Titanic sank after hitting an iceberg in the Atlantic.	1912.	en
NUM:date	Provide the year the first atomic bomb was dropped on Hiroshima.	1945.	en
NUM:date	Provide the year the Titanic sank in the Atlantic.	1912.	en
NUM:code	Provide the ZIP code for the Empire State Building in New York.	10118.	en
HUM:title	Provost school?	Provost.	en
LOC:state	Punjab area?	Punjab.	en
LOC:state	Punjab where?	India/Pakistan.	en
ENTY:color	Pure red?	Crimson.	en
LOC:mount	Pyrenees line?	The Pyrenees.	en
ENTY:religion	Quaker silence?	Quakerism.	en
LOC:state	Quebec nation?	Canada.	en
LOC:state	Quebec region?	Quebec.	en
ENTY:sport	Racket sport?	Tennis.	en
DESC:desc	Rainforest looks?	Dense, green, and teeming with exotic life.	en
DESC:desc	Rainforest?	Dense, green, and teeming with biological life.	en
ABBR:exp	RAM full name?	Random Access Memory	en
HUM:title	Rector role?	Rector.	en
ENTY:symbol	Recycling?	The Mobius loop.	en
ENTY:symbol	Religious symbols often encapsulate complex theological concepts; provide the name for the Buddhist wheel symbol.	The Dharmachakra.	en
ENTY:word	Rhyme orange?	Sporange.	en
ENTY:veh	Rocket name?	The Saturn V.	en
LOC:mount	Rockies where?	US/Canada.	en
LOC:mount	Rockies?	The Rocky Mountains.	en
ENTY:product	Rolex type?	Submariner.	en
ENTY:product	Rolex watch?	Rolex.	en
LOC:city	Rome Italy?	Rome.	en
ENTY:plant	Rose bush?	The Rose.	en
ENTY:color	Rose color?	Pink.	en
ENTY:color	Rose pink?	Coral.	en
NUM:code	Routing number for Chase NYC?	021000021.	en
ENTY:currency	Ruble value?	The Russian Ruble.	en
ENTY:letter	Runic F?	ᚠ.	en
ENTY:currency	Rupee design?	The Indian Rupee.	en
LOC:country	Russia is the largest country in the world; provide the name of the country it borders to the south in the center.	Kazakhstan.	en
LOC:country	Russia size?	Russia.	en
ENTY:currency	Russia unit?	Ruble.	en
LOC:country	Russia's southern neighbor in the center?	Kazakhstan.	en
ENTY:currency	Russian money unit?	The Ruble.	en
LOC:landmass	Sahara continent?	Africa.	en
LOC:landmass	Sahara where?	The Sahara Desert.	en
ENTY:food	Salad greens?	Romaine lettuce.	en
NUM:perc	Salt level?	Three percent.	en
DESC:desc	Sand feel?	Gritty, granular, and dry between the fingers.	en
NUM:ord	Second month?	February.	en
NUM:count	Seconds in min?	Sixty.	en
HUM:title	Senator term?	Senator.	en
LOC:city	Seoul Korea?	Seoul.	en
NUM:ord	Seventh day?	Saturday.	en
ENTY:currency	Shared EU money?	The Euro.	en
ENTY:animal	Shark teeth?	The Great White Shark.	en
ENTY:body	Shin bone?	The tibia.	en
ENTY:religion	Shinto purity?	Shinto.	en
ABBR:abb	Short form for RAM?	RAM	en
ABBR:abb	Short form for random access memory?	RAM	en
ABBR:abb	Shorthand for the Federal Bureau of Investigation?	FBI	en
ENTY:letter	Sigma math?	Σ.	en
ENTY:religion	Sikh 5 Ks?	Sikhism.	en
LOC:other	Silicon Valley?	Northern California.	en
DESC:desc	Silk feel?	Smooth, soft, and very lightweight fabric.	en
NUM:temp	Silver melt?	961 degrees Celsius.	en
ENTY:substance	Silver use?	Ag.	en
LOC:state	Sindh place?	Sindh.	en
LOC:state	Sindh region?	Pakistan.	en
LOC:other	Site of Petra?	Jordan.	en
NUM:ord	Sixth sign?	Virgo.	en
ENTY:body	Skin layers?	The epidermis.	en
ENTY:symbol	Skull and crossbones warning?	Poison.	en
ENTY:body	Skull bone?	The cranium.	en
ENTY:color	Sky blue?	Azure.	en
ENTY:color	Sky color?	Blue.	en
DESC:desc	Sky look?	A vast expanse of blue with scattered clouds.	en
ENTY:color	Sky shade?	Azure.	en
NUM:dist	Skyscrapers have reached heights; provide the height of the Shanghai Tower.	632 meters.	en
NUM:dist	Skyscrapers have reached incredible heights; provide the height of the Shanghai Tower.	632 meters.	en
ENTY:termeq	Small synonym?	Tiny.	en
ENTY:termeq	Small word?	Tiny.	en
LOC:country	Smallest country in the world?	Vatican City.	en
ENTY:termeq	Smart synonym?	Intelligent.	en
ENTY:termeq	Smart term?	Intelligent.	en
NUM:speed	Snail speed?	0.03 mph.	en
NUM:speed	Snail?	0.03 mph.	en
ENTY:symbol	Snake eating own tail name?	The Ouroboros.	en
ENTY:color	Snow color?	White.	en
ENTY:color	Snow white?	Ivory.	en
ENTY:termeq	Soda name?	Pop.	en
ENTY:termeq	Sofa name?	Couch.	en
ENTY:techmeth	Solar cell?	Photovoltaics.	en
ENTY:techmeth	Solar cells?	Photovoltaics.	en
NUM:period	Song length?	Three minutes.	en
NUM:speed	Sound speed?	343 m/s.	en
ENTY:food	Soup base?	Chicken broth.	en
LOC:country	South Africa's three capitals?	South Africa.	en
ENTY:currency	South Korean unit?	The Won.	en
NUM:period	Space missions to outer planets require immense time; provide the duration for Voyager 1.	46 years.	en
NUM:period	Space missions to the outer planets require immense time; provide the total duration of the Voyager 1 flight.	Over 46 years and counting.	en
HUM:gr	Spartan class?	The ancient Spartans.	en
NUM:other	Speed of sound?	343 m/s.	en
ENTY:body	Spleen size?	The spleen.	en
ENTY:cremat	Starry Night?	The Starry Night.	en
NUM:temp	Stars are classified based on surface temperatures; provide the temp for our Sun.	5,778 Kelvin.	en
NUM:temp	Stars have surface temperatures; provide the temp for our Sun.	5,778 Kelvin.	en
NUM:count	Stars on flag?	Fifty.	en
NUM:money	Starting salary of a pilot?	50,000.	en
HUM:title	State head?	President.	en
NUM:count	States in US?	Fifty.	en
ENTY:substance	Steel alloy?	Iron and carbon.	en
NUM:code	Stock ticker?	AAPL.	en
NUM:volsize	Stomach size?	One liter.	en
NUM:volsize	Stomach volume?	One liter.	en
LOC:water	Suez Canal?	The Suez Canal.	en
ENTY:event	Suez Crisis?	The Suez Crisis.	en
ENTY:word	Suffix mean?	-phobia.	en
LOC:landmass	Sumatra island?	Indonesia.	en
NUM:dist	Sun distance?	150 million km.	en
DESC:desc	Sun look?	A blindingly bright yellow orb in the sky.	en
ENTY:color	Sun shade?	Golden.	en
NUM:temp	Sun's core?	15 million Kelvin.	en
NUM:weight	Sun's mass?	2 x 10^30 kg.	en
NUM:volsize	Sun's volume?	1.4 million Earths.	en
ENTY:food	Sushi rice?	Vinegared rice.	en
ENTY:other	Sustainable agricultural practices aim to protect the environment while producing food; provide the name for the technique of rotating crops.	Crop rotation.	en
ENTY:other	Sustainable agricultural practices aim to protect the environment while producing food; provide the name for the technique of rotating different crops.	Crop rotation.	en
ENTY:lang	Swahili where?	Swahili.	en
NUM:code	SWIFT code?	CHASEUS33.	en
NUM:code	SWIFT for bank?	CHASEUS33.	en
ENTY:currency	Swiss money?	Franc.	en
ENTY:currency	Swiss unit of money?	The Franc.	en
ENTY:symbol	Symbol for summation in math?	Sigma.	en
ENTY:word	Synonym find?	Ambiguous.	en
ENTY:food	Taco shell?	Corn tortilla.	en
LOC:landmass	Tasmania state?	Australia.	en
NUM:perc	Tax rate?	Twenty percent.	en
DESC:desc	Teacher role?	Helping students learn and guiding them.	en
ENTY:sport	Team sport?	Soccer.	en
NUM:period	TED talk?	18 minutes.	en
NUM:count	Teeth in adult?	Thirty-two.	en
ENTY:word	Tell me a common English word that rhymes with 'mountain'.	Fountain.	en
ENTY:word	Tell me a common English word that rhymes with the word 'mountain'.	Fountain.	en
ENTY:word	Tell me a common synonym for the adjective 'happy' in English.	Joyful.	en
ENTY:termeq	Tell me a synonym for the adjective 'ambiguous' used in linguistics.	Equivocal.	en
ENTY:termeq	Tell me a synonym for the common word 'ubiquitous' in English.	Pervasive.	en
ENTY:termeq	Tell me a synonym for the word 'ubiquitous' in English.	Pervasive.	en
NUM:money	Tell me about the annual budget of the United Nations for global operations.	.4 billion.	en
DESC:reason	Tell me about the causes of the American Revolution in the 18th century.	Taxation without representation and the desire for self-governance.	en
DESC:reason	Tell me about the causes of the American Revolution.	British taxation policies and self-rule desires.	en
ENTY:color	Tell me about the color 'Vantablack', the darkest substance known.	Black.	en
ENTY:color	Tell me about the color of the planet Mars seen from space.	Red.	en
ENTY:color	Tell me about the color of the planet Mars.	Red.	en
ENTY:color	Tell me about the colors of stars and identify which is hottest.	Blue.	en
ENTY:color	Tell me about the colors of stars and which one is the hottest.	Blue.	en
ENTY:word	Tell me about the concept of a 'spoonerism' and provide a famous example.	The queer old dean.	en
ENTY:word	Tell me about the concept of a 'spoonerism' and provide an example.	The queer old dean.	en
DESC:desc	Tell me about the daily life and the challenges faced by a researcher in Antarctica.	Living in extreme cold and isolation for months.	en
DESC:desc	Tell me about the daily life and the challenges for a monk in a mountain monastery.	Quiet living with prayer and physical labor daily.	en
DESC:desc	Tell me about the daily routine of a professional chef.	Preparing meals and managing the kitchen staff.	en
HUM:desc	Tell me about the daily routine of a professional park ranger.	Patrolling land, assisting visitors, and protecting nature.	en
DESC:def	Tell me about the definition of 'dark matter' in astrophysics and why it is categorized as 'dark'.	Invisible matter detected only by gravity.	en
DESC:def	Tell me about the definition of 'dark matter' in astrophysics, and explain why it is categorized as 'dark' despite its measurable effects on galaxies.	A hypothetical form of matter that is thought to account for approximately 85% of the matter in the universe.	en
ENTY:product	Tell me about the design and the material components of a standard LEGO building brick.	The LEGO brick.	en
HUM:desc	Tell me about the duties of a professional genealogist for families.	Searching through censuses, birth records, and DNA data.	en
HUM:desc	Tell me about the duties of a professional genealogist, including the types of records they investigate today.	Searching through censuses, birth records, and DNA data.	en
NUM:money	Tell me about the estimated cost of building a modern nuclear power plant.	0 billion.	en
NUM:money	Tell me about the estimated cost of constructing a new nuclear reactor plant.	0 billion.	en
ENTY:product	Tell me about the features and the construction of the SpaceX Crew Dragon capsule for astronauts.	The Crew Dragon.	en
ENTY:product	Tell me about the features and the electronic ink screen of a modern Kindle e-reader.	The Amazon Kindle.	en
HUM:ind	Tell me about the history of the Slinky toy including the name of the individual who accidentally discovered it.	The Slinky.	en
LOC:other	Tell me about the location of the International Space Station's orbital path.	Between 330 and 435 kilometers above the surface.	en
LOC:other	Tell me about the location of the Svalbard Global Seed Vault in Norway.	Outside the town of Longyearbyen.	en
LOC:other	Tell me about the location of the Svalbard Global Seed Vault.	Spitsbergen, Norway.	en
DESC:desc	Tell me about the major features of the city of Venice in Italy.	Historical buildings and canals instead of roads.	en
DESC:desc	Tell me about the major physical features of the Moon.	Cratered plains known as maria and highlands.	en
NUM:speed	Tell me about the maximum speed of a tsunami wave in the deep ocean.	500 mph.	en
NUM:speed	Tell me about the maximum speed of a tsunami wave in the ocean.	500 mph.	en
ABBR:exp	Tell me about the meaning of the abbreviation SONAR and provide the full phrase from which it was originally derived.	Sound Navigation and Ranging	en
DESC:manner	Tell me about the method for pruning a mature fruit tree.	Removing dead wood and thinning the canopy for light.	en
DESC:manner	Tell me about the method for pruning a rose.	Snipping branches at an angle above the bud.	en
DESC:manner	Tell me about the method of 'integrated pest management' in sustainable agriculture.	Combining biological and chemical crop controls.	en
DESC:manner	Tell me about the method of 'integrated pest management' used in sustainable modern agriculture.	Combining biological and chemical controls for crops.	en
ENTY:product	Tell me about the noise-canceling technology found in the Bose QuietComfort headphones.	Bose QuietComfort.	en
ENTY:product	Tell me about the origin and the mechanical design of the common metal zipper.	The zipper.	en
NUM:perc	Tell me about the percentage of the Earth's land that is considered arable.	11 percent.	en
NUM:perc	Tell me about the percentage of the Earth's total land area that is considered arable.	11 percent.	en
DESC:desc	Tell me about the physical characteristics of a black hole.	Infinite density at the core with event horizon.	en
DESC:desc	Tell me about the physical characteristics of a mature oak tree.	Thick trunk, broad canopy, and lobed leaves.	en
DESC:manner	Tell me about the process of 'stratigraphic excavation' in archaeology and soil removal.	Digging in layers to see historical timelines.	en
DESC:manner	Tell me about the process of 'stratigraphic excavation' used by archaeologists in the field.	Carefully removing soil layer by layer to see dates.	en
DESC:manner	Tell me about the process of brewing professional craft beer.	Mashing grain, boiling wort, and fermenting with yeast.	en
DESC:manner	Tell me about the process of starting a business.	Writing a plan and registering with the state.	en
DESC:reason	Tell me about the reasons for the global increase in sea levels.	Glacial melting and thermal expansion of water.	en
DESC:reason	Tell me about the reasons why the Industrial Revolution began in Great Britain rather than elsewhere.	Natural resources like coal and a stable government.	en
DESC:reason	Tell me about the reasons why the Industrial Revolution began in Great Britain rather than in other European nations during the 18th century.	Abundance of coal and iron, a stable government, and a large maritime empire.	en
LOC:state	Tell me about the regional divisions that comprise the country of France.	The regions.	en
HUM:desc	Tell me about the responsibilities of a marine biology researcher.	Studying ocean organisms and their complex environments.	en
HUM:desc	Tell me about the role of a diplomat in an international embassy.	Managing relations between nations and protecting interests.	en
DESC:desc	Tell me about the role of an environmental policy analyst today.	Studying laws and advising on ecological protection.	en
DESC:desc	Tell me about the role of an urban forest manager.	Caring for trees in metropolitan areas.	en
DESC:desc	Tell me about the skills needed for a deep-sea diver.	Technical knowledge and physical endurance.	en
HUM:desc	Tell me about the skills needed for a deep-sea professional diver.	Technical diving knowledge and high physical endurance.	en
DESC:desc	Tell me about the skills needed for a professional circus performer.	Acrobatic ability, balance, and physical strength.	en
ENTY:product	Tell me about the specialized materials used in the construction of a Kevlar protective vest.	Kevlar.	en
LOC:state	Tell me about the states that form the federal republic of Brazil.	The states.	en
LOC:state	Tell me about the states that make up the Commonwealth of Australia.	New South Wales, Queensland, etc.	en
DESC:desc	Tell me about the symptoms and the physical manifestations of a common flu infection.	Fever, cough, and body aches for several days.	en
DESC:desc	Tell me about the symptoms and the physical manifestations of a severe allergic reaction.	Swelling, hives, and difficulty breathing.	en
DESC:manner	Tell me about the technique for oil painting on canvas.	Applying layers of oil-based pigment with brushes.	en
DESC:manner	Tell me about the technique of meditation for beginners.	Focusing on the breath while sitting quietly.	en
DESC:desc	Tell me about the typical day of a student in a boarding school.	Structured classes, shared meals, and study hours.	en
NUM:period	Tell me about the typical duration of a mission to the International Space Station for an astronaut.	Six months per rotation.	en
NUM:period	Tell me about the typical duration of a mission to the International Space Station.	Six months.	en
LOC:state	Tell me about the various cantons that make up the Swiss Confederation.	The cantons.	en
LOC:state	Tell me about the various provinces that make up the nation of China.	The provinces.	en
ENTY:color	Tell me about the various shades of the color turquoise.	Blue-green.	en
HUM:title	Tell me about the various titles and ranks within the Catholic Church hierarchy today.	Bishop, Cardinal, and Pope.	en
DESC:manner	Tell me about the way to effectively learn instruments.	Take lessons and practice for an hour each day.	en
DESC:manner	Tell me about the way to professionally sharpen a chef's knife.	Use a whetstone at a consistent fifteen degree angle.	en
DESC:desc	Tell me about the work of a professional fragrance developer.	Mixing chemical compounds to create unique scents.	en
DESC:desc	Tell me about the work of an expert ethical hacker.	Breaking into systems to find vulnerabilities.	en
HUM:desc	Tell me about the work of an organ builder in a cathedral.	Designing and maintaining complex pipe organ systems.	en
HUM:desc	Tell me about the work performed by an organ builder in a workshop.	Constructing and voicing the thousands of pipes in an organ.	en
HUM:desc	Tell me about the work performed by an organ builder, including the engineering and musical knowledge needed.	Constructing and voicing the thousands of pipes in an organ.	en
LOC:state	Tell me an Indian state that borders the country of Pakistan.	Rajasthan.	en
ENTY:termeq	Tell me another name for the piece of furniture called a sofa.	Couch.	en
ENTY:termeq	Tell me another word that means the same as 'meticulous' in English.	Thorough.	en
ENTY:termeq	Tell me another word that means the same as 'meticulous'.	Thorough.	en
BOOL:yesno	Tell me if it is scientifically accurate to say that bats are blind animals.	No.	en
BOOL:yesno	Tell me if it is true that dolphins sleep with one eye open for safety.	Yes.	en
BOOL:yesno	Tell me if the Great Barrier Reef is currently considered an endangered ecosystem.	Yes.	en
BOOL:yesno	Tell me if the Great Wall of China is a single continuous wall.	No.	en
ABBR:abb	Tell me the acronym for 'Search for Extraterrestrial Intelligence' used by astronomers searching for signals.	SETI	en
ABBR:abb	Tell me the acronym for frequently asked questions.	FAQ	en
ABBR:abb	Tell me the acronym for sound navigation and ranging used for underwater detection.	SONAR	en
ABBR:abb	Tell me the acronym for the North Atlantic Treaty Organization.	NATO	en
NUM:period	Tell me the average duration of a solar eclipse as seen from Earth.	Two to five minutes.	en
NUM:period	Tell me the average duration of a total solar eclipse from one spot.	Three minutes.	en
NUM:period	Tell me the average length of a human sleep cycle in minutes.	90 minutes.	en
NUM:period	Tell me the average lifespan of a giant tortoise in the wild.	150 years.	en
NUM:money	Tell me the average price of a gallon of gasoline in California.	.00.	en
NUM:money	Tell me the average starting salary for a junior lawyer in London.	£45,000.	en
NUM:period	Tell me the average time spent by an adult on social media every day.	Two and a half hours.	en
NUM:weight	Tell me the average weight of a mature blue whale tongue in the context of ocean biology.	2,700 kilograms.	en
NUM:weight	Tell me the average weight of a newborn human baby today.	3.5 kilograms.	en
NUM:weight	Tell me the average weight of an adult giant panda living in the wild.	100 kilograms.	en
NUM:weight	Tell me the average weight of an adult male African bush elephant in the wild.	Six metric tons.	en
NUM:temp	Tell me the boiling point of concentrated sulfuric acid in a flask.	337 degrees.	en
NUM:temp	Tell me the boiling point of concentrated sulfuric acid in a lab.	337 degrees.	en
NUM:temp	Tell me the boiling point of concentrated sulfuric acid.	337 degrees Celsius.	en
NUM:temp	Tell me the boiling point of liquid helium-4 at standard pressure.	4.2 Kelvin.	en
NUM:temp	Tell me the boiling point of liquid helium-4.	4.2 Kelvin.	en
NUM:temp	Tell me the boiling point of liquid propane at sea level today.	-42 degrees.	en
NUM:temp	Tell me the boiling point of liquid propane at sea level.	-42 degrees.	en
NUM:temp	Tell me the boiling point of liquid propane.	-42 degrees Celsius.	en
ENTY:color	Tell me the color of a fully ripe strawberry fruit.	Red.	en
ENTY:color	Tell me the color of a peacock's neck feathers.	Iridescent blue.	en
ENTY:color	Tell me the color of a raven's feathers.	Black.	en
ENTY:color	Tell me the color of a ripe blueberry fruit.	Dark blue.	en
ENTY:color	Tell me the color of a ripe blueberry.	Dark blue.	en
ENTY:color	Tell me the color of the ash from a wood fire.	Gray.	en
ENTY:color	Tell me the color of the gemstone known as emerald.	Green.	en
NUM:money	Tell me the cost of a private jet charter from NY to LA.	5,000.	en
NUM:money	Tell me the cost of a space tourist flight with Virgin Galactic.	50,000.	en
NUM:money	Tell me the cost of the most expensive house ever sold in Dubai.	2 million.	en
NUM:volsize	Tell me the cubic capacity of a standard dry shipping container box.	33 cubic meters.	en
NUM:volsize	Tell me the cubic capacity of a standard shipping container box.	33 cubic meters.	en
NUM:money	Tell me the daily revenue of the Panama Canal from shipping transit fees.	0 million.	en
NUM:date	Tell me the day the armistice was signed to end WWI fighting.	November 11, 1918.	en
NUM:date	Tell me the day the armistice was signed to end WWI.	November 11, 1918.	en
DESC:def	Tell me the definition of 'biological diversity' and explain its importance for the health of an ecosystem.	The variety of life in a specific habitat.	en
DESC:def	Tell me the definition of 'biological diversity' or 'biodiversity', and explain its importance for the health and the stability of a natural ecosystem.	The variety of life in the world or in a particular habitat or ecosystem.	en
DESC:def	Tell me the definition of 'cryptocurrency' in global finance.	A digital currency secured by cryptography.	en
DESC:def	Tell me the definition of 'cryptocurrency' within the world of global finance.	A digital or virtual currency that is secured by cryptography for secure transactions.	en
DESC:def	Tell me the definition of 'globalization' in a modern sense.	The process of worldwide integration of cultures.	en
DESC:def	Tell me the definition of 'globalization' in a modern sociological sense.	The process by which businesses or other organizations develop international influence.	en
NUM:dist	Tell me the distance across the English Channel at its narrowest point.	33 km.	en
NUM:dist	Tell me the distance across the English Channel at its narrowest.	33 km.	en
NUM:dist	Tell me the distance between London and Paris in miles today.	213 miles.	en
NUM:dist	Tell me the distance between London and Paris in miles.	213 miles.	en
NUM:dist	Tell me the distance of a light-year in kilometers precisely.	9.46 trillion km.	en
NUM:dist	Tell me the distance of a nautical mile in standard meters for navigation.	1,852 meters.	en
NUM:dist	Tell me the distance of a nautical mile in standard meters.	1,852 meters.	en
NUM:period	Tell me the duration of a flight from New York to London on a commercial jet.	Seven hours.	en
NUM:period	Tell me the duration of a single orbit of the Moon around the Earth.	27.3 days.	en
NUM:money	Tell me the estimated cost of building the Burj Khalifa in Dubai.	.5 billion.	en
NUM:date	Tell me the exact day the Declaration of Independence was adopted.	July 4, 1776.	en
NUM:date	Tell me the exact day the US Declaration of Independence was adopted.	July 4, 1776.	en
NUM:temp	Tell me the exact freezing point of the liquid metal mercury.	-38 degrees.	en
ENTY:word	Tell me the formal meaning of the word 'loquacious' in a dictionary.	Talkative.	en
ENTY:word	Tell me the formal meaning of the word 'loquacious' in dictionary.	Talkative.	en
ENTY:termeq	Tell me the formal term for the 'at-sign' symbol used in emails.	Commercial at.	en
ENTY:termeq	Tell me the formal term for the 'at-sign' used in email addresses.	The commercial at.	en
ENTY:termeq	Tell me the formal term for the 'pound sign' (#) as used in computing.	Octothorpe.	en
ENTY:termeq	Tell me the formal term for the 'pound sign' as used in computing.	Octothorpe.	en
NUM:temp	Tell me the freezing point of pure mercury.	-38 degrees Celsius.	en
ABBR:exp	Tell me the full expansion for the acronym FAQ found on most websites.	Frequently Asked Questions	en
ABBR:exp	Tell me the full expansion of the abbreviation FBI used by the government.	Federal Bureau of Investigation	en
ABBR:exp	Tell me the full expansion of the abbreviation JPEG used for digital images and describe the joint photographic experts group.	Joint Photographic Experts Group	en
ABBR:exp	Tell me the full expansion of the medical condition represented by the letters AIDS.	Acquired Immunodeficiency Syndrome	en
ABBR:exp	Tell me the full expansion of the military alliance acronym known as NATO.	North Atlantic Treaty Organization	en
ABBR:exp	Tell me the full form of the volatile computer memory known as RAM.	Random Access Memory	en
ABBR:exp	Tell me the full name of the intelligence organization known as the CIA.	Central Intelligence Agency	en
LOC:other	Tell me the geographical coordinates for the city of Paris, France.	48.8566 N, 2.3522 E.	en
NUM:dist	Tell me the height of a standard professional basketball hoop.	3.05 meters.	en
NUM:dist	Tell me the height of the Empire State Building's observation deck from the street level.	373 meters.	en
NUM:dist	Tell me the height of the Golden Gate Bridge from the water level.	67 meters.	en
NUM:dist	Tell me the height of the Golden Gate Bridge from the water.	67 meters.	en
NUM:dist	Tell me the height of the tallest tree in the world, Hyperion.	115.9 meters.	en
NUM:dist	Tell me the height of the tallest tree in the world, the Hyperion.	115.9 meters.	en
NUM:ord	Tell me the historical position of the Ottoman Empire among powers.	First rank.	en
NUM:ord	Tell me the historical position of the Ottoman Empire among the powers.	First rank.	en
NUM:code	Tell me the IP address for the Google Public DNS server.	8.8.8.8.	en
NUM:code	Tell me the ISO 3166-1 alpha-2 code for the country of Brazil.	BR.	en
NUM:period	Tell me the length of a standard internship program for college students.	Three months.	en
LOC:other	Tell me the location of the original Globe Theatre in London.	Southwark.	en
LOC:other	Tell me the location of the original Globe Theatre in the city of London.	On the south bank of the River Thames.	en
LOC:other	Tell me the location of the world's largest library in terms of books.	Capitol Hill, Washington D.C.	en
LOC:other	Tell me the location of the world's most northern human settlement.	Ny-Ålesund on the island of Spitsbergen.	en
NUM:money	Tell me the market price for a kilogram of high-quality Saffron.	,000.	en
NUM:other	Tell me the mass of a single Higgs boson particle in GeV units.	125.1 GeV.	en
NUM:other	Tell me the mass of a single Higgs boson particle in GeV.	125 GeV.	en
NUM:weight	Tell me the mass of the entire Earth's atmosphere estimate.	5.15 x 10^18 kg.	en
ENTY:word	Tell me the meaning of 'altruism' as it is used in philosophy.	Selflessness.	en
DESC:def	Tell me the meaning of 'metabolism' in human biological and physiological terms.	The chemical processes that occur within a living organism in order to maintain life.	en
DESC:def	Tell me the meaning of 'metabolism' in human biological terms.	Chemical processes in a body to maintain life.	en
DESC:def	Tell me the meaning of 'sustainable development' in environmental policy.	Economic development that is conducted without depletion of natural resources.	en
DESC:def	Tell me the meaning of 'sustainable development' in policy.	Economic growth that preserves resources.	en
ENTY:word	Tell me the meaning of the common suffix '-ology' used in science.	The study of.	en
DESC:def	Tell me the meaning of the word 'serendipity' in English.	Finding good things without looking for them.	en
DESC:def	Tell me the meaning of the word 'serendipity' in the English language.	The occurrence of events by chance in a happy or beneficial way.	en
ENTY:termeq	Tell me the medical name for the common condition of 'hair loss'.	Alopecia.	en
NUM:temp	Tell me the melting point of gallium.	29.7 degrees Celsius.	en
NUM:temp	Tell me the melting point of standard table salt in a furnace.	801 degrees.	en
NUM:temp	Tell me the melting point of table salt.	801 degrees Celsius.	en
NUM:temp	Tell me the melting point of the metal known as gallium in a lab.	29.7 degrees.	en
NUM:temp	Tell me the melting point of the metal known as gallium.	29.7 degrees.	en
ENTY:event	Tell me the name of the 11th-century conquest of England by William.	The Norman Conquest.	en
ENTY:event	Tell me the name of the 1215 document that limited the King's power.	The Magna Carta.	en
ENTY:event	Tell me the name of the 1215 signing that limited royal power in England.	The Magna Carta.	en
ENTY:event	Tell me the name of the 1215 signing that limited royal power.	The Magna Carta.	en
ENTY:event	Tell me the name of the 15th-century maritime expansion from Europe.	The Age of Discovery.	en
ENTY:event	Tell me the name of the 16th-century naval battle between Spain and England.	The Spanish Armada.	en
ENTY:event	Tell me the name of the 16th-century religious movement started by Luther.	The Protestant Reformation.	en
ENTY:event	Tell me the name of the 1773 protest in the Boston harbor.	The Boston Tea Party.	en
ENTY:event	Tell me the name of the 1789 revolution in France.	The French Revolution.	en
ENTY:event	Tell me the name of the 1919 treaty that ended the Great War.	The Treaty of Versailles.	en
ENTY:event	Tell me the name of the 1919 treaty that ended WWI.	The Treaty of Versailles.	en
ENTY:event	Tell me the name of the 1944 allied invasion of the coast of Normandy.	D-Day.	en
ENTY:event	Tell me the name of the 1945 conference between the Big Three.	The Yalta Conference.	en
ENTY:event	Tell me the name of the 1963 civil rights speech by MLK.	The 'I Have a Dream' speech.	en
ENTY:event	Tell me the name of the 1963 civil rights speech delivered in Washington.	The 'I Have a Dream' speech.	en
ENTY:event	Tell me the name of the 1969 mission that landed on the Moon.	Apollo 11.	en
ENTY:event	Tell me the name of the 1969 mission that put men on the moon.	Apollo 11.	en
ENTY:event	Tell me the name of the 1972 political scandal that led to Nixon's resignation.	The Watergate scandal.	en
ENTY:event	Tell me the name of the 2001 terrorist attacks on New York City.	September 11.	en
LOC:mount	Tell me the name of the active volcano located on the island of Sicily.	Mount Etna.	en
LOC:state	Tell me the name of the administrative division of Japan that contains Osaka.	Osaka Prefecture.	en
ENTY:lang	Tell me the name of the ancient language used in the religious texts of India.	Sanskrit.	en
ENTY:religion	Tell me the name of the ancient polytheistic faith practiced in Egypt.	Ancient Egyptian religion.	en
ENTY:symbol	Tell me the name of the ancient runic symbol that was misused in the 20th century.	The Swastika.	en
ENTY:plant	Tell me the name of the ancient tree species that is called a 'living fossil'.	The Ginkgo Biloba.	en
ENTY:plant	Tell me the name of the ancient tree species that is often called a 'living fossil'.	The Ginkgo Biloba.	en
ENTY:techmeth	Tell me the name of the archaeological method that analyzes soil layers to find dates.	Stratigraphy.	en
HUM:ind	Tell me the name of the artist who painted the Sistine Chapel ceiling.	Michelangelo.	en
ENTY:other	Tell me the name of the astronomical object that is the collapsed core of a massive dead star.	A neutron star.	en
ENTY:other	Tell me the name of the astronomical object that is the collapsed core of a massive star.	A neutron star.	en
ENTY:cremat	Tell me the name of the book that is the first in the 'Harry Potter' series.	The Philosopher's Stone.	en
ENTY:religion	Tell me the name of the Christian denomination founded by John Wesley.	Methodism.	en
ENTY:religion	Tell me the name of the Christian denomination that was founded by John Wesley in the 18th century.	Methodism.	en
ENTY:religion	Tell me the name of the Christian movement from the Protestant Reformation.	Protestantism.	en
ENTY:religion	Tell me the name of the Christian movement that emerged during the Protestant Reformation.	Lutheranism.	en
LOC:city	Tell me the name of the city that features the Burj Khalifa in the United Arab Emirates.	Dubai.	en
LOC:city	Tell me the name of the city that features the Burj Khalifa.	Dubai.	en
LOC:city	Tell me the name of the city that features the Sagrada Família in Spain.	Barcelona.	en
LOC:city	Tell me the name of the city that features the Sagrada Família.	Barcelona.	en
LOC:city	Tell me the name of the city that is the capital of Sweden.	Stockholm.	en
LOC:city	Tell me the name of the city that is the capital of Thailand.	Bangkok.	en
LOC:city	Tell me the name of the city that is the financial hub of India.	Mumbai.	en
LOC:city	Tell me the name of the city that is the oldest in Western Europe.	Lisbon.	en
LOC:city	Tell me the name of the city that was formerly known as Kyoto in Japan.	Kyoto.	en
LOC:city	Tell me the name of the city that was formerly known as Kyoto.	Kyoto.	en
ENTY:cremat	Tell me the name of the classical music work 'The Four Seasons'.	The Four Seasons.	en
ENTY:animal	Tell me the name of the colorful bird from the Amazon with a large curved beak.	The Toucan.	en
ENTY:animal	Tell me the name of the colorful bird from the Amazon with a massive curved beak.	The Toucan.	en
ENTY:product	Tell me the name of the common mechanical device used to join pieces of fabric.	The zipper.	en
LOC:country	Tell me the name of the country that consists of four nations including England and Scotland.	The United Kingdom.	en
LOC:country	Tell me the name of the country that is located at the southernmost tip of Africa.	South Africa.	en
LOC:country	Tell me the name of the country that is located on the Iberian Peninsula.	Spain.	en
LOC:country	Tell me the name of the country that spans eleven different time zones.	Russia.	en
LOC:country	Tell me the name of the country with the second largest population in the world today.	India.	en
LOC:country	Tell me the name of the country with the second largest population in the world.	India.	en
ENTY:other	Tell me the name of the cultural practice where people exchange gifts during the holidays.	Gift-giving.	en
ENTY:other	Tell me the name of the cultural practice where people exchange gifts during the winter holidays.	Gift-giving.	en
ENTY:currency	Tell me the name of the currency of China which is also called the Renminbi.	The Yuan.	en
ENTY:currency	Tell me the name of the currency of China which is also referred to as the Renminbi.	The Yuan.	en
ENTY:currency	Tell me the name of the currency of Egypt, which shares its name with the UK.	The Egyptian Pound.	en
ENTY:currency	Tell me the name of the currency of Japan, the third most traded.	The Japanese Yen.	en
ENTY:currency	Tell me the name of the currency that was used in Germany before the Euro was adopted.	The Deutsche Mark.	en
ENTY:currency	Tell me the name of the currency used in Australia and New Zealand.	The Dollar.	en
ENTY:currency	Tell me the name of the currency used in Saudi Arabia which is also a historical weight.	The Saudi Riyal.	en
ENTY:currency	Tell me the name of the currency used in Saudi Arabia, which is also a unit.	The Saudi Riyal.	en
ENTY:currency	Tell me the name of the currency used in Singapore known for its stability.	The Singapore Dollar.	en
ENTY:currency	Tell me the name of the currency used in South Africa which is also a unit of weight.	The Rand.	en
ENTY:currency	Tell me the name of the currency used in the Republic of Korea.	The South Korean Won.	en
ENTY:currency	Tell me the name of the currency used in the Republic of South Africa.	The Rand.	en
ENTY:letter	Tell me the name of the Cyrillic letter that is written like a backwards 'R' and sounds like 'ya'.	Ya.	en
ENTY:letter	Tell me the name of the Cyrillic letter that is written like a backwards 'R'.	Ya.	en
ENTY:techmeth	Tell me the name of the data storage technology that uses lasers to read information from a disc.	Optical storage.	en
ENTY:instru	Tell me the name of the electronic device used to create sounds.	The synthesizer.	en
ENTY:product	Tell me the name of the electronic ink device used for reading digital books.	The Kindle.	en
ENTY:instru	Tell me the name of the electronic instrument played without physical contact by the hands.	The theremin.	en
HUM:ind	Tell me the name of the entrepreneur who founded the electric car company Tesla.	Elon Musk.	en
ENTY:cremat	Tell me the name of the epic poem by Homer about a long journey.	The Odyssey.	en
ENTY:lang	Tell me the name of the extinct language of ancient Mesopotamia written in cuneiform.	Sumerian.	en
HUM:ind	Tell me the name of the famous nurse who served during the Crimean War.	Florence Nightingale.	en
LOC:mount	Tell me the name of the famous peak in Switzerland known for its shape.	The Matterhorn.	en
ENTY:food	Tell me the name of the fermented cabbage dish from Korea.	Kimchi.	en
ENTY:veh	Tell me the name of the first mass-produced automobile in history.	The Model T.	en
NUM:ord	Tell me the name of the first person to reach the South Pole.	Roald Amundsen.	en
ENTY:body	Tell me the name of the flexible tissue found in the nose and ears.	Cartilage.	en
ENTY:animal	Tell me the name of the flightless parrot from New Zealand that is nocturnal.	The Kakapo.	en
ENTY:plant	Tell me the name of the flower that is the source of the spice saffron.	The Saffron Crocus.	en
ENTY:plant	Tell me the name of the flower that is the source of the world's most expensive spice, saffron.	The Saffron Crocus.	en
ENTY:body	Tell me the name of the fluid-filled structure in the inner ear used for hearing.	The cochlea.	en
ENTY:instru	Tell me the name of the four-stringed instrument played with a bow.	The violin.	en
NUM:ord	Tell me the name of the fourth largest continent by land area.	South America.	en
ENTY:body	Tell me the name of the functional unit of the kidney that filters blood.	The nephron.	en
ENTY:substance	Tell me the name of the gas that humans need for survival.	Oxygen.	en
ENTY:substance	Tell me the name of the gas that humans need to breathe to survive.	Oxygen.	en
ENTY:substance	Tell me the name of the gas that makes up 21 percent of air.	Oxygen.	en
ENTY:substance	Tell me the name of the gas that makes up about twenty-one percent of the air we breathe.	Oxygen.	en
ENTY:other	Tell me the name of the geological process where one tectonic plate moves beneath another into the Earth's mantle.	Subduction.	en
ENTY:other	Tell me the name of the geological process where one tectonic plate moves beneath another into the mantle.	Subduction.	en
ENTY:body	Tell me the name of the gland located at the base of the brain.	The pituitary gland.	en
ENTY:body	Tell me the name of the gland that regulates the body's metabolism.	The thyroid.	en
ENTY:letter	Tell me the name of the Greek letter used for the ratio of a circle.	Pi.	en
HUM:gr	Tell me the name of the group that founded the city of Rome in myth.	The Latins.	en
LOC:water	Tell me the name of the gulf located between the US and Mexico.	The Gulf of Mexico.	en
ENTY:instru	Tell me the name of the handheld bellows device with buttons.	The concertina.	en
ENTY:veh	Tell me the name of the heavy-duty vehicle for excavating dirt on sites.	An Excavator.	en
ENTY:veh	Tell me the name of the heavy-duty vehicle used for excavating dirt on sites.	An Excavator.	en
ENTY:veh	Tell me the name of the heavy-lift rocket currently being developed by NASA for Mars missions.	The Space Launch System.	en
ENTY:veh	Tell me the name of the heavy-lift rocket developed for Mars missions.	The Space Launch System.	en
ENTY:sport	Tell me the name of the high-speed racing sport involving open-wheel cars.	Formula 1.	en
ENTY:sport	Tell me the name of the high-speed racing sport with open-wheel cars.	Formula 1.	en
LOC:mount	Tell me the name of the highest mountain in Africa.	Mount Kilimanjaro.	en
LOC:mount	Tell me the name of the highest mountain in the British Isles in Scotland.	Ben Nevis.	en
LOC:mount	Tell me the name of the highest mountain in the European Union territory.	Mont Blanc.	en
LOC:mount	Tell me the name of the highest peak in the Appalachian Mountains.	Mount Mitchell.	en
LOC:mount	Tell me the name of the highest peak in the state of Hawaii on the big island.	Mauna Kea.	en
HUM:gr	Tell me the name of the historical group that conquered much of Asia.	The Mongols.	en
LOC:state	Tell me the name of the historical region of Prussia in modern terms.	Germany/Poland.	en
ENTY:veh	Tell me the name of the historical wooden ship used by the Vikings.	A Longship.	en
ENTY:religion	Tell me the name of the Indian religion that practices extreme non-violence toward all beings.	Jainism.	en
ENTY:religion	Tell me the name of the Indian religion that practices extreme non-violence toward all living beings.	Jainism.	en
ENTY:religion	Tell me the name of the Indian religion that practices extreme non-violence.	Jainism.	en
HUM:gr	Tell me the name of the indigenous people of the Australian continent.	The Aboriginal Australians.	en
ENTY:religion	Tell me the name of the indigenous spiritual beliefs of Aboriginal Australians.	The Dreaming.	en
ENTY:religion	Tell me the name of the indigenous spiritual beliefs of the Aboriginal people of Australia.	The Dreaming.	en
ENTY:religion	Tell me the name of the indigenous spiritual beliefs of the Aboriginal people of the Australian continent.	The Dreaming.	en
HUM:gr	Tell me the name of the indigenous tribe that lives in the Amazon and uses blowguns.	The Matsés.	en
HUM:gr	Tell me the name of the indigenous tribe that lives in the Amazon rainforest.	The Yanomami.	en
ENTY:food	Tell me the name of the Indonesian cake made of fermented soybeans.	Tempeh.	en
ENTY:animal	Tell me the name of the insect that migrates to Mexico annually.	The Monarch Butterfly.	en
LOC:country	Tell me the name of the island nation in the Pacific with four main islands.	Japan.	en
LOC:landmass	Tell me the name of the island shared by Haiti and Dominican Republic.	Hispaniola.	en
LOC:landmass	Tell me the name of the island shared by the countries of Indonesia, Malaysia, and Brunei.	Borneo.	en
LOC:landmass	Tell me the name of the island that is the home of Tokyo.	Honshu.	en
ENTY:food	Tell me the name of the Italian blue cheese made from unskimmed cow's milk.	Gorgonzola.	en
ENTY:food	Tell me the name of the Jewish braided bread traditionally eaten on the Sabbath.	Challah.	en
ENTY:food	Tell me the name of the Korean dish of fermented vegetables.	Kimchi.	en
LOC:landmass	Tell me the name of the landmass that makes up the majority of the Middle East.	The Arabian Peninsula.	en
ENTY:lang	Tell me the name of the language spoken by the indigenous people of the Andes.	Quechua.	en
ENTY:lang	Tell me the name of the language that is the ancestor of Spanish.	Latin.	en
ENTY:lang	Tell me the name of the language that is the direct ancestor of the Romance languages.	Latin.	en
ENTY:lang	Tell me the name of the language that is the lingua franca of East Africa.	Swahili.	en
ENTY:lang	Tell me the name of the language used in the court of the Ottoman Empire.	Ottoman Turkish.	en
ENTY:lang	Tell me the name of the language used in the court of the Ottomans.	Ottoman Turkish.	en
LOC:landmass	Tell me the name of the large island in the Atlantic that is a state of the US.	Puerto Rico.	en
LOC:water	Tell me the name of the largest freshwater lake in the world by surface area.	Lake Superior.	en
LOC:landmass	Tell me the name of the largest island in the British Isles.	Great Britain.	en
LOC:landmass	Tell me the name of the largest island in the world.	Greenland.	en
ENTY:body	Tell me the name of the largest organ in the human body.	The skin.	en
LOC:state	Tell me the name of the largest province in Canada by land area.	Quebec.	en
ENTY:letter	Tell me the name of the letter that represents 100 in Roman numerals.	C.	en
ENTY:letter	Tell me the name of the letter that sounds like 'zed' in British English.	Z.	en
ENTY:letter	Tell me the name of the letter used to identify the base of natural logarithms.	e.	en
ENTY:substance	Tell me the name of the light gas used to fill balloons.	Helium.	en
ENTY:substance	Tell me the name of the light gas used to fill party balloons.	Helium.	en
ENTY:body	Tell me the name of the light-sensitive tissue at the back of the eye.	The retina.	en
ENTY:animal	Tell me the name of the lizard found only on three Indonesian islands.	The Komodo Dragon.	en
ENTY:body	Tell me the name of the long bone found in the upper arm.	The humerus.	en
ENTY:animal	Tell me the name of the marsupial that carries its young joey in a pouch.	The Kangaroo.	en
ENTY:sport	Tell me the name of the martial art from Korea using high kicks.	Taekwondo.	en
ENTY:sport	Tell me the name of the martial art that originated in Korea and uses high kicks.	Taekwondo.	en
LOC:landmass	Tell me the name of the massive landmass that existed 300 million years ago.	Pangaea.	en
ENTY:other	Tell me the name of the mathematical concept representing an infinite set of integers in number theory.	Infinity.	en
ENTY:other	Tell me the name of the mathematical concept representing an infinite set of integers.	Infinity.	en
ENTY:symbol	Tell me the name of the medical symbol that features two snakes wrapped around a winged staff.	The Caduceus.	en
ENTY:techmeth	Tell me the name of the method using soil layers for dates.	Stratigraphy.	en
ENTY:animal	Tell me the name of the microscopic animal that can survive space.	The Tardigrade.	en
ENTY:veh	Tell me the name of the military vehicle that is armored and has tracks.	A Main Battle Tank.	en
ENTY:veh	Tell me the name of the military vehicle that is armored with tracks.	A Main Battle Tank.	en
ENTY:substance	Tell me the name of the mineral that is the primary source of aluminum metal.	Bauxite.	en
ENTY:substance	Tell me the name of the mineral that is the source of aluminum.	Bauxite.	en
ENTY:religion	Tell me the name of the modern pagan religion based on Celtic roots.	Wicca.	en
ENTY:religion	Tell me the name of the modern pagan religion that draws from ancient Celtic and Nordic traditions.	Wicca.	en
ENTY:religion	Tell me the name of the modern pagan religion that draws from ancient Celtic traditions.	Wicca.	en
ENTY:religion	Tell me the name of the monotheistic religion based on the Torah and the Talmud.	Judaism.	en
ENTY:religion	Tell me the name of the monotheistic religion based on the Torah.	Judaism.	en
LOC:mount	Tell me the name of the mountain range that contains the peak of Aconcagua.	The Andes.	en
LOC:mount	Tell me the name of the mountain range that is the backbone of Italy.	The Apennines.	en
LOC:mount	Tell me the name of the mountain range that runs through South America.	The Andes.	en
LOC:mount	Tell me the name of the mountain range that stretches along the eastern coast of Australia.	The Great Dividing Range.	en
LOC:country	Tell me the name of the nation that is also its own continent.	Australia.	en
LOC:country	Tell me the name of the nation that is also its own entire continent in the south.	Australia.	en
ENTY:body	Tell me the name of the nerve that carries signals from the ear to the brain.	The auditory nerve.	en
NUM:ord	Tell me the name of the ninth month in the standard Gregorian year.	September.	en
NUM:ord	Tell me the name of the ninth month of the Gregorian year.	September.	en
ENTY:substance	Tell me the name of the noble gas used in high-end lighting.	Xenon.	en
ENTY:substance	Tell me the name of the noble gas used in high-intensity lighting.	Xenon.	en
ENTY:product	Tell me the name of the noise-canceling headphones made by the company Bose.	QuietComfort.	en
LOC:water	Tell me the name of the ocean that is the largest on Earth.	The Pacific.	en
ENTY:currency	Tell me the name of the official currency of the Maldives.	The Rufiyaa.	en
ENTY:currency	Tell me the name of the official currency of the Philippines.	The Peso.	en
ENTY:currency	Tell me the name of the official currency used in the state of Israel.	The New Shekel.	en
ENTY:lang	Tell me the name of the official language of the nation of Ethiopia.	Amharic.	en
ENTY:currency	Tell me the name of the oldest currency still in active use today.	The British Pound.	en
ENTY:currency	Tell me the name of the oldest currency that is still in active use by a nation today.	The British Pound.	en
HUM:gr	Tell me the name of the organization responsible for global health policy.	The WHO.	en
HUM:gr	Tell me the name of the organization that is responsible for global health policy.	The WHO.	en
HUM:gr	Tell me the name of the organization that was founded to ensure world peace.	The United Nations.	en
LOC:landmass	Tell me the name of the peninsula located in North America that belongs to Canada.	The Labrador Peninsula.	en
LOC:landmass	Tell me the name of the peninsula that contains Spain and Portugal.	The Iberian Peninsula.	en
ENTY:instru	Tell me the name of the percussion instrument with metal bars and motor-driven fans.	The vibraphone.	en
ENTY:plant	Tell me the name of the plant with specialized roots that grows in salt water along tropical coasts.	The Mangrove.	en
ENTY:plant	Tell me the name of the plant with specialized roots that grows in salt water.	The Mangrove.	en
LOC:landmass	Tell me the name of the plateau that makes up much of the interior of India.	The Deccan Plateau.	en
ENTY:religion	Tell me the name of the polytheistic faith practiced in ancient Egypt.	Ancient Egyptian religion.	en
ENTY:food	Tell me the name of the popular Greek dip made from yogurt and cucumber.	Tzatziki.	en
ENTY:substance	Tell me the name of the precious metal that conducts best.	Silver.	en
ENTY:substance	Tell me the name of the precious metal that is the best conductor of electricity.	Silver.	en
ENTY:other	Tell me the name of the process by which a solid transitions directly into a gas without melting.	Sublimation.	en
ENTY:other	Tell me the name of the process by which a solid transitions directly into a gas.	Sublimation.	en
ENTY:techmeth	Tell me the name of the process for synthetic diamonds.	HPHT.	en
ENTY:techmeth	Tell me the name of the process used to manufacture synthetic diamonds in a lab.	High-pressure high-temperature (HPHT).	en
LOC:state	Tell me the name of the province in South Africa that contains Cape Town.	The Western Cape.	en
ENTY:other	Tell me the name of the psychological phenomenon where a person perceives a pattern in a random set of data points.	Pareidolia.	en
ENTY:other	Tell me the name of the psychological phenomenon where a person perceives a pattern in random data points.	Pareidolia.	en
ENTY:symbol	Tell me the name of the punctuation symbol that was originally the twenty-seventh letter of English.	The ampersand.	en
ENTY:sport	Tell me the name of the racket sport played in a closed room.	Squash.	en
ENTY:sport	Tell me the name of the racket sport that is played against a wall in a closed room.	Squash.	en
LOC:landmass	Tell me the name of the region in Africa that is slowly splitting apart.	The Great Rift Valley.	en
LOC:state	Tell me the name of the region in the United Kingdom that is not on Great Britain.	Northern Ireland.	en
HUM:gr	Tell me the name of the religious military order from the Crusades.	The Knights Templar.	en
ENTY:veh	Tell me the name of the reusable spacecraft developed by SpaceX for cargo.	The Dragon capsule.	en
ENTY:veh	Tell me the name of the reusable spacecraft developed by SpaceX to carry cargo and crew.	The Dragon capsule.	en
ENTY:product	Tell me the name of the revolutionary space telescope launched by NASA in 2021.	The James Webb Space Telescope.	en
LOC:water	Tell me the name of the river that flows through the city of Paris.	The Seine.	en
ENTY:letter	Tell me the name of the runic letter that is the ancestor of 'th'.	Thorn.	en
LOC:water	Tell me the name of the sea that is known for being extremely salty for swimmers.	The Dead Sea.	en
LOC:water	Tell me the name of the sea that is known for being extremely salty.	The Dead Sea.	en
LOC:water	Tell me the name of the sea that is part of the Arctic Ocean north of Russia.	The Kara Sea.	en
LOC:water	Tell me the name of the sea that separates Europe and the continent of Africa.	The Mediterranean.	en
LOC:mount	Tell me the name of the second highest mountain on the planet.	K2.	en
NUM:ord	Tell me the name of the second sign of the Chinese zodiac animals.	The Ox.	en
ENTY:symbol	Tell me the name of the sign that represents the concept of infinity in math.	The lemniscate.	en
NUM:ord	Tell me the name of the sixth sign of the astrological zodiac wheel.	Virgo.	en
NUM:ord	Tell me the name of the sixth sign of the astrological zodiac.	Virgo.	en
ENTY:lang	Tell me the name of the Slavic language that uses the Cyrillic alphabet.	Russian.	en
LOC:landmass	Tell me the name of the smallest continent by land area.	Australia.	en
LOC:landmass	Tell me the name of the smallest continent by total land area.	Australia.	en
ENTY:food	Tell me the name of the soft, ripened cheese from the Normandy region.	Brie.	en
ENTY:cremat	Tell me the name of the song by Queen that features a complex operatic section.	Bohemian Rhapsody.	en
ENTY:cremat	Tell me the name of the song by The Beatles that starts with 'Yesterday'.	Yesterday.	en
ENTY:food	Tell me the name of the Spanish dish made with rice and saffron.	Paella.	en
HUM:ind	Tell me the name of the Spanish explorer who reached the Americas in 1492.	Christopher Columbus.	en
ENTY:product	Tell me the name of the specialized material used to make bulletproof body armor.	Kevlar.	en
ENTY:food	Tell me the name of the spicy red paste used in North African cuisine.	Harissa.	en
ENTY:sport	Tell me the name of the sport combining surfing and sailing.	Windsurfing.	en
ENTY:sport	Tell me the name of the sport played with a small white ball and a series of clubs on a large green course.	Golf.	en
ENTY:sport	Tell me the name of the sport played with clubs on a large green course.	Golf.	en
ENTY:sport	Tell me the name of the sport that is a combination of surfing and sailing with a hand-held sail.	Windsurfing.	en
ENTY:sport	Tell me the name of the sport that uses a heavy ball and pins.	Bowling.	en
ENTY:sport	Tell me the name of the sport that uses a heavy ball and ten pins.	Bowling.	en
ENTY:product	Tell me the name of the standard building brick used by children for construction play.	LEGO.	en
LOC:state	Tell me the name of the state in the US that is an island archipelago.	Hawaii.	en
LOC:state	Tell me the name of the state in the US that is the smallest by area.	Rhode Island.	en
LOC:state	Tell me the name of the state that was the first to ratify the US Constitution.	Delaware.	en
LOC:water	Tell me the name of the strait that connects the Atlantic and Mediterranean.	The Strait of Gibraltar.	en
LOC:water	Tell me the name of the strait that connects the Atlantic and the Mediterranean.	The Strait of Gibraltar.	en
ENTY:other	Tell me the name of the structure that carries genetic information in all living cells on Earth.	DNA.	en
ENTY:other	Tell me the name of the structure that carries genetic information in all living cells.	DNA.	en
ENTY:symbol	Tell me the name of the symbol that indicates a direct current in electronics.	The DC symbol.	en
ENTY:symbol	Tell me the name of the symbol that represents the British pound sterling currency.	The pound sign.	en
ENTY:symbol	Tell me the name of the symbol that represents the US dollar.	The dollar sign.	en
ENTY:symbol	Tell me the name of the symbol used to denote a percentage in math.	The percent sign.	en
ENTY:symbol	Tell me the name of the symbol used to denote a percentage.	The percent sign.	en
ENTY:techmeth	Tell me the name of the tech for decentralized currencies.	Blockchain.	en
ENTY:techmeth	Tell me the name of the tech for reading data from a disc.	Optical storage.	en
ENTY:techmeth	Tell me the name of the technique for microchip circuits.	Lithography.	en
ENTY:techmeth	Tell me the name of the technique to amplify DNA segments.	PCR.	en
ENTY:techmeth	Tell me the name of the technique used to amplify specific segments of DNA for analysis.	Polymerase Chain Reaction (PCR).	en
ENTY:techmeth	Tell me the name of the technique used to edit living DNA.	CRISPR.	en
ENTY:techmeth	Tell me the name of the technique used to edit the DNA of living organisms.	CRISPR-Cas9.	en
ENTY:techmeth	Tell me the name of the technique used to produce the fine circuit patterns on microchips.	Photolithography.	en
ENTY:techmeth	Tell me the name of the technology that powers decentralized cryptocurrencies.	Blockchain.	en
NUM:ord	Tell me the name of the tenth element on the modern periodic table.	Neon.	en
ENTY:food	Tell me the name of the thin, flat unleavened bread from India.	Roti.	en
NUM:ord	Tell me the name of the third largest city in the nation of Germany.	Munich.	en
ENTY:body	Tell me the name of the three tiny bones located in the middle ear.	The ossicles.	en
ENTY:product	Tell me the name of the three-dimensional puzzle cube invented by Erno Rubik.	The Rubik's Cube.	en
ENTY:instru	Tell me the name of the three-stringed Russian folk instrument.	The balalaika.	en
ENTY:body	Tell me the name of the tissue that connects muscles to bones.	Tendons.	en
ENTY:lang	Tell me the name of the tonal language spoken in Vietnam.	Vietnamese.	en
ENTY:food	Tell me the name of the traditional British dish of meat and potatoes.	Shepherd's pie.	en
ENTY:instru	Tell me the name of the traditional Indian string instrument with many strings.	The sitar.	en
ENTY:instru	Tell me the name of the traditional Scottish bellows instrument.	The bagpipes.	en
ENTY:instru	Tell me the name of the traditional Scottish instrument with a bag.	The bagpipes.	en
ENTY:plant	Tell me the name of the tree that produces the red fruit known as coffee.	The Coffee plant.	en
ENTY:plant	Tell me the name of the tree that produces the small, red fruit known as a coffee bean.	The Coffee plant.	en
ENTY:plant	Tell me the name of the tree with white bark common in Northern forests.	The Birch tree.	en
ENTY:plant	Tell me the name of the tree with white bark that is common in Northern forests.	The Birch tree.	en
ENTY:body	Tell me the name of the valve between the left atrium and ventricle.	The mitral valve.	en
ENTY:animal	Tell me the name of the venomous snake that is the longest in the world.	The King Cobra.	en
ENTY:body	Tell me the name of the vessel that carries oxygenated blood from the heart.	The aorta.	en
LOC:mount	Tell me the name of the volcanic mountain range in the Pacific Northwest.	The Cascades.	en
LOC:mount	Tell me the name of the volcano that destroyed the city of Pompeii in 79 AD.	Mount Vesuvius.	en
ENTY:body	Tell me the name of the windpipe that carries air to the lungs.	The trachea.	en
HUM:ind	Tell me the name of the woman who discovered the radioactive element radium.	Marie Curie.	en
HUM:ind	Tell me the name of the woman who was the first female Prime Minister of the UK.	Margaret Thatcher.	en
ENTY:instru	Tell me the name of the woodwind instrument that is held horizontally.	The flute.	en
ENTY:instru	Tell me the name of the woodwind instrument with a double reed.	The oboe.	en
ENTY:plant	Tell me the name of the world's largest species of tree found in California.	The Giant Sequoia.	en
ENTY:animal	Tell me the name of the world's smallest breed of dog.	The Chihuahua.	en
NUM:count	Tell me the number of colors found in a standard rainbow.	Seven.	en
NUM:count	Tell me the number of keys on a standard grand piano.	88.	en
NUM:count	Tell me the number of keys on a standard professional computer keyboard.	104.	en
NUM:count	Tell me the number of legs found on a standard adult spider species.	Eight.	en
NUM:count	Tell me the number of levels in a standard game of Sudoku.	Nine.	en
NUM:count	Tell me the number of miles in a standard marathon race.	26.2.	en
NUM:count	Tell me the number of permanent members on the UN Security Council.	Five.	en
NUM:count	Tell me the number of players on a professional baseball field team.	Nine.	en
NUM:count	Tell me the number of players on a professional basketball court.	Ten.	en
NUM:count	Tell me the number of teeth in a standard adult human mouth.	32.	en
NUM:count	Tell me the number of valves found in a human heart.	Four.	en
NUM:count	Tell me the number of valves found in a standard human heart.	Four.	en
HUM:title	Tell me the official title of the person who leads the World Bank.	President.	en
NUM:perc	Tell me the percentage of freshwater currently held in the glaciers.	68 percent.	en
NUM:perc	Tell me the percentage of freshwater that is currently held in glaciers.	68 percent.	en
NUM:perc	Tell me the percentage of GDP spent on defense in the US.	3.5 percent.	en
NUM:perc	Tell me the percentage of global electricity from renewable sources.	29 percent.	en
NUM:perc	Tell me the percentage of global electricity generated from renewable sources.	29 percent.	en
NUM:perc	Tell me the percentage of known plant species currently called endangered.	40 percent.	en
NUM:perc	Tell me the percentage of known plant species that are currently categorized as endangered.	40 percent.	en
NUM:perc	Tell me the percentage of national GDP spent on defense in the US.	3.5 percent.	en
NUM:perc	Tell me the percentage of the Amazon rainforest located in Brazil.	60 percent.	en
NUM:perc	Tell me the percentage of the Amazon rainforest that is located in Brazil.	60 percent.	en
NUM:perc	Tell me the percentage of the world's population in urban areas.	56 percent.	en
NUM:perc	Tell me the percentage of the world's population living in urban areas.	56 percent.	en
NUM:other	Tell me the pH level of a standard household ammonia solution.	Eleven.	en
NUM:other	Tell me the pH level of pure distilled water at room temp.	Seven.	en
NUM:ord	Tell me the position of the planet Neptune starting from the Sun.	Eighth.	en
NUM:money	Tell me the price of a first-class ticket on the Orient Express.	,000.	en
NUM:money	Tell me the price of a vintage Apple I computer in an auction.	00,000.	en
ENTY:color	Tell me the primary colors used in a rainbow.	Red, orange, yellow, green, blue, indigo, violet.	en
ENTY:color	Tell me the primary colors used in a standard rainbow.	Red, orange, yellow, green, blue, indigo, violet.	en
DESC:manner	Tell me the process of applying for a passport.	Fill out forms and bring your birth certificate.	en
DESC:manner	Tell me the process of obtaining a driver's license.	Pass a written test then a practical driving exam.	en
HUM:title	Tell me the professional title of an elected member of the Australian Senate.	Senator.	en
HUM:title	Tell me the professional title of an elected member of the Senate.	Senator.	en
DESC:reason	Tell me the reason why water expands when it freezes into ice.	Hydrogen bonds form a rigid, open hexagonal lattice.	en
DESC:reason	Tell me the reason why water expands when it freezes.	Molecular arrangement in a hexagonal lattice.	en
DESC:reason	Tell me the reasons why the Dead Sea is so salty compared to other bodies of water.	High evaporation and minerals with no outlet.	en
DESC:reason	Tell me the reasons why the Dead Sea is so salty, explaining the geological and climatic factors that lead to such a high concentration of minerals.	Water flows in but has no outlet, leaving minerals behind as the water evaporates.	en
HUM:title	Tell me the religious title of a high-ranking cleric in a cathedral.	Bishop.	en
HUM:title	Tell me the religious title of a high-ranking cleric who leads a cathedral.	Bishop.	en
NUM:code	Tell me the routing number for Chase Bank in New York City.	021000021.	en
ABBR:abb	Tell me the shorthand for User Experience design.	UX	en
ENTY:color	Tell me the specific shade of the sky at sunset.	Orange.	en
ENTY:color	Tell me the specific shade of the sky during a clear sunset.	Orange.	en
HUM:title	Tell me the specific title used for the head of certain academic and religious institutions.	Rector.	en
NUM:speed	Tell me the speed at which the Milky Way and Andromeda are meeting.	250,000 mph.	en
NUM:speed	Tell me the speed at which the Milky Way and Andromeda galaxies are approaching.	250,000 mph.	en
NUM:speed	Tell me the speed of a garden snail's movement in inches per minute.	0.5 inches.	en
NUM:speed	Tell me the speed of a garden snail's movement per minute.	0.5 inches.	en
NUM:speed	Tell me the speed of light in a vacuum exactly in meters per second.	299,792,458 m/s.	en
NUM:speed	Tell me the speed of light in a vacuum in meters per second.	299,792,458 m/s.	en
ABBR:abb	Tell me the standard abbreviation for the element Lead.	Pb	en
NUM:period	Tell me the standard duration of a standard parking meter in a city.	Two hours.	en
NUM:code	Tell me the standard VIN format for a modern Toyota vehicle.	17 characters.	en
NUM:code	Tell me the stock ticker symbol for the company NVIDIA.	NVDA.	en
NUM:temp	Tell me the temperature at which a computer CPU will throttle.	100 degrees Celsius.	en
NUM:temp	Tell me the temperature at which a modern computer CPU will throttle.	100 degrees.	en
ABBR:abb	Tell me the three-letter code for London Heathrow airport.	LHR	en
NUM:speed	Tell me the top speed of a MotoGP racing motorcycle on a track.	225 mph.	en
NUM:speed	Tell me the top speed of a MotoGP racing motorcycle on track.	225 mph.	en
NUM:money	Tell me the total amount of money paid for the Louisiana Purchase.	5 million.	en
NUM:count	Tell me the total count of elements on the modern periodic table today.	118.	en
NUM:count	Tell me the total count of island territories belonging to Japan.	6,852.	en
NUM:code	Tell me the Unicode code point for the standard smiley face emoji.	U+1F600.	en
NUM:other	Tell me the value of the Faraday constant in chemistry terms.	96,485 C/mol.	en
NUM:other	Tell me the value of the Faraday constant in chemistry units.	96,485 C/mol.	en
NUM:other	Tell me the value of the Hubble constant representing cosmic expansion rates.	70 km/s/Mpc.	en
NUM:other	Tell me the value of the Hubble constant representing cosmic expansion.	70 km/s/Mpc.	en
NUM:other	Tell me the value of the mathematical constant pi exactly.	3.14159.	en
NUM:other	Tell me the value of the mathematical constant pi to five places.	3.14159.	en
NUM:other	Tell me the value of the solar luminosity constant for the Sun.	3.828 x 10^26 W.	en
NUM:other	Tell me the value of the solar luminosity constant of the Sun.	3.8 x 10^26 W.	en
NUM:other	Tell me the value of the Stefan-Boltzmann constant for blackbody radiation emission.	5.67 x 10^-8 W/m^2K^4.	en
NUM:other	Tell me the value of the Stefan-Boltzmann constant for blackbody radiation.	5.67 x 10^-8.	en
NUM:volsize	Tell me the volume of a single grain of standard table salt.	0.06 cubic mm.	en
NUM:volsize	Tell me the volume of a single grain of standard white table salt.	0.06 cubic mm.	en
NUM:volsize	Tell me the volume of a single oxygen molecule in cubic meters.	10^-29 cubic meters.	en
NUM:volsize	Tell me the volume of a standard professional NBA basketball ball.	7.5 liters.	en
NUM:volsize	Tell me the volume of a standard professional NBA basketball.	7.5 liters.	en
NUM:volsize	Tell me the volume of the average adult human lung at full expansion.	Six liters.	en
NUM:volsize	Tell me the volume of the average adult human lung at max.	Six liters.	en
NUM:volsize	Tell me the volume of the Earth's inner core expressed in cubic kilometers.	7.4 billion cubic km.	en
NUM:volsize	Tell me the volume of the Earth's inner core in cubic kilometers.	7 billion cubic km.	en
NUM:volsize	Tell me the volume of the largest wine cask ever built in Germany.	220,000 liters.	en
NUM:volsize	Tell me the volume of the largest wine cask ever built in historical Germany.	221,000 liters.	en
NUM:weight	Tell me the weight of a single snowflake and explain how moisture content affects the final mass.	3 milligrams.	en
NUM:weight	Tell me the weight of a standard 55-gallon oil barrel when it is completely empty.	40 pounds.	en
NUM:weight	Tell me the weight of a standard professional golf ball in grams.	45.9 grams.	en
NUM:weight	Tell me the weight of a standard professional golf ball used in tournaments.	45.93 grams maximum.	en
NUM:weight	Tell me the weight of the Moon expressed as a fraction of the mass of Earth.	1.2 percent of Earth's mass.	en
NUM:weight	Tell me the weight of the Moon in terms of Earth's mass.	1.2 percent of Earth.	en
NUM:date	Tell me the year that the Sputnik 1 satellite was launched.	1957.	en
NUM:date	Tell me the year the Black Death pandemic first reached Europe.	1347.	en
NUM:date	Tell me the year the first successful airplane flight was made by the Wrights.	1903.	en
NUM:date	Tell me the year the Sputnik 1 satellite was launched.	1957.	en
NUM:date	Tell me the year the World Wide Web was first introduced to the general public.	1991.	en
NUM:date	Tell me the year the World Wide Web was introduced publicly.	1991.	en
NUM:date	Tell me the year the Wright brothers flew their plane.	1903.	en
NUM:code	Tell me the ZIP code for the Empire State Building in New York.	10118.	en
NUM:code	Tell me the ZIP code for the Empire State Building.	10118.	en
ENTY:animal	Tell me which bird is known for its incredible mimicry skills.	The Lyrebird.	en
ENTY:animal	Tell me which bird is the national symbol of the United States of America.	The Bald Eagle.	en
HUM:ind	Tell me who was the primary author of the US Declaration of Independence.	Thomas Jefferson.	en
DESC:reason	Tell me why the moon appears to change its shape over a month.	Changing relative positions of the sun and moon.	en
DESC:reason	Tell me why the sky appears blue during the day but red at sunset.	Light travels through more atmosphere at sunset, scattering shorter wavelengths.	en
HUM:gr	Templar order?	The Knights Templar.	en
ENTY:letter	Ten in Roman?	X.	en
NUM:ord	Tenth law?	Tenth amendment.	en
NUM:period	Term limit?	Four years.	en
NUM:period	Term of a US Senator?	Six years.	en
LOC:state	Texas borders?	Texas.	en
LOC:state	Texas country?	The United States.	en
ENTY:currency	Thai money?	Baht.	en
ENTY:currency	Thailand's currency?	The Baht.	en
ENTY:cremat	The 'Divine Comedy' is a monumental work of Italian literature; name the first part.	The Inferno.	en
DESC:desc	The 'Grand Canyon' is a massive geographical feature; provide an in-depth look at its rock layers.	Vibrant bands of limestone, sandstone, and shale.	en
DESC:desc	The 'Great Barrier Reef' is not only a massive geographical feature but also a site of immense value; describe it.	A massive coral reef teeming with ocean life.	en
DESC:def	The 'Great Depression' was a period of severe global economic downturn in the 1930s; define its characteristics.	A massive worldwide economic collapse.	en
DESC:def	The 'Great Depression' was a period of severe global economic downturn that lasted throughout the 1930s; could you provide a comprehensive definition of its characteristics and describe the 'deflationary spiral' that occurred?	A long and severe recession in an economy or market.	en
ENTY:symbol	The 'peace sign' was originally designed for the British nuclear disarmament movement; provide the name of the designer.	Gerald Holtom.	en
DESC:def	The 'Turing Test' is a famous concept in the history of artificial intelligence designed to evaluate a machine's ability to exhibit human-like behavior; could you provide a rigorous definition and explain its criteria?	A test for intelligence in a computer, requiring that a human being should be unable to distinguish the machine from another human being by using the replies to questions put to both.	en
DESC:def	The 'Turing Test' is a famous concept in the history of artificial intelligence; provide a rigorous definition.	A test of a machine's ability to mimic humans.	en
LOC:mount	The Alps are the most extensive range in Europe; provide the name of the highest peak.	Mont Blanc.	en
LOC:landmass	The Amazon Basin is the world's largest drainage area; provide the name of the continent it occupies.	South America.	en
LOC:landmass	The Amazon Basin is the world's largest drainage area; provide the name of the landmass it occupies.	South America.	en
ENTY:plant	The Amazon rainforest contains an incredible diversity of plant life; provide the name of the rubber tree.	The Hevea brasiliensis.	en
ENTY:plant	The Amazon rainforest contains an incredible diversity of plant life; provide the name of the tree that produces rubber.	The Rubber tree.	en
LOC:water	The Amazon River is the lifeblood of the South American rainforest; provide the name of its mouth.	The Amazon Delta.	en
ENTY:event	The American Civil War was a defining moment in US history involving many battles; provide the name of the first one.	The Battle of Fort Sumter.	en
ENTY:event	The American Civil War was a defining moment in US history; provide the name of the first major battle of that conflict.	The First Battle of Bull Run.	en
NUM:date	The American Revolution was a long conflict; provide the year of the Battle of Yorktown.	1781.	en
ENTY:symbol	The Ankh meaning?	Life.	en
LOC:mount	The Appalachian Mountains are one of the oldest systems; provide the name of the northern section.	The White Mountains.	en
ENTY:product	The aviation industry has seen monumental shifts in size; provide the name of the massive Airbus.	The A380.	en
ENTY:product	The aviation industry has seen monumental shifts; provide the name of the massive double-deck aircraft produced by Airbus.	The Airbus A380.	en
ENTY:animal	The blue whale is the largest animal ever known to have existed on the Earth; provide the name of another massive cetacean.	The Fin Whale.	en
NUM:weight	The blue whale is the largest animal ever known; provide the weight of a newborn calf.	2,700 kilograms.	en
DESC:desc	The career of a professional deep-sea diver involves a unique mix of technical skills; describe it.	Maintaining underwater infrastructure in high pressure.	en
DESC:desc	The career of a professional mountain guide involves a unique combination of endurance and technical skills; describe it.	Leading groups safely up and down dangerous mountains.	en
HUM:desc	The career of a professional mountain guide involves a unique mix of skills; describe it.	Leading groups safely up and down dangerous mountain peaks.	en
NUM:dist	The circumference of the Earth was first estimated by geometry; provide the equatorial value.	40,075 km.	en
NUM:dist	The circumference of the Earth was first estimated; provide equatorial value.	40,075 km.	en
LOC:city	The city of New York is a global financial center; provide the name of its most populous borough.	Brooklyn.	en
HUM:ind	The civil rights movement involved many brave leaders; provide the name of the one who was a prominent Muslim.	Malcolm X.	en
HUM:gr	The civil rights movement was supported by many organizations; provide the name for the largest African American one.	The NAACP.	en
NUM:temp	The concept of absolute zero represents the lower limit; provide the Celsius value.	-273.15 degrees.	en
NUM:temp	The concept of absolute zero; provide the Celsius value.	-273.15 degrees Celsius.	en
NUM:period	The concept of the half-life is fundamental in physics; provide the period for Carbon-14.	5,730 years.	en
NUM:period	The concept of the half-life is fundamental in physics; provide the specific period for Carbon-14.	5,730 years approximately.	en
NUM:date	The construction of the Great Wall of China spanned centuries; provide the year of the Ming start.	1368.	en
DESC:manner	The construction of the Panama Canal was a great engineering feat; describe the lock system process.	Using water levels to lift ships over the mountains.	en
NUM:other	The cosmological constant Lambda is a key term in Einstein's field equations; provide the current value.	1.10 x 10^-52 m^-2.	en
NUM:other	The cosmological constant Lambda is a key term in Einstein's field equations; provide the value.	10^-52 m^-2.	en
NUM:money	The cost of living in global cities like Tokyo is complex; provide the average rent.	,500.	en
DESC:manner	The development of a human being from a single cell is a process that occurs over nine months; describe it.	Embryonic growth and organ development in the womb.	en
NUM:period	The development of a human being from zygote to birth occurs over many stages; provide the fetal period.	38 to 40 weeks.	en
NUM:period	The development of a human being occurs over many stages; provide the embryonic period.	Eight weeks.	en
NUM:money	The development of high-speed rail systems involves massive public spending; provide the CA HSR cost.	00 billion.	en
NUM:money	The development of military hardware like the F-35 involves massive spending; provide the total.	.7 trillion.	en
ENTY:instru	The development of the modern concert flute was a revolution; provide the name of the system of keys.	The Boehm system.	en
ENTY:cremat	The development of the modern graphic novel was influenced by a 1986 work by Alan Moore; name it.	Watchmen.	en
ENTY:techmeth	The development of the modern turbofan engine revolutionized aviation; provide the name of the starting cycle.	The Brayton cycle.	en
ENTY:techmeth	The development of the turbofan engine was key; name the cycle.	The Brayton cycle.	en
DESC:manner	The discovery and excavation of the tomb of Tutankhamun was a sensation; describe Howard Carter's process.	Clearing tunnels until the final burial door was met.	en
DESC:manner	The discovery and excavation of the tomb of Tutankhamun was a sensation; describe the archaeological process.	Clearing debris until the final burial seal was reached.	en
NUM:date	The discovery of the tomb of Tutankhamun was a sensation; provide the year it was found.	1922.	en
NUM:dist	The distance between planets in our solar system varies; provide the distance to Mars.	225 million km.	en
NUM:dist	The distance between planets varies; provide the distance to Mars.	225 million km.	en
NUM:period	The duration of a solar day on the planet Venus is significantly longer than its year; could you provide the length in Earth days?	243 Earth days.	en
ENTY:substance	The Earth's inner core is believed to be a solid sphere; provide the name of the two primary metals that form this mass.	Iron and nickel.	en
ENTY:substance	The Earth's inner core is solid; provide the name of the two metals.	Iron and nickel.	en
NUM:perc	The efficiency of a solar power plant is determined by conversion; provide silicon.	20 percent.	en
NUM:perc	The efficiency of a solar power plant is determined by conversion; provide the average percentage for silicon.	20 percent.	en
ENTY:body	The endocrine system consists of various glands that secrete hormones directly into the blood; provide the name of the adrenal glands.	The adrenal glands.	en
ENTY:word	The English language has many loanwords from other cultures; provide the original Nahuatl word for 'avocado'.	Āhuacatl.	en
ENTY:word	The English language has many loanwords; provide the origin for 'avocado'.	Nahuatl.	en
ENTY:currency	The Euro was one of the most ambitious economic projects in history; provide the name of the currency used in Germany before its adoption.	The Deutsche Mark.	en
ENTY:currency	The Euro was one of the most ambitious economic projects in history; provide the name of the French unit it replaced.	The French Franc.	en
LOC:country	The European Union is comprised of many different nations; provide the name of the one in the center.	Germany.	en
ENTY:letter	The evolution of the Latin alphabet is a complex journey; provide the name of the letter G origin.	The letter G.	en
ENTY:letter	The evolution of the Latin alphabet is a complex journey; provide the name of the letter that was created by the Romans.	The letter G.	en
ENTY:product	The evolution of the wristwatch is best exemplified by mechanical pieces; provide the name of the Swiss brand known for the 'Nautilus'.	Patek Philippe.	en
ENTY:product	The evolution of the wristwatch is best seen in mechanical pieces; provide the name of the Swiss brand.	Patek Philippe.	en
DESC:reason	The fall of the Western Roman Empire was a complex combination of internal and external factors; provide a comprehensive look.	Military overspending, corruption, and the Visigoth raids.	en
DESC:reason	The fall of the Western Roman Empire was not the result of a single event but rather a complex combination of internal and external factors; provide a comprehensive look at the reasons including economic instability.	A mix of political corruption, economic inflation, and constant pressure from migrating Germanic tribes.	en
LOC:state	The federal structure of Australia consists of six states; provide the name of the island state.	Tasmania.	en
ENTY:word	The field of 'epistemology' is a branch of philosophy; name its focus.	Knowledge.	en
ENTY:word	The field of 'epistemology' is a fundamental branch of philosophy; provide the Greek root for 'knowledge'.	Episteme.	en
ABBR:exp	The field of telecommunications relies heavily on complex abbreviations such as 'LTE'; could you please provide the full expansion for 'Long Term Evolution' and explain its importance in mobile networks?	Long Term Evolution	en
ABBR:exp	The field of telecommunications relies heavily on complex abbreviations such as 'LTE'; could you please provide the full expansion for Long Term Evolution?	Long Term Evolution	en
ENTY:sport	The game of cricket is one of the most popular sports in the world; provide the name of the shortest international format.	Twenty20.	en
ENTY:sport	The game of cricket is one of the most popular; name the shortest format.	Twenty20.	en
NUM:period	The gestation period of an African elephant is the longest of any land mammal; could you please provide the specific time in months?	22 months.	en
ENTY:plant	The Giant Kelp forests are among the most productive ecosystems in the ocean; provide the name of the kelp plant.	Giant Kelp.	en
ENTY:plant	The Giant Kelp forests are among the most productive ecosystems in the ocean; provide the name of the organism that builds them.	Giant Kelp.	en
ENTY:currency	The global financial system relies on a few key reserve currencies that provide stability; provide the name of the one from the EU.	The Euro.	en
ENTY:currency	The global financial system relies on a few key reserve currencies; provide the name of the one from the EU.	The Euro.	en
NUM:money	The global movie industry has seen budgets reach unprecedented heights recently; provide the cost.	00 million.	en
NUM:money	The global movie industry has seen budgets reach unprecedented heights; provide the cost of 'Titanic'.	00 million.	en
LOC:other	The Great Barrier Reef is a major geographical feature; provide its exact location along the coast.	Off the northeastern coast of Queensland, Australia.	en
LOC:other	The Great Barrier Reef is a major geographical feature; provide its exact location.	Off the coast of Queensland.	en
ENTY:animal	The great migration across the Serengeti involves over a million animals of one specific type moving in a constant cycle; name the animal.	The Wildebeest.	en
LOC:landmass	The Great Rift Valley is a massive trench; provide the name of the continent where it is located.	Africa.	en
NUM:count	The Great Wall of China is a massive structure; provide the number of watchtowers.	25,000.	en
NUM:code	The GS1 system of barcodes is used globally; provide the digit count for GTIN-13.	13.	en
ENTY:letter	The Hebrew alphabet consists of twenty-two letters with numerical values; provide the name of the first letter.	Aleph.	en
ENTY:letter	The Hebrew alphabet consists of twenty-two letters with values; provide the name of the first.	Aleph.	en
ENTY:color	The heraldic tradition used specific colors; provide the name for the color gold in heraldry.	Or.	en
LOC:mount	The Himalayas are home to the world's highest peaks; provide the name of the one in Nepal.	Mount Everest.	en
LOC:city	The historical city of Rome was a center of civilization; provide the name of the river that flows through it.	The Tiber.	en
ENTY:veh	The history of aviation is marked by specific planes; provide the Lindbergh name.	The Spirit of St. Louis.	en
ENTY:veh	The history of aviation is marked by specific record-breaking planes; provide the name of the one flown by Charles Lindbergh.	The Spirit of St. Louis.	en
ENTY:food	The history of chocolate begins with ancient civilizations; provide the name of the bitter drink they produced.	Xocoatl.	en
NUM:period	The history of civilization is divided into periods; provide the length of the Bronze Age.	2,000 years.	en
NUM:period	The history of human civilization is divided into massive eras; provide the estimated length of the Bronze Age.	2,000 years roughly.	en
ENTY:other	The history of human communication was fundamentally altered by the invention of a device in the 15th century by Gutenberg; provide its name.	The printing press.	en
ENTY:other	The history of human communication was fundamentally altered by the invention of a device in the 15th century; provide its name.	The printing press.	en
HUM:ind	The history of modern science was changed by the work of one man in the 17th century; provide his name.	Isaac Newton.	en
HUM:gr	The history of the Middle East has been shaped by many ethnic groups; name one.	The Persians.	en
HUM:gr	The history of the Middle East has been shaped by many ethnic groups; provide the name of the one in Iran.	The Persians.	en
ENTY:currency	The history of the US Dollar is a long journey from the revolution; provide the name of the first national currency.	The Continental Currency.	en
ENTY:currency	The history of the US Dollar is a long journey; could you provide the name of the currency it replaced after the revolution?	The Continental Currency.	en
NUM:volsize	The human body is composed of many fluids; provide the total volume of blood in adults.	Five liters.	en
NUM:volsize	The human body is composed of many fluids; provide the volume of blood in an adult.	Five liters.	en
NUM:count	The human body is made up of trillions of individual cells; provide the estimated count.	37 trillion.	en
ENTY:body	The human brain is a complex organ divided into several lobes with distinct functions; provide the name of the frontal lobe.	The frontal lobe.	en
NUM:weight	The human brain is one of the most complex organs in the body; provide the average weight in grams.	1,300 to 1,400 grams.	en
HUM:gr	The indigenous peoples of the Americas are diverse; name the ones in the Andes.	The Incas.	en
HUM:gr	The indigenous peoples of the Americas are diverse; provide the name of the ones who lived in the Andes.	The Incas.	en
ENTY:event	The Industrial Revolution altered how goods were produced and brought social challenges; provide the name of the 1851 exhibition.	The Great Exhibition.	en
ENTY:event	The Industrial Revolution altered society; provide the name of the 1851 event in London that showcased new technology.	The Great Exhibition.	en
ENTY:animal	The intelligence of cephalopods is best represented by an eight-armed creature capable of solving puzzles and opening jars; name it.	The Common Octopus.	en
NUM:date	The International Space Station has been inhabited since a specific year; provide that year.	2000.	en
LOC:other	The International Space Station orbits the Earth at a specific altitude; provide the location in space.	400 kilometers up.	en
NUM:count	The International Space Station travels at a high speed; provide the number of orbits daily.	16.	en
ENTY:other	The international system of measurements relies on a set of seven base units for all physical quantities; provide the mass unit.	The kilogram.	en
ENTY:other	The international system of measurements relies on a set of seven base units for all physical quantities; provide the name for the unit of mass.	The kilogram.	en
NUM:dist	The Large Hadron Collider is a massive ring; provide the total circumference of the tunnel.	27 kilometers.	en
NUM:dist	The Large Hadron Collider is a ring; provide the total circumference.	27 kilometers.	en
NUM:period	The life cycle of a red dwarf star is incredibly long compared to our Sun; could you please provide the estimated lifespan in billions of years?	Trillions of years.	en
HUM:ind	The life of Cleopatra VII has been the subject of many legends; provide the name of the Roman she allied with.	Julius Caesar.	en
LOC:other	The location of the ancient library of Alexandria was a center of learning; provide the city.	Alexandria, Egypt.	en
LOC:other	The location of the ancient library of Alexandria was a center of learning; provide the country.	The city of Alexandria in Egypt.	en
LOC:other	The location of the Earth's core is thousands of kilometers below the surface; provide the depth.	2,900 kilometers.	en
LOC:other	The location of the equator is the zero degree line of latitude; provide the names of three countries.	Ecuador, Brazil, and Kenya.	en
NUM:dist	The Mariana Trench is home to Challenger Deep; provide the depth in feet.	36,070 feet.	en
NUM:dist	The Mariana Trench is home to the Challenger Deep; provide the depth in feet.	36,070 feet.	en
LOC:other	The Mariana Trench is the deepest part of the oceans; provide its exact location.	The Western Pacific.	en
LOC:other	The Mariana Trench is the deepest part of the world's oceans; provide its exact location in the Pacific.	East of the Mariana Islands near Guam.	en
NUM:money	The market for rare collectibles often reaches staggering prices at auctions; provide the 1933 Eagle price.	8 million.	en
NUM:other	The mass of a single proton is a fundamental constant in atomic and nuclear physics; provide the value.	1.672 x 10^-27 kg.	en
NUM:other	The mass of a single proton is a fundamental constant in atomic physics; provide the value.	1.67 x 10^-27 kg.	en
NUM:weight	The mass of the Sun is a fundamental constant in astronomy; provide the value in kilograms for scale.	1.989 x 10^30 kg.	en
LOC:water	The Mediterranean Sea is surrounded by three continents; provide the name of the sea to its east.	The Levant Sea.	en
HUM:title	The military hierarchy uses a complex system of titles to define the chain of command; provide the top rank in the Navy.	Admiral.	en
ENTY:word	The modal verbs 'shall' and 'will' carry specific meanings in formal grammar; provide the one for first-person future.	Shall.	en
ENTY:word	The modal verbs 'shall' and 'will' carry specific meanings; name the rule.	The grammar rule.	en
LOC:country	The nation of South Africa has three different capital cities; provide the name of the country.	South Africa.	en
LOC:water	The Nile River has two major tributaries; provide the name of the one that starts in Ethiopia.	The Blue Nile.	en
ENTY:cremat	The opera 'The Magic Flute' is one of the most performed works; name another by Mozart.	The Marriage of Figaro.	en
NUM:ord	The order of succession to the presidency of the US is a strict sequence; provide the first.	The Vice President.	en
NUM:ord	The order of succession to the US presidency is a strict sequence; provide the first.	The Vice President.	en
LOC:other	The Panama Canal is a vital artificial waterway; provide its location across the isthmus.	Panama.	en
LOC:other	The Panama Canal is a vital artificial waterway; provide its location connecting the two major oceans.	Across the Isthmus of Panama in Central America.	en
ENTY:event	The partition of India in 1947 was a monumental event resulting in migration; provide the name of the British plan that authorized it.	The Mountbatten Plan.	en
ENTY:event	The partition of India in 1947 was a monumental event; provide the name of the British plan that authorized it.	The Mountbatten Plan.	en
NUM:ord	The periodic table organizes elements into a sequence; provide the name of the first.	Hydrogen.	en
NUM:ord	The periodic table organizes elements into a specific ordinal sequence; provide the name of the first.	Hydrogen.	en
DESC:reason	The phenomenon of global warming is primarily driven by the accumulation of greenhouse gases in the atmosphere; could you provide a detailed technical analysis of why these specific molecules trap radiation?	Gases like CO2 absorb and re-emit infrared radiation, preventing heat from escaping into space.	en
DESC:reason	The phenomenon of global warming is primarily driven by the accumulation of greenhouse gases in the atmosphere; provide analysis.	Molecules like CO2 trap heat and prevent its escape.	en
ENTY:color	The physics of light explains how we perceive wavelengths; name the color of the longest wave.	Red.	en
ENTY:instru	The pipe organ is a complex mechanical instrument; provide the name of the part that holds the pipes.	The windchest.	en
NUM:other	The Planck length is the scale where classical ideas about space-time cease to be valid; provide value.	1.616 x 10^-35 m.	en
NUM:other	The Planck length is the scale where classical ideas about space-time fail; provide its value.	1.6 x 10^-35 m.	en
NUM:count	The population of the world has reached a massive milestone; provide the current count.	8 billion.	en
HUM:title	The position of head of government in many democratic nations carries a specific title; provide the one used in the UK.	Prime Minister.	en
ENTY:techmeth	The process of desalination by reverse osmosis is critical; provide the name of the type of membrane used.	Semi-permeable membrane.	en
ENTY:techmeth	The process of desalination is critical; name the type of membrane.	Semi-permeable.	en
NUM:period	The process of subduction in plate tectonics moves at a very slow rate; how long does it take for a plate to move one mile?	About 1.5 million years.	en
NUM:date	The Protestant Reformation was a complex movement; provide the year Luther posted his theses.	1517.	en
LOC:state	The provinces of Canada range from the Atlantic to the Pacific; provide the names of the Prairies.	The Prairies.	en
NUM:ord	The ranking of the largest countries in the world by area is common; provide the third.	The USA.	en
NUM:ord	The ranking of the largest countries is a common statistic; provide the third.	The USA.	en
ENTY:religion	The relationship between the three Abrahamic faiths is a cornerstone of global history; provide the name of the oldest.	Judaism.	en
ENTY:religion	The relationship between the three Abrahamic faiths is a cornerstone of history; provide the name of the oldest one.	Judaism.	en
ENTY:religion	The relationship between the three Abrahamic faiths is a cornerstone; name the oldest.	Judaism.	en
ENTY:event	The Renaissance was a period of cultural change; provide the name of the black plague that preceded it in the 14th century.	The Black Death.	en
ENTY:event	The Renaissance was a period of intense cultural and intellectual change in Italy; provide the name of the plague that preceded it.	The Black Death.	en
ENTY:lang	The revival of the Hebrew language is a unique event; provide the name of the individual credited with it.	Eliezer Ben-Yehuda.	en
HUM:desc	The role of a chief information security officer has become critical; describe it.	Protecting an organization's digital data from cyber threats.	en
HUM:desc	The role of a chief information security officer has become critical; provide a detailed breakdown of duties.	Protecting an organization's digital data from cyber threats.	en
ENTY:lang	The Romance languages all share a common ancestor; provide the name of the one spoken in Romania.	Romanian.	en
NUM:speed	The rotation of the Earth varies by latitude; provide speed at 45N.	733 mph.	en
NUM:speed	The rotation of the Earth varies by latitude; provide the speed at 45 degrees north.	733 mph.	en
NUM:other	The Schwarzschild radius defines the event horizon of a black hole; provide the value for Earth.	9 millimeters.	en
NUM:other	The Schwarzschild radius defines the event horizon of a black hole; provide the value for the Earth.	8.87 millimeters.	en
LOC:other	The Silk Road was an ancient network of trade routes; provide its starting location in historical China.	The city of Chang'an, known today as Xi'an.	en
LOC:other	The Silk Road was an ancient network of trade routes; provide its starting location.	Xi'an, China.	en
LOC:other	The site of the ancient city of Troy is of great archaeological interest; provide the country.	Hisarlik in the Canakkale Province of Turkey.	en
ENTY:body	The skeletal system is divided into the axial and appendicular portions; provide the name of the shoulder blade bone.	The scapula.	en
NUM:speed	The speed of light is a fundamental constant; provide the value in miles per second.	186,282 mps.	en
NUM:speed	The speed of light is a fundamental constant; provide value in miles.	186,282.	en
HUM:title	The spiritual and historical leader of Tibetan Buddhism carries a very specific title; provide the name of that title.	The Dalai Lama.	en
ENTY:sport	The sport of golf relies on a highly standardized set of equipment; provide the name for the starting point of each hole.	The tee box.	en
ENTY:sport	The sport of golf relies on standardized equipment; name the starting spot.	The tee.	en
NUM:code	The stock market uses ticker symbols; provide the symbol for Apple Inc.	AAPL.	en
NUM:temp	The storage of medical vaccines require precise controls; provide the Pfizer temp.	-70 degrees Celsius.	en
LOC:water	The Strait of Malacca is a vital shipping lane; provide the name of the ocean it leads into.	The Pacific.	en
ENTY:color	The study of color theory in art involves the relationship between colors; name the primary ones.	Red, yellow, and blue.	en
ENTY:substance	The study of rare earth elements has become increasingly important; provide the name of the element used in color television screens.	Europium.	en
ENTY:substance	The study of rare earth elements is important; name the one for TVs.	Europium.	en
ABBR:exp	The study of the Earth's atmosphere involves tools like 'LIDAR' sensors; could you please provide the full technical expansion for 'Light Detection and Ranging' and explain its use in remote sensing?	Light Detection and Ranging	en
ABBR:exp	The study of the Earth's atmosphere involves tools like 'LIDAR' sensors; could you please provide the full technical expansion for this optical technology?	Light Detection and Ranging	en
ABBR:abb	The study of the Earth's oceans requires sophisticated instrumentation; could you please provide the three-letter shorthand used for the properties of conductivity, temperature, and depth?	CTD	en
NUM:perc	The success of medical interventions depends on efficacy rates; provide the recovery percentage for melanoma.	99 percent.	en
NUM:perc	The success of medical interventions depends on recovery rates; provide melanoma.	99 percent.	en
DESC:reason	The success of the United States as a global economic superpower in the 20th century was built upon several key pillars; analyze the reasons for this dominance focusing on the impact of two world wars.	Industrial capacity was untouched by domestic warfare, allowing for massive production and global lending.	en
DESC:reason	The success of the United States as a global economic superpower in the 20th century was built upon several pillars; analyze.	Untouched industry after WWI and massive export power.	en
NUM:temp	The surface of Venus is the hottest of any planet in our solar system; provide value.	462 degrees Celsius.	en
NUM:temp	The surface of Venus is the hottest planet; provide the temperature.	462 degrees Celsius.	en
ENTY:instru	The synthesizer has evolved significantly; provide the name of the iconic modular system from the 1960s.	The Moog synthesizer.	en
DESC:def	The term 'Standard Model' in particle physics represents our current best understanding of the fundamental building blocks of the entire universe; could you provide a detailed definition of this framework?	A theory in particle physics that describes three of the four known fundamental forces in the universe, as well as classifying all known elementary particles.	en
DESC:def	The term 'Standard Model' in particle physics represents our current best understanding of the universe; define it.	The theory classifying all known subatomic particles.	en
ENTY:religion	The Tibetan branch of Buddhism has a unique structure; name the spiritual leader.	The Dalai Lama.	en
ENTY:religion	The Tibetan branch of Buddhism has a unique structure; provide the name of the spiritual leader of this faith.	The Dalai Lama.	en
ENTY:religion	The Tibetan branch of Buddhism has a unique structure; provide the name of the spiritual leader of this specific faith.	The Dalai Lama.	en
LOC:landmass	The Tibetan Plateau has an immense elevation; provide the name of the mountain range to its south.	The Himalayas.	en
NUM:period	The time it takes for a forest to completely recover after a major wildfire is a complex metric; provide the years for old-growth.	100 to 200 years.	en
NUM:weight	The Titanic was one of the heaviest ships of its time; provide its displacement.	52,310 tons.	en
NUM:weight	The total weight of the Earth's oceans is a staggering number; could you please provide the estimate?	1.4 x 10^21 kg.	en
ENTY:sport	The Tour de France is the most prestigious event in cycling; provide the name for the overall leader's jersey.	The Yellow Jersey.	en
ENTY:sport	The Tour de France is the most prestigious event; name the winner's jersey.	The yellow jersey.	en
DESC:manner	The transition from the Stone Age to the Bronze Age was marked by the ability to smelt metals; describe it.	Heating ore to high temperatures to extract copper and tin.	en
DESC:manner	The transition from the Stone Age to the Bronze Age was marked by the ability to smelt metals; describe the process.	Heating copper and tin together to create alloy.	en
ENTY:substance	The transition from the Stone Age to the Bronze Age was marked by the use of an alloy; provide the name of the two metals involved.	Copper and tin.	en
ENTY:substance	The transition from the Stone Age was marked by an alloy; name the metals.	Copper and tin.	en
ENTY:product	The transition to electric vehicles has been led by many firms; provide the name of the Ford truck.	The F-150 Lightning.	en
ENTY:product	The transition to electric vehicles has been spearheaded by innovative firms; provide the name of the electric truck from Ford.	The F-150 Lightning.	en
NUM:perc	The transition to electric vehicles is a global trend; provide the sales percentage in Norway.	80 percent.	en
NUM:perc	The transition to electric vehicles is a trend; provide the sales percent in Norway.	80 percent.	en
ENTY:veh	The transition to sustainable transport has led to hydrogen; provide the bus name.	The Fuel Cell Bus.	en
ENTY:veh	The transition to sustainable transport has led to the development of hydrogen-powered vehicles; provide the name of a commercial bus.	The Fuel Cell Bus.	en
DESC:desc	The United States government is comprised of many agencies; provide a description of the work of NASA.	Exploring space and conducting aeronautics research.	en
DESC:desc	The United States government is comprised of many executive departments; describe the role of the CIA.	An agency focused on foreign intelligence.	en
ABBR:abb	The United States government is comprised of numerous executive departments; could you provide the acronym for the 'Department of Health and Human Services' used in official documents?	HHS	en
ABBR:abb	The United States government is comprised of numerous executive departments; could you provide the acronym for the Department of Health and Human Services?	HHS	en
ABBR:exp	The United States government often uses the term 'HUD' when discussing federal housing policy; could you please provide the full expansion for the 'Department of Housing and Urban Development' in Washington?	Department of Housing and Urban Development	en
ABBR:exp	The United States government often uses the term 'HUD' when discussing federal housing policy; could you please provide the full expansion for the department?	Department of Housing and Urban Development	en
LOC:country	The United States is a vast federal republic in North America; provide the name of the country.	The USA.	en
LOC:state	The United States is divided into fifty states; provide the names of the eight Great Lakes states.	The Great Lakes states.	en
NUM:count	The US national debt is a staggering number; provide the current dollar count.	34 trillion.	en
ENTY:symbol	The use of heraldic symbols in medieval Europe was a complex language; provide the name for the lion symbol.	The Leo.	en
HUM:desc	The work of a theoretical physicist involves using mathematical models for nature.	Developing theories about the fundamental laws of the universe.	en
HUM:desc	The work of a theoretical physicist involves using mathematical models to understand nature; provide a description.	Developing theories about the fundamental laws of the universe.	en
ENTY:food	The world of artisanal cheese is incredibly diverse; provide the name of the hard, granular cheese from Italy.	Parmigiano-Reggiano.	en
NUM:volsize	The world's oceans are incredibly vast in scale; provide the volume of the Pacific.	710 million cubic km.	en
NUM:volsize	The world's oceans are incredibly vast; provide the volume of the Pacific Ocean.	710 million cubic km.	en
NUM:ord	Third city?	Chicago.	en
NUM:ord	Third ship?	The Niña.	en
NUM:ord	Third sign?	Gemini.	en
ENTY:symbol	Three interlocking triangles name?	The Valknut.	en
LOC:landmass	Tibetan plateau?	The Tibetan Plateau.	en
NUM:code	Ticker for Apple?	AAPL.	en
NUM:code	Ticker for NVIDIA?	NVDA.	en
DESC:manner	Tie a knot?	Loop the string and pull it tight correctly.	en
DESC:manner	Tie shoes?	Make two loops and cross them over securely.	en
ENTY:animal	Tiger habitat?	The Bengal Tiger.	en
DESC:desc	Tiger look?	Large cat with orange fur and black stripes.	en
ENTY:substance	Tin cans?	Tin.	en
NUM:date	Titanic sink?	1912.	en
NUM:date	Titanic sinking?	1912.	en
LOC:city	Tokyo where?	Tokyo.	en
NUM:code	Top-level domain for Japan?	.jp.	en
NUM:code	Toyota VIN format?	17 characters.	en
ENTY:other	Tradition name?	The Lunar New Year.	en
ENTY:food	Traditional Japanese cuisine is famous for its presentation; provide the name of a formal multi-course meal.	Kaiseki.	en
ENTY:plant	Traditional medicine often relies on the active compounds found in specific roots; provide the name of the 'Ginseng' plant.	Ginseng.	en
ENTY:veh	Train speed?	The Maglev.	en
ENTY:termeq	Truck name?	Lorry.	en
ENTY:veh	Truck type?	A Semi-trailer.	en
ENTY:instru	Trumpet valve?	The piston valve.	en
ENTY:plant	Tulip bulb?	The Tulip.	en
LOC:state	Tuscany state?	Italy.	en
LOC:state	Tuscany?	Tuscany.	en
ENTY:symbol	UK currency sign name?	The pound sign.	en
HUM:title	UK legal title?	Lord Chancellor.	en
ENTY:currency	UK money?	Pound Sterling.	en
ABBR:abb	UN acronym?	UN	en
NUM:date	UN founded?	1945.	en
ABBR:exp	UN full form?	United Nations	en
ABBR:exp	UN full name?	United Nations	en
ABBR:exp	UNESCO means what?	United Nations Educational, Scientific and Cultural Organization	en
ABBR:exp	UNESCO means?	United Nations Educational, Scientific and Cultural Organization	en
NUM:code	Unicode for smiley face?	U+1F600.	en
NUM:code	UPC for Coca-Cola can?	049000028904.	en
LOC:mount	Urals border?	The Ural Mountains.	en
ENTY:symbol	US dollar sign name?	The dollar sign.	en
NUM:date	US freedom?	1776.	en
ENTY:event	US independence day?	The 4th of July.	en
NUM:date	US independence?	1776.	en
NUM:code	US social security format?	XXX-XX-XXXX.	en
NUM:other	Value of e?	2.718.	en
NUM:temp	Venus heat?	462 degrees Celsius.	en
ENTY:symbol	Venus planet symbol?	The hand mirror.	en
ENTY:word	Verb type?	Transitive.	en
ENTY:cremat	Verona play?	Romeo and Juliet.	en
LOC:mount	Vesuvius city?	Naples.	en
NUM:code	VIN for Toyota?	17 characters.	en
NUM:code	VIN number?	1234567890ABC.	en
ENTY:instru	Violin bow?	The bow.	en
ENTY:body	Voice box?	The larynx.	en
NUM:period	Wait time for bus?	Ten minutes.	en
NUM:date	Wall fall year?	1989.	en
ENTY:event	Wall fall?	The fall of the Berlin Wall.	en
DESC:manner	Wash car?	Soap the surface and rinse with a hose.	en
DESC:manner	Wash hands?	Apply soap, scrub for 20 seconds, and rinse.	en
NUM:temp	Water boils?	100 degrees Celsius.	en
NUM:perc	Water ratio?	Seventy percent.	en
ENTY:sport	Water sport?	Swimming.	en
ENTY:event	Waterloo end?	The Battle of Waterloo.	en
ENTY:other	Web site?	Google.com.	en
NUM:weight	Weight of a bowling ball?	Six to sixteen pounds.	en
NUM:weight	Weight of a gallon of milk?	8.6 pounds.	en
NUM:weight	Weight of the Great Pyramid of Giza?	Six million tons.	en
ENTY:animal	Whale size?	The Blue Whale.	en
ENTY:animal	What animal is known for its ability to change color for camouflage?	The Chameleon.	en
DESC:def	What are pulsars?	Highly magnetized rotating neutron stars.	en
DESC:desc	What are the duties of a contemporary museum curator?	Acquiring art and organizing public exhibits.	en
HUM:desc	What are the duties of a contemporary professional sound engineer?	Capturing, mixing, and reproducing audio for various media.	en
DESC:desc	What are the duties of a contemporary social media manager today?	Creating content and engaging with a digital audience.	en
HUM:desc	What are the duties of a storyboard artist in animation?	Visualizing script scenes for the production team.	en
ENTY:body	What are the four chambers found inside a human heart?	Atria and ventricles.	en
DESC:reason	What are the primary causes of the change in seasons on Earth?	The axial tilt of the planet during orbit.	en
ENTY:color	What are the primary colors of light in the additive color model?	Red, green, and blue.	en
DESC:desc	What are the primary duties of a modern park ranger?	Patrolling land and helping visitors stay safe.	en
HUM:desc	What are the primary duties of a professional genealogist?	Tracing family histories and analyzing historical records.	en
DESC:desc	What are the primary features of a modern electric car interior?	Minimalist design with a large central touchscreen.	en
DESC:reason	What are the primary reasons for the incredible biological diversity found in the Amazon rainforest compared to other ecosystems on the planet?	Stable tropical climate, abundant rainfall, and a complex multi-layered forest structure.	en
DESC:reason	What are the primary reasons for the incredible biological diversity found in the Amazon rainforest?	Year-round rainfall and a stable tropical climate.	en
DESC:desc	What are the primary responsibilities and the skills for a specialized bomb disposal tech?	Staying calm while identifying and disarming explosives.	en
DESC:desc	What are the primary responsibilities and the technical knowledge required for an air traffic controller?	Guiding planes safely in and out of airports.	en
HUM:desc	What are the primary responsibilities of a modern museum curator?	Managing collections and organizing public exhibitions.	en
HUM:desc	What are the primary responsibilities of a museum archivist for documents?	Preserving and cataloging historical papers for research.	en
HUM:desc	What are the primary responsibilities of a museum archivist when dealing with fragile ancient documents?	Preserving and cataloging historical papers for research.	en
DESC:reason	What are the reasons for the extinction of the dinosaurs on Earth?	A massive asteroid impact and resulting climatic changes.	en
DESC:reason	What are the reasons for the extinction of the dinosaurs?	A massive asteroid strike and climate change.	en
DESC:desc	What are the responsibilities of a marine biology researcher?	Studying ocean life and marine ecosystems.	en
DESC:desc	What are the responsibilities of a professional wedding planner now?	Managing vendors, logistics, and the event timeline.	en
ENTY:other	What are the specialized cards used by psychics for divination and fortune telling called in occultism?	Tarot cards.	en
ENTY:other	What are the specialized cards used by psychics for divination and fortune telling called?	Tarot cards.	en
DESC:reason	What causes the development of ocean currents like the Gulf Stream?	Wind, Earth's rotation, and differences in water density.	en
DESC:reason	What causes the formation of a hurricane in the tropical oceans?	Warm ocean water and moist air creating a low-pressure system.	en
DESC:reason	What causes the formation of a hurricane in the tropics?	Warm sea water and high atmospheric humidity.	en
DESC:reason	What causes the phenomenon known as the Northern Lights in the Arctic?	Solar particles colliding with gases in the Earth's atmosphere.	en
DESC:reason	What causes the phenomenon known as the Northern Lights?	Solar particles hitting the Earth's atmosphere.	en
ENTY:color	What color is a peacock's neck feathers in the sunlight?	Iridescent blue.	en
ENTY:color	What color is a peacock's neck feathers?	Iridescent blue.	en
ENTY:color	What color is a ripe banana?	Yellow.	en
ENTY:color	What color is a ripe Granny Smith apple found in a store?	Green.	en
ENTY:color	What color is a ripe Granny Smith apple?	Green.	en
ENTY:color	What color is a standard tennis ball in competition?	Optic yellow.	en
ENTY:color	What color is associated with royalty in many cultures?	Purple.	en
ENTY:color	What color is produced by mixing blue and yellow paint?	Green.	en
ENTY:color	What color is the blood of most vertebrate animals?	Red.	en
ENTY:color	What color is the uniform of the Italian national soccer team?	Azure.	en
ENTY:product	What company is the developer of the popular Java programming language today?	Oracle.	en
ENTY:product	What company is the developer of the popular Java programming language used in computing?	Oracle.	en
ENTY:product	What company produces the professional digital camera series known as the 'Alpha' line?	Sony.	en
ENTY:product	What corporation currently produces the iconic Mars chocolate bar sold globally today?	Mars, Inc.	en
ENTY:product	What corporation currently produces the iconic Mars chocolate bar sold globally?	Mars, Inc.	en
LOC:country	What country has Buenos Aires as its capital?	Argentina.	en
ABBR:exp	What do the letters CEO stand for in a professional corporate business structure?	Chief Executive Officer	en
ABBR:exp	What do the letters WHO stand for in the field of global public health?	World Health Organization	en
HUM:title	What do you call the licensed professional in command of a commercial ship?	Captain.	en
HUM:title	What do you call the licensed professional in command of a ship?	Captain.	en
HUM:title	What do you call the presiding head of a Buddhist monastery in Japan?	Abbot.	en
HUM:title	What do you call the presiding head of a Buddhist monastery?	Abbot.	en
HUM:desc	What does a flight attendant do during a long-distance trip?	Ensuring passenger safety and providing food and comfort.	en
HUM:desc	What does an air traffic controller do at a major airport?	Guiding planes safely through takeoffs and landings.	en
ABBR:exp	What does the abbreviation GDP represent in the global study of national economics?	Gross Domestic Product	en
ABBR:exp	What does the acronym NASA stand for in space exploration?	National Aeronautics and Space Administration	en
ABBR:exp	What does the acronym UNICEF stand for today and has its official name changed since it was established in 1946?	United Nations International Children's Emergency Fund	en
ENTY:word	What does the prefix 'anti-' indicate when added to a word?	Against.	en
ABBR:exp	What does the shorthand HTTP represent when it appears in a web address?	HyperText Transfer Protocol	en
ENTY:word	What does the word 'redundant' mean when used in an engineering report?	Extra.	en
ENTY:word	What does the word 'ubiquitous' mean in a professional context?	Pervasive.	en
ENTY:word	What does the word 'ubiquitous' mean in a professional or technical context?	Pervasive.	en
ENTY:cremat	What dystopian novel describes a future society of 'World Controllers'?	Brave New World.	en
HUM:gr	What ethnic group is the majority population in the state of Israel?	Jewish people.	en
ENTY:event	What event signaled the start of the French Revolution in 1789?	The storming of the Bastille.	en
ENTY:event	What event signaled the start of the US Civil War?	The Battle of Fort Sumter.	en
HUM:desc	What exactly does a geomorphologist study in the field and how is their research used for the planet?	Investigating landforms and the processes that shape them.	en
HUM:desc	What exactly does a geomorphologist study in the field for research?	Investigating landforms and the processes that shape them.	en
ENTY:cremat	What famous children's book features a pilot in the Sahara?	The Little Prince.	en
DESC:def	What is 'artificial intelligence' according to computer experts?	Simulation of human intelligence by machines.	en
DESC:def	What is 'artificial intelligence' according to modern computer science experts?	The simulation of human intelligence processes by machines, especially computer systems.	en
DESC:def	What is a 'catalyst' during a standard chemical reaction process in a lab?	A substance that increases the rate of a chemical reaction without itself undergoing any permanent change.	en
DESC:def	What is a 'catalyst' during a standard chemical reaction?	A substance that speeds up a reaction.	en
ENTY:word	What is a 'contronym' and could you provide a common word example?	Cleave.	en
ENTY:word	What is a 'contronym' and could you provide a word that is its own opposite?	Cleave.	en
ENTY:word	What is a 'homonym' and can you provide two words that fit?	Fair and fair.	en
DESC:def	What is a 'paradigm shift' in the context of science?	A fundamental change in basic assumptions.	en
DESC:def	What is a 'paradigm shift' in the context of scientific research and history?	A fundamental change in the basic concepts and experimental practices of a scientific discipline.	en
DESC:def	What is a 'trench' in the specific context of the global ocean floor?	A long, narrow, deep depression in the ocean floor, typically one where subduction occurs.	en
DESC:def	What is a 'trench' in the specific context of the ocean floor?	A long, narrow, deep depression in the sea.	en
DESC:def	What is a black hole and how is it defined by physics?	A region where gravity prevents light from escaping.	en
DESC:def	What is a black hole and how is it scientifically defined by physicists?	A region of spacetime where gravity is so strong that nothing, not even light, can escape.	en
ENTY:termeq	What is a common synonym for the professional title of lawyer?	Attorney.	en
ENTY:termeq	What is a common synonym for the word 'courageous' in literature?	Brave.	en
DESC:def	What is a prime number as defined in the field of mathematics?	A natural number greater than 1 that is not a product of two smaller natural numbers.	en
DESC:def	What is altruism?	Selfless concern for others' well-being.	en
ENTY:word	What is an 'oxymoron' and could you give me a common example?	Deafening silence.	en
ENTY:termeq	What is an equivalent name for the 'northern lights' in the Arctic?	Aurora Borealis.	en
ENTY:termeq	What is an equivalent term for 'global warming' in climate research?	Climate change.	en
ENTY:termeq	What is an equivalent term for 'global warming' in research?	Climate change.	en
ENTY:termeq	What is another name for the 'bubonic plague' of the middle ages?	The Black Death.	en
ENTY:termeq	What is another name for the 'Table of Elements' used in chemistry classes?	The periodic table.	en
ENTY:termeq	What is another name for the 'Table of Elements' used in chemistry?	The periodic table.	en
ENTY:termeq	What is another term for 'remote work' used in modern business?	Telecommuting.	en
ENTY:termeq	What is another term for 'sustainable energy' in environmental science?	Renewable energy.	en
DESC:def	What is DNA?	Deoxyribonucleic acid, the molecule that carries genetic instructions.	en
DESC:def	What is entropy?	A measure of disorder in a system.	en
DESC:def	What is gravity?	A fundamental force that attracts objects with mass toward each other.	en
DESC:def	What is inflation?	A general increase in prices and fall in the purchasing power of money.	en
DESC:def	What is supernova?	A powerful and luminous stellar explosion.	en
DESC:def	What is the 'greenhouse effect' as it relates to climate?	Gases trapping heat in a planet's atmosphere.	en
DESC:def	What is the 'greenhouse effect' as it relates to the planet's climate?	The trapping of the sun's warmth in a planet's lower atmosphere due to greenhouse gases.	en
ABBR:abb	What is the abbreviation for the state of Texas?	TX	en
HUM:title	What is the academic title of a person who is the head of a university faculty?	Dean.	en
HUM:title	What is the academic title of the head of a university faculty?	Dean.	en
ABBR:abb	What is the acronym for Artificial Intelligence?	AI	en
ABBR:abb	What is the acronym for Digital Versatile Disc?	DVD	en
ABBR:abb	What is the acronym for frequently asked questions?	FAQ	en
ABBR:abb	What is the acronym for Local Area Network?	LAN	en
ABBR:abb	What is the acronym for self-contained underwater breathing apparatus?	SCUBA	en
ABBR:abb	What is the acronym for the National Aeronautics and Space Administration?	NASA	en
ABBR:abb	What is the acronym for the World Health Organization?	WHO	en
NUM:temp	What is the ambient temperature at the very bottom of the deep ocean?	2 degrees.	en
NUM:money	What is the annual budget of NASA?	5 billion.	en
DESC:desc	What is the appearance of a typical active volcanic crater floor?	A jagged landscape of black lava and steam.	en
DESC:desc	What is the appearance of a typical tropical rainforest floor?	Dark, damp, and covered in leaf litter.	en
NUM:code	What is the area code for downtown Los Angeles, California?	213.	en
NUM:code	What is the ASCII value for the character '@' in computing?	64.	en
NUM:weight	What is the atomic mass of a single oxygen-16 atom?	16 amu.	en
NUM:other	What is the atomic number of the element Helium on the table?	Two.	en
NUM:money	What is the average cost of a heart transplant in a US hospital?	.6 million.	en
NUM:money	What is the average cost of a heart transplant surgery in the US?	.4 million.	en
NUM:dist	What is the average depth of the Atlantic Ocean in meters?	3,646 meters.	en
NUM:perc	What is the average salt content percentage in the Dead Sea water?	34 percent.	en
NUM:perc	What is the average salt content percentage in the water of the Dead Sea?	34 percent.	en
NUM:speed	What is the average speed of a deep ocean current in the Atlantic?	0.1 mph.	en
NUM:speed	What is the average speed of fingernail growth in humans per month?	3 millimeters.	en
NUM:temp	What is the average temperature on the surface of Mars?	-62 degrees Celsius.	en
NUM:temp	What is the average temperature on the surface of the planet Mars?	-62 degrees.	en
NUM:period	What is the average time a human can survive without water in moderate heat?	Three to four days.	en
NUM:period	What is the average time it takes to travel from London to Paris by train?	Two hours.	en
NUM:period	What is the average time spent by an adult on social media daily?	Two hours.	en
DESC:manner	What is the best way to clean a high-end camera lens?	Use a specialized blower and a microfiber cloth.	en
DESC:manner	What is the best way to train a puppy?	Use treats and consistent daily repetition.	en
ABBR:abb	What is the chemical symbol for the element Lead?	Pb	en
ENTY:color	What is the color of a standard professional tennis ball?	Optic yellow.	en
ENTY:color	What is the color of a standard tennis ball?	Optic yellow.	en
ENTY:color	What is the color of the blood of a horseshoe crab?	Blue.	en
ENTY:color	What is the color of the gemstone known as a sapphire?	Blue.	en
ENTY:color	What is the color of the gemstone known as emerald?	Green.	en
ENTY:color	What is the color of the liquid inside a fresh coconut?	Clear.	en
ENTY:color	What is the color of the precious metal known as silver?	Silver.	en
ENTY:color	What is the color of the sky on a clear day?	Blue.	en
ENTY:animal	What is the common name for the massive long-necked dinosaur from the Jurassic?	The Brachiosaurus.	en
ENTY:animal	What is the common name for the massive long-necked dinosaur?	The Brachiosaurus.	en
ENTY:word	What is the comparative form of the adjective 'good' in grammar?	Better.	en
NUM:count	What is the count of individual bones in the adult human skeleton?	206.	en
NUM:count	What is the count of individual states in the nation of India?	28.	en
NUM:count	What is the count of stars in the Milky Way galaxy estimate?	100 billion.	en
NUM:count	What is the count of stars in the official flag of the EU?	Twelve.	en
NUM:volsize	What is the cubic capacity of a standard domestic refrigerator appliance?	500 liters.	en
NUM:volsize	What is the cubic capacity of a standard domestic refrigerator unit?	500 liters.	en
ENTY:currency	What is the currency of South Africa, which is also a unit of weight?	The Rand.	en
ENTY:currency	What is the currency of the UK?	The Pound Sterling.	en
NUM:money	What is the current market capitalization of the company Apple?	trillion.	en
NUM:money	What is the current market price of one ounce of platinum metal?	00.	en
NUM:money	What is the current market price of one ounce of pure gold?	,000.	en
NUM:other	What is the current orbital eccentricity of the planet Earth?	0.0167.	en
NUM:perc	What is the current percentage of the world's wealth held by the top one percent?	43 percent.	en
NUM:perc	What is the current percentage of the world's wealth in the top 1 percent?	43 percent.	en
NUM:money	What is the current value of the net worth of individual Elon Musk?	00 billion.	en
NUM:money	What is the daily revenue generated by a large Vegas casino?	million.	en
NUM:money	What is the daily revenue generated by the Panama Canal from shipping tolls?	0 million.	en
NUM:date	What is the date of Queen Elizabeth II coronation?	June 2, 1953.	en
NUM:date	What is the date of the coronation of Queen Elizabeth II in London?	June 2, 1953.	en
NUM:date	What is the date of the fall of the Berlin Wall?	November 9, 1989.	en
NUM:date	What is the date of the historic fall of the Berlin Wall?	November 9, 1989.	en
NUM:date	What is the date of the signing of the Treaty of Versailles?	June 28, 1919.	en
NUM:date	What is the date of the Treaty of Versailles?	June 28, 1919.	en
DESC:def	What is the definition of 'blockchain technology' beyond its use in currency and the concept of ledger?	A decentralized, distributed digital record.	en
DESC:def	What is the definition of 'blockchain technology' beyond its use in currency, and could you explain the concept of a decentralized and transparent ledger system?	A system in which a record of transactions made in bitcoin or another cryptocurrency are maintained across several computers that are linked in a peer-to-peer network.	en
DESC:def	What is the definition of a 'galaxy' in the observable universe?	A system of millions or billions of stars, together with gas and dust, held together by gravitational attraction.	en
DESC:def	What is the definition of a 'galaxy' in the universe?	A massive system of stars, gas, and dust.	en
NUM:dist	What is the depth of the Titanic wreck on the Atlantic floor?	3,800 meters.	en
NUM:dist	What is the depth of the Titanic wreck on the floor of the Atlantic?	3,800 meters.	en
NUM:volsize	What is the displacement of the world's largest cruise ship today?	250,000 tons.	en
NUM:volsize	What is the displacement volume of the world's largest cruise ship today?	250,000 tons.	en
NUM:dist	What is the distance between New York and Los Angeles in miles?	2,446 miles.	en
NUM:dist	What is the distance of one astronomical unit in space?	149.6 million km.	en
NUM:dist	What is the distance of one astronomical unit used in space measurement?	149.6 million km.	en
NUM:dist	What is the distance of the longest commercial flight currently operated in the world today?	15,343 kilometers.	en
NUM:period	What is the duration of a single orbit of the Moon around our Earth?	27.3 days.	en
NUM:period	What is the duration of the incubation period for a common cold virus?	One to three days.	en
NUM:code	What is the EAN-13 barcode for a standard loaf of bread?	13 digits.	en
LOC:country	What is the East African country famous for safaris?	Kenya.	en
NUM:other	What is the estimated age of the entire universe since the Big Bang occurred?	13.8 billion years.	en
NUM:other	What is the estimated age of the entire universe since the Big Bang?	13.8 billion years.	en
NUM:weight	What is the estimated mass of the entire observable universe in terms of ordinary matter?	10^53 kilograms.	en
NUM:money	What is the estimated net worth of individual Jeff Bezos today?	70 billion.	en
NUM:perc	What is the estimated percentage of the universe that is composed of dark matter and energy?	95 percent.	en
NUM:perc	What is the estimated percentage of the universe that is dark matter?	95 percent.	en
NUM:period	What is the estimated period of time for a plastic bottle to biodegrade in the sea?	450 years.	en
NUM:period	What is the estimated period of time for a single drop of water to travel the length of the Nile?	About three months.	en
NUM:period	What is the estimated time required for a human bone to heal after a break?	Six weeks.	en
NUM:weight	What is the estimated total weight of the Great Wall of China structure?	58 million tons.	en
NUM:money	What is the estimated value of the crown jewels of the United Kingdom?	billion.	en
NUM:volsize	What is the estimated volume of all the gold ever mined in history?	10,000 cubic meters.	en
NUM:volsize	What is the estimated volume of all the gold ever mined in human history?	10,000 cubic meters.	en
NUM:volsize	What is the estimated volume of the Earth's entire atmosphere layer?	4.2 billion cubic km.	en
NUM:volsize	What is the estimated volume of the Earth's entire atmosphere?	4 billion cubic km.	en
ENTY:word	What is the etymology of the word 'robot' originating from Czech?	Robota.	en
HUM:title	What is the executive title of the person who leads a modern American state?	Governor.	en
HUM:title	What is the executive title of the person who leads a US state?	Governor.	en
ABBR:exp	What is the expansion of the abbreviation CPU found inside a modern computer?	Central Processing Unit	en
ENTY:symbol	What is the Eye of Horus called?	The Wedjat.	en
ENTY:animal	What is the fastest land animal in the world?	The Cheetah.	en
NUM:ord	What is the fifth book in the Harry Potter novel series?	The Order of the Phoenix.	en
NUM:other	What is the fine-structure constant alpha used in quantum electrodynamics today?	0.007297.	en
NUM:other	What is the fine-structure constant alpha used in quantum electrodynamics?	1/137.	en
NUM:ord	What is the first commandment of the religious Ten Commandments list?	I am the Lord thy God.	en
NUM:ord	What is the first commandment of the religious Ten Commandments?	I am the Lord thy God.	en
NUM:ord	What is the first decimal place of a number called in math terms?	The tenths place.	en
ENTY:letter	What is the first letter of the Greek alphabet?	Alpha.	en
ENTY:letter	What is the first letter of the standard Arabic alphabet?	Alif.	en
NUM:ord	What is the first letter of the standard modern Arabic alphabet script?	Alif.	en
NUM:ord	What is the first letter of the standard modern Arabic alphabet?	Alif.	en
ENTY:word	What is the formal definition of the word 'paradigm' in research?	Model.	en
ENTY:termeq	What is the formal medical term for high blood pressure?	Hypertension.	en
ENTY:termeq	What is the formal medical term for the condition high blood pressure?	Hypertension.	en
HUM:title	What is the formal title given to the husband of a British Queen?	Prince Consort.	en
HUM:title	What is the formal title given to the husband of a reigning British Queen?	Prince Consort.	en
HUM:title	What is the formal title of a presiding judge in a high court?	Chief Justice.	en
HUM:title	What is the formal title of a presiding judge in an international high court?	Chief Justice.	en
HUM:title	What is the formal title of the person who presides over a legislative assembly?	Speaker of the House.	en
NUM:ord	What is the fourth string on a standard six-string acoustic guitar?	The D string.	en
NUM:ord	What is the fourth string on a standard six-string guitar?	The D string.	en
NUM:temp	What is the freezing point of heavy water on the Celsius scale?	3.8 degrees.	en
NUM:temp	What is the freezing point of heavy water?	3.8 degrees Celsius.	en
ABBR:exp	What is the full expansion of the acronym ASCII used in computing and how does it relate to standard character encoding?	American Standard Code for Information Interchange	en
ABBR:exp	What is the full expansion of the acronym Laser as used in physics?	Light Amplification by Stimulated Emission of Radiation	en
ABBR:exp	What is the full form of the common abbreviation DIY in home improvement?	Do It Yourself	en
ABBR:exp	What is the full name of the organization represented by the letters UN?	United Nations	en
ABBR:exp	What is the full name of the treaty organization known as SEATO?	Southeast Asia Treaty Organization	en
NUM:code	What is the full SWIFT code for the HSBC bank in London?	HBUSUKL2.	en
ENTY:word	What is the grammatical term for a word that describes an action?	A verb.	en
NUM:dist	What is the height of Mount Kilimanjaro in Tanzania?	5,895 meters.	en
NUM:dist	What is the height of Mount Kilimanjaro in the nation of Tanzania?	5,895 meters.	en
NUM:dist	What is the height of the Burj Khalifa, the world's tallest building?	828 meters.	en
NUM:dist	What is the height of the Empire State Building in New York City?	381 meters.	en
ENTY:currency	What is the historical currency of the Netherlands before the Euro?	The Dutch Guilder.	en
NUM:code	What is the IBAN format for a bank account in Spain?	24 characters.	en
NUM:temp	What is the internal temperature of a house fire?	600 degrees Celsius.	en
NUM:temp	What is the internal temperature of a typical wood house fire?	600 degrees.	en
NUM:code	What is the international dialing code for the UK?	+44.	en
NUM:code	What is the international dialing code for the United Kingdom?	+44.	en
NUM:code	What is the ISBN of 'Ulysses'?	9780141182803.	en
NUM:code	What is the ISBN of the first edition of the novel 'Ulysses'?	9780141182803.	en
LOC:city	What is the largest city in Brazil in terms of total population currently?	São Paulo.	en
LOC:city	What is the largest city in Brazil in terms of total population?	São Paulo.	en
LOC:country	What is the largest country in the world by total land area?	Russia.	en
ENTY:animal	What is the largest living primate on the planet?	The Eastern Gorilla.	en
ENTY:animal	What is the largest species of penguin found in Antarctica?	The Emperor Penguin.	en
DESC:def	What is the legal definition of 'intellectual property' in the United States?	A category of property that includes intangible creations of the human intellect.	en
DESC:def	What is the legal definition of 'intellectual property'?	Intangible creations protected by law.	en
NUM:period	What is the length of a typical term for a Supreme Court Justice in the US?	Life tenure.	en
NUM:dist	What is the length of the Panama Canal from coast to coast?	82 km.	en
NUM:code	What is the license plate format for the state of California?	1ABC234.	en
LOC:other	What is the location of the international headquarters for the Red Cross?	19 Avenue de la Paix, Geneva.	en
LOC:other	What is the location of the largest telescope currently in operation?	The Atacama Desert.	en
ENTY:food	What is the main ingredient in the Japanese dish known as Sashimi?	Raw fish.	en
ENTY:food	What is the main protein used in a classic French Coq au Vin?	Chicken.	en
NUM:weight	What is the mass of a blue whale's heart in kilograms?	180 kilograms.	en
NUM:weight	What is the mass of a single grain of standard table salt measured in micrograms for lab work?	58 micrograms.	en
NUM:weight	What is the mass of a single honeycomb cell made by a honeybee?	0.01 grams.	en
NUM:weight	What is the mass of a single proton expressed in scientific kilograms?	1.67 x 10^-27 kg.	en
NUM:weight	What is the mass of a single water molecule expressed in terms of atomic mass units?	18.015 amu.	en
NUM:weight	What is the mass of a white dwarf star compared to the mass of our Sun?	One solar mass.	en
ENTY:symbol	What is the mathematical sign for inequality?	The inequality sign.	en
NUM:speed	What is the maximum speed of a modern high-speed maglev train system?	375 mph.	en
NUM:speed	What is the maximum speed of a modern high-speed maglev train?	375 mph.	en
NUM:speed	What is the maximum speed of a standard commercial elevator in a high-rise?	20 mph.	en
NUM:speed	What is the maximum speed of an elevator in a high-rise building?	20 mph.	en
NUM:weight	What is the maximum takeoff weight of a Boeing 747-8 jet?	447,000 kilograms.	en
NUM:weight	What is the maximum takeoff weight of the Boeing 747-8 Intercontinental aircraft?	447,700 kilograms.	en
NUM:temp	What is the maximum temperature of the Earth's upper thermosphere?	2,500 degrees.	en
NUM:temp	What is the maximum temperature of the thermosphere?	2,500 degrees Celsius.	en
NUM:weight	What is the maximum weight of a standard professional bowling ball?	16 pounds.	en
NUM:speed	What is the maximum wind speed during a category five hurricane?	215 mph.	en
NUM:speed	What is the maximum wind speed ever recorded during a category five storm?	215 mph.	en
ENTY:color	What is the meaning and the origin of the color 'Khaki'?	Tan.	en
ENTY:color	What is the meaning and the origin of the color known as 'Khaki'?	Tan.	en
DESC:manner	What is the method for cleaning a camera lens?	Using a microfiber cloth and lens fluid.	en
DESC:manner	What is the method for troubleshooting a home internet router?	Reset the power and check the signal light status.	en
HUM:title	What is the military rank of a two-star officer in the Marine Corps?	Major General.	en
HUM:title	What is the military rank of a two-star officer in the Marines?	Major General.	en
HUM:title	What is the military rank of an officer who is a Colonel in the Air Force?	Colonel.	en
HUM:title	What is the military rank of an officer who is a Colonel?	Colonel.	en
NUM:code	What is the Morse code sequence for the letter 'Q'?	--.-.	en
ENTY:lang	What is the most widely spoken Germanic language in the world today?	English.	en
ENTY:lang	What is the most widely spoken Germanic language in the world?	English.	en
ENTY:word	What is the name for a word that is formed from initials of others?	An acronym.	en
ENTY:word	What is the name for a word that is formed from the initials of others?	An acronym.	en
ENTY:event	What is the name of the 14th-century pandemic?	The Black Death.	en
ENTY:event	What is the name of the 1815 battle that defeated Napoleon?	The Battle of Waterloo.	en
ENTY:event	What is the name of the 1849 event that brought thousands to California?	The Gold Rush.	en
ENTY:event	What is the name of the 1906 natural disaster that destroyed San Francisco?	The 1906 earthquake.	en
ENTY:event	What is the name of the 1914 assassination that triggered WWI?	The assassination of Archduke Franz Ferdinand.	en
ENTY:event	What is the name of the 1944 allied invasion of France?	The D-Day landings.	en
ENTY:event	What is the name of the 1944 allied invasion of Normandy?	The D-Day landings.	en
ENTY:event	What is the name of the 1956 invasion of Egypt by Israel and Europe?	The Suez Crisis.	en
ENTY:event	What is the name of the 1962 standoff between the US and USSR?	The Cuban Missile Crisis.	en
ENTY:event	What is the name of the 1963 civil rights march in Washington?	The March on Washington.	en
ENTY:event	What is the name of the 1969 moon mission?	Apollo 11.	en
ENTY:event	What is the name of the 19th-century conflict between the North and South?	The American Civil War.	en
ENTY:event	What is the name of the 19th-century exploration of the American West?	The Lewis and Clark Expedition.	en
ENTY:event	What is the name of the 19th-century invention of the first airplane?	The first flight.	en
ENTY:event	What is the name of the 19th-century war between Britain and China over trade?	The Opium Wars.	en
ENTY:event	What is the name of the 2001 terrorist attacks on the United States?	The September 11 attacks.	en
ENTY:religion	What is the name of the 20th-century religious movement from Jamaica?	Rastafarianism.	en
ENTY:religion	What is the name of the 20th-century religious movement that originated in Jamaica?	Rastafarianism.	en
LOC:mount	What is the name of the active volcano in Sicily, Italy?	Mount Etna.	en
LOC:mount	What is the name of the active volcano located in Japan?	Mount Fuji.	en
LOC:state	What is the name of the administrative prefecture that includes Tokyo?	Tokyo Metropolis.	en
LOC:state	What is the name of the administrative region in Italy that contains Milan?	Lombardy.	en
ENTY:sport	What is the name of the ancient ancestor of modern tennis?	Real tennis.	en
ENTY:religion	What is the name of the ancient Chinese philosophy and religion founded by Laozi?	Taoism.	en
ENTY:religion	What is the name of the ancient Chinese religion founded by the sage Laozi?	Taoism.	en
ENTY:plant	What is the name of the ancient Mediterranean tree famous for its oily fruit?	The Olive tree.	en
ENTY:plant	What is the name of the ancient Mediterranean tree that is famous for its long life and oily fruit?	The Olive tree.	en
ENTY:symbol	What is the name of the ancient protective symbol known as the 'Eye of Horus' in Egypt?	The Wedjat.	en
ENTY:symbol	What is the name of the ancient symbol of a snake eating its own tail?	The Ouroboros.	en
ENTY:plant	What is the name of the aromatic herb used to make pesto sauce in Italian cooking?	Basil.	en
ENTY:plant	What is the name of the aromatic herb used to make pesto sauce?	Basil.	en
HUM:ind	What is the name of the artist famous for his 'Campbell's Soup Cans' paintings?	Andy Warhol.	en
ENTY:symbol	What is the name of the astrological symbol for the planet Mars?	The spear and shield.	en
ENTY:symbol	What is the name of the astrological symbol for the zodiac sign of Leo?	The Lion.	en
ENTY:veh	What is the name of the autonomous rover currently exploring Mars?	Perseverance.	en
ENTY:veh	What is the name of the autonomous rover currently exploring the surface of Mars?	Perseverance.	en
LOC:water	What is the name of the bay located in the northeastern part of Canada?	Hudson Bay.	en
LOC:water	What is the name of the bay located in the northeastern part of the country of Canada?	Hudson Bay.	en
ENTY:other	What is the name of the biological process where an organism maintains a stable internal environment?	Homeostasis.	en
ENTY:religion	What is the name of the branch of Christianity that separated from Rome in the Great Schism of 1054?	Eastern Orthodoxy.	en
ENTY:religion	What is the name of the branch of Christianity that separated in 1054?	Eastern Orthodoxy.	en
ENTY:instru	What is the name of the brass instrument with a long sliding tube?	The trombone.	en
LOC:water	What is the name of the canal that connects the Atlantic and Pacific?	The Panama Canal.	en
ENTY:plant	What is the name of the carnivorous pitcher-shaped plant that traps prey in a pool of digestive fluid?	The Nepenthes.	en
ENTY:plant	What is the name of the carnivorous pitcher-shaped plant that traps prey in fluid?	The Nepenthes.	en
ENTY:plant	What is the name of the carnivorous plant that traps insects in its leaves?	The Venus flytrap.	en
ENTY:plant	What is the name of the carnivorous plant that traps insects in its sticky leaves?	The Venus flytrap.	en
ENTY:cremat	What is the name of the celebrated mural by Leonardo da Vinci of a final meal?	The Last Supper.	en
ENTY:lang	What is the name of the Celtic language still spoken in the Highlands of Scotland?	Gaelic.	en
ENTY:cremat	What is the name of the challenging modernist novel by James Joyce in Dublin?	Ulysses.	en
ENTY:substance	What is the name of the chemical compound with the formula H2O?	Water.	en
ENTY:religion	What is the name of the Christian group known for its simple living and rejection of modern technology?	The Amish.	en
ENTY:religion	What is the name of the Christian group known for its simple living and rejection of technology?	The Amish.	en
ENTY:religion	What is the name of the Christian group known for simple living and no tech?	The Amish.	en
LOC:city	What is the name of the city that is the capital of South Korea?	Seoul.	en
LOC:city	What is the name of the city that is the capital of the Russian Federation?	Moscow.	en
ENTY:body	What is the name of the clear front surface that covers the iris and pupil?	The cornea.	en
ENTY:body	What is the name of the clear front surface that covers the pupil?	The cornea.	en
ENTY:food	What is the name of the cold Spanish soup made of raw, blended vegetables?	Gazpacho.	en
ENTY:sport	What is the name of the combat sport first in the ancient Olympics?	Wrestling.	en
ENTY:sport	What is the name of the combat sport that uses a circular ring and was first part of the ancient Olympics?	Wrestling.	en
ENTY:veh	What is the name of the commercial airplane known as the 'Jumbo Jet'?	The Boeing 747.	en
ENTY:plant	What is the name of the common weed with yellow flowers that turn into puffballs?	The Dandelion.	en
ENTY:plant	What is the name of the common weed with yellow flowers that turn into white puffballs?	The Dandelion.	en
ENTY:event	What is the name of the conflict that began with the invasion of Poland?	World War II.	en
ENTY:other	What is the name of the constant representing the ratio of a circle's circumference to diameter?	Pi.	en
ENTY:other	What is the name of the constant representing the ratio of a circle's circumference to its diameter?	Pi.	en
LOC:landmass	What is the name of the continent that is home to the Amazon rainforest?	South America.	en
LOC:landmass	What is the name of the continent that is the only one located in all four hemispheres?	Africa.	en
LOC:country	What is the name of the country that has Buenos Aires as its capital?	Argentina.	en
LOC:country	What is the name of the country that has Buenos Aires as its primary capital city?	Argentina.	en
LOC:country	What is the name of the country that has Lisbon as its capital?	Portugal.	en
LOC:country	What is the name of the country that is the world's leading producer of coffee?	Brazil.	en
ENTY:currency	What is the name of the currency of Nigeria, used by millions in Africa?	The Nigerian Naira.	en
ENTY:currency	What is the name of the currency of the Russian Federation?	The Ruble.	en
ENTY:currency	What is the name of the currency of Vietnam, which has a very large exchange rate?	The Vietnamese Dong.	en
ENTY:currency	What is the name of the currency of Vietnam?	The Dong.	en
ENTY:currency	What is the name of the currency that was used in Germany before the Euro?	The Deutsche Mark.	en
ENTY:currency	What is the name of the currency used in Argentina that has faced recent high inflation?	The Peso.	en
ENTY:currency	What is the name of the currency used in Egypt which shares its name with the UK unit?	The Egyptian Pound.	en
ENTY:currency	What is the name of the currency used in Saudi Arabia?	The Riyal.	en
ENTY:currency	What is the name of the currency used in Vietnam that has a very high exchange rate?	The Dong.	en
ENTY:letter	What is the name of the Cyrillic character that sounds like 'sh'?	Sha.	en
ENTY:currency	What is the name of the decentralized digital currency that first launched in 2009?	Bitcoin.	en
ENTY:animal	What is the name of the deep-sea fish that uses a bioluminescent lure to hunt?	The Anglerfish.	en
LOC:water	What is the name of the deepest lake in the world located in Siberia?	Lake Baikal.	en
LOC:landmass	What is the name of the desert in South America that is the driest place on Earth?	The Atacama Desert.	en
LOC:landmass	What is the name of the desert located in the northern part of the nation of Chile?	The Atacama.	en
ENTY:currency	What is the name of the digital currency that was the first to use blockchain?	Bitcoin.	en
ENTY:instru	What is the name of the double-reed instrument with a deep, nasal tone?	The bassoon.	en
ENTY:cremat	What is the name of the dystopian novel by Aldous Huxley about a stable society?	Brave New World.	en
ENTY:instru	What is the name of the early 19th-century instrument that was the precursor to the tuba?	The ophicleide.	en
LOC:country	What is the name of the East African country famous for its national park safaris?	Kenya.	en
LOC:country	What is the name of the East African country famous for its safaris?	Kenya.	en
ENTY:other	What is the name of the economic system that advocates for state ownership of production?	Socialism.	en
ENTY:other	What is the name of the economic system that advocates for state ownership of the means of production?	Socialism.	en
ENTY:symbol	What is the name of the Egyptian symbol representing life?	The Ankh.	en
ENTY:veh	What is the name of the electric car maker known for its acceleration?	Tesla.	en
ENTY:instru	What is the name of the electronic device used to synthesize sound?	The synthesizer.	en
ENTY:animal	What is the name of the elusive forest-dwelling animal related to the giraffe found in Congo?	The Okapi.	en
HUM:gr	What is the name of the ethnic group native to the island of Madagascar?	The Malagasy.	en
HUM:gr	What is the name of the ethnic group that is native to the island of Japan?	The Japanese.	en
HUM:gr	What is the name of the ethnic group that is native to the island of Madagascar?	The Malagasy.	en
HUM:gr	What is the name of the ethnic group that lives in the Basque Country?	The Basques.	en
ENTY:plant	What is the name of the evergreen tree that is traditionally used as a Christmas tree?	The Fir tree.	en
ENTY:plant	What is the name of the evergreen tree that is used as a Christmas tree?	The Fir tree.	en
ENTY:cremat	What is the name of the fairy tale involving a lost glass slipper and a ball?	Cinderella.	en
ENTY:religion	What is the name of the faith that centers on the battle of light and dark?	Zoroastrianism.	en
ENTY:religion	What is the name of the faith that originated in Persia and centers on the battle between good and evil?	Zoroastrianism.	en
ENTY:religion	What is the name of the faith that originated in Persia and centers on the battle of light?	Zoroastrianism.	en
LOC:mount	What is the name of the famous peak in Switzerland known for its distinct shape?	The Matterhorn.	en
LOC:state	What is the name of the federal state in Germany that contains Berlin?	Berlin.	en
ENTY:food	What is the name of the fermented milk drink from the Caucasus?	Kefir.	en
ENTY:cremat	What is the name of the film where a young boy is left home alone?	Home Alone.	en
HUM:ind	What is the name of the filmmaker who directed the movie 'Schindler's List'?	Steven Spielberg.	en
ENTY:body	What is the name of the finger-like projection off the large intestine?	The appendix.	en
ENTY:product	What is the name of the first commercially successful home microwave oven?	The Radarange.	en
ENTY:letter	What is the name of the first letter of the Arabic alphabet?	Alif.	en
ENTY:product	What is the name of the flagship electric sedan manufactured by the company Tesla?	The Model S.	en
ENTY:product	What is the name of the flagship electric sedan manufactured by the firm Tesla?	The Model S.	en
ENTY:product	What is the name of the flagship gaming console released by Sony in 2020 to compete with the Xbox?	The PlayStation 5.	en
ENTY:body	What is the name of the flexible connective tissue found in joints?	Cartilage.	en
ENTY:animal	What is the name of the flightless parrot from New Zealand that is also nocturnal?	The Kakapo.	en
ENTY:plant	What is the name of the flower that follows the path of the sun throughout the day?	The Sunflower.	en
ENTY:plant	What is the name of the flower that follows the path of the sun?	The Sunflower.	en
ENTY:plant	What is the name of the flower that is a national symbol of Japan and blooms in spring?	The Cherry Blossom.	en
ENTY:plant	What is the name of the flower that is a national symbol of Japan?	The Cherry Blossom.	en
ENTY:body	What is the name of the fluid-filled structure in the inner ear for hearing?	The cochlea.	en
ENTY:other	What is the name of the force that keeps an object in a circular path?	Centripetal force.	en
ENTY:other	What is the name of the force that keeps an object moving in a circular path toward the center?	Centripetal force.	en
ENTY:animal	What is the name of the forest animal related to the giraffe found in the Congo?	The Okapi.	en
ENTY:substance	What is the name of the fossil fuel that is a liquid mixture of hydrocarbons?	Petroleum.	en
ENTY:instru	What is the name of the four-stringed guitar from Hawaii?	The ukulele.	en
LOC:landmass	What is the name of the frozen landmass that is not a continent at the North Pole?	The Arctic ice cap.	en
ENTY:sport	What is the name of the game that is the ancestor of modern tennis and was played by kings?	Real tennis.	en
ENTY:event	What is the name of the global conflict that lasted from 1939 to 1945?	World War II.	en
ENTY:religion	What is the name of the global faith that emphasizes the spiritual unity of all humankind?	The Baha'i Faith.	en
ENTY:religion	What is the name of the global faith that emphasizes the unity of humankind?	The Baha'i Faith.	en
ENTY:food	What is the name of the Greek dip made of yogurt and garlic?	Tzatziki.	en
ENTY:letter	What is the name of the Greek letter that indicates a small change?	Delta.	en
ENTY:letter	What is the name of the Greek letter that is used as a prefix for many scientific units?	Micro.	en
ENTY:letter	What is the name of the Greek letter that is used as a prefix for units?	Micro.	en
ENTY:substance	What is the name of the greenhouse gas produced by livestock?	Methane.	en
ENTY:substance	What is the name of the greenhouse gas that is produced by livestock and landfills?	Methane.	en
HUM:gr	What is the name of the group of islands and people that make up the Caribbean nation?	The Jamaicans.	en
HUM:gr	What is the name of the group that makes up the majority of the Caribbean population?	Afro-Caribbeans.	en
ENTY:instru	What is the name of the handheld bellows instrument with buttons?	The concertina.	en
ENTY:substance	What is the name of the hard, black mined substance for power?	Coal.	en
ENTY:substance	What is the name of the hard, black substance mined for energy?	Coal.	en
ENTY:letter	What is the name of the Hebrew letter that also means 'house'?	Bet.	en
LOC:landmass	What is the name of the high plateau in Asia often called the 'Roof of the World'?	The Tibetan Plateau.	en
ENTY:veh	What is the name of the high-speed train system used in Japan?	The Shinkansen.	en
LOC:mount	What is the name of the highest mountain in the British Isles?	Ben Nevis.	en
LOC:mount	What is the name of the highest mountain in the country of Mexico?	Pico de Orizaba.	en
LOC:mount	What is the name of the highest mountain in the world above sea level?	Mount Everest.	en
LOC:mount	What is the name of the highest mountain in the world?	Mount Everest.	en
LOC:mount	What is the name of the highest peak in the nation of Mexico today?	Pico de Orizaba.	en
LOC:mount	What is the name of the highest peak in the state of California?	Mount Whitney.	en
ENTY:instru	What is the name of the historical keyboard instrument that is the direct ancestor of the piano?	The clavichord.	en
ENTY:event	What is the name of the historical period of cultural rebirth in Italy?	The Renaissance.	en
ENTY:instru	What is the name of the horizontal woodwind instrument?	The flute.	en
ENTY:animal	What is the name of the insect that builds complex social hives and makes honey?	The Honey Bee.	en
ENTY:instru	What is the name of the instrument played without touching it?	The theremin.	en
ENTY:instru	What is the name of the instrument that produces sound via spinning glass?	The glass armonica.	en
HUM:gr	What is the name of the international organization that provides humanitarian aid?	The Red Cross.	en
ENTY:food	What is the name of the Japanese soup made with soybean paste?	Miso soup.	en
ENTY:techmeth	What is the name of the laboratory technique used to separate components of a mixture based on size?	Chromatography.	en
LOC:country	What is the name of the landlocked country in South America that borders Brazil and Argentina?	Paraguay.	en
LOC:landmass	What is the name of the landmass that separates Europe from Asia?	The Ural Mountains.	en
ENTY:lang	What is the name of the language family that includes English, Hindi, and Greek?	Indo-European.	en
ENTY:lang	What is the name of the language family that includes the majority of the languages in Africa?	Bantu.	en
ENTY:lang	What is the name of the language isolate spoken in northern Spain and France?	Basque.	en
ENTY:lang	What is the name of the language isolate spoken in northern Spain?	Basque.	en
ENTY:lang	What is the name of the language revived in the 20th century for use in Israel?	Modern Hebrew.	en
ENTY:lang	What is the name of the language spoken by the Aztecs?	Nahuatl.	en
ENTY:lang	What is the name of the language spoken in the Highlands of Scotland?	Scottish Gaelic.	en
ENTY:lang	What is the name of the language that serves as the lingua franca of East Africa?	Swahili.	en
ENTY:lang	What is the name of the language that uses the Hangul writing system?	Korean.	en
LOC:water	What is the name of the large inland sea located in Eastern Europe?	The Black Sea.	en
LOC:landmass	What is the name of the large island located off the southeast coast of Africa?	Madagascar.	en
ENTY:instru	What is the name of the large keyboard instrument with many pipes?	The pipe organ.	en
LOC:water	What is the name of the large lake located between Peru and Bolivia?	Lake Titicaca.	en
LOC:water	What is the name of the large lake located between the nations of Peru and Bolivia?	Lake Titicaca.	en
ENTY:instru	What is the name of the large low-pitched brass instrument?	The tuba.	en
ENTY:animal	What is the name of the large mammal with a horn made of keratin found in Africa?	The Rhinoceros.	en
ENTY:instru	What is the name of the large percussion drums tuned with a pedal?	The timpani.	en
ENTY:instru	What is the name of the large percussion instrument with a foot pedal?	The timpani.	en
ENTY:instru	What is the name of the large, low-pitched brass instrument with valves?	The tuba.	en
LOC:city	What is the name of the largest city in the European Union?	Berlin.	en
ENTY:veh	What is the name of the largest container ship currently in the world?	The Ever Alot.	en
ENTY:veh	What is the name of the largest container ship currently operating in the world?	The Ever Alot.	en
LOC:landmass	What is the name of the largest continent in the world by population?	Asia.	en
LOC:landmass	What is the name of the largest desert in the world located in Africa?	The Sahara.	en
LOC:landmass	What is the name of the largest island in the world not considered a continent?	Greenland.	en
LOC:state	What is the name of the largest state in Mexico in terms of land area?	Chihuahua.	en
LOC:state	What is the name of the largest state in the United States by area?	Alaska.	en
ENTY:other	What is the name of the legal document that allows a person to transfer property after death?	A will.	en
ENTY:other	What is the name of the legal document that allows a person to transfer property after their death?	A will.	en
ENTY:other	What is the name of the legal protection given to an inventor to prevent others from making or selling an invention?	A patent.	en
ENTY:other	What is the name of the legal protection given to an inventor to prevent others from selling an invention?	A patent.	en
ENTY:letter	What is the name of the letter that signifies a unknown in algebra?	x.	en
ENTY:letter	What is the name of the letter used to denote an angle in geometry?	Theta.	en
ENTY:substance	What is the name of the liquid fuel mixture of hydrocarbons?	Petroleum.	en
LOC:water	What is the name of the longest river in the entire world?	The Nile.	en
ENTY:veh	What is the name of the luxury train that historically traveled from Paris to Istanbul?	The Orient Express.	en
ENTY:veh	What is the name of the luxury train that traveled to Istanbul?	The Orient Express.	en
ENTY:religion	What is the name of the major religion practiced by the population in India?	Hinduism.	en
LOC:landmass	What is the name of the massive landmass that exists at the South Pole?	Antarctica.	en
LOC:mount	What is the name of the massive mountain system in Central Asia?	The Himalayas.	en
ENTY:other	What is the name of the mathematical constant 'e', which is approximately equal to 2.718 and used in calculus?	Euler's number.	en
ENTY:symbol	What is the name of the mathematical symbol used for the summation of a series?	Sigma.	en
ENTY:body	What is the name of the membrane that surrounds and protects the human heart?	The pericardium.	en
ENTY:body	What is the name of the membrane that surrounds and protects the lungs?	The pleura.	en
ENTY:substance	What is the name of the metal that is a liquid at room temp?	Mercury.	en
ENTY:substance	What is the name of the metal that is a liquid at room temperature?	Mercury.	en
ENTY:techmeth	What is the name of the method for generating electricity from sunlight using semiconductors?	Photovoltaics.	en
ENTY:techmeth	What is the name of the method for solar electricity today?	Photovoltaics.	en
ENTY:techmeth	What is the name of the method to age organic materials?	Radiocarbon dating.	en
ENTY:techmeth	What is the name of the method to map the ocean floor today?	Sonar.	en
ENTY:techmeth	What is the name of the method used to determine the age of ancient organic materials?	Radiocarbon dating.	en
ENTY:food	What is the name of the Mexican dish of meat in a corn husk?	The tamale.	en
ENTY:food	What is the name of the Mexican sauce made with chocolate and chili?	Mole.	en
ENTY:food	What is the name of the Middle Eastern dish made of chickpeas?	Falafel.	en
ENTY:food	What is the name of the Middle Eastern dish made of ground chickpeas?	Falafel.	en
ENTY:product	What is the name of the modern smartphone released by Apple in 2023 with a titanium frame?	The iPhone 15 Pro.	en
ENTY:product	What is the name of the modern smartphone released by Apple with a titanium frame?	The iPhone 15 Pro.	en
LOC:city	What is the name of the most populous city in the world today?	Tokyo.	en
LOC:state	What is the name of the most populous province in the country of Pakistan?	Punjab.	en
LOC:state	What is the name of the most populous state in the nation of India?	Uttar Pradesh.	en
LOC:state	What is the name of the most populous state in the nation of Nigeria?	Lagos.	en
LOC:state	What is the name of the most populous state in the United States?	California.	en
LOC:mount	What is the name of the mountain in Turkey that is associated with Noah's Ark?	Mount Ararat.	en
LOC:mount	What is the name of the mountain range that contains the famous Khyber Pass?	The Hindu Kush.	en
LOC:mount	What is the name of the mountain range that is the backbone of South America?	The Andes.	en
LOC:mount	What is the name of the mountain range that runs along the spine of Italy?	The Apennines.	en
LOC:mount	What is the name of the mountain range that separates the Indian subcontinent?	The Himalayas.	en
LOC:mount	What is the name of the mountain where the ten commandments were received?	Mount Sinai.	en
ENTY:body	What is the name of the muscular tube that connects the mouth to the stomach?	The esophagus.	en
ENTY:body	What is the name of the muscular tube that connects the throat to the stomach?	The esophagus.	en
ENTY:veh	What is the name of the NASA spacecraft that first landed humans on the Moon?	The Lunar Module.	en
ENTY:veh	What is the name of the NASA spacecraft that first landed on the Moon?	The Lunar Module.	en
LOC:city	What is the name of the national capital city of Canada?	Ottawa.	en
ENTY:sport	What is the name of the national sport of the country of Japan?	Sumo wrestling.	en
ENTY:religion	What is the name of the non-theistic religion founded by Siddhartha Gautama?	Buddhism.	en
LOC:water	What is the name of the ocean that is the largest on the planet Earth?	The Pacific.	en
ENTY:currency	What is the name of the official currency of the nation of Turkey?	The Lira.	en
ENTY:currency	What is the name of the official currency used in the state of Israel today?	The New Shekel.	en
HUM:gr	What is the name of the organization that manages the Olympic Games?	The IOC.	en
ENTY:sport	What is the name of the outdoor sport for climbing natural rock walls?	Rock climbing.	en
ENTY:cremat	What is the name of the painting by Edvard Munch featuring a screaming figure?	The Scream.	en
ENTY:other	What is the name of the part of the atmosphere that protects the Earth from harmful solar radiation?	The ozone layer.	en
ENTY:other	What is the name of the part of the atmosphere that protects the Earth from UV radiation?	The ozone layer.	en
LOC:landmass	What is the name of the peninsula in North America that contains Mexico and Belize?	The Yucatan Peninsula.	en
LOC:landmass	What is the name of the peninsula that contains Italy?	The Italian Peninsula.	en
LOC:landmass	What is the name of the peninsula that contains the country of Italy?	The Italian Peninsula.	en
ENTY:other	What is the name of the physical property that allows an object to return to its original shape?	Elasticity.	en
ENTY:substance	What is the name of the poisonous gas from incomplete burning?	Carbon monoxide.	en
ENTY:substance	What is the name of the poisonous gas produced by the incomplete combustion of carbon?	Carbon monoxide.	en
ENTY:food	What is the name of the popular Italian dessert made with coffee and ladyfingers?	Tiramisu.	en
ENTY:sport	What is the name of the popular outdoor sport that involves climbing natural rock walls?	Rock climbing.	en
ENTY:sport	What is the name of the popular sport in India and Pakistan that uses a flat bat?	Cricket.	en
ENTY:sport	What is the name of the popular sport in India that uses a flat bat?	Cricket.	en
ENTY:body	What is the name of the primary muscle responsible for the process of breathing?	The diaphragm.	en
ENTY:animal	What is the name of the primate that is our closest genetic relative in the wild?	The Chimpanzee.	en
ENTY:techmeth	What is the name of the process by which crude oil is separated into components?	Fractional distillation.	en
ENTY:techmeth	What is the name of the process to create objects by layering?	3D printing.	en
ENTY:techmeth	What is the name of the process to freeze-dry food products?	Lyophilization.	en
ENTY:techmeth	What is the name of the process to remove salt from water?	Desalination.	en
ENTY:techmeth	What is the name of the process to separate crude oil?	Distillation.	en
ENTY:techmeth	What is the name of the process used to create objects by layering plastic?	3D printing.	en
ENTY:techmeth	What is the name of the process used to freeze-dry food for long-term storage?	Lyophilization.	en
ENTY:techmeth	What is the name of the process used to remove salt from seawater for drinking?	Desalination.	en
ENTY:body	What is the name of the protective outer layer of a human tooth?	Enamel.	en
ENTY:substance	What is the name of the radioactive element for nuclear reactors?	Uranium.	en
ENTY:substance	What is the name of the radioactive element used in nuclear reactors?	Uranium.	en
ENTY:religion	What is the name of the religion founded in the 15th century in the Punjab region of India?	Sikhism.	en
ENTY:religion	What is the name of the religion founded in the 15th century in the Punjab region?	Sikhism.	en
ENTY:religion	What is the name of the religion founded in the 15th century in the Punjab?	Sikhism.	en
ENTY:religion	What is the name of the religion that follows the teachings of the Prophet Muhammad?	Islam.	en
ENTY:symbol	What is the name of the religious symbol that is a six-pointed star?	The Star of David.	en
LOC:water	What is the name of the river that flows into the Hudson Bay in Canada?	The Nelson River.	en
LOC:water	What is the name of the river that flows through the Grand Canyon in Arizona?	The Colorado River.	en
LOC:water	What is the name of the river that flows through the Grand Canyon?	The Colorado River.	en
LOC:water	What is the name of the river that forms the border between the US and Mexico?	The Rio Grande.	en
LOC:water	What is the name of the river that is sacred to the Hindu people?	The Ganges.	en
LOC:water	What is the name of the river that is the primary source of life for ancient Egypt?	The Nile.	en
LOC:water	What is the name of the river that is the primary source of water for Egypt?	The Nile.	en
ENTY:cremat	What is the name of the science fiction film directed by Ridley Scott about a replicant?	Blade Runner.	en
ENTY:other	What is the name of the scientific instrument used to measure the intensity and duration of an earthquake?	A seismograph.	en
ENTY:other	What is the name of the scientific instrument used to measure the intensity of an earthquake?	A seismograph.	en
ENTY:techmeth	What is the name of the scientific method that uses sound waves to map the ocean floor?	Sonar.	en
HUM:ind	What is the name of the scientist who developed the theory of relativity?	Albert Einstein.	en
ENTY:animal	What is the name of the sea creature that has eight arms and three hearts?	The Octopus.	en
LOC:water	What is the name of the sea that separates Europe and Africa?	The Mediterranean.	en
ENTY:religion	What is the name of the secretive religious group in the Middle East that incorporates elements of many faiths?	The Druze.	en
ENTY:religion	What is the name of the secretive religious group in the Middle East that incorporates many elements?	The Druze.	en
ENTY:religion	What is the name of the secretive religious group in the Middle East today?	The Druze.	en
ENTY:body	What is the name of the small, finger-like projection off the large intestine?	The appendix.	en
ENTY:plant	What is the name of the small, purple flowering plant used for fragrance?	Lavender.	en
ENTY:plant	What is the name of the small, purple flowering plant used for its relaxing fragrance?	Lavender.	en
ENTY:food	What is the name of the small, savory dumplings popular in Chinese dim sum?	Siu Mai.	en
ENTY:instru	What is the name of the smallest and highest-pitched string instrument?	The violin.	en
LOC:state	What is the name of the smallest state in India by land area?	Goa.	en
ENTY:product	What is the name of the sophisticated machinery used in the manufacture of semiconductors by the company ASML?	EUV Lithography systems.	en
ENTY:techmeth	What is the name of the space propulsion technology that uses electrical energy to accelerate ions?	Ion thrusters.	en
ENTY:techmeth	What is the name of the space propulsion using accelerated ions?	Ion thrusters.	en
ENTY:body	What is the name of the specialized cells that carry oxygen in the blood?	Erythrocytes.	en
ENTY:veh	What is the name of the specific electric car manufacturer known for its 'Ludicrous Mode' acceleration?	Tesla.	en
ENTY:veh	What is the name of the specific type of submarine that is powered by a nuclear reactor and stays submerged for months?	A SSN submarine.	en
ENTY:sport	What is the name of the sport called the 'king of sports' in Europe?	Association football.	en
ENTY:sport	What is the name of the sport played with sticks and a puck on ice?	Ice hockey.	en
ENTY:sport	What is the name of the sport that is often called the 'king of sports' in Europe?	Association football.	en
ENTY:sport	What is the name of the sport that uses a bow and arrow for targets?	Archery.	en
ENTY:sport	What is the name of the sport that uses a bow and arrow to hit a target?	Archery.	en
ENTY:sport	What is the name of the sport where players use sticks to hit a puck into a net?	Ice hockey.	en
LOC:state	What is the name of the state in Brazil that contains the Amazon mouth?	Pará.	en
LOC:state	What is the name of the state in Mexico that borders the city of El Paso?	Chihuahua.	en
LOC:state	What is the name of the state in the US that contains the city of Las Vegas?	Nevada.	en
LOC:state	What is the name of the state in the US that was once an independent republic?	Texas.	en
ENTY:instru	What is the name of the string instrument played with a bow and seated?	The cello.	en
ENTY:substance	What is the name of the strong, lightweight metal for aircraft?	Titanium.	en
ENTY:substance	What is the name of the strong, lightweight metal used in aerospace?	Titanium.	en
ENTY:veh	What is the name of the submarine that is powered by a nuclear reactor?	A SSN submarine.	en
ENTY:substance	What is the name of the substance found in the teeth and bones of humans for strength?	Calcium hydroxyapatite.	en
ENTY:substance	What is the name of the substance in bones for strength?	Calcium.	en
ENTY:veh	What is the name of the supersonic passenger jet retired in 2003?	The Concorde.	en
ENTY:veh	What is the name of the supersonic passenger jet that was retired in 2003?	The Concorde.	en
ENTY:symbol	What is the name of the symbol that signifies a radioactive hazard?	The Trefoil.	en
ENTY:symbol	What is the name of the symbol used by pharmacists that features a snake?	The Bowl of Hygieia.	en
ENTY:symbol	What is the name of the symbol used for the pound sterling currency in the United Kingdom?	The pound sign.	en
ENTY:symbol	What is the name of the symbol used in music to represent a sharp note on a staff?	The sharp sign.	en
ENTY:symbol	What is the name of the symbol used in music to represent a sharp note?	The sharp sign.	en
ENTY:plant	What is the name of the tall, woody grass that is the fastest-growing on Earth?	Bamboo.	en
ENTY:plant	What is the name of the tall, woody grass that is the fastest-growing plant on Earth?	Bamboo.	en
LOC:mount	What is the name of the tallest peak in North America?	Denali.	en
LOC:mount	What is the name of the tallest peak in the continent of Antarctica?	Vinson Massif.	en
ENTY:sport	What is the name of the team sport played with an oval-shaped ball in the US?	American football.	en
ENTY:sport	What is the name of the team sport with an oval ball in the US?	American football.	en
ENTY:techmeth	What is the name of the tech for noise-canceling headsets?	Active noise control.	en
ENTY:techmeth	What is the name of the tech for satellite location tracking?	GPS.	en
ENTY:techmeth	What is the name of the tech for short-range wireless use?	Bluetooth.	en
ENTY:techmeth	What is the name of the technique to separate mixtures by size?	Chromatography.	en
ENTY:techmeth	What is the name of the technology that allows for wireless communication over short distances?	Bluetooth.	en
ENTY:techmeth	What is the name of the technology used in noise-canceling headphones to block sound?	Active noise control.	en
ENTY:techmeth	What is the name of the technology used to track the location of an object using satellites?	GPS.	en
ENTY:food	What is the name of the thin Indian bread baked in a clay oven?	Naan.	en
ENTY:instru	What is the name of the three-stringed Russian folk instrument?	The balalaika.	en
ENTY:lang	What is the name of the tonal language spoken in Thailand?	Thai.	en
ENTY:lang	What is the name of the tonal language spoken in Vietnam today?	Vietnamese.	en
ENTY:product	What is the name of the toy spring that 'walks' down stairs when pushed?	The Slinky.	en
ENTY:food	What is the name of the traditional British dish of meat and potatoes?	Shepherd's Pie.	en
ENTY:instru	What is the name of the traditional Indian stringed instrument?	The sitar.	en
ENTY:food	What is the name of the traditional Spanish rice dish with seafood?	Paella.	en
LOC:landmass	What is the name of the tropical island shared by three different countries?	Borneo.	en
ENTY:veh	What is the name of the underwater vessel used for deep-sea research?	A Submersible.	en
ENTY:animal	What is the name of the venomous snake that is the longest in the world?	The King Cobra.	en
LOC:landmass	What is the name of the volcanic island archipelago belonging to Ecuador?	The Galapagos.	en
LOC:landmass	What is the name of the volcanic island archipelago in the Pacific belonging to Ecuador?	The Galapagos Islands.	en
ENTY:letter	What is the name of the vowel that can also function as a consonant in words like 'yellow'?	Y.	en
ENTY:letter	What is the name of the vowel that can also function as a consonant?	Y.	en
ENTY:body	What is the name of the windpipe that carries air to the lungs?	The trachea.	en
ENTY:sport	What is the name of the winter sport for sliding head-first on ice?	Skeleton.	en
ENTY:sport	What is the name of the winter sport where athletes slide head-first down an ice track?	Skeleton.	en
ENTY:instru	What is the name of the woodwind instrument with a single reed?	The clarinet.	en
ENTY:sport	What is the national sport of the country of Japan?	Sumo wrestling.	en
NUM:temp	What is the normal human liver temperature?	37 degrees Celsius.	en
NUM:temp	What is the normal operating temperature of the human liver organ?	37 degrees.	en
NUM:count	What is the number of books in the original 'Chronicles of Narnia' series?	Seven.	en
NUM:count	What is the number of elements on the modern periodic table?	118.	en
LOC:city	What is the official capital city of the nation of Australia in the southern hemisphere?	Canberra.	en
LOC:city	What is the official capital city of the nation of Australia?	Canberra.	en
ENTY:currency	What is the official currency of the island nation of Jamaica in the Caribbean?	The Jamaican Dollar.	en
ENTY:currency	What is the official currency of the island nation of Jamaica?	The Jamaican Dollar.	en
ENTY:currency	What is the official currency of the People's Republic of China?	The Renminbi.	en
ENTY:currency	What is the official currency of the Russian Federation?	The Russian Ruble.	en
ENTY:currency	What is the official currency used in the nation of Turkey as of 2024?	The Lira.	en
ENTY:lang	What is the official language of the nation of Thailand?	Thai.	en
ENTY:lang	What is the official language of the state of Iran?	Persian.	en
ENTY:lang	What is the official language of the state of Israel?	Hebrew.	en
ENTY:lang	What is the official language spoken in the country of Brazil?	Portuguese.	en
ENTY:religion	What is the official name of the church commonly known as the Mormon Church today?	The Church of Jesus Christ of Latter-day Saints.	en
ENTY:religion	What is the official name of the church commonly known as the Mormon Church?	The LDS Church.	en
ENTY:religion	What is the official name of the church founded by Joseph Smith?	The LDS Church.	en
ABBR:abb	What is the official shorthand for the 'International Monetary Fund' and how is it written?	IMF	en
ABBR:abb	What is the official shorthand for the Department of Housing and Urban Development in the US government?	HUD	en
HUM:title	What is the official title of the head of state in various parliamentary republics like Italy?	President.	en
HUM:title	What is the official title of the person serving as head of the UN?	Secretary-General.	en
HUM:title	What is the official title of the person serving as the head of the UN?	Secretary-General.	en
ENTY:currency	What is the official unit of currency used in the state of Turkey?	The Turkish Lira.	en
ENTY:animal	What is the only mammal capable of true powered flight?	The Bat.	en
NUM:other	What is the orbital eccentricity of the planet Earth today?	0.0167.	en
NUM:temp	What is the peak temperature of lightning?	30,000 Kelvin.	en
NUM:temp	What is the peak temperature within a typical lightning strike event?	30,000 Kelvin.	en
NUM:temp	What is the peak temperature within a typical lightning strike?	30,000 Kelvin.	en
NUM:perc	What is the percentage of carbon dioxide emissions caused by aviation?	2.5 percent.	en
NUM:perc	What is the percentage of carbon dioxide emissions from aviation?	2.5 percent.	en
NUM:perc	What is the percentage of nitrogen gas in the Earth's atmosphere?	78 percent.	en
NUM:perc	What is the percentage of pure gold found in an 18-karat ring?	75 percent.	en
NUM:perc	What is the percentage of pure gold in an 18-karat gold ring?	75 percent.	en
NUM:perc	What is the percentage of silver in a standard sterling silver alloy?	92.5 percent.	en
NUM:perc	What is the percentage of silver in sterling silver alloy?	92.5 percent.	en
ENTY:word	What is the plural form of the scientific word 'phenomenon'?	Phenomena.	en
ENTY:word	What is the plural form of the word 'alumnus' for a male graduate?	Alumni.	en
NUM:ord	What is the position of the Nile among the longest rivers globally?	First.	en
NUM:code	What is the postal code for the Burj Khalifa in Dubai?	00000.	en
NUM:money	What is the price of a first-class ticket on the Orient Express?	,000.	en
ENTY:substance	What is the primary chemical element found in a diamond?	Carbon.	en
ENTY:substance	What is the primary chemical element found in a natural diamond?	Carbon.	en
ENTY:color	What is the primary color found on the United Nations flag?	Light blue.	en
ENTY:color	What is the primary color of the United Nations flag?	Light blue.	en
ENTY:currency	What is the primary currency used for international trade in oil?	The US Dollar.	en
ENTY:body	What is the primary function of the pineal gland in humans?	The pineal gland.	en
ENTY:food	What is the primary ingredient in a traditional Japanese miso soup?	Soybean paste.	en
ENTY:food	What is the primary ingredient in the Mexican sauce known as Mole?	Chocolate and chili.	en
ENTY:lang	What is the primary language spoken by the majority of the population in China?	Mandarin.	en
ENTY:lang	What is the primary language spoken in the nation of China?	Mandarin.	en
ENTY:religion	What is the primary religion practiced by the majority of the population in India?	Hinduism.	en
DESC:manner	What is the procedure for making authentic Greek yogurt from scratch including the straining?	Straining regular yogurt to remove the whey liquid.	en
DESC:manner	What is the procedure for making authentic Greek yogurt including the straining of the liquid?	Straining fermented milk to remove the watery whey.	en
DESC:manner	What is the procedure for performing a basic CPR?	Chest compressions and rescue breaths for victims.	en
DESC:manner	What is the procedure for registering a new business entity?	Submit articles of incorporation to the state office.	en
DESC:manner	What is the process of recycling aluminum cans today?	Melting the metal to cast it into new forms.	en
DESC:manner	What is the process of recycling lithium-ion batteries today?	Shredding the cells and extracting the valuable metals.	en
ENTY:body	What is the protective outer layer of a human tooth called?	Enamel.	en
HUM:title	What is the rank of a four-star officer in the US Army?	General.	en
NUM:speed	What is the recorded top speed of a cyclist in a road sprint?	45 mph.	en
NUM:speed	What is the recorded top speed of a professional cyclist in a road sprint?	45 mph.	en
NUM:other	What is the refractive index of a standard piece of glass?	1.5.	en
NUM:other	What is the refractive index of a standard piece of window glass?	1.52.	en
HUM:title	What is the religious title of the head of the Church of England?	Archbishop.	en
NUM:temp	What is the required storage for dry ice?	-78 degrees Celsius.	en
NUM:temp	What is the required storage temperature for solid dry ice blocks?	-78 degrees.	en
NUM:other	What is the Richter scale magnitude of a 'great' earthquake?	8.0 or higher.	en
NUM:other	What is the Richter scale magnitude of a 'major' earthquake?	7.0 to 7.9.	en
HUM:desc	What is the role of a crisis negotiator in a police force?	Using psychological techniques to end dangerous standoffs.	en
DESC:desc	What is the role of a crisis negotiator in law enforcement and the techniques they use?	Using psychology to end dangerous standoffs.	en
DESC:desc	What is the role of a flight attendant during travel?	Ensuring safety and comfort of passengers.	en
DESC:desc	What is the role of a flight navigator in early 20th century planes?	Using maps and stars to guide the pilot's path.	en
DESC:desc	What is the role of a mentor in a professional business setting?	A guide who provides advice and career support.	en
HUM:desc	What is the role of a midwife in a community healthcare setting?	Assisting women during pregnancy and the birthing process.	en
DESC:desc	What is the role of a midwife in maternal healthcare?	Assisting women during pregnancy and birth.	en
DESC:desc	What is the role of a patent attorney in the protection of new inventions today?	Legal expert who files and defends technical patents.	en
HUM:desc	What is the role of a pediatric speech therapist for children?	Helping children with communication and swallowing disorders.	en
DESC:desc	What is the role of a pediatric speech therapist?	Helping children with communication disorders.	en
DESC:desc	What is the role of a professional sports scout for a major team?	Traveling to find and evaluate talented new players.	en
HUM:desc	What is the role of a restorative dentist in patient care and how do they differ from a general one?	Repairing or replacing damaged or missing teeth for health.	en
HUM:desc	What is the role of a restorative dentist in patient care today?	Repairing or replacing damaged or missing teeth for health.	en
HUM:desc	What is the role of an urban planner in a growing city?	Designing land use and managing city infrastructure growth.	en
NUM:speed	What is the rotation speed of a record player at 33 RPM?	33 RPM.	en
NUM:speed	What is the rotation speed of a standard record player at 33 RPM?	33 RPM.	en
NUM:other	What is the Schwarzschild radius of the Sun in kilometers?	3 km.	en
DESC:def	What is the scientific definition of a hurricane in meteorology?	A tropical cyclone with winds over 74 mph.	en
DESC:def	What is the scientific definition of a hurricane in the field of meteorology?	A tropical cyclone with winds exceeding 74 miles per hour.	en
ENTY:termeq	What is the scientific name for the 'Milky Way' galaxy system?	The Via Lactea.	en
ENTY:termeq	What is the scientific name for the 'Milky Way' galaxy?	The Via Lactea.	en
ENTY:termeq	What is the scientific name for the common house cat found in homes?	Felis catus.	en
DESC:reason	What is the scientific reason behind the formation of a rainbow?	Reflection and refraction in water droplets.	en
DESC:reason	What is the scientific reason for the existence of tides on Earth's oceans and the moon's role?	Gravitational pull exerted by the moon and sun.	en
DESC:reason	What is the scientific reason for the existence of tides on Earth, and could you explain the gravitational roles of both the Moon and the Sun?	The gravitational pull of the moon and sun on the Earth's oceans.	en
ENTY:termeq	What is the scientific term for the common honey bee species?	Apis mellifera.	en
ENTY:termeq	What is the scientific term for the common honey bee?	Apis mellifera.	en
NUM:ord	What is the second letter of the standard modern English alphabet?	B.	en
NUM:ord	What is the second most common element in the universe by mass?	Helium.	en
ABBR:abb	What is the shorthand for Chief Executive Officer?	CEO	en
ABBR:abb	What is the shorthand for information technology?	IT	en
ABBR:abb	What is the shorthand for the American Standard Code for Information Interchange?	ASCII	en
ABBR:abb	What is the shorthand for the cryptocurrency Bitcoin?	BTC	en
ABBR:abb	What is the shorthand for the cryptocurrency known as Bitcoin?	BTC	en
NUM:code	What is the social security number format in the United States?	XXX-XX-XXXX.	en
ABBR:abb	What is the specific abbreviation used for the chemical compound Carbon Dioxide in scientific literature?	CO2	en
ABBR:abb	What is the specific abbreviation used for the chemical compound Carbon Dioxide in scientific papers?	CO2	en
NUM:other	What is the specific gravity of pure liquid water at 4C?	1.0.	en
NUM:other	What is the specific gravity of pure solid gold at room temp?	19.3.	en
LOC:other	What is the specific location of the CERN Large Hadron Collider?	Near Geneva.	en
HUM:title	What is the specific rank of an Admiral in the United States Coast Guard?	Admiral.	en
ABBR:abb	What is the standard abbreviation for the element Gold?	Au	en
ABBR:abb	What is the standard abbreviation for the element Silver?	Ag	en
NUM:period	What is the standard duration of a summer vacation for students in France?	Eight weeks.	en
ABBR:abb	What is the standard medical abbreviation used by pharmacists to indicate that a drug is taken 'after meals'?	PC	en
ABBR:abb	What is the standard medical abbreviation used by pharmacists to indicate that a medication is taken 'after meals'?	PC	en
NUM:money	What is the starting salary for a junior software engineer in London?	£40,000.	en
NUM:volsize	What is the storage capacity of a standard 55-gallon oil barrel?	208 liters.	en
NUM:volsize	What is the storage capacity of a standard 55-gallon steel oil barrel?	208 liters.	en
ENTY:word	What is the superlative form of the adjective 'fast' in a sentence?	Fastest.	en
NUM:temp	What is the surface temperature of a red dwarf star?	3,000 Kelvin.	en
ENTY:symbol	What is the swastika's historical name?	The Swastika.	en
ENTY:symbol	What is the symbol for the Greek letter Alpha?	Α.	en
DESC:def	What is the technical definition of 'machine learning' in computer science and its use of statistical models?	Algorithms that improve through experience.	en
DESC:def	What is the technical definition of 'machine learning' in computer science, and how does it differ from traditional rule-based programming methods used today?	The use and development of computer systems that are able to learn and adapt without following explicit instructions, by using algorithms and statistical models to analyze and draw inferences from patterns in data.	en
NUM:temp	What is the temperature at the bottom of the deep ocean?	2 degrees Celsius.	en
NUM:temp	What is the temperature of the cosmic microwave background radiation?	2.7 Kelvin.	en
NUM:temp	What is the temperature of the cosmic microwave background?	2.7 Kelvin.	en
NUM:ord	What is the tenth element on the modern periodic table of elements?	Neon.	en
ENTY:letter	What is the tenth letter of the standard modern English alphabet?	J.	en
ENTY:other	What is the term for a word that is spelled the same way both forwards and backwards in English?	A palindrome.	en
ENTY:other	What is the term for a word that is spelled the same way both forwards and backwards?	A palindrome.	en
NUM:ord	What is the third largest ocean in the world by surface area?	The Indian Ocean.	en
ABBR:abb	What is the three-letter code for London Heathrow airport?	LHR	en
NUM:temp	What is the tip temperature of a soldering iron?	350 degrees Celsius.	en
NUM:temp	What is the tip temperature of a standard electronic soldering iron?	350 degrees.	en
ENTY:cremat	What is the title of the landmark painting by Claude Monet that started a movement?	Impression, Sunrise.	en
HUM:title	What is the title of the medical professional heading a department?	Clinical Director.	en
HUM:title	What is the title of the medical professional who heads a hospital department?	Clinical Director.	en
NUM:speed	What is the top speed of a cheetah in a short burst of speed?	70 mph.	en
NUM:speed	What is the top speed of a cheetah in a short twenty-second burst?	70 mph.	en
NUM:speed	What is the top speed of the fastest land animal and acceleration?	0 to 60 in 3s.	en
NUM:speed	What is the top speed of the fastest land animal and its acceleration?	0 to 60 in 3 seconds.	en
NUM:code	What is the top-level domain for the country of Japan?	.jp.	en
NUM:money	What is the total amount of international aid provided by the US annually?	0 billion.	en
NUM:money	What is the total amount of money paid for the Alaska Purchase?	.2 million.	en
NUM:count	What is the total count of amendments in the US Constitution?	27.	en
NUM:count	What is the total count of strings on a standard orchestral violin?	Four.	en
NUM:volsize	What is the total displacement of a modern aircraft carrier ship?	100,000 tons.	en
NUM:volsize	What is the total displacement volume of a modern aircraft carrier ship?	100,000 tons.	en
NUM:dist	What is the total length of the Great Wall of China in kilometers?	21,196 km.	en
NUM:count	What is the total number of black keys on a standard grand piano?	36.	en
NUM:count	What is the total number of keys in the modern English alphabet?	26.	en
NUM:count	What is the total number of players allowed on a soccer field per team?	Eleven.	en
NUM:count	What is the total number of professional teams in the NFL?	32.	en
NUM:count	What is the total number of years that the dinosaurs existed?	165 million.	en
NUM:volsize	What is the total volume of water contained in the five Great Lakes?	22,000 cubic km.	en
NUM:volsize	What is the total volume of water contained in the Great Lakes?	22,000 cubic km.	en
NUM:weight	What is the total weight of the Eiffel Tower in Paris?	10,000 tons.	en
NUM:weight	What is the total weight of the Eiffel Tower iron structure located in Paris?	10,100 tons.	en
ENTY:color	What is the traditional color for a wedding dress in China?	Red.	en
NUM:speed	What is the transmission speed of a nerve impulse in the body?	250 mph.	en
NUM:speed	What is the transmission speed of a nerve impulse in the human body?	250 mph.	en
ABBR:abb	What is the two-letter code for the state of Florida?	FL	en
NUM:period	What is the typical duration of a performance of the opera Carmen?	Three hours.	en
NUM:period	What is the typical gestation period for a human pregnancy in weeks?	40 weeks.	en
NUM:temp	What is the typical surface temperature of a red dwarf star?	3,000 Kelvin.	en
NUM:period	What is the typical time required for a bone to heal after a fracture?	Six to eight weeks.	en
NUM:other	What is the value of the gravitational constant G in physics?	6.67 x 10^-11.	en
NUM:other	What is the value of the ideal gas constant R in metric units?	8.314 J/molK.	en
NUM:other	What is the value of the ideal gas constant R in units?	8.314 J/molK.	en
NUM:other	What is the value of the Josephson constant in electronics?	483,597 GHz/V.	en
NUM:other	What is the value of the Josephson constant used in electronics?	483,597.8 GHz/V.	en
NUM:other	What is the value of the permitivity of free space epsilon-0?	8.85 x 10^-12.	en
NUM:other	What is the value of the permittivity of free space epsilon-0?	8.85 x 10^-12 F/m.	en
NUM:other	What is the value of the universal gravitational constant G?	6.67 x 10^-11.	en
NUM:volsize	What is the volume of a standard 12-ounce can of soda in milliliters today?	355 ml.	en
NUM:volsize	What is the volume of a standard 12-ounce can of soda in milliliters?	355 milliliters.	en
DESC:manner	What is the way to properly compost kitchen food scraps?	Mix green and brown materials in a ventilated bin.	en
DESC:manner	What is the way to properly organize a library?	Sorting books by genre or Dewey Decimal code.	en
NUM:weight	What is the weight of a professional concert grand piano?	500 kilograms.	en
NUM:weight	What is the weight of a standard bar of investment gold?	12.4 kilograms.	en
NUM:weight	What is the weight of a standard red clay construction brick?	Five pounds.	en
NUM:weight	What is the weight of a standard steel horseshoe for a typical racing horse?	250 grams.	en
NUM:weight	What is the weight of the copper skin of the Statue of Liberty in New York?	31 tons of copper.	en
NUM:date	What is the year that the Roman Empire in the West fell?	476 AD.	en
NUM:date	What is the year the Roman Empire in the West fell?	476 AD.	en
ENTY:cremat	What landmark science fiction film was directed by Stanley Kubrick?	2001: A Space Odyssey.	en
ENTY:cremat	What marble sculpture by Michelangelo depicts a biblical hero?	David.	en
ENTY:cremat	What movie tells the story of a dream within a dream?	Inception.	en
ENTY:cremat	What movie tells the story of the Corleone crime family?	The Godfather.	en
ENTY:cremat	What opera by Puccini tells the tragic story of Cio-Cio-San?	Madama Butterfly.	en
NUM:perc	What percentage of a bottle of wine is typically composed of water?	85 percent.	en
NUM:perc	What percentage of a cloud's mass is actually liquid water today?	1 percent.	en
NUM:perc	What percentage of a cloud's total mass is actually liquid water?	One percent.	en
NUM:perc	What percentage of a diamond's weight is typically lost in cutting?	50 percent.	en
NUM:perc	What percentage of a human bone is composed of water by mass?	31 percent.	en
NUM:perc	What percentage of a raw diamond's weight is typically lost in cutting?	50 percent.	en
NUM:perc	What percentage of a standard bottle of wine is typically composed of water versus alcohol?	85 percent.	en
NUM:perc	What percentage of an adult human bone is composed of water?	31 percent.	en
NUM:perc	What percentage of electrical energy is lost as heat in incandescent bulbs?	90 percent.	en
NUM:perc	What percentage of energy is lost as heat in incandescent bulbs?	90 percent.	en
NUM:perc	What percentage of the Earth's surface is covered by liquid water?	71 percent.	en
HUM:ind	What piano sonata was composed by Beethoven in C-sharp minor?	The Moonlight Sonata.	en
ENTY:cremat	What play features the tragic story of lovers in Verona?	Romeo and Juliet.	en
HUM:title	What professional title does a lawyer hold in Australia?	Barrister.	en
HUM:title	What professional title does a lawyer hold in the Australian legal system?	Barrister.	en
HUM:ind	What seminal philosophical work was written by Rousseau?	The Social Contract.	en
ENTY:cremat	What set of 154 poems was published by William Shakespeare?	The Sonnets.	en
ENTY:color	What shade is typically associated with royal robes in history?	Purple.	en
ENTY:color	What shade is typically associated with royal robes?	Purple.	en
ENTY:symbol	What symbol represents the planet Mars?	The spear and shield.	en
NUM:temp	What temperature is required for nuclear fusion in the Sun's core?	15 million degrees.	en
NUM:temp	What temperature is required for nuclear fusion in the Sun?	15 million Kelvin.	en
NUM:temp	What temperature is required for nuclear fusion to occur in the Sun?	15 million degrees.	en
HUM:title	What title is used for a senior diplomatic representative at an embassy?	Ambassador.	en
HUM:title	What title is used for a senior diplomatic representative stationed at an embassy?	Ambassador.	en
ENTY:food	What type of bread is made using a wild yeast starter culture?	Sourdough.	en
ENTY:food	What type of cheese is used in a traditional Greek salad?	Feta.	en
ENTY:food	What type of pasta is the main ingredient in Carbonara?	Spaghetti.	en
ENTY:animal	What type of spider is famous for eating its mate after mating?	The Black Widow.	en
NUM:date	What was the date of the assassination of Archduke Franz Ferdinand?	June 28, 1914.	en
NUM:date	What was the date of the Chernobyl nuclear disaster in the Soviet Union?	April 26, 1986.	en
NUM:date	What was the date of the Chernobyl nuclear disaster?	April 26, 1986.	en
ENTY:event	What was the name of the 11th-century conquest of England by the Normans?	The Norman Conquest.	en
ENTY:event	What was the name of the 14th-century pandemic that killed millions?	The Black Death.	en
ENTY:event	What was the name of the 14th-century plague that hit Europe?	The Black Death.	en
ENTY:event	What was the name of the 15th-century maritime expansion from Europe?	The Age of Discovery.	en
ENTY:event	What was the name of the 1815 battle where Napoleon was defeated?	The Battle of Waterloo.	en
ENTY:event	What was the name of the 1906 natural disaster in San Francisco?	The 1906 San Francisco earthquake.	en
ENTY:event	What was the name of the 1914 assassination in Sarajevo?	The assassination of Archduke Franz Ferdinand.	en
ENTY:event	What was the name of the 1914 event that triggered World War I?	The assassination of Archduke Franz Ferdinand.	en
ENTY:event	What was the name of the 1947 event that divided India?	The Partition of India.	en
ENTY:event	What was the name of the 1947 political event that divided the subcontinent?	The Partition of India.	en
ENTY:event	What was the name of the 1962 standoff over nuclear missiles in Cuba?	The Cuban Missile Crisis.	en
ENTY:event	What was the name of the 1962 standoff over nuclear missiles?	The Cuban Missile Crisis.	en
ENTY:event	What was the name of the 1972 political scandal in the United States?	Watergate.	en
NUM:money	What was the total amount paid by the US for the Louisiana Territory?	5 million.	en
NUM:date	What year was the first modern Olympic Games held in Athens?	1896.	en
ABBR:exp	When analyzing a company's financial health, investors often look at the 'P/E ratio'; could you provide the full expansion for 'Price-to-Earnings' and explain the mathematical relationship involved in the calculation?	Price-to-Earnings	en
ABBR:exp	When analyzing a company's financial health, investors often look at the 'P/E ratio'; could you provide the full expansion for this valuation metric?	Price-to-Earnings ratio	en
NUM:weight	When considering our solar system, provide the Sun's mass in kilograms for scale.	1.98 x 10^30 kg.	en
NUM:date	When did construction start on the Great Wall of China by the Ming?	1368.	en
NUM:date	When did Howard Carter find the tomb of Tutankhamun?	1922.	en
NUM:date	When did Martin Luther post the 95 theses?	1517.	en
NUM:date	When did the 1994 genocide in Rwanda begin?	April 7, 1994.	en
NUM:date	When did the 1994 genocide in Rwanda first begin to occur?	April 7, 1994.	en
NUM:date	When did the American Civil War finally come to an end?	1865.	en
NUM:date	When did the International Space Station become permanently inhabited?	2000.	en
BOOL:yesno	When discussing the laws of physics, is it possible for an object to travel faster than light?	No.	en
BOOL:yesno	When discussing the laws of physics, is it true that energy cannot be destroyed?	Yes.	en
ABBR:abb	When examining a modern financial statement, you will often see a measure of a company's performance; could you please provide the acronym for 'Earnings Before Interest, Taxes, Depreciation, and Amortization'?	EBITDA	en
ABBR:abb	When examining a modern financial statement, you will often see a measure of performance; could you please provide the acronym for Earnings Before Interest, Taxes, Depreciation, and Amortization?	EBITDA	en
NUM:perc	When examining the composition of the Earth's crust; provide the oxygen percent.	46 percent.	en
NUM:perc	When examining the composition of the Earth's crust; provide the oxygen percentage.	46 percent.	en
BOOL:yesno	When examining the history of the United States, was the Declaration of Independence signed in 1776?	Yes.	en
NUM:date	When was the Battle of Yorktown in the American Revolution?	1781.	en
NUM:date	When was the first message sent over the ARPANET system?	1969.	en
NUM:date	When was the first message sent over the ARPANET?	1969.	en
NUM:date	When was the Panama Canal officially opened for international trade?	1914.	en
NUM:date	When was the Panama Canal opened for international trade?	1914.	en
NUM:date	When was the Rosetta Stone discovered by French soldiers in Egypt?	1799.	en
NUM:date	When was the Rosetta Stone discovered in Egypt?	1799.	en
NUM:date	When was the structure of DNA first published by Watson and Crick?	1953.	en
LOC:other	Where Area 51?	The Nevada Test and Training Range.	en
LOC:other	Where can I find the official website for the International Monetary Fund?	At the domain imf.org.	en
LOC:other	Where exactly is the location of the world's first underwater hotel?	The Conrad Maldives Rangali Island.	en
LOC:other	Where exactly is the magnetic North Pole currently situated geographically?	In the Arctic Ocean moving toward Siberia.	en
LOC:other	Where exactly on the Moon did the Apollo 11 module land in 1969?	The Sea of Tranquility.	en
LOC:other	Where in the world can I find the majority of UNESCO sites?	In Europe and Asia.	en
LOC:other	Where in the world can I find the UNESCO World Heritage sites?	In various countries.	en
LOC:other	Where is Roswell?	Chaves County in New Mexico.	en
LOC:other	Where is the exact location of the Prime Meridian and the Royal Observatory chosen in 1884?	Greenwich, Southeast London, United Kingdom.	en
LOC:other	Where is the exact location of the Prime Meridian and the Royal Observatory?	Greenwich, London.	en
LOC:other	Where is the geographical center of the contiguous United States located?	Approximately 2 miles northwest of Lebanon, Kansas.	en
ABBR:abb	Which acronym is used for the Search for Extraterrestrial Intelligence?	SETI	en
ABBR:abb	Which acronym stands for Light Amplification by Stimulated Emission of Radiation?	LASER	en
LOC:mount	Which active volcano is located near the city of Tokyo in Japan?	Mount Fuji.	en
NUM:ord	Which amendment to the US Constitution was the nineteenth ratified by states?	The 19th amendment.	en
NUM:ord	Which amendment to the US Constitution was the nineteenth ratified?	The 19th amendment.	en
ENTY:cremat	Which ancient Greek epic describes the journey of Odysseus?	The Odyssey.	en
ENTY:animal	Which animal is often called the 'king of the jungle' in Africa?	The Lion.	en
ENTY:cremat	Which animated movie features a lion cub named Simba?	The Lion King.	en
NUM:ord	Which Apollo mission was the first to land humans on the Moon?	Apollo 11.	en
NUM:ord	Which Apollo mission was the first to land on the Moon successfully?	Apollo 11.	en
ENTY:animal	Which aquatic creature can regenerate its entire body from a single severed limb?	The Sea Star.	en
ENTY:animal	Which aquatic creature is known for being able to regenerate its entire body from a limb?	The Sea Star.	en
ENTY:cremat	Which architectural masterpiece features the 'Creation of Adam' on its ceiling?	The Sistine Chapel.	en
ENTY:product	Which automobile model is historically known as the 'Beetle' and produced in Germany?	The Volkswagen Beetle.	en
ENTY:product	Which automobile model is historically known as the 'Beetle' produced in Germany?	The Volkswagen Beetle.	en
ENTY:animal	Which bird is the national symbol of the United States?	The Bald Eagle.	en
ENTY:product	Which brand introduced the first commercial handheld mobile phone to the public in 1983?	Motorola.	en
ENTY:product	Which brand introduced the first commercial handheld mobile phone to the public?	Motorola.	en
ENTY:product	Which brand introduced the first commercially successful microwave oven for home use known as the Radarange?	Raytheon.	en
ENTY:product	Which brand is famous for the 'Just Do It' marketing slogan used in its athletic apparel?	Nike.	en
ENTY:product	Which brand is famous for the 'Just Do It' marketing slogan used worldwide?	Nike.	en
ENTY:product	Which car manufacturer produces the iconic 911 sports car model in Stuttgart?	Porsche.	en
ENTY:product	Which car manufacturer produces the iconic 911 sports car model in the city of Stuttgart?	Porsche.	en
ENTY:cremat	Which celebrated mural by Leonardo da Vinci depicts a final meal?	The Last Supper.	en
NUM:ord	Which century was the fifteenth in the common era history?	The 1400s.	en
NUM:ord	Which century was the fifteenth in the common era of human history?	The 1400s.	en
ENTY:letter	Which character is used as the 'at' symbol in email addresses?	@.	en
ENTY:cremat	Which classic novel features the character Jay Gatsby?	The Great Gatsby.	en
ENTY:color	Which color is often associated with environmental movements?	Green.	en
ENTY:color	Which color is often associated with modern environmental movements?	Green.	en
ENTY:color	Which color is represented by the HEX code #FF0000 in design?	Red.	en
ENTY:color	Which color is represented by the HEX code #FF0000?	Red.	en
ENTY:product	Which company was responsible for the manufacturing of the first mass-produced personal computer?	IBM.	en
LOC:landmass	Which continent contains the vast majority of the world's population?	Asia.	en
LOC:landmass	Which continent is entirely located in the Southern and Eastern hemispheres?	Australia.	en
LOC:country	Which country does the Nile flow through?	Egypt.	en
LOC:country	Which country has Lisbon as its capital?	Portugal.	en
LOC:country	Which country has the second largest population in the world?	India.	en
LOC:country	Which country is shaped like a boot and located in the Mediterranean?	Italy.	en
LOC:country	Which country is shaped like a boot?	Italy.	en
LOC:country	Which country is the largest in South America by land area?	Brazil.	en
LOC:country	Which country is the largest in South America by total land area?	Brazil.	en
LOC:country	Which country is the largest in South America?	Brazil.	en
LOC:country	Which country spans eleven time zones?	Russia.	en
ENTY:cremat	Which cult classic film features an underground fighting society?	Fight Club.	en
ENTY:currency	Which currency is currently the most widely held reserve currency in the global market?	The US Dollar.	en
ENTY:currency	Which currency is known as the 'Loonie' because of the bird on it?	The Canadian Dollar.	en
ENTY:currency	Which currency is shared by eight different nations in the West African economic union?	The CFA Franc.	en
ENTY:currency	Which currency is shared by eight West African nations?	The CFA Franc.	en
ENTY:currency	Which currency is the most widely used reserve currency in the world today?	The US Dollar.	en
ENTY:currency	Which currency was established as the unit of money by the US Coinage Act of 1792?	The Dollar.	en
ENTY:currency	Which currency was established by the Coinage Act of 1792 in America?	The US Dollar.	en
ENTY:currency	Which currency was established by the Treaty of Rome?	The Euro.	en
NUM:ord	Which day of the week is considered the first in most global calendars?	Sunday.	en
NUM:ord	Which day of the week is considered the first in the US calendar?	Sunday.	en
LOC:landmass	Which desert covers the majority of the northern part of Africa?	The Sahara.	en
LOC:landmass	Which desert is known as the driest non-polar place on Earth?	The Atacama Desert.	en
ENTY:animal	Which domestic animal was first tamed by humans in ancient history?	The Dog.	en
ENTY:animal	Which domestic animal was first tamed by humans in ancient times?	The Dog.	en
ENTY:substance	Which element is the building block of all known life on Earth?	Carbon.	en
ENTY:substance	Which element is the building block of all organic life?	Carbon.	en
ENTY:substance	Which element is the most abundant in the Earth's atmosphere?	Nitrogen.	en
ENTY:cremat	Which epic novel by Leo Tolstoy is set during the Napoleonic Wars?	War and Peace.	en
HUM:gr	Which ethnic group comprises over ninety percent of the population of China?	The Han Chinese.	en
ENTY:event	Which event signaled the formal end of World War II in the Pacific?	The surrender of Japan.	en
HUM:ind	Which evocative and complex poem was written by T.S. Eliot?	The Waste Land.	en
ENTY:cremat	Which film directed by Steven Spielberg features a great white shark?	Jaws.	en
ENTY:cremat	Which film won the first Academy Award for Best Picture in 1929?	Wings.	en
ENTY:animal	Which fish is known for having a skeleton made entirely of cartilage?	The Shark.	en
ENTY:animal	Which flightless bird is the largest in the world and native to Africa?	The Ostrich.	en
ENTY:plant	Which flower is known for its large size and intense aroma of rotting meat?	The Corpse Flower.	en
ENTY:plant	Which flowering plant is the primary source of commercial chocolate production?	The Cacao tree.	en
ENTY:cremat	Which folk song tells the story of a life in New Orleans?	The House of the Rising Sun.	en
ENTY:letter	Which Greek letter is used to represent the standard deviation in math?	Sigma.	en
HUM:gr	Which group of people is known for the historical migration across the Pacific?	The Polynesians.	en
HUM:gr	Which group of people is known for the traditional practice of Santería?	The Yoruba.	en
ABBR:abb	Which initials are used for the Federal Bureau of Investigation?	FBI	en
ABBR:abb	Which initials stand for the Central Intelligence Agency?	CIA	en
LOC:landmass	Which island is the largest in the Mediterranean Sea?	Sicily.	en
NUM:ord	Which King of England was the eighth of his name to reign?	Henry VIII.	en
NUM:ord	Which King of England was the eighth of his name to rule?	Henry VIII.	en
ENTY:animal	Which large African mammal is known for its thick skin and two horns of keratin?	The Rhinoceros.	en
ENTY:cremat	Which large-scale painting depicts the bombing of a Basque town?	Guernica.	en
ENTY:letter	Which letter is the only one not used in the name of any US state?	Q.	en
ENTY:animal	Which marine mammal is famous for its high level of intelligence?	The Bottlenose Dolphin.	en
ENTY:animal	Which marsupial is known for carrying its young in a pouch?	The Kangaroo.	en
ENTY:cremat	Which massive historical novel by Leo Tolstoy is set in war?	War and Peace.	en
NUM:ord	Which mission was the second to land humans on the lunar surface?	Apollo 12.	en
NUM:ord	Which mission was the second to successfully land humans on the moon?	Apollo 12.	en
ENTY:cremat	Which monumental symphony by Beethoven features the 'Ode to Joy' finale?	Symphony No. 9.	en
LOC:mount	Which mountain is famous for the four US presidential faces carved into it?	Mount Rushmore.	en
LOC:mount	Which mountain is known as the 'Savage Mountain' due to the difficulty of ascent?	K2.	en
LOC:mount	Which mountain is the second highest on Earth and located in the Karakoram?	K2.	en
LOC:mount	Which mountain range forms the natural border between France and Spain?	The Pyrenees.	en
LOC:mount	Which mountain range is found in North Africa?	The Atlas Mountains.	en
LOC:mount	Which mountain range is located in the western United States and Canada?	The Rockies.	en
LOC:mount	Which mountain range is located on the eastern side of the United States?	The Appalachians.	en
ENTY:currency	Which nation currently utilizes the 'Dinar' as its primary unit of money?	Kuwait.	en
ENTY:currency	Which nation currently utilizes the 'Zloty' as its primary national unit of money?	Poland.	en
ENTY:currency	Which nation currently utilizes the 'Zloty' as its primary unit of money?	Poland.	en
ENTY:cremat	Which novel by George Orwell describes a dystopian future in 1984?	1984.	en
ENTY:cremat	Which novel by Harper Lee addresses racial injustice in the South?	To Kill a Mockingbird.	en
ENTY:cremat	Which novel by Mary Shelley is about a scientist and his monster?	Frankenstein.	en
ENTY:sport	Which Olympic sport involves both swimming and cycling and running?	The Triathlon.	en
ENTY:sport	Which Olympic sport involves swimming, cycling, and running?	The Triathlon.	en
ENTY:body	Which organ filters waste products from the blood to produce urine?	The kidney.	en
ENTY:body	Which organ in the digestive system is responsible for absorbing water?	The large intestine.	en
ENTY:body	Which organ in the human body is capable of regenerating itself after damage?	The liver.	en
ENTY:body	Which organ in the human body is capable of regenerating itself?	The liver.	en
ENTY:body	Which organ is responsible for the production of red blood cells?	The bone marrow.	en
ENTY:cremat	Which painting by Vincent van Gogh features a swirling night sky?	The Starry Night.	en
ENTY:body	Which part of the brain controls basic life functions like breathing?	The brainstem.	en
ENTY:body	Which part of the brain is responsible for maintaining balance?	The cerebellum.	en
ENTY:body	Which part of the brain is the center for higher intellectual functions?	The cerebrum.	en
ENTY:body	Which part of the eye controls the amount of light that enters?	The iris.	en
ENTY:body	Which part of the eye is responsible for controlling the diameter of the pupil?	The iris.	en
ENTY:body	Which part of the human ear is responsible for capturing sound waves?	The pinna.	en
ENTY:body	Which part of the human eye is sensitive to light and colors?	The retina.	en
ENTY:body	Which part of the respiratory system is commonly called the voice box?	The larynx.	en
ENTY:body	Which part of the skeleton protects the brain from physical injury?	The skull.	en
ENTY:body	Which part of the skeleton protects the human brain from injury?	The skull.	en
ENTY:cremat	Which play by Arthur Miller serves as a social commentary on the American Dream?	Death of a Salesman.	en
ENTY:cremat	Which play by William Shakespeare is about a Danish prince?	Hamlet.	en
LOC:state	Which province in Canada is the largest in terms of total land area?	Quebec.	en
LOC:state	Which province in South Africa was the home of Nelson Mandela's birth?	Eastern Cape.	en
LOC:state	Which province in the country of Canada is home to the city of Vancouver?	British Columbia.	en
LOC:state	Which province in the nation of Argentina contains the city of Cordoba?	Córdoba Province.	en
HUM:ind	Which series of violin concertos was composed by Vivaldi?	The Four Seasons.	en
ABBR:abb	Which shorthand is used for Central Processing Unit?	CPU	en
ABBR:abb	Which shorthand represents the Department of Justice?	DOJ	en
ENTY:animal	Which species of bear is found exclusively in the Arctic circle?	The Polar Bear.	en
ENTY:animal	Which species of whale is famous for the complex songs it sings in the ocean?	The Humpback Whale.	en
ENTY:animal	Which species of whale is known for the complex songs it sings in the ocean?	The Humpback Whale.	en
ABBR:abb	Which specific acronym is used by researchers to identify the Intergovernmental Panel on Climate Change in reports?	IPCC	en
ABBR:abb	Which specific acronym is used by researchers to identify the Intergovernmental Panel on Climate Change?	IPCC	en
ENTY:animal	Which specific animal is known to have the longest lifespan of any vertebrate?	The Greenland Shark.	en
ENTY:sport	Which sport involves athletes jumping from a platform into water with acrobatic moves?	Diving.	en
ENTY:sport	Which sport involves jumping from a platform with acrobatic moves?	Diving.	en
ENTY:sport	Which sport is known for the prestigious tournament held at Wimbledon every year?	Tennis.	en
ENTY:sport	Which sport is known for the prestigious Wimbledon tournament every year?	Tennis.	en
ENTY:sport	Which sport is played in a deep pool and involves goals and a yellow ball?	Water polo.	en
ENTY:sport	Which sport is played in a deep pool with goals and a yellow ball?	Water polo.	en
ENTY:cremat	Which stage musical is based on the novel by Victor Hugo?	Les Misérables.	en
ENTY:substance	Which substance is the main component of common table salt?	Sodium chloride.	en
ENTY:substance	Which substance is used as a coolant in industrial fridges?	Ammonia.	en
ENTY:substance	Which substance is used as a coolant in many industrial refrigerators?	Ammonia.	en
ENTY:symbol	Which symbol denotes copyright?	The copyright symbol.	en
ENTY:symbol	Which symbol is used on a map to indicate a hospital or medical center?	The Red Cross.	en
ENTY:veh	Which type of bicycle is designed for off-road use with thick tires?	A Mountain bike.	en
ENTY:plant	Which type of orchid is the primary source of the vanilla flavor used in baking?	The Vanilla orchid.	en
ENTY:plant	Which type of orchid is the primary source of the vanilla flavor?	The Vanilla orchid.	en
ENTY:veh	Which type of ship is designed to break through thick Arctic ice?	An Icebreaker.	en
ENTY:veh	Which type of small boat uses a single sail and is popular for racing?	A Laser dinghy.	en
ENTY:plant	Which type of tree is famous for producing the expensive spice known as cinnamon?	The Cinnamon tree.	en
ENTY:veh	Which type of vehicle is used to transport large numbers in a city?	A Transit bus.	en
ENTY:veh	Which type of vehicle is used to transport large numbers of people in a city?	A Transit bus.	en
NUM:ord	Which US President was the forty-fourth to serve in historical order?	Barack Obama.	en
NUM:ord	Which US President was the forty-fourth to serve in history?	Barack Obama.	en
LOC:state	Which US state is known as the 'Sunshine State' and is a peninsula?	Florida.	en
NUM:ord	Which US state was the fiftieth to be admitted to the Union?	Hawaii.	en
ENTY:letter	Which vowel is the most frequently used in the English language?	E.	en
HUM:gr	Who are the indigenous people of New Zealand known for the Haka?	The Māori.	en
HUM:gr	Who are the people that live in the mountainous regions of Afghanistan?	The Pashtuns.	en
ENTY:symbol	Who designed the peace sign?	Gerald Holtom.	en
ABBR:exp	WHO expansion?	World Health Organization	en
HUM:title	Who holds the constitutional title of a Chancellor in Austria?	Chancellor.	en
HUM:title	Who holds the constitutional title of a Chancellor in the Austrian government?	Chancellor.	en
ABBR:abb	WHO initials?	WHO	en
HUM:ind	Who is Biden?	Joe Biden.	en
HUM:ind	Who is Jordan?	Michael Jordan.	en
HUM:ind	Who is Madonna?	Madonna.	en
HUM:ind	Who is Mozart?	Wolfgang Amadeus Mozart.	en
HUM:ind	Who is Musk?	Elon Musk.	en
HUM:ind	Who is Picasso?	Pablo Picasso.	en
HUM:ind	Who is Plato?	Plato.	en
HUM:ind	Who is the author of the 'Harry Potter' series of fantasy novels?	J.K. Rowling.	en
HUM:ind	Who is the CEO of the social media platform formerly known as Twitter?	Elon Musk.	en
HUM:ind	Who is the current President of the United States of America?	Joe Biden.	en
HUM:ind	Who is the current Prime Minister of the United Kingdom today?	Rishi Sunak.	en
HUM:ind	Who is the famous basketball player who wore the number 23 for Chicago?	Michael Jordan.	en
HUM:ind	Who is the woman associated with the discovery of the double helix structure of DNA?	Rosalind Franklin.	en
HUM:ind	Who was Gandhi?	Mahatma Gandhi.	en
HUM:ind	Who was the civil rights leader who gave the 'I Have a Dream' speech?	Martin Luther King Jr.	en
HUM:ind	Who was the first human to step onto the surface of the Moon?	Neil Armstrong.	en
HUM:ind	Who was the general that led the Continental Army during the Revolution?	George Washington.	en
HUM:ind	Who was the person responsible for the invention of the telephone?	Alexander Graham Bell.	en
DESC:reason	Why are some people born with different colored eyes than others?	Variations in the concentration and distribution of melanin in the iris.	en
DESC:reason	Why are some people born with different colored eyes?	Genetics affecting melanin in the iris.	en
DESC:reason	Why cats purr?	A method of communication or healing.	en
DESC:reason	Why do certain animals migrate over thousands of miles every year?	Seeking better food sources, breeding grounds, or climate.	en
DESC:reason	Why do plants need sunlight to perform photosynthesis?	Light energy is needed to convert CO2 into sugar.	en
DESC:reason	Why do plants need sunlight to perform the process of photosynthesis?	Sunlight provides the energy to convert CO2 and water into sugar.	en
DESC:reason	Why do we perceive certain colors as 'warm' and others as 'cold'?	Psychological associations with fire and ice.	en
DESC:reason	Why does the human body require a constant supply of oxygen to survive?	To produce energy through cellular respiration in cells.	en
DESC:reason	Why does the human body require a constant supply of oxygen?	To fuel the process of cellular respiration.	en
DESC:reason	Why fire hot?	Rapid release of thermal energy during oxidation.	en
DESC:reason	Why ice floats?	Ice being less dense than liquid water.	en
DESC:reason	Why leaves green?	Chlorophyll reflecting green light.	en
DESC:reason	Why sea salty?	Minerals dissolved from land and rocks.	en
DESC:reason	Why sky blue?	Rayleigh scattering of sunlight.	en
DESC:reason	Why we dream?	Processing emotions and information.	en
DESC:reason	Why we sleep?	Biological restoration and memory consolidation.	en
NUM:dist	Width of the Earth?	12,742 km.	en
BOOL:yesno	Will the Sun eventually run out of fuel?	Yes.	en
NUM:speed	Wind gust?	150 mph.	en
ENTY:symbol	Winged staff with snakes name?	The Caduceus.	en
ENTY:sport	Winter sport?	Skiing.	en
ENTY:body	Within the human respiratory system, the exchange of gases occurs in millions of tiny air sacs; provide their biological name.	Alveoli.	en
NUM:period	Wolf life?	Eight years.	en
ENTY:event	Woodstock 69?	The Woodstock Festival.	en
LOC:country	World leader in coffee production?	Brazil.	en
ENTY:event	World War I involved complex alliances and new forms of industrialized warfare; provide the name of the 1916 battle with extreme casualties.	The Battle of the Somme.	en
ENTY:event	World War I involved new forms of warfare; provide the name of the 1916 battle known for its extreme casualties.	The Battle of the Somme.	en
DESC:manner	Write letter?	Format the page, write, and sign your name.	en
NUM:date	WWI start year?	1914.	en
ENTY:event	WWI start?	World War I.	en
NUM:date	WWII end date?	1945.	en
ENTY:event	WWII start?	World War II.	en
NUM:period	Year days?	365 days.	en
ENTY:currency	Yen subunit?	The Sen.	en
ENTY:cremat	Yesterday song?	Yesterday.	en
ENTY:symbol	Yin Yang?	The Taijitu.	en
LOC:landmass	Yucatan location?	Mexico.	en
ENTY:religion	Zen practice?	Zen Buddhism.	en
NUM:temp	Zero temp?	-273.15 degrees Celsius.	en
ENTY:substance	Zinc coating?	Zinc.	en
ENTY:substance	Zinc layer?	Zinc.	en
NUM:code	ZIP code 90210?	90210.	en
NUM:code	ZIP code?	90210.	en
NUM:code	ZIP+4 format description?	5 digits plus 4.	en
ENTY:currency	Zloty code?	The Polish Zloty.	en
HUM:gr	Zulu culture?	The Zulu nation.	en
