label	question	lang
ENTY:veh	What is the weight of an empty tractor-trailer?	en
LOC:mount	What country has Snowdon?	en
HUM:title	What is a Admiral?	en
LOC:mount	What is the tallest peak in the Dolomites?	en
LOC:city	What is Moscow?	en
ENTY:symbol	What is the £ symbol used for?	en
DESC:manner	What is the way to write a letter?	en
DESC:def	How is a preposition used?	en
NUM:dist	How far is Sydney from Melbourne?	en
HUM:ind	What are Arnold Palmers fans called	en
LOC:state	How are provinces?	en
ABBR:exp	What does ROU stand for?	en
ENTY:color	What color is coral?	en
LOC:mount	Where is Mount Popocatépetl?	en
HUM:ind	What Democratic prankster waved the train out of the station while Richard Nixon spoke from the caboose	en
HUM:ind	What is a historian?	en
ENTY:cremat	How are remains scattered?	en
LOC:state	Kosovo is a province of what country	en
LOC:country	How are republics?	en
ENTY:sport	What are the rules of golf?	en
ENTY:symbol	What is the percent sign symbol?	en
NUM:count	How many miles of corridors are in The Pentagon	en
HUM:title	What is the oldest profession	en
ABBR:abb	What is the acronym for Local Area Network?	en
NUM:ord	What is the sixth book in the series?	en
ENTY:animal	What is a baby turkey called	en
ABBR:exp	CPU means what in full form?	en
NUM:temp	At what temperature does aluminum melt?	en
HUM:gr	How is a consortium formed?	en
DESC:manner	How do colonists inhabit?	en
LOC:city	What makes a zone a city?	en
NUM:speed	How fast does a bullet travel?	en
ENTY:event	What are the rites accompanying the circumcision of a newly born-child in Judaism called	en
NUM:period	How old is Britney Spears	en
DESC:manner	How did Lee Harvey Oswald purchase his rifle	en
ENTY:body	What is the endocrine system?	en
ENTY:currency	What is the rupee?	en
ENTY:body	How many chambers does the human kidney have?	en
ABBR:abb	What does NATO countries include?	en
NUM:other	What are the unemployment statistics for the years 1965 and 1990	en
ENTY:animal	What is the proper name for a female walrus	en
LOC:water	What is the Panama Canal?	en
ENTY:word	What is the longest English word	en
DESC:manner	What is the method for tie a knot?	en
NUM:code	What is the octal code for carriage return?	en
ENTY:cremat	What is the name of Kevin Costners movie about Sioux Indians	en
ENTY:cremat	What is cemetery?	en
ENTY:event	What happened during the 2008 financial crisis?	en
NUM:count	What is the number of sports?	en
ENTY:cremat	Name a novel written by John Steinbeck	en
NUM:date	When did the royal wedding of Prince Andrew and Fergie take place	en
ABBR:abb	What does SMTP stand for?	en
NUM:code	Why do ISBN numbers for books contain check digits?	en
ABBR:exp	FAQ means what?	en
DESC:reason	What causes drainage?	en
ABBR:abb	What is the meaning of JSON?	en
ENTY:body	How many muscles exist?	en
ENTY:color	How do safety colors work?	en
ABBR:exp	What does CUW represent?	en
ENTY:symbol	what was the symbol used by the nazis	en
ENTY:food	What is cheese made from?	en
LOC:country	Which country has the most water pollution	en
LOC:landmass	What is an atoll?	en
NUM:volsize	How large is the Arctic Ocean?	en
ENTY:body	What is the ear?	en
HUM:gr	What is a employers?	en
ENTY:food	What is tilapia?	en
ENTY:food	Where does cereal come from?	en
HUM:desc	Describe a typical nurse	en
DESC:reason	Why do nerves transmit?	en
DESC:desc	What is the weather like on the moon	en
ABBR:exp	FBI stands for what exactly?	en
LOC:water	What ocean surrounds the Maldive Islands	en
NUM:dist	How tall is kilamanjaro	en
ENTY:color	What color is crimson?	en
ABBR:exp	What does LBY stand for?	en
ENTY:food	How are seeds cultivated?	en
ENTY:instru	What is a drill used for?	en
ENTY:instru	How many strings does a harp have?	en
ENTY:word	Name the 5 words that use all of the letters in the alphabet, except Q, with no repeats	en
ENTY:product	What product did Robert Conrad dare people to knock off his shoulder	en
NUM:money	How much money does each player get at the beginning of the game in Monopoly	en
ABBR:exp	What does MDV expand to?	en
DESC:reason	What causes lava flows?	en
ENTY:letter	What is a script?	en
ENTY:techmeth	How does microservices architecture work?	en
ENTY:symbol	what signs are there in the horoscope	en
ENTY:word	What does effervescent mean?	en
ENTY:product	What household products are there for adult acne	en
ENTY:product	What is a microwave?	en
ENTY:animal	What makes resource defense important?	en
ENTY:food	How is milk processed?	en
NUM:period	What is the typical duration of a medical appointment?	en
ENTY:techmeth	How does GPS tracking work?	en
ENTY:instru	How do you use a compass?	en
DESC:reason	Why do eyes blink?	en
NUM:period	What is the average lifespan of a turtle?	en
DESC:desc	How are tastes described gustatorily?	en
ABBR:abb	What is meant by USB?	en
NUM:period	Shea and Gould had an office in Los Angeles for how long before closing it	en
LOC:country	Where is New Zealand?	en
ABBR:exp	What does CHE expand to?	en
NUM:count	What is the number of provinces of Argentina?	en
NUM:perc	What percentage of the worlds fresh water is frozen?	en
ENTY:other	What are the wolverine habits	en
ENTY:event	What was the Olympics?	en
NUM:money	How much does a book cost?	en
ENTY:letter	What is the pronunciation of the letter G in English?	en
ENTY:techmeth	What handicraft requires you to interlace your warp and weft	en
ENTY:termeq	What is a synonym for automobile?	en
ABBR:exp	What does e.g. stand for	en
DESC:def	What is a conjunction?	en
NUM:volsize	What is the volume of a teaspoon?	en
ENTY:color	What color is a tomato?	en
ENTY:food	What is broccoli made from?	en
LOC:country	What is the capital of Kenya?	en
ENTY:animal	How do animals use touch?	en
ENTY:veh	What is a excavator used for?	en
ENTY:product	What do you use a scissors for?	en
ENTY:veh	What is the fuel efficiency of a Prius in highway conditions?	en
ENTY:animal	What is a reindeer?	en
NUM:money	How much does a house cost?	en
DESC:desc	What identifies personal characteristics?	en
ENTY:techmeth	What is canary deployment?	en
LOC:landmass	List all the continents	en
DESC:reason	Why are eggs supposed to be stored small end down	en
LOC:other	What arch can you see from the Place de la Concorde	en
ENTY:body	What is the function of the bladder?	en
DESC:manner	In what way do surveyors measure?	en
ENTY:food	What is pie made from?	en
ENTY:event	What happened on January 15, 1969	en
ENTY:food	What is cocoa?	en
LOC:other	Where was the first restaurant	en
NUM:code	What does error code E429 mean in web?	en
ENTY:lang	Where is Norwegian spoken?	en
DESC:def	What is anaphora?	en
ENTY:veh	How many horsepower does a Tesla Model S Plaid have?	en
ENTY:cremat	What is mausoleum?	en
NUM:count	What is the population of Japan?	en
HUM:ind	Whats the nickname of oddsmaker Jimmy Snyder	en
ENTY:event	What was the tragedy that struck the city of Dogtown in 1899	en
NUM:other	What is the size of the internet?	en
ENTY:food	Where does pizza come from?	en
NUM:weight	What is the weight of a grand piano?	en
NUM:speed	What is the speed of a typical bullet train?	en
LOC:water	What connects to the Yangtze River?	en
NUM:money	What is the cost of a movie ticket?	en
ENTY:techmeth	What is infrastructure as code?	en
ENTY:food	What is the recipe or formula for Coca-Cola	en
DESC:reason	Why is eclipses happen?	en
NUM:dist	How far is Earth and Moon?	en
ENTY:dismed	What chemicals are used in lethal injection	en
LOC:country	What country in Latin America is the largest one	en
LOC:state	How are states delineated?	en
NUM:code	What is the hexadecimal code for symbol @?	en
ENTY:animal	What kind of dog is Scooby Doo	en
ENTY:product	What computer operating system is on the most computers	en
ENTY:plant	What is a lettuce?	en
ENTY:termeq	What is an antonym for good?	en
DESC:def	What is propylene glycol	en
ENTY:symbol	How is the - symbol used?	en
HUM:ind	What cigar-chewing comedian observed You re only as old as the woman you feel	en
NUM:count	About how many Americans are still unaccounted for from the Vietnam war	en
HUM:gr	What is a Gen X?	en
ENTY:animal	What was Paul Bunyans oxs name	en
ENTY:body	What is the integumentary system?	en
DESC:reason	What causes defaults?	en
LOC:water	What connects to the Great Salt Lake?	en
DESC:def	What is fibromyalgia	en
DESC:reason	What is the reason we need sleep?	en
NUM:perc	What percentage of the population is vegan?	en
ENTY:body	How many male reproductive organs?	en
ENTY:body	What is the immune system?	en
NUM:perc	What percentage of the human genome is unique to each person?	en
ENTY:body	What are nerve endings?	en
ABBR:abb	What does A11y mean?	en
ENTY:animal	How do animals use regeneration?	en
LOC:country	What country is Kosovo a part of	en
LOC:landmass	Name all the continents	en
DESC:def	How does cohesion function?	en
ABBR:exp	Expand the acronym EPA	en
ENTY:word	What is the plural of criterion?	en
ENTY:religion	How many Agnostics are there?	en
ENTY:color	What is Batesian mimicry?	en
ENTY:lang	How many people speak German?	en
LOC:state	What is the capital of Kentucky?	en
ENTY:veh	What is a rental car?	en
ENTY:word	What is the plural of gulf	en
LOC:mount	How high is Mount McKinley?	en
ABBR:abb	What is meant by WiFi?	en
LOC:water	What connects to the Caribbean Sea?	en
ENTY:color	How are colors represented in light?	en
NUM:period	What is the average lifespan of a goldfish?	en
LOC:landmass	Where is Greenland?	en
ENTY:cremat	What is a caisson?	en
ENTY:food	Where does cake come from?	en
DESC:def	How is a sentence structured?	en
HUM:ind	What was Michelangelos last name	en
LOC:country	Tell me about Argentina	en
LOC:water	What is a canal?	en
ENTY:body	What is the function of the epidermis?	en
ENTY:food	Where does pie come from?	en
HUM:ind	Who is the father of the computer	en
LOC:city	Where is New York?	en
ENTY:symbol	What is the at sign symbol?	en
HUM:gr	What is a peasants?	en
ENTY:product	What is a bed made of?	en
ENTY:color	How do paint colors compare?	en
ABBR:exp	NATO expands to North Atlantic Treaty Organization?	en
ENTY:religion	What is Zoroastrianism?	en
LOC:water	What are Britains two longest rivers	en
ABBR:abb	What is the meaning of API?	en
LOC:mount	Where are the Andes Mountains?	en
ABBR:abb	What is the correct way to abbreviate cc. at the bottom of a business letter	en
ENTY:word	What does momentary mean?	en
DESC:reason	What causes bad breath?	en
HUM:desc	What does a dancer do?	en
ENTY:veh	How many safety features does a modern car have?	en
NUM:other	What is the temperature of the sun?	en
ENTY:cremat	What is the purpose of cemetery?	en
NUM:code	What is the ASCII code for space character?	en
DESC:desc	How are landscapes depicted in art?	en
ENTY:other	What cards are bullets	en
NUM:dist	How far is New York from Tokyo?	en
ENTY:dismed	What is a fear of fur	en
ENTY:substance	How is carbon essential?	en
NUM:ord	What is the chronological position of Barack Obama as the President of United States	en
ABBR:abb	What does IR stand for?	en
ENTY:other	At Christmas time, what is the traditional thing to do under the mistletoe	en
ABBR:abb	What does WAN extend?	en
HUM:ind	What is an engineer?	en
ENTY:symbol	What is the chemical symbol for helium?	en
ENTY:instru	What instrument measures blood pressure?	en
ENTY:body	What is the weakest bone in the body	en
NUM:perc	What percentage of the worlds wealth is held by the top 1 percent?	en
ABBR:abb	What is the shorthand for Gigabyte?	en
LOC:city	What is Cairo?	en
ENTY:food	Where does wine come from?	en
NUM:money	What is the cost of living?	en
ENTY:event	What happened during the Oscars?	en
DESC:manner	In what manner do settlers establish?	en
DESC:manner	How do they get Teflon to stick to the pan	en
LOC:mount	How high is Mount Fuji?	en
NUM:temp	What is the melting point of uranium?	en
DESC:reason	What causes leaves to turn green?	en
NUM:temp	At what temperature does asphalt soften?	en
ENTY:animal	What kinds of animals are in Cambodia	en
HUM:title	What rank is Admiral?	en
HUM:gr	How is a consortium organized?	en
HUM:desc	What is a engineer?	en
HUM:title	Who holds the title of Provost?	en
LOC:mount	What mountain range is traversed by the highest railroad in the world	en
LOC:country	Tell me about Egypt	en
NUM:dist	How far is Tokyo and Beijing?	en
DESC:def	How does holonym function?	en
NUM:weight	How much does an unknown item weigh?	en
ENTY:religion	name all the religions practiced around the Mediterranean sea	en
NUM:other	How many countries?	en
ENTY:color	How is blue different from purple?	en
ENTY:color	What color is a bluebell?	en
NUM:temp	How hot should the oven be when baking Peachy Oat Muffins	en
ENTY:food	How is kimchi made?	en
ENTY:word	What is a homophone?	en
HUM:gr	What defines a council?	en
LOC:other	Where is Tufts University	en
LOC:other	Where can I find the names of all the 15 Pokemon	en
DESC:reason	Why do muscles ache?	en
NUM:other	How tall is the Eiffel Tower?	en
NUM:ord	Which is your precise position in the order of seniority	en
DESC:manner	How do you learn a language?	en
LOC:city	Tell me what city the Kentucky Horse Park is near	en
ABBR:exp	What is IOC an abbreviation of	en
NUM:count	How many muscles does an oyster have	en
NUM:period	What is the average time it takes for a male to ejaculate	en
DESC:reason	What causes peace?	en
NUM:volsize	What is the volume of the Great Lakes?	en
NUM:dist	How far can you see	en
ABBR:abb	TLS abbreviates what?	en
NUM:code	What is the octal code for delete?	en
ENTY:color	How does analogous design work?	en
DESC:manner	How do musicians play?	en
ENTY:food	Where does hot dog come from?	en
ABBR:abb	Explain the acronym HDMI	en
ENTY:color	How is khaki made?	en
NUM:temp	At what temperature does ice melt?	en
ENTY:word	What does abstruse mean?	en
DESC:reason	What causes droughts?	en
NUM:ord	What is the thirteenth planet?	en
ABBR:exp	What does the abbreviation IOC stand for	en
LOC:mount	Where is mountain Y located?	en
ENTY:religion	What religion is Bahai?	en
DESC:reason	Why do wetlands persist?	en
LOC:state	What is a prefecture?	en
ENTY:cremat	Name a film that has won the Golden Bear in the Berlin Film Festival	en
ENTY:plant	What does a lily look like?	en
ENTY:body	What are arteries?	en
DESC:reason	What causes betrayal?	en
LOC:country	What two countries fought the Hundred Years War	en
NUM:perc	What percentage of birds migrate?	en
NUM:dist	How far is New York from Mumbai?	en
ENTY:instru	What is a measuring cup used for?	en
ENTY:food	How is vanilla grown?	en
HUM:gr	What is a society ruled by elders	en
DESC:reason	Why didn t European colonial rule spread until after the first and second industrial revolutions	en
ENTY:veh	What is the roll-over stability threshold for SUVs?	en
DESC:desc	How are similarities described comparatively?	en
NUM:temp	What is the temperature for cooking	en
DESC:reason	Why do moods fluctuate?	en
HUM:gr	What company has built more than 2.5 billion little green houses since 1935	en
DESC:reason	In the song Yankee Doodle, why did Yankee Doodle stick a feather in his cap and call it macaroni	en
LOC:water	How salty is the Dead Sea?	en
DESC:def	What do we mean by bandwidth?	en
ENTY:dismed	How does measles spread?	en
ENTY:symbol	What is the chemical formula for LSD	en
DESC:reason	What causes numbness?	en
ENTY:substance	What is copper?	en
ENTY:substance	What gasses are in the troposphere	en
ABBR:abb	What is the meaning of LASER?	en
ENTY:lang	What language is spoken in Greece?	en
HUM:gr	What NFL team did Vince Lombardi end his coaching career with	en
ENTY:sport	How is high jump played?	en
ENTY:product	What was the most popular toy in 1957	en
NUM:ord	What is the ninth letter of the alphabet?	en
ENTY:instru	What device measures atmospheric pressure?	en
ENTY:religion	What religion is Neopaganism?	en
NUM:perc	What percentage of the worlds electricity comes from renewables?	en
NUM:money	What is the cost of the drugs used in tuberculosis treatments	en
NUM:perc	What percentage of Americans report having a fear of flying?	en
ENTY:color	What is the wavelength of violet light?	en
DESC:desc	What is the difference between ninjitsu and kung fu	en
LOC:country	What country was Mikhail Gorbachev the leader of	en
ENTY:product	Name the disposable razor that costs about 19 cents	en
ENTY:other	What are some unusual cloud formations?	en
DESC:desc	What conveys metamorphosis?	en
ENTY:veh	What is the thickness of car window glass?	en
DESC:manner	What is the way to bake a cake?	en
ENTY:food	What are modern grains?	en
DESC:manner	How successful is arometherapy	en
NUM:speed	How fast is a plane?	en
NUM:date	What year was DNA discovered?	en
ABBR:exp	What does TUN expand to?	en
LOC:country	In what country is a stuck-out tongue a friendly greeting	en
ABBR:abb	What is meant by GPU?	en
ENTY:dismed	What is omeprazole?	en
NUM:weight	What is the weight of the Earth in kilograms?	en
LOC:state	How are jurisdictions established?	en
NUM:volsize	How large is the Caspian Sea?	en
ENTY:animal	How do animals play dead?	en
ENTY:cremat	What is the name of the song that Dracula plays on the organ	en
ENTY:symbol	list 5 signs from the chinese zodiac	en
HUM:gr	What Japanese manufacturer is known for both its pianos and its motorcycles	en
ENTY:food	What is blueberry made from?	en
ENTY:lang	What is Finnish known for?	en
NUM:perc	What percentage of the worlds gold has been mined?	en
ABBR:abb	What does NATO mean?	en
DESC:desc	What are the lyrics to the Star Spangled Banner	en
ENTY:termeq	What then-derogatory term was applied to the painters Monet, Sisley, Pissarro, Renoir and Degas	en
NUM:count	How many Americans fought for the British in the American Revolution	en
NUM:temp	What is the temperature of a typical refrigerator?	en
ENTY:body	What is the heart?	en
DESC:manner	How did serfdom develop in and then leave Russia	en
ENTY:plant	What is the state flower of Michigan	en
LOC:other	Where is Mozambique located	en
NUM:period	How long does cocaine stay in your system	en
NUM:other	What is the surface area of human skin?	en
ENTY:religion	Which religion has the most countries?	en
ENTY:termeq	Is house the same as dwelling?	en
DESC:desc	What captures unattractiveness?	en
ENTY:substance	What is ammonia?	en
NUM:volsize	What is the volume of an Olympic pool?	en
HUM:title	What is Nicholas Cages profession	en
NUM:ord	Where were you in the queue	en
NUM:perc	What percent of the population has blue eyes?	en
HUM:gr	Who are the alumni?	en
NUM:ord	What is the ordinal number for 5?	en
ENTY:veh	How does a train run?	en
NUM:other	How many stars are in the Milky Way?	en
HUM:gr	Who are the faculty?	en
ENTY:plant	What is a carrot?	en
NUM:period	What is the recomended age to switch a child from a crib to a bed	en
ABBR:abb	What is the abbreviation for Remote Sensing?	en
ENTY:word	What is a word whose letters can be rearranged to form a different word	en
NUM:speed	What is the escape velocity needed to leave Earths gravity?	en
ENTY:dismed	How is diabetes treated?	en
ENTY:termeq	What term does a Czech use to describe a Pole	en
DESC:manner	How do watchmakers assemble?	en
LOC:water	What is the Caribbean Sea?	en
ENTY:letter	Whats the second-most-used vowel in English	en
ENTY:food	How are ducks?	en
ENTY:sport	How is hockey played?	en
ENTY:substance	What is aluminum used for?	en
HUM:desc	Who was Ezra Taft Benson	en
DESC:desc	How are emotions described affectively?	en
ENTY:cremat	How are remains disposed of traditionally?	en
LOC:water	What is the Great Salt Lake?	en
ENTY:termeq	What are dinosaur droppings called	en
LOC:country	What country comes last in an alphabetical list	en
ABBR:exp	CPR is the abbreviation for what	en
HUM:gr	How is a alliance organized?	en
DESC:def	What is sonar	en
NUM:perc	What percentage of mammals are bats?	en
DESC:manner	How do therapists counsel?	en
DESC:manner	In what manner do illustrators draw?	en
DESC:def	How does context shape meaning?	en
ENTY:word	What does esoteric mean?	en
NUM:period	How long was the longest hiccup attack	en
LOC:city	What is the name of the largest city in Chile, South America	en
ABBR:abb	What does UNICEF stand for?	en
NUM:code	How does hexadecimal work?	en
ENTY:letter	How many scripts are in English?	en
ENTY:color	What is black?	en
NUM:other	What are the statistics for drunken drivers in Maryland	en
LOC:city	Tell me about Houston	en
ABBR:abb	What does EMI cause?	en
NUM:perc	What ratio of children of ages between two and eleven watch The Simpsons	en
ENTY:food	How is buckwheat grown?	en
LOC:mount	What is the Alps?	en
DESC:desc	What captures sadness?	en
NUM:ord	Where did Harvard fall on the U.S. News & World Report list this year	en
ENTY:veh	How does a space shuttle work?	en
ABBR:exp	What does NLD expand to?	en
DESC:desc	How are nature scenes described?	en
ENTY:termeq	What is the meaning of beautiful?	en
NUM:perc	What percentage of people are left-handed?	en
ENTY:color	What is a common olive item?	en
NUM:weight	what is the mass of the moon	en
HUM:desc	Describe a typical dentist	en
ABBR:abb	In computing, URL refers to what?	en
NUM:period	What is the typical duration of a commercial flight?	en
ENTY:religion	How many Seventh-day Adventists are there?	en
DESC:manner	How do plants grow?	en
DESC:desc	What is a narrative description?	en
DESC:reason	Why do traditions continue?	en
ENTY:animal	what is the biggest predator in the animal kingdom	en
DESC:manner	How do ants have sex	en
ENTY:letter	What is the pronunciation of the letter D in English?	en
ABBR:exp	What does IMF expand to?	en
ENTY:body	What is the function of the artery?	en
ABBR:exp	YMCA expands to Young Mens Christian Association?	en
DESC:def	What are liver enzymes	en
HUM:gr	What stereo manufacturer is Slightly ahead of its time	en
NUM:weight	How much does a large watermelon weigh?	en
ENTY:food	What is Carrot?	en
HUM:title	Who directed Forrest Gump?	en
NUM:count	How many chairs are shown in Vincent Van Goghs 188 work The Artists Room in Arles	en
NUM:count	What is the number of states of France?	en
NUM:ord	Who came in twelfth place?	en
ENTY:techmeth	How does convolutional neural networks work?	en
NUM:perc	What percentage of the human body is blood?	en
DESC:def	What is cryptography	en
ENTY:lang	What is the language spoken in Vietnam?	en
LOC:water	What lake is Sheboygan on	en
ENTY:product	What is Adidas?	en
ENTY:techmeth	What is CRISPR gene editing?	en
ABBR:exp	DHCP means what in full form?	en
DESC:reason	Why does we have hiccups?	en
DESC:def	How do sound changes occur?	en
NUM:perc	What percentage of the blood is water?	en
LOC:country	What defines a republic?	en
HUM:gr	What is a representatives?	en
HUM:desc	How are therapists?	en
ENTY:body	How many segments does the human spine have?	en
ENTY:dismed	What is lisinopril used for?	en
NUM:perc	What percentage of minorities in the population?	en
ENTY:lang	What language is spoken in Serbia?	en
ENTY:body	What are actin and myosin?	en
LOC:mount	What is the height of Andes Mountains?	en
ENTY:animal	What is a group of turkeys called	en
DESC:manner	In what way do runners sprint?	en
NUM:weight	what is the combined mass of all ants in the world	en
HUM:ind	Who became president of the U.S. in 1789	en
ABBR:abb	What does laser stand for?	en
ENTY:veh	What is a fleet vehicle?	en
NUM:period	How many hours does a typical night shift last?	en
HUM:desc	Who invented the printing press?	en
NUM:period	What is the age when most humans reach full cognitive development?	en
DESC:reason	What causes infections?	en
ENTY:instru	What tool measures resistance?	en
HUM:desc	What does a teacher do?	en
NUM:speed	What is the maximum speed of a train?	en
DESC:desc	What is the Aurora Borealis like?	en
NUM:volsize	How big is the universe actually	en
DESC:desc	What conveys rage?	en
LOC:country	What continent is South Korea in?	en
ENTY:animal	How do animals innovate?	en
ENTY:color	How do languages name colors?	en
NUM:other	What is pi?	en
ENTY:sport	What chess outcome results when a player has no legal move	en
ENTY:plant	What is a seaweed?	en
ENTY:techmeth	What is stem cells?	en
DESC:def	What is denotation?	en
HUM:gr	What is a squad?	en
NUM:code	What pattern exists in postal codes across different regions?	en
ENTY:event	Tell me about the COVID-19 pandemic	en
NUM:weight	What is the weight of a typical adult brain?	en
DESC:manner	In what manner do glaziers cut?	en
ENTY:other	What is damage to business and government caused by bureaucracy	en
ENTY:body	How many types of white blood cells are there?	en
ENTY:dismed	What is the fear of the computer called	en
NUM:money	What is a movie ticket price?	en
ENTY:color	What color eyes are most sensitive to light	en
ENTY:animal	How do animals store food?	en
ABBR:exp	CNN is the abbreviation for what	en
ABBR:abb	What does RF stand for?	en
HUM:desc	What is a dermatologist?	en
ENTY:veh	Which airplane was Fawaz Younis convicted of hijacking	en
DESC:def	What do we mean by hormone?	en
ENTY:sport	How is cricket played?	en
ABBR:exp	CMO stands for what?	en
ENTY:veh	How long is a typical container ship?	en
ENTY:event	Tell me about the Industrial Revolution	en
ENTY:animal	What is a panda?	en
LOC:state	Where is Ohio?	en
ENTY:religion	What is the Baháʼí Faith based on?	en
ABBR:exp	What does EPA expand to?	en
ABBR:abb	What is the meaning of EPA?	en
ENTY:instru	What is a telescope used for?	en
ENTY:veh	How many passenger seats are in a typical urban bus?	en
NUM:perc	What percentage of the worlds population lives in cities?	en
ENTY:sport	What are the rules of high jump?	en
ENTY:food	Where does beer come from?	en
ABBR:abb	What does HTTPS stand for?	en
HUM:desc	What does a pulmonologist do?	en
ENTY:veh	What is the horsepower of a Lamborghini Huracán?	en
LOC:state	What is an enclave?	en
NUM:code	What is the octal code for escape character?	en
NUM:perc	What percentage is grassland?	en
ENTY:symbol	What symbol denotes asterisk?	en
DESC:desc	Can you describe the Mona Lisa?	en
NUM:code	What system determines the digits in a social security number?	en
NUM:perc	What percentage of the population is nearsighted?	en
ABBR:exp	What is UN?	en
DESC:def	What is agent orange	en
NUM:speed	What is the speed of a roller coaster?	en
NUM:period	What is the standard duration of maternity leave?	en
ENTY:body	What are synapses?	en
NUM:dist	how far is Ceuta from Gibraltar	en
ENTY:religion	What religion do Seventh-day Adventists follow?	en
ENTY:color	What is a common cyan item?	en
NUM:code	What does error code E404 mean?	en
NUM:perc	What percentage of Earths forests have been cut down?	en
NUM:count	How many colonies did Germany get to keep after World War I	en
NUM:count	How many members are in the California congressional delegation	en
LOC:mount	What is the height of Mount Rushmore?	en
ENTY:sport	What is rock climbing?	en
ENTY:animal	How big is a kangaroo?	en
ABBR:abb	What does IQ measure?	en
ENTY:currency	What is the currency of Poland?	en
HUM:gr	What inescapable purveyor of background music celebrated its 5th anniversary in July, 1984	en
LOC:other	Name a civil war battlefield	en
ABBR:abb	What is the acronym for Artificial Intelligence?	en
ENTY:instru	How does a harp resonate?	en
ABBR:abb	What is the abbreviation for micro	en
HUM:ind	Tell me about Plato	en
ENTY:animal	What is a antelope?	en
ENTY:cremat	What book opens At a certain village in La Mancha, which I shall not name..	en
ENTY:body	How does the heart pump?	en
NUM:date	When was Ulysses S. Grant born	en
ENTY:body	What does the vertebra do?	en
DESC:desc	How are relationships described relationally?	en
ENTY:techmeth	What is CRISPR?	en
DESC:desc	What is the daily requirement of folic acid for an expectant mother	en
ENTY:animal	What two animals are specifically mentioned as being in Noahs Ark	en
ENTY:food	How is crab?	en
NUM:money	How much does a cup of coffee cost?	en
ENTY:product	What is a hairbrush made of?	en
ENTY:color	How does hue vary?	en
ENTY:food	What do you get by adding Lactobacillus bulgaricus to milk	en
ENTY:word	What does inauspicious mean?	en
ENTY:plant	What is a broccoli?	en
NUM:dist	How far is London from Prague?	en
DESC:manner	How can I get my product licensed by the NBA	en
ABBR:exp	What does RF expand to?	en
ENTY:substance	What is argon?	en
DESC:manner	How did the 7th inning stretch get started	en
ENTY:plant	What plant is carnivorous?	en
ENTY:color	How does Mie scattering work?	en
ENTY:lang	Name a Gaelic language	en
NUM:dist	What is the distance between Sydney and Auckland?	en
HUM:gr	What university football team did O.J. Simpson take to the Rose Bowl	en
ENTY:animal	What four-legged creature did a Cornell University study say would make mans best companion in space	en
ENTY:veh	How deep is a cargo container floor?	en
NUM:perc	What percentage is expected to pass?	en
DESC:def	What is the definition of low island	en
NUM:perc	What percentage of the worlds food is wasted?	en
ENTY:veh	What is a roller compactor?	en
ABBR:abb	Define the abbreviation SSH	en
DESC:reason	Why do markets fluctuate?	en
NUM:weight	tell me the mass of jupiter	en
NUM:other	What is a prime number?	en
NUM:perc	What percentage of the worlds oxygen is produced by the ocean?	en
ENTY:animal	What makes homing adaptive?	en
ABBR:abb	What does JSON store?	en
ENTY:techmeth	What is the Internet of Things?	en
LOC:other	What are some good medical sites for information	en
ENTY:religion	What is Alawite Islam?	en
ABBR:abb	What is the meaning of WHO?	en
ENTY:letter	What letter denotes the accusative case?	en
DESC:reason	How come a doughnut has a hole in it	en
LOC:state	What eastern state sprouted the first commercial nuclear power plant in the U.S.	en
LOC:city	The Kentucky Horse Park is close to which American city	en
ABBR:abb	What is the shorthand for Wide Area Network?	en
ENTY:termeq	What is pragmatics?	en
NUM:date	What year was electricity discovered?	en
ENTY:instru	What device measures heat?	en
LOC:other	What is website of the International Court of Justice	en
ENTY:instru	What tool measures thermal conductivity?	en
NUM:period	How many days in a month?	en
ENTY:dismed	Name a medicine commonly used to combat AIDS	en
NUM:period	How many weeks of gestation does a human need to be viable?	en
NUM:count	What is the population of China?	en
NUM:other	Whats a perfect score in a gymnastics exercise	en
LOC:mount	How high is Mount Whitney?	en
LOC:state	What is Ohio known for?	en
ENTY:cremat	What is a wake reception?	en
ENTY:termeq	Is lawyer the same as attorney?	en
DESC:def	How do paradoxes work?	en
ENTY:letter	What is the least used letter in English?	en
DESC:def	What is the definition of algorithm?	en
ENTY:body	Where is the stomach?	en
DESC:reason	What causes roots to grow downward?	en
ENTY:plant	Where do willows grow?	en
ENTY:animal	What makes running fast?	en
DESC:def	What do we mean by metaphor?	en
HUM:ind	How does a entrepreneur contribute?	en
NUM:dist	How high must a mountain be to be called a mountain	en
ABBR:abb	What does WHO stand for?	en
NUM:period	What is the typical duration of a documentary?	en
HUM:desc	What does a geomorphologist study?	en
DESC:reason	What causes cramps?	en
ENTY:lang	How many people speak Korean?	en
NUM:period	How many centuries has human civilization existed?	en
ENTY:religion	What religion is Monophysitism?	en
HUM:ind	What mayor made so many TV appearances he was asked to join AFTRA in 1984	en
ENTY:lang	What language is spoken in Hungary?	en
ABBR:exp	What does BTU mean	en
ABBR:exp	What does CPR stand for	en
HUM:gr	Who are the natives?	en
DESC:manner	In what manner do zoologists categorize?	en
ABBR:exp	Spell out the acronym OLED	en
HUM:desc	What is the role of a mentor?	en
ENTY:other	What did Louis Cartier invent for aviator Santos Dumont in 1940	en
ENTY:word	Whats another word that means knows all	en
NUM:volsize	how small is a microbe	en
LOC:country	Tell me about Germany	en
LOC:country	What is the capital of Hungary?	en
NUM:dist	What is the distance across Australia?	en
LOC:water	What is the Dead Sea?	en
ENTY:dismed	What is insulin used for?	en
NUM:volsize	How large is the Red Sea?	en
DESC:def	What is a metaphor?	en
ENTY:letter	How many letters does the Hungarian alphabet have?	en
DESC:def	How does non-standard language differ?	en
ENTY:currency	What is the symbol for shekel?	en
ENTY:techmeth	What is the most efficient way to start a barbeque	en
NUM:money	How much does a new railroad coal car cost	en
LOC:state	What is a province?	en
NUM:date	When was the DNA invented?	en
ENTY:product	What is the most expensive car in the world	en
ABBR:abb	What is the acronym for Federal Bureau of Investigation?	en
ENTY:food	What is hamburger made from?	en
ENTY:substance	What are the properties of aluminum?	en
ABBR:exp	UNESCO expands to United Nations Educational, Scientific and Cultural Organization?	en
LOC:landmass	Which continent is the Sahara Desert on?	en
ENTY:plant	What plant is rum made from	en
LOC:city	What is the capital of Seattle	en
NUM:money	What is the price of gold per ounce?	en
NUM:count	How many districts does London have?	en
ENTY:body	What are receptors?	en
ENTY:product	What is a monitor?	en
DESC:def	What is spatial deixis?	en
ENTY:substance	What molecules include fluorine, sodium and magnesium	en
ENTY:dismed	What is the fear of cockroaches called	en
NUM:other	How often does Old Faithful erupt at Yellowstone National Park	en
DESC:reason	What problems contributed to the high failure rate of Plains farmers in the 1800s	en
ABBR:abb	Explain the acronym LED	en
ENTY:veh	What is the thermal efficiency of diesel engines?	en
DESC:manner	In what manner do architects blueprint?	en
LOC:country	What two countries in South America are landlocked	en
ENTY:word	What is a word that means difficult?	en
DESC:desc	How would you characterize this?	en
HUM:ind	Rotary engines used to be made by whom	en
ABBR:abb	What does CFO stand for?	en
LOC:country	What three European countries begin with the letter A	en
ABBR:exp	GPU is short for what exactly?	en
DESC:def	What does the name Shawn mean	en
DESC:desc	What is the origin of thank you notes	en
ENTY:word	How many syllables does comfortable have?	en
ABBR:abb	What does CIA stand for?	en
DESC:def	How would you define analogy?	en
ENTY:religion	What do Buddhism followers believe?	en
DESC:desc	How is luxury described sumptously?	en
ENTY:animal	What makes lactation important?	en
ENTY:color	How is yellow formed?	en
ABBR:abb	What is the shorthand for Secure Shell?	en
ENTY:food	What is egg?	en
LOC:water	What river runs through Liverpool	en
ENTY:religion	What is Confucianism based on?	en
DESC:def	What are equity securities	en
DESC:reason	Why is poop sometimes different colors	en
ENTY:body	What digestive organ concentrates the bile into the form thats best used for digestion	en
LOC:landmass	What continent has the most people?	en
NUM:weight	How much does a laptop computer weigh?	en
ENTY:veh	What is the maximum speed of an autonomous vehicle?	en
ENTY:symbol	What symbol denotes female?	en
ABBR:abb	What does RF transmit?	en
ENTY:color	How are colors mixed in painting?	en
HUM:ind	What is the most common name	en
HUM:ind	Who is the author of the book, The Iron Lady A Biography of Margaret Thatcher	en
HUM:title	what are the army highest ranking officers called	en
DESC:def	What is a compound word?	en
ENTY:symbol	How is the * symbol used?	en
ENTY:body	How do ovaries produce?	en
ENTY:religion	What is Spiritualism?	en
ABBR:exp	Write out TLS in full	en
LOC:mount	What Rocky Mountain ridge separates North Americas eastward and westward-flowing rivers	en
ENTY:veh	How does an airplane fly?	en
LOC:state	What is Michigan known for?	en
LOC:mount	What is the worlds highest peak	en
NUM:other	What is the weight of a human brain?	en
NUM:count	What is the number of oceans?	en
NUM:weight	How much do all the insects on Earth weigh combined?	en
ENTY:color	What is a common beige item?	en
DESC:reason	Why is the universe flat, if it started by an explosion, shouldn t it be a sphere	en
NUM:perc	What percentage of the human body is water in infants?	en
ENTY:plant	What is a violet?	en
ENTY:lang	How is Italian spoken?	en
DESC:def	How do moods work?	en
ENTY:color	What is color blocking?	en
NUM:dist	How far is London from Rome?	en
ABBR:abb	What does HTTP stand for?	en
ENTY:instru	What is a saw used for?	en
LOC:water	Where is the Tigris-Euphrates?	en
DESC:manner	How can I find out what year a Beanie Baby was introduced	en
ENTY:other	What are the components of polyester	en
DESC:def	How does acronymy form?	en
ABBR:exp	What does SSD stand for?	en
ENTY:word	What is the plural of the word alumni?	en
ENTY:veh	What is a cargo plane?	en
ENTY:religion	what religion do the jews practice	en
NUM:dist	What is the distance across the Grand Canyon?	en
ENTY:religion	What is the primary religion in Indonesia?	en
HUM:gr	What company makes impulse hardening equipment	en
LOC:water	What is the Pacific Ocean?	en
LOC:water	On what river is Rome built	en
NUM:count	How many different countries export coffee	en
ABBR:abb	What does FBI mean?	en
HUM:ind	Tell me about Mahatma Gandhi	en
NUM:date	What time of year is air travel the heaviest	en
NUM:other	What is the largest library in the world?	en
ENTY:product	What is a laptop made of?	en
DESC:manner	How do you get dates with the Hooters girls	en
ENTY:instru	What is a accordion used for?	en
LOC:water	What connects to the Mississippi River?	en
DESC:def	What is standard language?	en
ENTY:techmeth	How does clustering algorithm work?	en
NUM:ord	What is the eleventh letter of the alphabet?	en
ABBR:abb	What does GIF stand for?	en
NUM:weight	What is the weight of a human skin?	en
ABBR:abb	What is the shorthand for Customer Relationship Management?	en
ENTY:food	Where does spinach come from?	en
HUM:ind	Who was the first man to return to space	en
LOC:country	What country borders the most others	en
DESC:manner	How do you fix squeaky floors	en
ENTY:plant	What is a pine?	en
LOC:landmass	How are beaches created?	en
HUM:ind	What is the name of the inventor of silly putty	en
ENTY:event	What happened during Coachella?	en
NUM:count	What is the number of organs in the body?	en
LOC:city	What town was the setting for The Music Man	en
HUM:ind	Who was the first vice president of the U.S.	en
HUM:desc	What does a geologist do?	en
LOC:other	Where did Bill Gates go to college	en
NUM:period	What is the average lifespan of a bear?	en
LOC:state	What is Illinois known for?	en
DESC:desc	How is literature described narratively?	en
HUM:ind	How does a diplomat contribute?	en
ENTY:religion	How is Buddhism meditated?	en
LOC:country	What is the capital of Portugal?	en
NUM:dist	What is the wingspan of a condor	en
NUM:speed	What is the speed of the fastest fish?	en
NUM:ord	What is the fourteenth planet?	en
DESC:manner	How do you write a letter?	en
LOC:city	What is Californias capital	en
NUM:weight	What is the mass of 500 m of copper wire with a diameter of 1 mm	en
NUM:perc	What percentage is the markup?	en
NUM:speed	What is the speed of a bullet train on Japanese rail lines?	en
ENTY:termeq	What is another word for till?	en
ENTY:termeq	How are concepts categorized?	en
HUM:ind	How are architects?	en
LOC:country	What continent is Portugal in?	en
ENTY:body	What is the function of white blood cells?	en
DESC:reason	What causes inflammation?	en
DESC:manner	How can you contact play producers and promoters on-line	en
ENTY:other	In what deodorant commercial did tenants have adjoining medicine cabinets	en
ENTY:techmeth	What is the best way to travel in Japan	en
NUM:weight	How much does a hardcover book weigh?	en
ENTY:event	How are exhibitions organized?	en
NUM:count	How many innings are there in a regulation softball game	en
ENTY:food	What foods contain the most protein	en
DESC:manner	How do embroiderers stitch?	en
DESC:reason	Why do some people have two different color eyes	en
ENTY:symbol	What is the % symbol?	en
NUM:dist	How far is Moscow from St. Petersburg?	en
ENTY:symbol	What does the moon represent?	en
NUM:period	How many days is menstrual cycle?	en
NUM:temp	What is the temperature of the Suns corona?	en
NUM:count	How many colors are there in a rainbow	en
ENTY:word	How many letters does the word pseudopseudohypoparathyroidism have?	en
NUM:volsize	how big was the roman empire	en
NUM:dist	How far is New York from Madrid?	en
DESC:manner	How did the U.S. come into the possession of an empire in the wake of the Spanish-American War	en
NUM:temp	What is the temperature for baking Peachy Oat Muffins	en
ENTY:food	Where does banana come from?	en
ENTY:veh	What is a mechanical lift?	en
ENTY:religion	What is Channeling in spirituality?	en
LOC:state	What is the capital of Oklahoma?	en
DESC:def	How do relative clauses modify?	en
NUM:other	What is the chemical reactivity of helium	en
ENTY:color	What is color stability?	en
LOC:city	What two cities usually mark the extremes of English Channel swims	en
ENTY:currency	Which country uses the peso?	en
NUM:date	When was Queen Victoria born	en
NUM:period	How long is the typical duration of a dental cleaning?	en
ENTY:letter	What letter comes first?	en
ABBR:abb	What is the acronym for Megabyte?	en
ABBR:abb	What does the number 5 stand for on FUBU clothing	en
ENTY:veh	What is a jet ski used for?	en
ENTY:substance	What does saliva consist of	en
DESC:desc	What makes color descriptions evocative?	en
DESC:reason	Why do tundras freeze?	en
LOC:mount	Which volcano has the world’s largest rise from base to peak	en
NUM:date	When was the signing of the Magna Carta?	en
DESC:manner	How was the element calcium named	en
NUM:perc	What percentage of the population is ambidextrous?	en
HUM:title	What is a Cardinal?	en
NUM:count	How many people live in the Falklands	en
ENTY:color	What color is a violet?	en
HUM:gr	What do we call theists?	en
DESC:reason	What is D.B. Cooper known for	en
ENTY:techmeth	What interesting method was used to run the credits in the early Popeye cartoons	en
ABBR:exp	What does HTTP expand to?	en
ENTY:veh	What is the payload capacity of a Chevrolet Silverado?	en
DESC:def	What is a clause?	en
LOC:country	What two countries are separated by the Bering Strait	en
LOC:landmass	What is Europe?	en
DESC:desc	Describe the Eiffel Tower	en
HUM:title	Who holds the title of Admiral?	en
ABBR:abb	LED abbreviates what?	en
NUM:temp	What is the temperature on Venus?	en
NUM:dist	How far is London from Cairo?	en
ENTY:color	What color are seven of every 10 houses in the U.S.	en
ENTY:event	What feud ended with a marriage in Kentucky on March 21, 1891	en
DESC:reason	What is the causal explanation?	en
ENTY:letter	What is the rarest letter in Scrabble?	en
HUM:ind	Who is the mayor of Marbella	en
ENTY:dismed	What is a fear of weakness	en
DESC:manner	How does it make its colors	en
DESC:def	What is supernova	en
DESC:manner	What is the way to change a tire?	en
ENTY:symbol	What is the ♥ symbol used for?	en
NUM:dist	What is the length of the coastline of the state of Alaska	en
ENTY:instru	What is a Banjo?	en
NUM:count	How many cables support the main span of the Golden Gate Bridge	en
ENTY:animal	What animal has killed the most people	en
LOC:city	What is the capital of Italy	en
HUM:desc	Who is Stephen Hawking	en
NUM:dist	How far is Tokyo from Mumbai?	en
NUM:dist	tell me the radius of the proton	en
ENTY:lang	Where is French spoken?	en
ENTY:symbol	what does the an umbrella with rain falling on it symbol look like	en
LOC:city	What New Hampshire hamlet rises early to vote first in U.S. presidential elections	en
ENTY:dismed	What is dengue fever?	en
ABBR:abb	Explain the acronym GPU	en
ENTY:color	What is pink?	en
ENTY:animal	What is Californias state bird	en
ENTY:substance	What organic fuel do bog-dwellers use a slane to cut	en
LOC:state	What state full of milk and honey was the destination in The Grapes of Wrath	en
ENTY:color	Self-luminous colors appear to glow even though no light is emitted. An example isself-luminous red which may be seen by staring at green and then looking at white. Do you know any other Self-luminous color	en
ENTY:letter	What letter appears most in English?	en
NUM:volsize	How big is a quart	en
NUM:other	How many countries have coastlines?	en
ENTY:word	What English word comes from the Old French covrefeu, meaning cover fire	en
ENTY:body	What are the largest salivary glands	en
ENTY:plant	Where do seaweeds grow?	en
LOC:water	Where is Lake Victoria?	en
ABBR:abb	What does LTR indicate?	en
ENTY:food	What do penguins eat	en
HUM:ind	Who created Big Ben	en
ENTY:body	What are the gonads?	en
ENTY:cremat	What TV station did Mary Richards work for	en
ENTY:lang	What is Spanish?	en
ABBR:exp	What does GMB expand to?	en
ENTY:veh	What is a trolley?	en
ENTY:food	What is yogurt made from?	en
LOC:city	Where is Madrid?	en
DESC:reason	Why were the American soldiers in WWI called Doughboys	en
ENTY:event	What are some of the significant historical events of the 1990s	en
ENTY:lang	What is Vietnamese known for?	en
ABBR:exp	What does UV expand to?	en
ENTY:body	Where is the vein?	en
ENTY:other	What did Dan Aykroyd and John Belushi quit Saturday Night Live to become	en
LOC:landmass	What continent has the Amazon rainforest?	en
HUM:title	What did the Seven Dwarfs do for a living	en
NUM:volsize	What is the volume of a human stomach?	en
HUM:title	What is a Marshal?	en
ENTY:instru	How many keys does a standard piano have?	en
ENTY:plant	What are two plants that clothes are made from	en
HUM:gr	What is a council?	en
LOC:state	What is the capital of Utah?	en
ENTY:plant	Where do corns grow?	en
NUM:period	What is the standard duration of a parking meter?	en
ENTY:plant	What is rice?	en
LOC:other	Where can I find info on Alexander Mackenzie	en
ENTY:dismed	How is chickenpox treated?	en
ENTY:substance	What is potassium?	en
ENTY:animal	What makes smell acute?	en
NUM:code	What does error code E502 mean in web?	en
NUM:count	What is the number of states of Peru?	en
ENTY:color	How is burgundy made?	en
NUM:dist	How far is it from Cairo to Cape Town?	en
DESC:reason	Why do USA fax machines not work in UK, NNP	en
ENTY:cremat	Tell me about memorial service	en
NUM:count	Count the states	en
DESC:reason	Why do flowers bloom?	en
ENTY:letter	What is the letter that looks like a backwards R?	en
NUM:count	How many visitors go to the Vatican each year	en
LOC:city	What city is near the mouth of the Amazon	en
NUM:dist	tell me the diameter of jupiter	en
ENTY:plant	What does a daisy look like?	en
ENTY:color	What colors make up a rainbow	en
ENTY:letter	How many letters does the Basque alphabet have?	en
HUM:title	How does a librarian organize?	en
ENTY:product	What is the Lamborghini?	en
DESC:def	What do we mean by encryption?	en
DESC:reason	Why is the moon different sizes and colors	en
ENTY:body	Which organ releases bicarbonate and digestive enzymes such as trypsin, lipase, and amylase during the digestion process	en
HUM:gr	What do we call employers?	en
NUM:ord	What is the thirteenth book in the series?	en
ENTY:word	What is a antonym?	en
HUM:desc	Describe a typical archaeologist	en
DESC:manner	How effective are condoms in protecting against AIDS	en
LOC:other	Where did Sarge Steel get his metal hand	en
ENTY:veh	How many cylinders does a Toyota Camry engine typically have?	en
ENTY:body	What is the function of the medulla oblongata?	en
ENTY:word	What does gossamer mean?	en
HUM:ind	Who was Plato?	en
NUM:speed	How fast can a bighorn sheep run?	en
LOC:landmass	What is Sub-Saharan Africa?	en
NUM:other	How many elements exist?	en
ABBR:abb	What is the shorthand for Post Office Box?	en
ENTY:letter	What is the first letter of the English alphabet?	en
ENTY:body	What is the urethra?	en
NUM:count	How many times larger than life size is the Statue of Liberty	en
HUM:gr	Who are the senators?	en
ENTY:termeq	What is the lens behind the iris in the eye called	en
ENTY:instru	How do you use a harmonica?	en
ENTY:plant	What is a cactus?	en
ABBR:exp	Spell out the acronym SSH	en
DESC:reason	What causes volcanic eruptions?	en
ENTY:termeq	What are John C. Calhoun and Henry Clay known as	en
ENTY:word	What is the plural of the word moose?	en
NUM:weight	How much does a can of soda weigh?	en
NUM:weight	How much does a Boeing 747 weigh?	en
NUM:period	How long does it take to earn a PhD?	en
LOC:landmass	name the 2 Portuguese archipelagos	en
NUM:perc	What percentage of the population has red hair?	en
NUM:speed	What is the speed of sound in different media?	en
NUM:period	How long does a dog sleep	en
ABBR:exp	What does EGY stand for?	en
NUM:other	What is the sales tax rate in New York	en
ENTY:animal	What animal migrates the farthest	en
ENTY:techmeth	How does wireless charging work?	en
DESC:manner	How do movie blues screens work	en
LOC:other	Where did Luther display his Ninety-Five Theses	en
ABBR:exp	Spell out the acronym TLS	en
ENTY:cremat	On what T.V. show could Tom Terrific be found	en
ENTY:color	What color does litmus paper turn when it comes into contact with a strong acid	en
ENTY:instru	How many strings does a dulcimer have?	en
NUM:perc	What percentage of the forest is boreal?	en
ENTY:body	What does the tongue do?	en
ENTY:body	How many neurons are in the human brain?	en
DESC:desc	What conveys happiness?	en
DESC:reason	Why do proteins fold?	en
ENTY:veh	what is the name of the mars rover	en
NUM:perc	What percentage of GDP is spent on education?	en
HUM:title	How does a secretary work?	en
DESC:def	What is flintknapping	en
LOC:water	Where is the Danube River?	en
NUM:period	How many hours in a day?	en
ENTY:veh	What is a tractor used for?	en
ENTY:symbol	What is the zodiac sign for August 14	en
HUM:gr	What defines a unit?	en
NUM:weight	How much does a gallon of milk weigh?	en
DESC:desc	What captures surprise?	en
NUM:date	In what year was the Berlin Wall erected	en
ENTY:color	What is rust?	en
HUM:title	How does a Chancellor lead?	en
LOC:city	What country is Madrid in?	en
ENTY:event	What was the moon landing?	en
ABBR:abb	In computing, RAM refers to what?	en
NUM:period	How long does it take for hair to grow back after cutting?	en
LOC:other	What is Bill Gates of Microsoft E-mail address	en
ENTY:veh	How wide is a motorcycle including mirrors?	en
LOC:city	What are the 10 largest cities in the US	en
ENTY:body	Where does your hair grow the fastest	en
ENTY:body	What is blood?	en
HUM:gr	What do we call alumni?	en
HUM:desc	Who is Stein Eriksen	en
ENTY:word	What is a phrase?	en
ENTY:plant	What plant produces vanilla flavoring?	en
ENTY:body	Where is the lung?	en
ENTY:other	What defines a significant discovery?	en
ENTY:food	What is pizza?	en
NUM:temp	At what temperature does wax melt?	en
LOC:state	What is the largest city in North Dakota?	en
ENTY:techmeth	What is robotics?	en
ABBR:abb	In computing, TLS refers to what?	en
ENTY:body	Which muscles are the only muscles that can be consciously controlled	en
ENTY:lang	What is Polish?	en
LOC:state	What is Maryland known for?	en
NUM:ord	What is the twelfth letter of the alphabet?	en
ENTY:animal	How do animals defend?	en
LOC:state	How are autonomous regions administered?	en
DESC:manner	Describe how to build a bookshelf	en
ENTY:sport	What game do Steve McQueen and Edward G. Robinson play in The Cincinnati Kid	en
ENTY:substance	What precious stone is a form of pure carbon	en
DESC:desc	Where did the energy for the Big Bang come from	en
HUM:gr	What culture developed the idea of potlatch	en
LOC:country	What country owns Corsica	en
LOC:landmass	What is Ellesmere?	en
LOC:water	What is the Lake Superior?	en
ENTY:substance	What is salt?	en
NUM:perc	What fraction of the Earths oxygen is produced by ocean plankton?	en
ENTY:plant	Which plant is drought resistant?	en
NUM:ord	What is the fourth book in the series?	en
DESC:def	What is barnstorming	en
NUM:dist	How far is Paris from Tokyo?	en
ENTY:animal	How do ethologists study?	en
NUM:code	What is the hexadecimal code for letter A?	en
ENTY:dismed	What infectious disease is the worlds deadliest	en
ENTY:body	What is the function of the liver?	en
NUM:code	What is the telephone number for the University of Kentucky	en
ENTY:color	How does camouflage use?	en
ENTY:dismed	How is obesity treated?	en
NUM:volsize	How big is a tennis ball?	en
NUM:code	How are barcode codes structured?	en
ENTY:plant	What plant is known as the corpse flower?	en
DESC:desc	What is the nursery rhyme Rock-a-by Baby about	en
DESC:def	What is ambiguity?	en
LOC:city	What country is Bangkok in?	en
ENTY:termeq	What is a synonym for till?	en
ENTY:veh	How does a snowmobile work?	en
NUM:code	What does error code E418 mean in web?	en
ENTY:body	How many bones are in the human spine?	en
NUM:period	How long is the typical duration of anesthesia during surgery?	en
ENTY:letter	How many consonants are in the English alphabet?	en
ENTY:food	Where does carrot come from?	en
DESC:def	What is perlocution?	en
DESC:reason	Why do people bond?	en
DESC:reason	What causes deforestation?	en
NUM:weight	What is the weight of blood?	en
HUM:desc	What does a actor do?	en
DESC:def	What is The Gay Science	en
NUM:volsize	What is the volume of a standard shipping container?	en
DESC:reason	Why do many Native American students not complete college	en
LOC:city	Tell me about Amsterdam	en
LOC:country	What is the capital of India?	en
ENTY:word	What is a synonym for old?	en
DESC:manner	How do you tell somebody you like them	en
ENTY:color	How do sports team colors?	en
NUM:volsize	what size was the largest reptile to ever live	en
HUM:title	What is the role of a Coordinator?	en
ENTY:religion	How is Taoism taught?	en
ABBR:exp	What does PRK stand for?	en
NUM:perc	What percentage is water?	en
NUM:temp	At what temperature does steel lose its strength?	en
NUM:count	How many thousands of students attend the University of Massachusetts	en
ENTY:product	What is iPad?	en
ENTY:lang	Where is Chinese spoken?	en
DESC:desc	What exactly, specifically does sleep do for you	en
ENTY:animal	How do animals sense temperature?	en
ENTY:animal	What defines an apex predator?	en
ENTY:symbol	What is the ♣ symbol used for?	en
ENTY:event	When did the Renaissance occur?	en
ENTY:symbol	name all traffic signs	en
NUM:money	What is the amount of money owed for illegally having a dog on a beach	en
LOC:other	Where on the Web is Adventours Tours from Sydney, Australia	en
NUM:period	How long did it take Stanley to find Livingstone	en
ABBR:abb	What is the acronym for User-Centered Design?	en
NUM:temp	At what temperature does concrete set?	en
ABBR:exp	What does TCA represent?	en
LOC:other	What is a geographic location at coordinates -23, -60?	en
ENTY:symbol	What is the registered trademark symbol?	en
HUM:title	Who holds the title of Princess?	en
ENTY:color	What is leucism?	en
HUM:ind	Who invented the Moog Synthesizer	en
ENTY:body	What is the function of the hair?	en
ENTY:religion	What is Catholicism based on?	en
ENTY:body	How many lobes does the human brain have?	en
ABBR:abb	What is the meaning of CRUD?	en
ENTY:event	What happened during the Reformation?	en
ENTY:food	What do river otters eat	en
ENTY:termeq	Whats the term for an organism that lives on or in another	en
NUM:money	How much did a McDonalds hamburger cost in 1963	en
ENTY:veh	How thick is a car bumper in modern designs?	en
ENTY:instru	What tool measures pH levels?	en
LOC:water	What is the Amazon River?	en
NUM:date	What year was the Industrial Revolution?	en
HUM:title	What is a Commissioner?	en
ABBR:abb	What is the meaning of RNA?	en
LOC:country	How is a nation governed?	en
ENTY:sport	What are the rules of tennis?	en
NUM:speed	What is the speed of a cat?	en
ABBR:exp	Expand the acronym HTTP	en
ENTY:symbol	Where is the degree symbol symbol used?	en
ENTY:animal	In Beetle Bailey, can you name Sarges dog	en
DESC:desc	How are endings described finitely?	en
ENTY:letter	What letter is used for sulfur on the periodic table?	en
LOC:city	What country is London in?	en
ABBR:exp	What does RNA expand to?	en
ENTY:other	What kind of education do I need to become a flight attendant	en
NUM:code	What does error code E401 mean in web?	en
LOC:landmass	What continents name appears on the upper left corner of a Budweiser label	en
DESC:reason	Why did several San Diego schools remove apples from students menus	en
ENTY:instru	How do you use a axe?	en
NUM:date	When will Jean Aeul publish her next book	en
ENTY:veh	What is the structural rigidity of a car chassis?	en
NUM:speed	What is the speed of light in water?	en
NUM:code	What is the ASCII code for bell?	en
ENTY:other	How are historical photos archived?	en
ENTY:food	What is a mineral?	en
ENTY:religion	What do Jainism followers believe?	en
ABBR:abb	RAM abbreviates what?	en
ENTY:word	What is a noun?	en
ENTY:body	What is the function of the corpus callosum?	en
ENTY:plant	How do roots absorb?	en
ENTY:food	Where does orange come from?	en
NUM:count	How many people on the ground were killed from the bombing of Pan Am Flight 103 over Lockerbie, Scotland, December 21, CD	en
NUM:date	How many days are in 2024?	en
ENTY:veh	How many wheels does a bicycle have?	en
NUM:other	How many lakes are there?	en
ENTY:other	What is Bella Abzugs sartorial trademark	en
LOC:city	The Orange Bowl is located in what city	en
LOC:landmass	Where is Madagascar?	en
DESC:def	How does backformation work?	en
DESC:def	What are geckos	en
NUM:period	How many hours does a typical concert last?	en
LOC:mount	Which mountain is the highest in the Andes?	en
ENTY:termeq	Whats a Drinker respirator better known as	en
ENTY:animal	What is a hawk?	en
NUM:ord	What is twenty-first?	en
NUM:period	How long does it take for a bone to heal after fracture?	en
ENTY:other	What did the Chinese emperor present to the English soldier Gordon in recognition of his services in quelling rebellions	en
NUM:period	What is the average lifespan of a wolf?	en
ABBR:abb	DNS abbreviates what?	en
LOC:country	What southeast Asian country has the Wang River joining the Ping River at Tak	en
ENTY:veh	What is a skateboard?	en
DESC:manner	How do they find an epicenter	en
ENTY:dismed	What is a fungus?	en
DESC:reason	Why is we have hiccups?	en
NUM:money	What is the exchange rate between England and the U.S.	en
NUM:count	Count the species	en
NUM:count	What is the number of provinces of Indonesia?	en
ENTY:cremat	What are the shortest and the longest songs ever produced	en
DESC:def	How do status markers show?	en
DESC:reason	Why are sometimes your hands cold, but the rest of you isn t	en
DESC:reason	Shea and Gould closed their Los Angeles office for what reason	en
NUM:temp	At what temperature does chocolate reach its melting point?	en
ENTY:animal	What are the two largest birds on earth	en
ENTY:animal	What is a group of frogs called	en
DESC:def	What is a message?	en
LOC:city	What U.S. city is The Queen of the Pacific	en
ENTY:food	What is Fish?	en
ENTY:food	What is cucumber?	en
ENTY:body	How do platelets clot?	en
NUM:temp	What should the temperature be set at while baking Peachy Oat Muffins	en
ENTY:product	What is a bookshelf?	en
NUM:code	What is the octal code for letter A?	en
DESC:desc	How are conflicts described antagonistically?	en
HUM:ind	What is Rona Barretts married name	en
ENTY:product	How does a dishwasher work?	en
ENTY:instru	What is a trumpet used for?	en
LOC:water	How salty is the Indian Ocean?	en
ENTY:symbol	What is the + symbol?	en
DESC:manner	How do nomads wander?	en
ENTY:cremat	What are the most albums sold by one artist or band	en
ENTY:food	What is beer?	en
DESC:manner	How do veterinarians treat?	en
NUM:dist	How far is Tokyo from New York?	en
ENTY:animal	How do animals use mimicry?	en
ENTY:animal	What are crustaceans?	en
ENTY:veh	How many wheels does a standard forklift have?	en
LOC:state	What is the nickname for the state of Mississippi	en
NUM:count	How many mines can still be found in the Falklands after the war ended	en
LOC:mount	How high is Mount Elbrus?	en
ENTY:word	What does inanimous mean?	en
HUM:title	What is a Duke?	en
ENTY:currency	What currency does Australia use?	en
DESC:reason	Why do mountains rise?	en
ABBR:abb	What is the acronym for Galileo?	en
LOC:landmass	What is Mindanao?	en
NUM:count	What is the number of sides of a die?	en
LOC:landmass	What is a fjord?	en
ENTY:substance	What is hydrogen peroxide used for?	en
ENTY:animal	What makes undulation useful?	en
NUM:date	What year was World War I?	en
ENTY:veh	Name the ship Beany and Cecil sailed	en
ENTY:plant	Where do sunflowers grow?	en
LOC:water	Where is the Mississippi River?	en
ENTY:color	How is indigo different from blue?	en
ENTY:termeq	What other name were the Little Rascals known as	en
ENTY:termeq	What is a term equivalent to dark?	en
ENTY:termeq	What is the name of the art of growing miniature trees	en
ABBR:exp	What does IR expand to?	en
ENTY:plant	What is a tulip?	en
HUM:gr	What was the previous name for the Commonwealth	en
ENTY:word	What does confined mean?	en
ENTY:termeq	What is a synonym for couch?	en
ENTY:animal	What are social insects?	en
DESC:desc	What creates luminous imagery?	en
ENTY:dismed	What does Salk vaccine prevent	en
ABBR:exp	What does RWA expand to?	en
NUM:date	When was the radio invented?	en
ENTY:product	What is a chair made of?	en
ENTY:event	What is an exhibition?	en
HUM:ind	Tell me about Napoleon Bonaparte	en
DESC:desc	Whats the difference between carelessness and carefreeness	en
ENTY:product	What is a washing machine?	en
LOC:landmass	What is the Sahara?	en
ENTY:currency	How many baht are in a dollar?	en
HUM:gr	What defines a alliance?	en
ENTY:lang	What is Norwegian?	en
ENTY:word	What does loquacious mean?	en
ENTY:color	What color is khaki?	en
ENTY:other	What is the high pitched sound that you hear in your ear every now and then, but then it goes away, after a while	en
DESC:desc	What is the Mona Lisa like?	en
ENTY:currency	How many rubles are in a dollar?	en
HUM:ind	Who was the inventor of the stove	en
ENTY:instru	What instrument measures earthquake intensity?	en
HUM:ind	How are artists?	en
HUM:gr	What government department did The Untouchables work for	en
DESC:manner	What is the way to take a photograph?	en
NUM:code	tell me the hospitals phone number	en
DESC:def	What does the word camaro mean, from the GM car the Camaro	en
ABBR:abb	What does SSL secure?	en
ENTY:termeq	Aspartame is also known as what	en
LOC:landmass	What island has a park called The Battery at is southern tip	en
ABBR:abb	What does NASA mean?	en
ENTY:cremat	What is the purpose of requiem?	en
ENTY:letter	What letter follows q most often?	en
NUM:temp	What temperature does water evaporate?	en
ENTY:body	Where is the cerebellum?	en
NUM:period	How many centuries have passed since the year 1800?	en
LOC:mount	Where is Mount Rainier?	en
NUM:speed	What is the speed hummingbirds fly	en
LOC:country	What countries have the largest areas of forest	en
NUM:date	When was Florida admitted into the Union	en
ENTY:instru	How does a synthesizer generate?	en
ENTY:lang	What is the primary language of Poland?	en
DESC:desc	What do Christian Scientists believe in	en
ENTY:body	How many chambers does the heart have?	en
ENTY:termeq	What is another name for nearsightedness	en
HUM:ind	Who was the first black to be head coach of a major league pro sports team	en
ENTY:animal	How big is a snake?	en
ENTY:veh	What is a truck?	en
DESC:manner	In what manner do animals hunt?	en
NUM:period	How long does it take to become a doctor?	en
NUM:other	How often are quadruplets born	en
NUM:speed	How fast does the Moon orbit Earth?	en
ENTY:plant	What is a corn?	en
ENTY:termeq	Is joyful the same as happy?	en
NUM:count	What is the number of provinces of Canada?	en
DESC:reason	Why do skins itch?	en
DESC:reason	Why do hormones regulate?	en
DESC:manner	In what manner do sociologists survey?	en
ENTY:cremat	How are urns sealed?	en
HUM:title	Who wrote 1984?	en
ENTY:food	What do manatees eat	en
ENTY:lang	What is a language spoken by the Sioux	en
ENTY:sport	What sport do the Cleaveland Cavaliers play	en
NUM:money	What is the average house cost?	en
LOC:water	What is the Fjord called in Scandinavia?	en
ABBR:exp	What does MHL represent?	en
HUM:desc	Who is Nicolo Paganini	en
ENTY:dismed	What are the 10 plagues of Egypt	en
NUM:period	What is the average length of a TED talk?	en
NUM:count	How many states did Richard Nixon carry in 1972	en
HUM:desc	Who was Galileo	en
ABBR:abb	Define the abbreviation USB	en
ENTY:instru	What tool measures weight?	en
ENTY:instru	How many strings does a bouzouki have?	en
ENTY:food	What is nutmeg?	en
HUM:gr	What is a delegation?	en
NUM:count	What is the area in sq km of China?	en
LOC:city	What county is Modesto, California in	en
DESC:desc	Describe the Finnish music personality Salonens appearance	en
NUM:perc	What percent of the world is left-handed?	en
HUM:ind	Who was Homer?	en
ENTY:food	Where does cucumber come from?	en
ENTY:substance	What is a mirror made out of	en
ENTY:letter	What is a alphabet?	en
ABBR:abb	What does CEO stand for?	en
ENTY:veh	What is the cruise range of an electric Tesla on a full charge?	en
DESC:manner	How were the days of the week named	en
LOC:other	What building built in 18 contains 327 miles of book shelves	en
HUM:title	What is a Corporal?	en
ENTY:product	What is a bicycle made of?	en
ENTY:color	What color is purple?	en
HUM:desc	What does a tutor do?	en
NUM:code	What is the ASCII code for form feed?	en
DESC:manner	How did the months of the year get there name	en
NUM:date	On what day is Halloween?	en
ENTY:dismed	What is atorvastatin?	en
HUM:desc	What does a editor do?	en
ENTY:instru	What is a stethoscope?	en
ENTY:plant	What does a barley look like?	en
ENTY:veh	How many rotations does a tire make per mile?	en
ENTY:religion	What do Bahai Faith followers believe?	en
ENTY:dismed	For what disease is the drug Sinemet used as a treatment	en
DESC:reason	Why do animals hibernate?	en
ENTY:cremat	What is an ash dispersion?	en
NUM:code	What does error code E500 mean in web?	en
ENTY:animal	Name a tiger that is extinct	en
NUM:count	How many years of bad luck follow breaking a mirror	en
HUM:gr	Who used to make cars with rotary engines	en
ENTY:product	What is a computer made of?	en
ENTY:event	How are conventions managed?	en
NUM:other	How many cards in a deck?	en
ENTY:letter	What letter represents mercury on the periodic table?	en
HUM:title	Who composed Moonlight Sonata?	en
ENTY:religion	What is Sunni Islam?	en
NUM:other	How many words are in the English language?	en
ENTY:body	Where is the skeleton?	en
DESC:manner	How does ultraviolet light damage the DNA of skin cells	en
ENTY:sport	How is football played?	en
DESC:desc	How are landscapes described expansively?	en
ENTY:animal	What makes armor protective?	en
ABBR:abb	What is the meaning of FDA?	en
NUM:ord	What is the seventh book in the series?	en
ENTY:product	What car was driven in the 199 release of Smokey and the Bandit	en
ENTY:termeq	What is another word for dwelling starting with h?	en
NUM:speed	What is the speed of a satellite in orbit?	en
ENTY:religion	What religion is Shinto?	en
ENTY:instru	How do you use a flute?	en
DESC:desc	Describe Big Ben	en
ENTY:letter	What is the pronunciation of the letter W in English?	en
DESC:reason	What causes loneliness?	en
LOC:landmass	What continent has the Serengeti?	en
NUM:count	What is the number of states of Australia?	en
HUM:title	How does a mayor serve?	en
ENTY:other	What four forms does gold occur in	en
NUM:period	What is the age of the universe in billions of years?	en
NUM:dist	How far is New York from Barcelona?	en
ENTY:event	Tell me about the Cold War	en
DESC:manner	What is the way to plant a seed?	en
NUM:count	Count the languages	en
ENTY:termeq	What is a term equivalent to couch?	en
ENTY:other	What defines a cultural value?	en
ENTY:event	What was the name of Hitlers unsuccessful attempt to overthrow the Bavarian government in Munich in 1923	en
ENTY:body	How many breaths does a human take per minute?	en
LOC:landmass	How are deltas formed?	en
ENTY:food	Where does fish come from?	en
DESC:desc	How is peace described tranquilly?	en
ENTY:veh	What was the name of Robert Fultons most famous steamboat	en
ENTY:veh	What is the seating capacity of a charter bus?	en
DESC:def	How do illocutions function?	en
LOC:city	Tell me about Berlin	en
HUM:desc	Describe a typical director	en
ENTY:food	What meat complemented sweet potatoes and peas in the first TV dinner	en
DESC:desc	Tell me about the Statue of Liberty	en
NUM:period	How long is the average work week in the United States?	en
ABBR:abb	What does GPU stand for?	en
ENTY:color	How does trichrome work?	en
HUM:desc	What qualities define a hero?	en
ENTY:techmeth	What is a technique popularly used to detect birth defects	en
ENTY:symbol	What symbol denotes question mark?	en
ENTY:cremat	What was Mel Gibsons first movie	en
LOC:mount	What country has Mount Denali?	en
ENTY:animal	How big is a salmon?	en
ENTY:food	What is spinach?	en
NUM:dist	What is the distance between Earth and Moon?	en
ABBR:exp	What do the letters in VPN stand for?	en
HUM:ind	How does a writer contribute?	en
ENTY:other	What was George Washington afraid of	en
LOC:state	What province is Montreal in	en
HUM:title	What is a Consul?	en
NUM:count	What is the number of states of Russia?	en
ENTY:termeq	What is the colorful Korean traditional dress called	en
LOC:state	How are regions?	en
LOC:other	Where are diamonds mined	en
ENTY:body	What is the function of the eye?	en
NUM:date	When is the Sun closest to the Earth	en
ENTY:currency	What is the symbol for dollar?	en
LOC:mount	Where is Mount Blanc?	en
LOC:country	What country are you in if you woo in the Wu dialect	en
ENTY:body	What is the function of the finger?	en
HUM:title	What rank is Countess?	en
NUM:date	When did the Bounty mutiny take place	en
ENTY:animal	What predators exist on Antarctica	en
ENTY:cremat	What novel has Big Brother watching	en
NUM:count	How many liberty bells have there been	en
LOC:city	What U.S. city was named for St. Francis of Assisi	en
LOC:city	What makes a megacity a city?	en
LOC:state	What is the capital of Tennessee?	en
ABBR:abb	What does AI stand for?	en
NUM:weight	How much does the Great Pyramid of Giza weigh?	en
HUM:gr	What political party is Sinn Fein a part of	en
ENTY:food	Where does tuna come from?	en
LOC:other	Where does Ray Bradburys Chronicles take place	en
LOC:country	What country buys 25 percent of the worlds tea exports	en
ENTY:veh	What is the maximum grade a truck can climb safely?	en
DESC:def	What is home banking	en
ENTY:plant	What is a elm?	en
NUM:count	What is the area in sq km of Indonesia?	en
DESC:def	How does gendered language work?	en
ENTY:currency	How many rupees are in a dollar?	en
DESC:desc	What is the difference between fatalism and determinism	en
DESC:reason	What causes hurricanes?	en
ENTY:sport	What is archery?	en
LOC:state	What is the largest U.S. state east of the Mississippi	en
ENTY:other	What household facility contains a float ball, ballcock, and overflow tube	en
LOC:water	How are streams?	en
ENTY:plant	What is a squash?	en
ENTY:product	Which vacuum is cordless?	en
LOC:water	Where is the Yangtze River?	en
ENTY:instru	How do you use a fork?	en
ENTY:word	How many syllables does the word supercalifragilisticexpialidocious have?	en
HUM:title	What is a Senator?	en
LOC:water	On what river is Strasbourg built	en
ENTY:food	How are pigs?	en
ENTY:techmeth	What is embedding technology?	en
DESC:reason	What causes die-off?	en
DESC:desc	What is Compaqs mission statement	en
ENTY:plant	Which plant has the longest roots?	en
LOC:landmass	What is North America?	en
ENTY:other	Name of King Arthurs sword	en
ENTY:plant	Where do cactuss grow?	en
HUM:desc	What does a attorney do?	en
ENTY:food	Where does tea come from?	en
HUM:gr	What kind of company is 7-Eleven	en
DESC:manner	How can you get rust stains out of clothing	en
ABBR:exp	Spell out the acronym SSD	en
NUM:date	What year was the internet created?	en
HUM:desc	What is the role of a pharmacist?	en
LOC:country	How are alliances?	en
ENTY:substance	How is calcium important?	en
LOC:mount	What is the tallest mountain in North America?	en
ENTY:substance	What is bleach used for?	en
ENTY:word	What is a word that means its opposite?	en
ENTY:techmeth	How does vertical farming function?	en
DESC:desc	What adjectives describe flavor?	en
NUM:code	How does QR code work?	en
ENTY:product	What is a phone made of?	en
HUM:gr	Which oil company almost picked a word that meant stalled car in Japanese as its new international name	en
LOC:city	What is Vienna?	en
NUM:count	How many provinces does Canada have?	en
ENTY:termeq	How are meanings determined?	en
DESC:reason	Why do recipe books recommend starting with cold water when you boil something	en
ENTY:food	What condiment do the Dutch dip their French fries in	en
ENTY:body	What does the eye do?	en
ENTY:body	What does the leg do?	en
ABBR:abb	What does kB store?	en
ABBR:exp	CTO is the abbreviation for what?	en
ENTY:religion	What is Druidry?	en
ENTY:animal	What is a wildebeest?	en
ENTY:product	What do you use a camera for?	en
ENTY:event	Tell me about the Dark Ages	en
ENTY:event	What was the 2016 presidential election?	en
ENTY:cremat	What novel did Ian Fleming introduce James Bond in	en
HUM:title	What rank is Archbishop?	en
ENTY:lang	What language is spoken in Bulgaria?	en
DESC:desc	What is the difference between molecules and compounds	en
NUM:date	What is Dick Clarks birthday	en
HUM:title	How does a director lead?	en
ENTY:symbol	What symbol do you think is the most difficult to learn	en
ENTY:veh	What is a cherry picker?	en
NUM:temp	What temperature does water freeze at?	en
LOC:state	Where is Missouri?	en
DESC:def	How do creoles develop?	en
HUM:title	What rank is Judge?	en
ABBR:abb	What is the abbreviation of General Motors	en
NUM:other	What is the number of deserts?	en
NUM:perc	What percentage of the Amazon rainforest remains undiscovered?	en
ENTY:termeq	What do you call a date that contains sequencing numbers, like 9-8-98	en
DESC:manner	How can I find out which cities have cable-modem access	en
NUM:weight	How much does a golf ball weigh?	en
LOC:water	How salty is the Persian Gulf?	en
ENTY:animal	How do animals think?	en
ENTY:event	What is considered the costliest disaster the insurance industry has ever faced	en
ENTY:religion	In what religion was Isis the nature goddess	en
ENTY:food	What powdered soft drink mix went into space	en
NUM:other	What was Einsteins IQ	en
ENTY:plant	What does a algae look like?	en
ENTY:substance	What is ammonia used for?	en
ENTY:symbol	How is the = symbol used?	en
HUM:desc	How does a pulmonologist study lungs?	en
NUM:perc	What percentage of the population stutters?	en
DESC:desc	Tell me about Niagara Falls	en
DESC:manner	How did former WWF wrestler Rick Rude die	en
LOC:city	What city was President William McKinley shot in	en
ABBR:abb	URL abbreviates what?	en
ENTY:color	What color is cyan?	en
NUM:code	What is the octal code for symbol @?	en
LOC:landmass	What Will Earths Next Supercontinent Be	en
ENTY:cremat	What oldtime kids fare did TV Guide writer Jeff Greenfield call one of the most...subversive TV shows in American history	en
DESC:def	How would you define synecdoche?	en
ENTY:body	What does the intestine do?	en
NUM:perc	What percentage of people are estimated to be naturally ambidextrous?	en
LOC:city	Where is Singapore?	en
HUM:desc	Who was William Henry Harrison	en
NUM:volsize	What is the volume of the ocean?	en
ENTY:techmeth	What is quantum computing?	en
HUM:ind	Tell me about Alexander the Great	en
HUM:gr	What organization was founded by the Rev. Jerry Falwell	en
ENTY:veh	How does a sailboat work?	en
ENTY:substance	What are the properties of plastic?	en
ENTY:sport	In which sport is there a scrum	en
HUM:gr	What is a nobility?	en
ENTY:termeq	What is the name of the Islamic counterpart to the Red Cross	en
ENTY:dismed	What is the worlds deadliest infectious disease	en
DESC:reason	Explain why we have hiccups	en
ENTY:instru	How do you use a thermometer?	en
NUM:ord	What is the fifth book in the series?	en
ENTY:animal	How do animals flee?	en
NUM:weight	How much does a pound of butter weigh in grams?	en
DESC:desc	What is the origin of the word Teddy bear	en
ENTY:sport	What are the rules of gymnastics?	en
ABBR:exp	Write out GPU in full	en
LOC:landmass	the continent we now know as North America was continuous with Africa, South America, and Europe. They all existed as a single continent named what	en
NUM:volsize	How big is a standard door?	en
ABBR:exp	Write out CPU in full	en
ABBR:exp	What does NAM expand to?	en
ENTY:food	What is butter?	en
ENTY:cremat	Name the four stories contained in Edith Whartons Old New York	en
NUM:dist	How long is the Columbia River in miles	en
ENTY:animal	What is Smokey The Bears middle name	en
ENTY:instru	How do you use a knife?	en
ENTY:lang	What is French known for?	en
ENTY:food	What is a staple?	en
ENTY:veh	How many gears does a typical automatic transmission have?	en
ABBR:abb	What does AIDS stand for?	en
LOC:state	Where is New Jersey?	en
DESC:manner	In what manner do physicists experiment?	en
ENTY:other	What is the lowest level of the American judiciary	en
ENTY:word	How many synonyms does the word happy have?	en
DESC:manner	How do performers act?	en
NUM:weight	How much does a water bottle weigh when full?	en
ENTY:religion	what is called the religion of peace	en
LOC:city	How are boroughs organized?	en
DESC:desc	What conveys tension?	en
ENTY:product	What do you use a refrigerator for?	en
DESC:desc	What is the origin of the word, JJ	en
ENTY:sport	How is cycling played?	en
HUM:title	What is the role of a Senator?	en
ENTY:termeq	How is language used contextually?	en
LOC:mount	How high is Mount Rainier?	en
ENTY:veh	What Nantucket shipwreck killed more divers exploring it than the 52 people it sank with	en
ENTY:religion	What is Calvinism?	en
DESC:manner	How do you plant a seed?	en
ENTY:body	What is the bone?	en
ABBR:exp	What does VNM stand for?	en
HUM:ind	Who did Richard Nixon tender his resignation to	en
ENTY:lang	Which language is spoken in Greece?	en
NUM:date	When does the Bible say the seasons started	en
ENTY:substance	What is aluminum?	en
NUM:period	How many hours is a professional sports game?	en
LOC:country	What continent is Egypt in?	en
NUM:perc	What percentage of the brain controls the body?	en
ENTY:food	What is Apple?	en
ENTY:symbol	What is the crescent symbol?	en
NUM:perc	What percentage of the population is right-handed?	en
LOC:landmass	What is a caldera?	en
ENTY:currency	What is the symbol for pound?	en
ENTY:food	What food did Marco Polo introduce into Italy from the court of Kubla Khan	en
NUM:dist	How tall is the Matterhorn	en
HUM:desc	What does a archaeologist do?	en
ENTY:event	What was World War I?	en
LOC:landmass	What is Java?	en
NUM:volsize	How much water does the Great Lakes contain collectively?	en
ENTY:veh	What is the fuel injection pressure in modern engines?	en
DESC:def	How does feedback function?	en
ENTY:dismed	How does immunity develop?	en
LOC:mount	Name the highest mountain	en
ENTY:veh	What is the maximum towing capacity of a standard Ford F-150 pickup truck?	en
DESC:reason	Why does tuberculosis afflict people	en
ENTY:symbol	What is the copyright symbol symbol?	en
ENTY:product	What shampoo prevents eczema, seborrhea, and psoriasis	en
LOC:other	What airport is on the Piccadilly subway line	en
ENTY:color	What is hue?	en
LOC:other	What is the U.S. location of Procter & Gamble corporate offices	en
HUM:gr	What do we call nobility?	en
HUM:desc	Who is Barbara Jordan	en
HUM:desc	What is a biologist?	en
ENTY:other	What constitutes a cultural practice?	en
ENTY:dismed	How are antibiotics used?	en
DESC:def	How is syntax different from grammar?	en
DESC:def	What does extended definition mean and how would one write a paper on it	en
LOC:water	How salty is the Gulf of Mexico?	en
NUM:perc	What percentage of Earths ozone layer has been depleted?	en
DESC:def	What is person deixis?	en
NUM:money	What is the starting salary of a radiographer	en
NUM:period	How old was George Washington when he died	en
LOC:city	Tell me about London	en
ENTY:animal	How big is a panda?	en
ENTY:color	What color is scarlet?	en
ENTY:dismed	What causes obesity?	en
HUM:gr	Who are the baby boomers?	en
DESC:reason	What is the reason we yawn?	en
ENTY:food	How do bulbs form?	en
ENTY:dismed	What disease did August von Wassermann develop a specific test for in 196	en
ENTY:currency	Which country uses the zloty?	en
ABBR:exp	What does ARM stand for?	en
ABBR:exp	What is HTML	en
ENTY:letter	what vowel do female names usually end with in spanish	en
HUM:desc	How are surgeons?	en
ENTY:cremat	What film did Louise Fletcher win the best actress Oscar for	en
ENTY:food	What is herring?	en
ABBR:exp	What do the letters in OLED stand for?	en
ENTY:other	What was cash-conscious Colonel Edwin L. Drake the first to drill	en
LOC:state	What state has the least amount of rain per year	en
ABBR:exp	What does WSM expand to?	en
DESC:reason	What causes corruption?	en
ENTY:body	How many types of blood cells exist?	en
LOC:landmass	What continent is Egypt on	en
HUM:title	What is a King?	en
ENTY:cremat	What was Connecticuts first constitution called	en
ABBR:exp	What does UN expand to?	en
ABBR:abb	What does pH stand for?	en
NUM:count	How many animals are there?	en
DESC:def	What do we mean by gravity?	en
DESC:reason	Why is black the color of mourning in the West	en
HUM:gr	Who are the employees?	en
ENTY:color	What color are the castellated walls of the Kremlin	en
DESC:desc	How is poverty described austerely?	en
ENTY:animal	What creature is the absolute fastest in moving in the world, birds, mammals, etc.,	en
ENTY:termeq	What is a term equivalent to loud?	en
LOC:state	What is the capital of Nevada?	en
ENTY:body	What is the largest internal organ of the human body	en
ENTY:other	Whats destroyed in Genesis 19 24	en
DESC:desc	What conveys temporal atmosphere?	en
NUM:perc	What percentage of oxygen is in air?	en
LOC:landmass	What is Honshu?	en
ENTY:dismed	What is a fear of home surroundings	en
NUM:count	How much of the silver production is manufactured by independent silversmiths	en
ABBR:abb	What does UX stand for?	en
NUM:weight	What is the total weight of all humans currently alive?	en
ENTY:food	How are mollusks?	en
HUM:desc	How does a accountant work?	en
ENTY:color	What color were their horses	en
HUM:gr	What is a believers?	en
ENTY:body	What does the kidney do?	en
ENTY:letter	How many letters does the Finnish alphabet have?	en
ENTY:animal	How do animals orientate?	en
DESC:reason	Explain why we dream	en
NUM:speed	How fast is alcohol absorbed	en
DESC:reason	What causes tears?	en
NUM:code	What does error code E304 mean in web?	en
LOC:country	What is the capital of South Africa?	en
ENTY:color	How does UV damage?	en
ENTY:animal	What are crepuscular animals?	en
ENTY:color	What is a common gold item?	en
ENTY:dismed	How is tuberculosis treated?	en
NUM:weight	how many kilograms in 1 teaspoon of neutron star	en
ENTY:religion	what was the religion of the ancient greeks	en
ENTY:currency	What is the official currency of the United States?	en
LOC:country	What Scandinavian country covers 173, 732 square miles	en
ENTY:body	What is the prostate?	en
ENTY:body	How does the esophagus transport?	en
ENTY:letter	What is a ligature?	en
LOC:state	What U.S. state is Fort Knox in	en
DESC:def	What is a dash for?	en
LOC:city	What city contains the district of Hells Kitchen	en
LOC:water	What connects to the Mediterranean Sea?	en
LOC:country	Tell me about Turkey	en
HUM:title	What rank is Earl?	en
ENTY:animal	What animal was the heat-seeking missile called the Sidewinder named for	en
NUM:volsize	What is the volume of a wine bottle?	en
ENTY:lang	What language is spoken in Algeria?	en
NUM:other	What is the number of DNA base pairs in humans?	en
DESC:manner	How do accountants audit?	en
NUM:period	How many days is a standard vacation?	en
ABBR:abb	In computing, CPU refers to what?	en
ABBR:exp	What does POL expand to?	en
ENTY:animal	How big is a hippopotamus?	en
LOC:country	Jackson Pollock was a native of what country	en
ENTY:currency	What is money?	en
NUM:period	What is the typical age of adolescence?	en
HUM:desc	What does an ophthalmologist treat?	en
NUM:dist	How deep is a fathom	en
ABBR:exp	What is UK?	en
ENTY:currency	What is the currency of Philippines?	en
ENTY:symbol	Where is the percent sign symbol used?	en
ABBR:exp	What is AFS	en
NUM:period	How many years of education are required for a high school diploma?	en
ENTY:product	What is the brand name of a chemical used to control ripening	en
ABBR:abb	What is the meaning of NSA?	en
HUM:gr	What is a theists?	en
DESC:def	What is clipping?	en
LOC:landmass	What countries are in Greenland?	en
ENTY:color	How does color vision evolve?	en
HUM:ind	Who is a notable figure in field Y?	en
DESC:desc	How are settings?	en
ENTY:animal	What relative of the racoon is sometimes known as the cat-bear	en
ENTY:instru	What instrument measures wind chill?	en
ENTY:word	What does constrained mean?	en
ENTY:instru	How do you use a wrench?	en
ENTY:letter	What letter is used for the number one in Roman numerals?	en
ENTY:substance	What does ribavirin consist of	en
LOC:other	Where can I find a website that gives comparisons of good prices	en
ENTY:substance	What is the main ingredient of yogurt	en
LOC:city	What city has a newspaper called The Plain Dealer	en
ENTY:plant	What is a sunflower?	en
NUM:perc	What percentage of the brain is water?	en
ENTY:word	What is the most commonly used word in English?	en
ENTY:dismed	What is a fear of hair	en
NUM:weight	How much does a cubic meter of water weigh?	en
LOC:water	What ocean does Mauritania border	en
NUM:ord	What was your position in the queue	en
HUM:ind	What is a philanthropist?	en
DESC:manner	How do surgeons operate?	en
ENTY:techmeth	How does tokenization work?	en
ABBR:abb	What does IP stand for?	en
ABBR:abb	ROM abbreviates what?	en
NUM:count	How many pairs of legs does a lobster have	en
LOC:mount	Where is Mount Fuji?	en
ENTY:termeq	What is the definition of tall?	en
ABBR:exp	What does PAK stand for?	en
NUM:date	In what year was the first patent for the pull-tab opener on cans obtained	en
ENTY:lang	What language has the most dialects?	en
ENTY:symbol	What symbol represents love?	en
HUM:ind	Tell me about Aristotle	en
DESC:manner	What is the way to public speaking?	en
ENTY:substance	What are the most common elements in seawater	en
HUM:desc	What does a meteorologist predict?	en
ENTY:dismed	What is a fear of being cold	en
DESC:def	What is back-channeling?	en
ENTY:letter	What is the origin of the letter Y?	en
LOC:city	What city hosted the first Winter Olympics in Asia	en
HUM:ind	How does a artist contribute?	en
ENTY:sport	What are the rules of rugby?	en
ENTY:dismed	What is a fear of punishment	en
ENTY:substance	What are super balls made of	en
HUM:gr	What is a refugees?	en
DESC:desc	How is sorrow described mournfully?	en
ENTY:veh	What is the payload vs towing capacity ratio for trucks?	en
NUM:perc	What is the percentage of something unknown?	en
ENTY:currency	Which country uses the shekel?	en
ENTY:veh	How deep is the water-crossing capability specification?	en
ENTY:animal	What is a elephant?	en
ENTY:body	What is the smallest bone in the human body?	en
LOC:country	What country is home to Heineken beer	en
ENTY:other	What constitutes a cultural tradition?	en
NUM:code	How are radio frequency bands assigned numeric designations?	en
ENTY:substance	What element, from the Periodic Table, is a gas or a solid, but never a liquid	en
ENTY:color	How is tan created?	en
ABBR:exp	What does MUS expand to?	en
ENTY:instru	What is a stethoscope used for?	en
LOC:other	What is the National Park in Utah	en
ABBR:abb	What is the meaning of IR?	en
NUM:ord	What is the ordinal number for 1?	en
ENTY:dismed	What cancer is commonly associated with AIDS	en
NUM:perc	What percentage of the population lives in rural areas?	en
NUM:other	How many electrons are in an atom of gold?	en
NUM:count	How many times has Louie, Louie been recorded	en
LOC:city	What country is Vienna in?	en
LOC:water	What is the principal river of Ireland	en
NUM:code	What is the hexadecimal code for carriage return?	en
ABBR:exp	What does the abbreviation OAS stand for	en
DESC:def	What do we mean by irony?	en
ENTY:termeq	What was originally defined as one 1-millionth of the distance from the equator to the Pole	en
NUM:temp	At what temperature does paper ignite?	en
ENTY:cremat	What is a burial vault?	en
DESC:def	What is a nanometer	en
DESC:reason	Why doesn t www.answers.com have any answers to my questions	en
NUM:dist	How far is London from Tokyo?	en
ENTY:food	What is salad?	en
ENTY:veh	How fast can a Porsche 911 Turbo accelerate from 0 to 60 mph?	en
NUM:period	What is the gestation period for a cat	en
ENTY:currency	What is the currency of Colombia?	en
ENTY:plant	What does a willow look like?	en
NUM:weight	How much does a human weigh?	en
NUM:period	How long does it take to hike the entire Appalachian Trail	en
DESC:reason	Why is Microsofts Windows 3 such a successful computer program	en
ENTY:food	What is chicken made from?	en
ENTY:body	Where is the spinal cord?	en
ABBR:exp	CFO stands for what?	en
NUM:count	How many sports are there?	en
NUM:period	How long does the average person take to read a 300-page novel?	en
ABBR:exp	What does DJI expand to?	en
NUM:period	How long does it take to travel from Tokyo to Niigata	en
ENTY:animal	How big is a tortoise?	en
ENTY:symbol	What is the @ symbol used for?	en
NUM:other	What is the population of Australia	en
ENTY:body	What is the bladder?	en
HUM:desc	What is the role of a therapist?	en
ENTY:instru	What instrument measures frequency?	en
ABBR:exp	TLS means what in full form?	en
NUM:ord	What is the fourth planet?	en
NUM:date	When did communist control end in Hungary	en
NUM:ord	What is the ninth book in the series?	en
ENTY:techmeth	How does simulated annealing work?	en
HUM:title	Who directed Titanic?	en
LOC:city	Tell me about Rome	en
ENTY:dismed	How does multiple sclerosis affect the body?	en
ENTY:currency	What currency does India use?	en
DESC:desc	Describe the Long March	en
NUM:money	How much would a black-and-white 1-cent stamp be worth, Thomas Jefferson on it,	en
ABBR:abb	What does OPEC represent?	en
ENTY:lang	What is Hungarian known for?	en
NUM:perc	What percentage is technology?	en
ENTY:religion	What is Pentecostalism based on?	en
NUM:code	What is the hexadecimal code for vertical tab?	en
ENTY:other	What does God create in the first sentence of the Bible	en
DESC:desc	What is the origin of the expression tout de suite	en
NUM:code	What is the VIN for this car?	en
LOC:mount	Where is Appalachian Mountains?	en
ENTY:animal	What makes resilience important?	en
ENTY:product	What are different products of petroleum	en
ENTY:cremat	What did Aaron Hass write	en
ABBR:abb	What is the meaning of UNESCO?	en
NUM:money	How much does a television cost?	en
ENTY:techmeth	How does continuous integration work?	en
LOC:city	Where is Berlin?	en
ENTY:termeq	Whats the geographic term for the submerged fringe of a continent	en
NUM:temp	What will be the final temperature of water that was initially 40°C but was mixed with water that was 20 °C	en
NUM:period	How many minutes should moderate exercise last daily?	en
HUM:title	Who holds the title of President?	en
ENTY:substance	What is rubber used for?	en
NUM:code	What does a product SKU actually encode within its digits?	en
ENTY:body	What is the function of the arm?	en
ENTY:sport	What are some good exercises for kids to do	en
DESC:def	What do the number 1, 2, and 4 mean on Dr. Pepper bottles	en
DESC:def	What is the meaning of the name Ella	en
ENTY:religion	What religion is commonly associated with crystal healing?	en
ENTY:word	What does serendipity mean?	en
ABBR:abb	What is the abbreviation for Chief Executive Officer?	en
ENTY:event	What Jewish holiday saw the start of the 1973 Mideast War	en
DESC:def	What is the definition of bandwidth?	en
DESC:def	What is code-mixing?	en
LOC:state	How are cantons?	en
ABBR:exp	What does ATF represent?	en
ENTY:cremat	How is estate planning done?	en
HUM:title	what do you want to be when you grow up	en
LOC:city	Where is Athens?	en
DESC:reason	Why do flowers need light?	en
DESC:def	What is a noun?	en
HUM:ind	What does a scientist do?	en
NUM:dist	What is the length of the Panama Canal?	en
ENTY:body	What is the eye?	en
LOC:city	How are regions organized?	en
NUM:ord	What is the twelfth book in the series?	en
DESC:manner	How does the car in Christine become possessed	en
NUM:speed	How fast does the fastest car go	en
NUM:perc	What is the Pennsylvania state income tax rate	en
ENTY:other	What is an exotic astronomical object?	en
NUM:count	What is the chromosome number of an elephant	en
LOC:state	What U.S. state ends with a G	en
ENTY:termeq	What does Playboy title its continuing dialog on contemporary issues between Playboy and its readers	en
NUM:perc	What percentage of the worlds population is religious?	en
ABBR:abb	Define the abbreviation HDMI	en
NUM:temp	At what temperature does chalk become soft?	en
DESC:reason	Explain why we yawn	en
ENTY:letter	What is the etymology of the letter B?	en
ENTY:dismed	How is malaria treated?	en
LOC:mount	What is the height of Mount Elbrus?	en
ENTY:instru	What instrument measures noise level?	en
ABBR:abb	What is meant by LCD?	en
NUM:period	How many minutes is an average social media video?	en
ENTY:food	What is whey?	en
ENTY:other	What five cards make up a perfect Cribbage hand	en
ENTY:instru	How does a saxophone function?	en
HUM:gr	Who are the immigrants?	en
HUM:title	What is Larry Kings job	en
NUM:period	How many weeks are in a school year?	en
LOC:city	What is the capital of Congo	en
NUM:ord	What is the fourteenth book in the series?	en
NUM:count	What is the area in sq km of Brazil?	en
ENTY:body	What is a vital internal organ and gland, which carries out over 500 functions	en
NUM:period	What is the standard duration of a comedy special?	en
ENTY:lang	How is Urdu spoken in South Asia?	en
ENTY:veh	What is the weight of a fully loaded dump truck?	en
ENTY:instru	Ray Charles plays which instrument	en
ENTY:plant	What does a tulip look like?	en
ABBR:exp	PWA stands for what exactly?	en
DESC:desc	What happened to Pepsi Clear	en
ABBR:abb	Define the abbreviation TLS	en
ENTY:food	What beers name is translated as lion brew	en
DESC:desc	What do you need to do to marry someone in jail	en
DESC:manner	What is the way to build a bookshelf?	en
DESC:def	What is the Order of the Arrow in Boy Scouts	en
LOC:mount	What country has Mount Rushmore?	en
NUM:weight	What is the weight of the atmosphere pressing down on Earth?	en
ENTY:dismed	What is a fear of glass	en
ENTY:symbol	What does the @ symbol represent?	en
LOC:country	What defines a state?	en
ENTY:symbol	What symbol denotes bullet point?	en
ENTY:body	What part of your body contains the corpus callosum	en
ENTY:word	What does erudite mean?	en
ENTY:other	What do humans catch zoonose diseases from	en
HUM:gr	How is a task force created?	en
ENTY:dismed	What is a fear of machinery	en
ABBR:abb	In computing, HDMI refers to what?	en
ENTY:dismed	What is a fear of crystals or glass	en
ENTY:animal	What are decomposers?	en
ENTY:lang	What is Italian?	en
ABBR:abb	What is meant by SSH?	en
ENTY:letter	What letter is used for chlorine on the periodic table?	en
LOC:country	What two countries coastlines border the Bay of Biscay	en
DESC:reason	Why do habitats form?	en
ENTY:body	How do gonads produce?	en
HUM:desc	What is a composer?	en
ENTY:lang	How is French pronounced?	en
ENTY:product	Which two products use a tiger as their symbol	en
ENTY:sport	What international amateur sports spectacle was first telecast in 1956	en
LOC:country	What country surrounds San Marino, the worlds smallest Republic	en
NUM:money	How much do tuberculosis combatting drugs cost	en
HUM:title	What rank is Patriarch?	en
LOC:city	What country is Chicago in?	en
DESC:reason	Why do mouths taste?	en
ENTY:body	What is the only gland in humans that can regenerate itself	en
ENTY:symbol	what is the symbol used by Saurons armies	en
LOC:water	What connects to the Panama Canal?	en
ABBR:abb	What does CTO stand for?	en
ABBR:abb	What is the shorthand for Voice over Internet Protocol?	en
ENTY:color	What is the visible spectrum?	en
HUM:desc	What is a programmer?	en
ENTY:word	What is the correct spelling of the word bureaucrat?	en
ENTY:animal	How do animals gallop?	en
ENTY:instru	How many strings does a cello have?	en
LOC:landmass	Where is Great Britain?	en
LOC:other	What is the seafaring name for the southern tip of South America	en
NUM:dist	How far is the service line from the net in tennis	en
HUM:title	What is a Principal?	en
ENTY:body	What does the lung do?	en
NUM:perc	How much of the human genome is identical between any two people?	en
NUM:other	What is the volume of the Pacific Ocean?	en
ENTY:cremat	What song did Patti Page set people dancing to in 1950	en
ENTY:symbol	What is the symbol for copper on the periodic table?	en
ENTY:food	What is pork?	en
LOC:city	What makes a district a city?	en
HUM:ind	Who took the toys donated for the Doodyville Orphans Fund and kept them for himself	en
ENTY:word	What does propitious mean?	en
NUM:weight	how much does a hippo weigh	en
NUM:count	Count the colours	en
NUM:ord	What is the first ordinal?	en
DESC:reason	What causes tyranny?	en
ENTY:plant	Which plant is the oldest known?	en
ENTY:color	What color is the lipstick on Boy Georges wax lips at Londons Madame Tussauds	en
ABBR:exp	Expand the acronym UV	en
ENTY:symbol	Where is the star symbol used?	en
NUM:date	What year did Apartheid start	en
ENTY:termeq	What is another word for loud starting with n?	en
DESC:def	How does frame semantics work?	en
NUM:count	What is the population of Nigeria?	en
NUM:date	When is Easter?	en
ENTY:termeq	Whats a Craps player called	en
ABBR:exp	Expand the acronym API	en
ENTY:letter	What letter starts most English words?	en
DESC:desc	How is success described triumphantly?	en
ABBR:exp	YWCA expands to Young Womens Christian Association?	en
LOC:other	Where were the 1936 Summer Olympics held	en
ABBR:abb	Define the abbreviation CPU	en
DESC:reason	Why does it snow	en
DESC:def	What does the word terrorism mean	en
LOC:mount	What is the height of Scafell Pike?	en
NUM:volsize	how many cubic millimeters is a red blood cell	en
LOC:water	What connects to the Strait of Gibraltar?	en
ENTY:word	What does ubiquitous mean?	en
NUM:period	How many hours of sleep does a newborn need daily?	en
ENTY:word	What is the plural of the word deer?	en
LOC:water	What is the Yangtze River?	en
ENTY:color	What is bronze?	en
ENTY:body	What organ contains the islands of Langerhans	en
NUM:ord	What chronological position are you	en
ABBR:exp	Write out LED in full	en
NUM:period	How old is the Italian artist Maurizio Pellegrin	en
DESC:reason	What causes aging?	en
LOC:other	Where can I find information on the cyclone that hit New Jersey on 8/28/1941	en
ABBR:exp	What does GAB represent?	en
ENTY:food	Which soft drink does Madonna advertise for	en
NUM:count	How many states are there?	en
ENTY:substance	What is the heaviest naturally occurring element	en
LOC:city	What country is Venice in?	en
ENTY:word	What does ethereal mean?	en
ENTY:veh	Name an American made motorcycle	en
LOC:country	What continent is South Africa in?	en
ABBR:abb	UV is an abbreviation for what?	en
DESC:reason	Why do people shake hands to show friendliness	en
ENTY:word	What is another term for running?	en
HUM:desc	What does a engineer do?	en
HUM:desc	What does a lecturer do?	en
DESC:manner	How do you take a photograph?	en
ENTY:body	How many follicles are on the human scalp?	en
ENTY:color	What are fluorescent colors?	en
ENTY:color	What is polychrome?	en
LOC:landmass	Name 3 supercontinents	en
NUM:perc	What are the odds of giving birth to twins	en
NUM:code	What is octal notation?	en
DESC:manner	How do I find if my relatives were on the Trail of Tears	en
ENTY:substance	What is water used for?	en
ENTY:animal	In the Miller Lite TV commercial, who is the creature	en
ABBR:exp	What does MDG represent?	en
HUM:desc	What is an engineer?	en
NUM:count	What is the number of strings on a guitar?	en
HUM:gr	What South African producer had a 1988 profit of $836 million	en
ENTY:symbol	How well does this symbol represent the message	en
DESC:manner	How does General Mills manufacture Cheerios	en
DESC:def	What do we mean by latency?	en
ENTY:food	What is carrot made from?	en
NUM:date	What year did Rossetti paint Beata Beatrix	en
NUM:weight	what is the mass of the sun	en
ENTY:body	How does the pineal regulate?	en
ENTY:color	What color is brown?	en
LOC:mount	a volcano in Congo erupted for the first time in nearly two decades, what was its name	en
ENTY:product	Which drill is cordless?	en
ENTY:food	What cocktail do you concoct with whisky and sweet vermouth	en
ENTY:other	What is an intangible cultural heritage?	en
ABBR:abb	What does RSVP mean?	en
LOC:other	What is the street address of the White House	en
DESC:manner	How did the bikini bathing suite get its name	en
DESC:manner	In what manner do professors research?	en
NUM:other	How many cryptocurrency exist?	en
ENTY:product	What is a oven?	en
ABBR:abb	RF is an abbreviation for what?	en
ENTY:religion	What is Animism?	en
HUM:title	what is Daniels profession	en
DESC:manner	Describe how to tie a knot	en
ENTY:religion	What is the main religion in Saudi Arabia?	en
ENTY:substance	What is the only substance that gives food its taste when eaten	en
ENTY:symbol	Where is the smiley face symbol used?	en
ENTY:termeq	What is a term equivalent to small?	en
LOC:country	What is the capital of Nigeria?	en
LOC:city	Where is Chicago?	en
LOC:country	What defines a principality?	en
ENTY:symbol	What is the + symbol used for?	en
NUM:date	What date is Christmas?	en
LOC:state	What U.S. state does the Continental Divide leave to enter Canada	en
ABBR:exp	What does CUB expand to?	en
ENTY:animal	What is a koala?	en
ENTY:word	What does triumphant mean?	en
DESC:desc	What is the difference between love and infatuation	en
NUM:money	What is the starting salary for beginning lawyers	en
ENTY:animal	Which killer whale died at Sea World of a fungal infection	en
DESC:def	What is voice in verbs?	en
ENTY:instru	How do you use a hammer?	en
ENTY:veh	What is the acceleration test standard for safety ratings?	en
NUM:count	How many member states are in the UN	en
HUM:title	How does a Dean lead?	en
LOC:landmass	Which continent is Thailand part of?	en
DESC:desc	What captures separation?	en
ENTY:termeq	What is another word for lift?	en
NUM:speed	What is the speed of a tsunami?	en
LOC:other	What is a landmark?	en
LOC:mount	Which mountain is the highest in the Atlas range?	en
ENTY:event	What was the COVID-19 pandemic?	en
ENTY:animal	Which cats pursued Tweety Pie in his first cartoon appearance	en
LOC:city	What country is Phoenix in?	en
LOC:other	Where on the body is a mortarboard worn	en
ENTY:currency	What is the symbol for baht?	en
ENTY:color	What is gradient coloration?	en
ABBR:abb	What is the acronym for the National Bureau of Investigation	en
ENTY:instru	What instrument measures temperature?	en
ENTY:techmeth	What is virtual reality?	en
NUM:perc	What are the highest-paying odds on a roulette table	en
ABBR:exp	What do the letters in LCD stand for?	en
ENTY:color	How does colorimetry measure?	en
ENTY:body	Which of the listed organs are not related to the urination systembladder, kidneys, pharynx, prostate, ureters, urethra	en
NUM:temp	What is the melting point of nickel?	en
HUM:gr	What organization is the Security Council a part of	en
ENTY:veh	How many seats does a Dodge Ram truck have?	en
NUM:money	How much does gasoline cost per gallon?	en
ENTY:sport	What is tennis?	en
LOC:landmass	What is Central America?	en
ENTY:veh	What is a submersible?	en
HUM:ind	What is a diplomat?	en
ENTY:body	What is the urinary system?	en
ENTY:veh	How many cylinders does a V-10 engine have?	en
DESC:desc	What conveys beginning?	en
LOC:state	What U.S. state has an element named for it	en
ENTY:veh	How many valves per cylinder do modern engines have?	en
ENTY:veh	How does a forklift work?	en
NUM:period	How many days does a typical jury trial last?	en
DESC:def	How does parallelism function?	en
NUM:other	How many atoms are in a grain of sand?	en
DESC:reason	Why do investments yield?	en
NUM:temp	What is the melting point of molybdenum?	en
ENTY:body	How many taste buds does a human tongue have?	en
ABBR:abb	What is meant by LED?	en
ENTY:body	How do kidneys filter?	en
NUM:count	How many people own pets	en
NUM:perc	Of children between the ages of two and eleven, what percentage watch The Simpsons	en
DESC:desc	What creates wilderness imagery?	en
ENTY:color	How do national colors symbolize?	en
LOC:state	What state was named the Green Mountain state	en
ENTY:color	How do bilirubin colors?	en
ABBR:exp	What does the acronym NASA stand for	en
ENTY:currency	What is the US dollar?	en
HUM:desc	What does a prosecutor do?	en
ENTY:color	what is your lucky colour	en
NUM:temp	At what temperature does water freeze?	en
NUM:other	How many plant species exist?	en
ENTY:sport	What is skiing?	en
ENTY:color	How do minerals color?	en
ENTY:body	What is the function of the heart chamber?	en
ENTY:body	Which muscle lines the inside of blood vessels and organs, such as the stomach, and is also known as visceral muscle	en
ENTY:word	What does equanimous mean?	en
ABBR:exp	UNESCO stands for what exactly?	en
DESC:manner	How can SQL queries be improved	en
DESC:manner	What is the way to catch a fish?	en
ENTY:instru	What is the frequency range of a tuning fork?	en
DESC:desc	What captures closure?	en
ENTY:substance	What are the properties of gold?	en
ENTY:word	How many letters does the word pneumonoultramicroscopicsilicovolcanoconiosis have?	en
ENTY:food	How is spelt used?	en
ENTY:body	What is the function of the stomach?	en
NUM:code	What is the octal code for newline?	en
ENTY:animal	What is a dolphin?	en
ENTY:color	What is the most common eye color	en
ENTY:dismed	What disease does Katharine Hepburn have that makes her voice shake	en
ENTY:termeq	What do you call a word that is spelled the same backwards and forwards	en
NUM:ord	Where does Trump fall in the sequence of US presidents	en
ENTY:religion	What is the origin of Kabbalah?	en
DESC:def	What do we mean by antibody?	en
LOC:mount	What country has Mount Blanc?	en
ENTY:body	What carries sperm up into the pelvic region	en
NUM:speed	What is the speed of the Mississippi River	en
DESC:reason	What is the reason plants need sunlight?	en
NUM:code	How do airline flight codes differ from airport codes?	en
ABBR:abb	What is the abbreviation of the National Bureau of Investigation	en
DESC:manner	In what manner do pharmacists dispense?	en
LOC:country	Where is Morocco?	en
LOC:water	How salty is the Mediterranean Sea?	en
DESC:desc	How is culture described culturally?	en
ENTY:instru	What is the function of a thermometer?	en
DESC:desc	How are origins described genetically?	en
ENTY:food	What are fruits?	en
NUM:money	What is the fare cost for the round trip between New York and London on Concorde	en
NUM:perc	How much of the ocean floor has been explored by humans?	en
HUM:title	Who holds the title of Bishop?	en
NUM:ord	What is the third letter of the alphabet?	en
LOC:state	What U.S. states biggest lake is Lake Sam Rayburn	en
ABBR:abb	What does GNSS determine?	en
DESC:def	How does innateness theory work?	en
ENTY:symbol	What is the skull and crossbones symbol?	en
HUM:desc	How does a scientist work?	en
NUM:speed	How fast can a pronghorn antelope run?	en
ABBR:exp	What does IND represent?	en
DESC:def	How do gerunds function?	en
HUM:gr	What do we call peasants?	en
ENTY:techmeth	What is 5G?	en
NUM:perc	What percentage of teenagers globally?	en
NUM:period	What is the average gestation period of a human?	en
ENTY:body	How many layers does skin have?	en
ENTY:event	What happened during the 2016 presidential election?	en
ENTY:color	What are photonic structures?	en
LOC:landmass	Which supercontinent existed at the time of the dinosaurs	en
NUM:count	What is the number of states of Germany?	en
HUM:title	Who holds the title of Empress?	en
ENTY:body	What is the function of the sebaceous glands?	en
LOC:landmass	What is a sinkhole?	en
ENTY:religion	What is Jainism based on?	en
NUM:date	When did the Dow first reach	en
ENTY:symbol	How is the £ symbol used?	en
DESC:desc	What do economists do	en
ENTY:symbol	What symbol represents peace?	en
HUM:title	What rank is Lieutenant?	en
ENTY:dismed	What causes Ebola?	en
LOC:city	What country is Amsterdam in?	en
HUM:gr	What is a freelancers?	en
ENTY:animal	How big is a giraffe?	en
ENTY:veh	How many doors does a Cadillac Escalade have?	en
LOC:country	What country did the Allies invade in World War IIs Operation Avalanche	en
NUM:speed	What is the speed of a typical 5G network?	en
DESC:desc	How is action described dynamically?	en
ENTY:cremat	What is the purpose of cremation?	en
NUM:count	What is the number of bones in the body?	en
ENTY:event	What is a ceremony?	en
DESC:reason	Why do animals migrate?	en
ENTY:letter	How many letters does the Hebrew alphabet have?	en
ENTY:symbol	What warning traffic signs usually take the shape of an equilateral triangle with a white background and thick red border	en
ENTY:food	What is rice made from?	en
DESC:manner	In what way do cobblers repair?	en
NUM:ord	Who came in first place?	en
NUM:period	How many hours does a typical camping trip last?	en
ENTY:sport	How is wrestling played?	en
LOC:country	Tell me about Nigeria	en
NUM:temp	At what temperature does glass become workable for blowing?	en
ABBR:exp	Spell out the acronym DHCP	en
DESC:desc	What captures terror?	en
ENTY:plant	What does a squash look like?	en
ENTY:body	What is the function of the tear ducts?	en
HUM:desc	How are psychiatrists?	en
NUM:date	When did the Civil War occur?	en
ENTY:veh	How does a kayak work?	en
ENTY:religion	What is Protestantism?	en
ENTY:lang	How many people speak Hindi?	en
DESC:manner	How is Easter Sundays date determined	en
ENTY:substance	What is copper used for?	en
DESC:def	What is sodium chloride	en
DESC:manner	In what way do optometrists examine?	en
HUM:title	Who holds the title of Captain?	en
ENTY:word	What is a synonym for happy?	en
ENTY:food	What is soda made from?	en
LOC:country	Where is China?	en
NUM:count	How many rows of whiskers does a cat have	en
LOC:state	What is the capital of Wisconsin?	en
NUM:date	What year did Charles Dicken die	en
HUM:ind	What did Mahatma Gandhi do?	en
LOC:country	What continent is Turkey in?	en
ENTY:food	What is coffee?	en
DESC:def	How is a clause used?	en
HUM:desc	What does a otolaryngologist do?	en
HUM:title	What is Nicholas Cages occupation	en
NUM:weight	on average, how many grams in an apple	en
DESC:desc	Where did the saying rule of thumb come from	en
ENTY:food	What is the recipe for Eggs Benedict	en
HUM:gr	Who made the first airplane that could fly	en
LOC:city	What is the capital of Zimbabwe	en
LOC:other	What planet did Percival Lovell discover	en
NUM:perc	What is the percentage of water content in the human body	en
ABBR:abb	FDA is an abbreviation for what?	en
ENTY:animal	How do reptiles differ?	en
ENTY:food	Where does water come from?	en
LOC:state	What is the largest city in Montana?	en
ENTY:product	What is a vacuum cleaner?	en
DESC:manner	How do students learn effectively?	en
NUM:ord	How is 1000 expressed?	en
ENTY:lang	How is Hebrew written?	en
DESC:reason	What causes aftershocks?	en
NUM:period	How many days does a typical antibiotic course last?	en
NUM:period	What is the standard duration of a product trial?	en
NUM:dist	How far is the longest hole in 1 on any golf course and where did it happen	en
ENTY:sport	What board game does a wood-pusher play poorly	en
NUM:perc	What percentage of the Earth is desert?	en
ENTY:techmeth	What is principal component analysis?	en
LOC:city	Tell me about Beijing	en
DESC:def	What are solar cells	en
DESC:desc	Where did the term 69 come from	en
NUM:count	How much snow equals an inch of rain	en
ENTY:animal	How big is a elephant?	en
ENTY:event	What happened during the French Revolution?	en
ENTY:product	What is Star Wars?	en
ENTY:substance	What is money made of	en
LOC:other	Where is this place situated?	en
ENTY:color	What is rust formation?	en
DESC:reason	Why do nails grow?	en
ENTY:food	What did the pyramid-builders of Egypt mainly eat	en
NUM:count	Count the keys on a piano	en
ENTY:dismed	What is a fear of bees	en
ABBR:exp	What does PSI stand for	en
HUM:title	What is a Rector?	en
ENTY:cremat	What is the name of a book written by Aaron Hass	en
LOC:mount	Which mountain is the highest in the Scottish Highlands?	en
ENTY:plant	Where do mosss grow?	en
NUM:temp	What is the average temperature in Antarctica?	en
DESC:desc	What conveys feeling authentically?	en
DESC:manner	How do you meditation?	en
NUM:ord	Where did you come in the race	en
LOC:mount	Where is Everest?	en
ENTY:other	What do goldfish lose if kept in dimly-lit or running water	en
HUM:desc	What is a astronaut?	en
ABBR:abb	What is the acronym for Personal Area Network?	en
ENTY:event	When did the Industrial Revolution occur?	en
ABBR:abb	What does API enable?	en
ABBR:exp	What does HKG stand for?	en
HUM:ind	What does a activist do?	en
NUM:dist	How far away is the moon	en
ENTY:lang	Where is Greek spoken?	en
NUM:date	What day is August 13, 1971	en
ENTY:techmeth	How does cryptocurrency work?	en
LOC:country	How are territories?	en
LOC:mount	What country has Mount Kilimanjaro?	en
HUM:ind	What actor was the first man to appear on the cover of McCalls	en
ENTY:food	What is bread made from?	en
ENTY:sport	How is gymnastics performed?	en
NUM:count	How many teaspoons make up a tablespoon	en
NUM:weight	How much does an adult elephant weigh?	en
ENTY:currency	What is the Malaysian ringgit?	en
NUM:weight	he excavator bucket capacity is 0.5 m3. Determine the mass of sand that the excavator picks up	en
LOC:mount	What is the Rocky Mountains?	en
ENTY:symbol	What is the ∫ symbol used for?	en
HUM:desc	What is a novelist?	en
ENTY:other	How are historical relics preserved?	en
HUM:title	What is a CEO?	en
HUM:title	What is a Earl?	en
ENTY:body	What is the function of the lung?	en
ENTY:food	What are sports drinks?	en
ENTY:letter	What letter denotes the instrumental case?	en
ABBR:exp	What does SRB represent?	en
HUM:title	What rank is Emperor?	en
ENTY:substance	What mineral helps prevent osteoporosis	en
NUM:count	What is the number of states of Brazil?	en
ENTY:techmeth	How does API-first design function?	en
DESC:reason	What causes erosion?	en
HUM:ind	Who invented silly putty	en
ABBR:abb	What is meant by TLS?	en
ENTY:other	How are rare books preserved?	en
LOC:other	Where is the volcano Mauna Loa	en
DESC:def	What is dissimilation?	en
ENTY:symbol	Where is the heart symbol used?	en
NUM:weight	How much does a dram weigh in grams?	en
DESC:def	What is object-oriented design	en
ENTY:dismed	What causes heart disease?	en
ABBR:exp	What does ZWE expand to?	en
ENTY:animal	How do animals taste?	en
ENTY:lang	What is Bengali?	en
NUM:dist	How many miles are in a kilometer	en
ENTY:lang	What is one of the languages of the Sioux	en
HUM:ind	What does a writer do?	en
DESC:manner	What is the way to ride a bicycle?	en
ENTY:letter	How many letters does the Polish alphabet have?	en
ENTY:food	Which of many numbered vats of Scotch was judged best by a panel of experts in 1863	en
LOC:country	Tell me about Mexico	en
DESC:manner	In what way do adventurers trek?	en
DESC:reason	Why do wounds bleed?	en
ENTY:currency	Which country uses the drachma?	en
ABBR:abb	What is the abbreviation for Bachelor of Science?	en
LOC:other	Where did bocci originate	en
DESC:manner	How do you select wine	en
NUM:dist	what is the diameter of the observable universe	en
LOC:landmass	What is a canyon?	en
ENTY:word	How many consecutive vowels are in beautiful?	en
DESC:desc	How is mundanity described ordinarily?	en
DESC:reason	What are tonsils for	en
HUM:ind	Who was the supreme god of Germanic religion	en
ABBR:exp	What does BRB represent?	en
ENTY:symbol	What symbol denotes checkmark?	en
HUM:ind	Who declared I think I ll go out and milk the elk	en
ENTY:veh	What is a ship?	en
LOC:country	Which country is known as Big Bear	en
NUM:speed	What is the top speed of a commercial airplane?	en
ENTY:termeq	Aspartame is also called what	en
ENTY:lang	Where is Vietnamese spoken?	en
ABBR:exp	What does ZMB represent?	en
DESC:desc	How are buildings described architecturally?	en
ENTY:food	What is mussels?	en
NUM:period	How long did the Paris Commune hold out for against the rest of France	en
ENTY:animal	How do animals glide?	en
ENTY:plant	What is a maple?	en
LOC:city	What were the first three cities to have a population of more than a million	en
ENTY:dismed	What is a fear of women	en
ENTY:product	What is the Tesla Model S?	en
ENTY:plant	Where do pumpkins grow?	en
ENTY:lang	What are the languages spoken by the natives in Afghanistan	en
NUM:dist	How many miles between New York and Los Angeles?	en
ENTY:body	The corpus callosum is in what part of the body	en
ABBR:exp	What does PRT expand to?	en
ENTY:instru	How do you use a banjo?	en
NUM:count	What is the area in sq km of Chile?	en
NUM:weight	how many kilos does a car weight on average	en
ENTY:product	What is a bed?	en
NUM:perc	What percentage of the human body is made of water?	en
NUM:code	What information is embedded in a VIN vehicle identification number?	en
ABBR:exp	What does MAF expand to?	en
ENTY:religion	How many Confucianists are there?	en
ENTY:animal	What is an elephant?	en
ENTY:product	What do you use a chair for?	en
ENTY:body	What does the skeleton do?	en
ENTY:body	How many types of cartilage are there?	en
LOC:state	What is the nickname of Pennsylvania	en
NUM:date	In what year was the movie the Ten Commandments released	en
HUM:title	Who holds the title of Pope?	en
HUM:gr	Which high schools are included in the South Florida Ice Hockey league	en
ENTY:religion	What is Taoism?	en
ENTY:religion	Which religion believes in reincarnation?	en
HUM:desc	Describe a typical pilot	en
HUM:desc	What does a urologist do?	en
ENTY:veh	How long does it take to do an oil change on a typical car?	en
ENTY:other	What defines a cultural boundary?	en
NUM:money	What is the exchange rate for Australian to American money	en
ENTY:veh	What is the top speed of a Formula 1 racing car?	en
HUM:gr	What Cruise Line does Kathie Lee Gifford advertise for	en
NUM:other	What is a vector?	en
ABBR:abb	What does HTML create?	en
NUM:date	What year was the French Revolution?	en
ENTY:word	How many letters does the word electroencephalographic have?	en
NUM:temp	The title of the book Fahrenheit 451 refers to the temperature that book paper burns, or 451 F. What is the temperature in Celsius (to the hundredth)	en
ENTY:termeq	What is a term equivalent to sofa?	en
NUM:money	How much money did the Marcos steal from their country	en
LOC:water	What is a river?	en
DESC:desc	What makes a vivid visual description?	en
ENTY:body	What is the strongest and longest bone in the human body	en
ENTY:instru	What is the function of an oscilloscope?	en
NUM:temp	What is normal human body temperature?	en
HUM:ind	Who is the superstar in rent-a-cars	en
NUM:dist	How far is New York from Toronto?	en
ABBR:abb	What does DNA stand for?	en
ENTY:color	What is turquoise?	en
ENTY:product	What kind of suit did true hepcats wear in 1942	en
NUM:period	How many days does a menstrual cycle typically last?	en
NUM:perc	What percentage of the worlds carbon dioxide comes from transportation?	en
LOC:city	Where is Venice?	en
ENTY:letter	What letter denotes the dative case?	en
ENTY:body	How do neurons?	en
ENTY:religion	What religion is New Thought?	en
ENTY:dismed	How is flu treated?	en
NUM:period	How long does it take for coffee to cool to room temperature?	en
ENTY:sport	What are the rules of cricket?	en
ENTY:animal	What do peacocks mate with	en
NUM:temp	At what temperature does alcohol boil?	en
DESC:manner	In what manner do zookeepers manage?	en
NUM:count	What is the population of UK?	en
ENTY:word	Whats the singular of dice	en
ENTY:letter	What is the shape of the letter O?	en
ENTY:food	How do berries differ?	en
DESC:reason	Explain why our nails grow	en
ENTY:body	Which body part contains the smallest muscles in the body alongside the smallest bones	en
NUM:temp	What temperature is needed to forge iron?	en
ENTY:other	What award is the Oscar of advertising	en
ENTY:plant	What is state tree of Nebraska	en
DESC:def	What do we mean by algorithm?	en
NUM:count	Count the sports	en
ENTY:instru	What instrument measures magnetic field?	en
ENTY:letter	How many letters does the Portuguese alphabet have?	en
NUM:dist	The distance between the tops of two trees 20 m and 28 m high is 17 m. What is the horizontal distance between the two trees	en
NUM:perc	What percentage of the population has adequate housing?	en
LOC:mount	which icelandic volcano caused an intense seismic crisis 16 August 2014	en
NUM:date	When was Londons Docklands Light Railway constructed	en
DESC:manner	How do gastroenterologists scope?	en
ABBR:exp	Spell out the acronym FTP	en
ENTY:lang	What language has the most native speakers?	en
ENTY:veh	What’s the most stolen car in America	en
NUM:code	How are phone codes structured?	en
ENTY:religion	What is the main religion in Brazil?	en
ABBR:abb	In computing, LCD refers to what?	en
ENTY:word	What is a determiner?	en
DESC:def	What is a biosphere	en
HUM:desc	What is a producer?	en
NUM:ord	In a list of prime numbers, in which position does 5 appear	en
ENTY:cremat	What book is subtitled The Preservation of Favoured Races in the Struggle for Life	en
ENTY:termeq	What is the term for the sum of all genetic material in a given organism	en
ENTY:animal	How do primates communicate?	en
ENTY:plant	What plant is used to make tea?	en
ENTY:veh	What is a police car?	en
NUM:money	By how much will the California state gas tax rise by the year 2000	en
ENTY:religion	What is Sikhism?	en
DESC:reason	Why do plants need water?	en
ENTY:word	What is another word for big?	en
ENTY:word	What is a verb?	en
ENTY:food	Whats the Southern dish made of pigs small intestines	en
DESC:desc	What is the history of Hot Wheels cars, and how are they produced	en
ENTY:other	Which of the five senses develops first	en
ENTY:symbol	What is a mathematical symbol?	en
ABBR:abb	What is the shorthand for Department of Defense?	en
ENTY:animal	How do animals help humans?	en
NUM:code	What does error code E302 mean in web?	en
ENTY:product	What do you use a motorcycle for?	en
ENTY:religion	What do Hinduism followers believe?	en
ENTY:symbol	What is the yin-yang symbol?	en
ENTY:word	What is the most common consonant in English?	en
NUM:period	How old is the universe	en
ABBR:abb	What does INTERPOL stand for?	en
HUM:gr	What ISPs exist in the Caribbean	en
ENTY:techmeth	What is genetic algorithm?	en
ENTY:food	What is halibut?	en
HUM:gr	What do we call baby boomers?	en
ENTY:sport	What international sport was originally called hurley	en
LOC:country	What countries have the highest ratio of university students	en
HUM:gr	Who are the Generation Z?	en
NUM:perc	What percentage of seniors have arthritis?	en
ENTY:body	What are hair follicles?	en
DESC:def	What is the Milky Way	en
ENTY:word	What does vanquished mean?	en
ENTY:currency	Which country uses the dirham?	en
ENTY:currency	What is the British pound?	en
DESC:reason	Why do ears hear?	en
DESC:reason	Why do mangroves spread?	en
LOC:state	What is Missouri known for?	en
ENTY:cremat	In what movie is the number nine found in the title	en
ENTY:currency	What is the currency of Brazil?	en
ENTY:food	What is the only vegetable that starts with z	en
DESC:manner	How do I get my LAN card activated so that it can hook up to another computer without using a HUB	en
ABBR:exp	What does NFK stand for?	en
HUM:gr	How is a committee organized?	en
NUM:ord	Who came in thirteenth place?	en
ENTY:currency	What is the drachma?	en
NUM:date	What date did Neil Armstrong land on the moon	en
ENTY:substance	What explosive do you get by mixing charcoal, sulfur and saltpeter	en
NUM:volsize	How large is the North Sea?	en
DESC:manner	How do endocrinologists regulate?	en
ENTY:lang	How is Arabic written?	en
NUM:perc	What percentage of the silver production is done by independent silversmiths	en
ENTY:dismed	What causes hemophilia?	en
ABBR:abb	What does BIOS initialize?	en
ENTY:veh	How does a hovercraft function?	en
ENTY:body	What is the longest bone in the human body?	en
LOC:landmass	How are lagoons formed?	en
ENTY:substance	What is the second hardest substance	en
DESC:manner	In what manner do weavers interlace?	en
ENTY:color	What is vintage coloration?	en
DESC:manner	How do swimmers stroke?	en
NUM:code	How are postal codes structured?	en
NUM:count	What is the area in sq km of Canada?	en
NUM:other	What is the frequency of VHF	en
NUM:volsize	How big is our galaxy in diameter	en
ENTY:word	What is the word for love of pain or abuse	en
ENTY:animal	What makes ejection defensive?	en
NUM:dist	How far is Tokyo from Cairo?	en
ENTY:product	What is Tesla?	en
NUM:other	How many books are in the Library of Congress?	en
NUM:count	How many miles of veins are in the circulatory system	en
ENTY:animal	How big is a cheetah?	en
ENTY:body	What is the function of the heart?	en
LOC:landmass	How are meadows formed?	en
LOC:state	What is the capital of South Carolina?	en
ENTY:food	What is the soft drink for adults	en
HUM:title	Who holds the title of Sergeant?	en
NUM:money	How much does it cost, average or whatever is available, to produce and send junk mail catalogues in the US ?, DT CD NN NN,	en
NUM:weight	how much do you weigh in pounds	en
ENTY:plant	What is Australias national flower	en
ENTY:veh	What is the engine torque of a Dodge Ram 2500?	en
ABBR:exp	What does GEO expand to?	en
DESC:manner	How does a chick breathe inside an egg	en
NUM:date	When was Dubais first concrete house built	en
ENTY:termeq	What is a synonym for big?	en
ENTY:body	What is the weight of an adult human brain?	en
ENTY:veh	How many axles does a dump truck typically have?	en
HUM:gr	What police force did Mack Sennett create	en
ENTY:animal	How do animals prance?	en
ENTY:animal	How do mollusks adapt?	en
LOC:other	Where does Buzz Aldrin want to build a permanent, manned space station	en
NUM:code	What is Columbia Tristars phone number	en
ENTY:product	What is PlayStation?	en
LOC:mount	Where is the Matterhorn?	en
ENTY:product	What do you use a washing machine for?	en
LOC:city	What city does Orly Airport serve	en
ENTY:veh	What is the maximum speed of a personal watercraft?	en
ENTY:word	How many synonyms does the word sad have?	en
ENTY:body	What are gastric juices?	en
ENTY:animal	How big is a rhinoceros?	en
ENTY:product	What do you use a truck for?	en
ENTY:color	What is additive color?	en
ENTY:termeq	How do you say Grandma in Irish	en
ENTY:dismed	What is a fear of cold	en
DESC:reason	What causes aneurysms?	en
DESC:manner	What is the method for catch a fish?	en
ENTY:animal	What makes pets significant?	en
ENTY:plant	What does a seaweed look like?	en
NUM:period	How many minutes are in an hour?	en
ABBR:exp	What is TMJ	en
ENTY:instru	How many keys does a 49-key keyboard have?	en
HUM:gr	Which police department made the all-time biggest cocaine bust in Ventura County	en
HUM:title	What rank is Duke?	en
HUM:desc	What is a rheumatologist?	en
ENTY:veh	How deep are wheel wells on pickup trucks?	en
DESC:reason	Why shouldn t you remove a bee stinger with tweezers	en
LOC:country	How is a principality governed?	en
NUM:dist	how far away is mars	en
NUM:perc	What percentage of Earths atmosphere is nitrogen?	en
LOC:state	What two states is Washington D.C. between	en
ENTY:color	What three colors of ink are used to print a U.S. dollar bill	en
DESC:reason	Why in tennis are zero points called love	en
ENTY:termeq	What is terminology?	en
ENTY:symbol	What does the registered trademark represent?	en
DESC:manner	How do electricians wire?	en
DESC:desc	How is stillness described statically?	en
NUM:code	What does error code 507 mean?	en
ENTY:techmeth	What is the treatment for depression	en
DESC:manner	How can a foreigner get a U.S. Social Security card	en
ENTY:lang	Which language is spoken in the Philippines?	en
NUM:speed	How fast can a puma run?	en
ENTY:termeq	What is morphology?	en
ENTY:veh	How many seats does a typical commercial Boeing 747 have?	en
LOC:landmass	What is Sumatra?	en
ABBR:exp	What does WHO expand to?	en
LOC:water	What is a sound in geography?	en
ENTY:product	What is the most advanced handheld calculator in the world	en
NUM:dist	How far is London from Madrid?	en
NUM:speed	What is the maximum speed a horse can achieve in a gallop?	en
LOC:state	How are zones?	en
NUM:count	How many copies of an album must be sold for it to be a gold album	en
NUM:date	What year did nylon stockings first go on sale	en
ENTY:cremat	What document did President Andrew Johnson want a copy of placed under his head upon his burial	en
ENTY:termeq	What are some translations of the phrase Thank-you	en
ENTY:plant	Where do violets grow?	en
ENTY:event	What astronomical phenomenon takes place in Jan. 1999	en
ENTY:sport	What is track and field?	en
ENTY:instru	What device measures distance?	en
ENTY:color	What is statement color?	en
NUM:count	What is the number of months in a year?	en
ENTY:color	How do phosphorescent colors work?	en
ENTY:instru	How many strings does a lyre have?	en
ABBR:abb	What does RADAR detect?	en
ENTY:veh	How many different drive train configurations exist?	en
ENTY:substance	What is silicon?	en
DESC:desc	Tell me about a supernova	en
NUM:dist	How far is Mumbai from Delhi?	en
ENTY:dismed	What is penicillin used for?	en
LOC:city	What is New York?	en
ENTY:lang	What is Portuguese?	en
LOC:city	What country is Athens in?	en
LOC:city	What city is the setting for Puccinis opera La Boheme	en
ENTY:lang	What is the main language of Portugal?	en
ENTY:techmeth	What technique is used for MRI imaging?	en
LOC:other	What are the largest libraries in the US	en
DESC:manner	How do stenographers record?	en
DESC:reason	What makes popcorn pop	en
ENTY:substance	What four elements make up 90 percent of the human body	en
ENTY:color	How do neon colors differ?	en
LOC:water	What body of water does the Yukon River empty into	en
LOC:country	How is a empire governed?	en
HUM:gr	What is the best art and design school in the world	en
ENTY:product	What is a toothbrush made of?	en
ENTY:lang	What is Korean?	en
ENTY:body	How do ligaments stabilize?	en
LOC:state	How are zones determined?	en
ENTY:plant	What is a daisy?	en
LOC:country	What continent is Hungary in?	en
NUM:period	What is the typical age when humans develop abstract thinking?	en
ENTY:letter	What letter is used for silver on the periodic table?	en
NUM:other	How many hairs are on a human head?	en
DESC:def	What is an aurora	en
ENTY:lang	How many people speak Dutch?	en
NUM:dist	What is the length of border between the Ukraine and Russia	en
ENTY:lang	What is German known for?	en
ENTY:word	How many homophones does the word write have?	en
ENTY:instru	What is the function of a calorimeter?	en
ABBR:exp	What does Ms., Miss, and Mrs. stand for	en
HUM:desc	Who is Colin Powell	en
NUM:other	What are the numbers that fit into Fermonts last theorem	en
ENTY:lang	What language is spoken in Ukraine?	en
ENTY:letter	How many letters does the Thai alphabet have?	en
DESC:desc	What conveys motionless imagery?	en
ENTY:veh	How does a helicopter hover?	en
ENTY:other	What was the name of the peace agreement imposed on Germany after World War I	en
ENTY:currency	What is the currency of Romania?	en
ENTY:food	What is shrimp?	en
ENTY:techmeth	What is augmented reality?	en
ABBR:abb	WiFi abbreviates what?	en
ENTY:instru	How do you use a measuring cup?	en
ENTY:color	what colour comes before yellow in the visible spectrum	en
DESC:reason	Why do plants need sunlight?	en
ENTY:dismed	What causes dementia?	en
ABBR:exp	LED means what in full form?	en
ENTY:body	How do lungs expand?	en
ENTY:word	What does fragile mean?	en
DESC:reason	Why do horseshoes bring luck	en
ABBR:exp	Etc stands for what?	en
HUM:ind	Who killed JFK	en
ENTY:lang	How many people speak Finnish?	en
DESC:manner	How do athletes compete?	en
ENTY:veh	What was the first car to be mass-produced	en
HUM:desc	Who was Buffalo Bill	en
NUM:date	What day is known as the national day of prayer	en
ENTY:event	What was the French Revolution?	en
NUM:weight	what is the mass of the photon	en
ENTY:plant	Where do oranges grow?	en
DESC:reason	Why do wars occur?	en
DESC:desc	What is a character description?	en
LOC:country	What country in 1998 had the most suicides regardless of population size	en
LOC:state	What are all the southern states of the United States	en
ENTY:termeq	What is a term equivalent to automobile?	en
NUM:speed	What is the speed of a typical WiFi connection?	en
LOC:water	How salty is the Hudson Bay?	en
LOC:country	Which country gave New York the Statue of Liberty	en
ENTY:body	How many pairs of chromosomes does a human have?	en
ABBR:abb	What does JSON stand for?	en
NUM:count	What is the population of France?	en
ENTY:symbol	Where is the skull and crossbones symbol used?	en
ENTY:instru	What tool measures luminosity?	en
HUM:title	What is a Detective?	en
NUM:period	How long is the typical duration of a medical residency?	en
ENTY:termeq	What is another word for sick starting with i?	en
HUM:gr	What defines a coalition?	en
NUM:count	How many sides does a heptagon have	en
ENTY:termeq	What do we call lift in other words?	en
ENTY:dismed	What is a fear of fish	en
ENTY:word	What is an adjective?	en
NUM:money	How much does a haircut cost?	en
HUM:gr	What is the name of Joan Jetts band	en
HUM:gr	What presidential administration challenged Americans to explore The New Frontier	en
LOC:state	What is the capital of Virginia?	en
DESC:desc	What captures modern elements?	en
NUM:date	On what date did Rosa Parks Become a symbol of the civil rights movement for refusing to give up her seat on the bus	en
LOC:state	In what state was there an 11 million gallon oil spill	en
NUM:count	Count the minutes in an hour	en
NUM:period	What is the typical duration of a human pregnancy from conception?	en
DESC:def	How do commas separate?	en
ENTY:dismed	What is a fear of jealousy	en
ENTY:event	When did the Cold War occur?	en
NUM:count	How many referees work a soccer game	en
ENTY:dismed	What is a fear of drinking	en
ENTY:food	Whats the largest U.S. agricultural crop by weight	en
ENTY:animal	What was the name of Roy Rogerss dog	en
ENTY:veh	What is the engine displacement of a Harley-Davidson touring bike?	en
ENTY:color	What is salmon?	en
ENTY:termeq	What is the opposite of fast?	en
NUM:ord	How is the number 1001 expressed ordinally?	en
LOC:landmass	What countries are in Ireland?	en
ABBR:exp	IR stands for what exactly?	en
ENTY:currency	Which country uses the rupee?	en
LOC:country	What was the nationality of Jackson Pollock	en
NUM:speed	How fast does the Earth rotate at the equator?	en
ENTY:product	How does a smartwatch work?	en
DESC:def	What is a particle?	en
HUM:ind	Tell me about Socrates	en
NUM:perc	What percentage of plants are flowering?	en
HUM:title	What is the role of a Manager?	en
LOC:country	What is the capital of Russia?	en
NUM:money	How much does a hamburger cost?	en
NUM:volsize	how large is Oumuamua	en
ENTY:sport	How is gymnastics done?	en
LOC:state	What is the capital of Kansas?	en
LOC:city	How are urban?	en
ABBR:exp	What does LOL mean	en
LOC:landmass	Name some archipelagos along the coast of Africa	en
ENTY:religion	What two major world religions began in India	en
NUM:date	When was the Parthenon built	en
DESC:desc	What will happen when sodium is put in water	en
ENTY:veh	What is a ambulance?	en
NUM:ord	What is the fifteenth planet?	en
ABBR:abb	What is meant by DHCP?	en
ENTY:event	What happened during World War II?	en
ABBR:exp	What does NASA stand for	en
NUM:temp	What is the temperature inside a tornados vortex?	en
ABBR:exp	What does SWE represent?	en
DESC:def	How does fortition work?	en
DESC:desc	Tell me about Mount Everest	en
ENTY:religion	What is Community of Christ?	en
NUM:weight	how many tons of water do domesticated animals drink annually	en
LOC:city	What city is served by McCarren Airport	en
ENTY:religion	What is Deism?	en
NUM:count	What was the Great Britain population from 1699-172	en
LOC:mount	Where are the Himalayas?	en
DESC:def	What is linguistic insecurity?	en
NUM:volsize	What is the volume of a human lung?	en
ENTY:animal	How do animals use stars?	en
ENTY:veh	What is an amphibious vehicle?	en
ENTY:animal	Who were John F. Kennedys dogs	en
ABBR:abb	What does UK mean?	en
DESC:desc	Describe a solar eclipse	en
DESC:desc	Can you describe Niagara Falls?	en
ENTY:other	What is a historical society?	en
NUM:ord	in the bible, What chapter has the most verses	en
NUM:count	What is the number of states of Italy?	en
LOC:landmass	What is the highest continent	en
ENTY:color	How is turquoise formed?	en
ENTY:product	What do you use a laptop for?	en
ENTY:animal	How do animals conserve?	en
LOC:mount	What is the second highest mountain peak in the world	en
ENTY:sport	What is sprinting?	en
HUM:ind	Name of the powerful white trader in Conrads Heart of Darkness	en
LOC:city	What Texas city got its name from the Spanish for yellow	en
NUM:date	When was the Bill of Rights ratified	en
ENTY:event	What happened during the Cold War?	en
ENTY:food	What is the most stolen food in the world	en
HUM:ind	How does a historian contribute?	en
ENTY:substance	What is sodium?	en
DESC:desc	What is so powerful about Power Bars	en
NUM:money	What is the mean income of the top 10%, top 5%, and top 1%	en
LOC:city	What is the largest city in Texas	en
LOC:city	Which city did Christian Crusaders fight to recapture from the Muslims	en
ENTY:word	What is the longest word without using the letter e?	en
DESC:def	What is aspect in grammar?	en
NUM:money	What does an average daycare provider get paid in New England	en
ENTY:veh	How does a all-terrain vehicle work?	en
ABBR:abb	Define the abbreviation SSL	en
ENTY:lang	Where is Bengali spoken?	en
NUM:perc	What percentage of revenue is from subscriptions?	en
DESC:reason	What causes blue balls	en
LOC:city	What makes a borough a city?	en
ENTY:animal	What makes scientific study important?	en
ENTY:animal	What is a reptile?	en
NUM:period	How many minutes is the average song length?	en
ENTY:sport	What is the name of the game that Garry Kasparov plays	en
LOC:other	What are the names of the tourist attractions in Reims	en
ENTY:body	How do antibodies neutralize?	en
ENTY:lang	Where is Korean spoken?	en
NUM:weight	what is the mass of the black hole in the center of the milky way	en
ABBR:abb	What is the abbreviation for Basic Input/Output System?	en
ENTY:word	What does gregarious mean?	en
NUM:period	How long does a pigs orgasm last	en
ENTY:symbol	What is the → symbol used for?	en
LOC:country	What continent is Germany in?	en
ABBR:exp	Write out LCD in full	en
ENTY:religion	What is Bahai?	en
ENTY:food	What drink is formed of tequila, orange juice and galliano	en
ENTY:word	What does eloquent mean?	en
DESC:def	Whats the meaning of UOL	en
ENTY:food	Name a food high in zinc	en
DESC:def	What is implicature?	en
DESC:manner	In what way do knitters loop?	en
HUM:title	What is a Empress?	en
NUM:period	How many years did the Victorian era last?	en
LOC:state	How are boundaries established?	en
DESC:def	How would you define mitochondria?	en
ENTY:cremat	What Marx Brothers movie centers on a stolen painting	en
NUM:speed	How fast can a dolphin swim?	en
ENTY:substance	How is nitrogen used?	en
ABBR:abb	What is the abbreviation for User Experience?	en
DESC:manner	How do I start a bank	en
NUM:weight	How much does a lion weigh on average?	en
HUM:desc	Who was Jinnah	en
ENTY:product	What is a keyboard made of?	en
ENTY:other	What is the source of natural gas	en
DESC:reason	What was Al Capone finally imprisoned for, in 1931	en
LOC:landmass	Whats the second-largest island in the world	en
NUM:count	Count the organs in the body	en
ENTY:other	What defines a historical era?	en
ENTY:body	What is breathing?	en
HUM:ind	What actor starred in 1980s Blue Lagoon, 1982s The Pirate Movie and 1983s A Night in Heaven	en
LOC:city	What Southern California town is named after a character made famous by Edgar Rice Burroughs	en
ENTY:plant	What is a vegetable?	en
DESC:desc	What captures intense aversion?	en
ENTY:lang	What is Japanese known for?	en
ENTY:techmeth	How does deep learning work?	en
LOC:other	Where can an individual get a contact lens tested that burned the entire surface of eye when new	en
ENTY:plant	Where do lettuces grow?	en
ENTY:dismed	What is atorvastatin used for?	en
ABBR:abb	What does HCI study?	en
ENTY:food	What is cereal?	en
LOC:mount	What mountain range extends from the Gulf of St. Lawrence to Alabama	en
LOC:other	Where is the largest dam in the world	en
ENTY:dismed	What is flu?	en
ENTY:event	When did the Dark Ages occur?	en
ENTY:techmeth	How does computer vision work?	en
NUM:volsize	What is the volume of a typical bathtub in gallons?	en
LOC:water	Where is the Lake Superior?	en
ABBR:exp	COO means what?	en
ENTY:dismed	How is sickle cell disease treated?	en
HUM:ind	Tell me about Dante	en
HUM:ind	What famous coach said if you can t beat em in the alley, you can t beat em on the ice	en
ENTY:currency	Which country uses the yuan?	en
ABBR:exp	What does ALB expand to?	en
NUM:ord	What is the ordinality of 6 in the set of even numbers	en
DESC:def	What is semantic field?	en
ENTY:plant	Where do bananas grow?	en
NUM:code	What is the ASCII code for A?	en
HUM:ind	Who was Marie Curie?	en
ENTY:sport	What non-mechanical sport achieves the highest speeds	en
LOC:other	Where is McCarren Airport	en
LOC:city	What is Barcelona?	en
ENTY:food	Where does strawberry come from?	en
HUM:desc	Describe a typical dancer	en
ENTY:religion	What is Salafi Islam?	en
ENTY:religion	What is Zoroastrianism based on?	en
NUM:volsize	How large is the Caribbean Sea?	en
DESC:def	How do portmanteaus form?	en
NUM:date	What was the date of CNNs first broadcast	en
NUM:dist	How far is it from New York to London?	en
HUM:desc	What does a psychiatrist do?	en
NUM:weight	How much does an average human weigh?	en
NUM:date	On what day were John F and Jackie Kennedy married	en
ENTY:sport	How is sprinting played?	en
DESC:def	What is register?	en
DESC:def	How does reconstruction work?	en
NUM:other	What is the most-watched movie of all time?	en
ENTY:color	What is a common yellow item?	en
DESC:manner	How do psychiatrists medicate?	en
ENTY:dismed	What is a fear of pregnancy	en
HUM:ind	Who was the first Prime Minister of Canada	en
ENTY:sport	What are the titles of some R-Rated Sony Playstation games	en
LOC:water	What river in the US is known as the Big Muddy	en
DESC:reason	Why do emotions arise?	en
NUM:dist	How tall is the giraffe	en
NUM:perc	Developing nations comprise what percentage of the worlds population	en
ENTY:sport	What sport do you shag flies in	en
ENTY:techmeth	What are the different approaches of systems analysis	en
NUM:temp	What temperature does glass become soft?	en
NUM:other	What is a logarithm?	en
DESC:def	What is capitalization effect?	en
DESC:manner	How do lecturers present?	en
NUM:speed	What is the speed of a hyperloop train?	en
ENTY:color	How do patinas form?	en
ENTY:body	How do mammary glands produce?	en
DESC:reason	What causes inflation?	en
ENTY:dismed	How is depression treated?	en
DESC:def	What is a firewall	en
NUM:ord	What is the sixth planet?	en
DESC:def	What is consonance?	en
ABBR:abb	What does MAN cover?	en
DESC:desc	What was Suzy Parker doing to earn $1, 000 in the early 1950s	en
HUM:desc	What does a architect do?	en
LOC:state	In which state would you find the Catskill Mountains	en
NUM:period	What is the duration of the average human sleep cycle?	en
NUM:speed	How quickly does electricity travel through copper wire?	en
ENTY:color	How do accent colors work?	en
ENTY:food	Where does shrimp come from?	en
LOC:landmass	What Caribbean island is northeast of Trinidad	en
NUM:perc	What percentage was the raise?	en
DESC:desc	What is the origin of the proverb A stitch in time saves nine	en
LOC:landmass	What is the Balkans?	en
NUM:code	What is the HTML code for backspace?	en
DESC:reason	What causes seizures?	en
DESC:reason	Why do storms develop?	en
LOC:landmass	What California bays largest island is Angel Island	en
ENTY:currency	What is the symbol for yuan?	en
ENTY:color	What color is yak milk	en
LOC:water	What is the Baltic Sea?	en
NUM:date	What year did the Titanic sink	en
ENTY:dismed	What causes stroke?	en
ENTY:body	What does the hair do?	en
ENTY:symbol	Where is the registered trademark symbol used?	en
ENTY:currency	How many bahts are in a dollar?	en
LOC:landmass	What is a basin?	en
ENTY:cremat	What 1953 film won Frank Sinatra a best supporting actor Oscar	en
ENTY:plant	What is cotton?	en
LOC:city	Where is Prague?	en
ENTY:color	How does tarnish occur?	en
NUM:volsize	What size is a credit card?	en
NUM:code	What does error code 401 mean?	en
LOC:other	Where is Trinidad	en
LOC:landmass	Where is Asia?	en
ENTY:dismed	What is a fear of rejection	en
ENTY:techmeth	Whats the slowest Olympic swimming stroke	en
ENTY:animal	What makes reflexes automatic?	en
DESC:reason	Why was Curious George curious	en
ENTY:techmeth	What is nanotechnology?	en
ENTY:event	The U.S. Department of Treasury first issued paper currency for the U.S. during which war	en
NUM:period	How long is adulthood?	en
ENTY:substance	What is lead?	en
ENTY:food	What is palm oil?	en
LOC:mount	What is the highest mountain in the world	en
ENTY:religion	What religion do RLDS members follow?	en
HUM:desc	How does a cosmetologist help clients?	en
HUM:desc	Describe a typical geologist	en
ENTY:animal	What is the name of the Family Circuss dog	en
ENTY:sport	What game does Garry Kasparov play	en
ENTY:animal	How do herd animals protect?	en
ENTY:body	How does the prostate secrete?	en
DESC:desc	How is difficulty described arduously?	en
ENTY:animal	How do animals raise offspring?	en
ENTY:food	What is poultry meat?	en
ENTY:symbol	What is the © symbol used for?	en
ENTY:body	What is the function of the muscle?	en
ABBR:exp	What does HIV stand for	en
LOC:state	Where is California?	en
HUM:ind	Who was Julius Caesar?	en
LOC:state	What is the capital of New Jersey?	en
DESC:reason	What currents affect the area of the Shetland Islands and Orkney Islands in the North Sea	en
ENTY:word	What does magnanimous mean?	en
ENTY:word	What does buoyant mean?	en
DESC:reason	What causes fraud?	en
DESC:desc	What are some chemical properties of mendelevium	en
LOC:water	Whats the longest river in the world	en
ENTY:color	What color is salmon?	en
ENTY:animal	How do animals grow?	en
ENTY:dismed	What disease plagued Europe, Africa and Asia	en
ENTY:body	Where is the eye?	en
NUM:weight	What is the weight of a standard textbook?	en
NUM:volsize	What is the total surface area of the human intestines?	en
DESC:reason	Why is Rushs 2112 called 2112	en
ENTY:cremat	What was John F. Kennedys 1960 campaign song	en
ENTY:dismed	What is a common anti-AIDS drug	en
HUM:gr	Who made the largest cocaine seizure in Ventura County history	en
LOC:mount	what is the smallest mountain range in europe	en
DESC:def	What are the Baltic States	en
DESC:reason	What causes evolution?	en
ENTY:dismed	What causes Alzheimers disease?	en
ABBR:exp	What does SMR expand to?	en
HUM:desc	Who is Ishmael in Moby Dick	en
ENTY:religion	What is Mediumship?	en
ENTY:sport	What is soccer?	en
ENTY:color	How does photosynthesis use?	en
DESC:desc	Describe Niagara Falls	en
ABBR:exp	HTTP stands for what exactly?	en
ENTY:product	What kind of car did Janis Joplin ask the Lord to buy her	en
ABBR:exp	What does GHA stand for?	en
DESC:reason	Why is Indiglo called Indiglo	en
ENTY:body	What is the spine?	en
NUM:perc	What percentage of Earths climate is controlled by the ocean?	en
HUM:desc	What is the role of a consultant?	en
DESC:reason	Why is Thanksgiving on a Thursday	en
ENTY:veh	What is a blimp?	en
ENTY:veh	What is the maximum takeoff weight of a Boeing 777?	en
LOC:water	Where is the Orinoco River	en
NUM:count	How many Beanie Baby sites are there	en
NUM:volsize	How large is the Gobi Desert?	en
DESC:reason	What is the reason seasons change?	en
ENTY:event	When did World War II occur?	en
HUM:gr	Who are the contractors?	en
LOC:mount	What is the tallest peak in the Americas?	en
NUM:count	How many holes are there in a tenpin bowling ball	en
ENTY:veh	What is a bicycle?	en
NUM:dist	what is the distance from mars to the sun	en
NUM:period	What is the typical duration of a pregnancy in weeks?	en
ENTY:plant	What shrubs can be planted that will be safe from deer	en
LOC:country	What country will hit the year 2 first	en
DESC:manner	How do mathematicians prove?	en
ENTY:event	What happened during the Industrial Revolution?	en
ENTY:animal	How do migratory animals navigate?	en
NUM:other	Whats the population of Mississippi	en
ENTY:animal	How big is a penguin?	en
NUM:count	What is the number of provinces of USA?	en
DESC:manner	How do instructors teach?	en
ENTY:lang	Which language has the most native speakers?	en
LOC:country	What country are you visiting if you land at President Duvalier Airport	en
HUM:title	state your occupation	en
DESC:def	What is the definition of mitochondria?	en
DESC:desc	What captures straightforwardness?	en
ENTY:termeq	What is another word for attorney?	en
ENTY:word	How many syllables does the word pronunciation have?	en
ENTY:dismed	What is influenza?	en
NUM:speed	How fast can a hurricane wind?	en
ENTY:symbol	What does the { } symbol represent?	en
DESC:manner	How do vending machines tell if your dollar is a 1 or a 5	en
ENTY:animal	What African animals are known as The Big Five	en
LOC:country	What country has the most time zones, with 11	en
ENTY:animal	What makes pheromones important?	en
LOC:country	What countries does the Mont Blanc Tunnel join	en
NUM:speed	What is the speed of a typical hard drive?	en
NUM:count	What is the number of stars?	en
DESC:manner	What is the way to paint a wall?	en
ENTY:body	How do red cells carry oxygen?	en
HUM:title	What is a Prince?	en
ENTY:veh	How fast can a Harley-Davidson motorcycle reach top speed?	en
ENTY:color	How do neutrals function?	en
ENTY:body	Where is the heart?	en
ENTY:letter	What is a font?	en
ENTY:product	What do you use a car for?	en
NUM:period	What is the age at which most humans reach puberty?	en
DESC:def	How does Verners Law apply?	en
ENTY:product	What is the name of the satellite that the Soviet Union sent into space in 1957	en
ENTY:instru	What is a axe?	en
ENTY:food	Which thrilled taste buds first - Snickers or 3 Musketeers	en
DESC:reason	Why do eyes sometimes look red in photographs	en
HUM:gr	Which college did Dikembe Mutombo play basketball for	en
ENTY:dismed	What is a fear of failure	en
NUM:perc	What percentage is the profit margin?	en
ABBR:exp	RNA stands for what exactly?	en
ABBR:exp	What does NATO expand to?	en
ENTY:animal	What makes climbing possible?	en
LOC:country	What countrys people are the top television watchers	en
DESC:manner	How do I legally make my own will and testament	en
LOC:city	What is the largest city in the world	en
NUM:count	How many flavors of ice cream does Howard Johnsons have	en
LOC:water	What is the location of Lake Champlain	en
DESC:desc	What is the Taj Mahal like?	en
ENTY:body	What is the function of the rib?	en
ABBR:exp	What does IQ stand for	en
DESC:reason	What causes melting?	en
ENTY:currency	What currency does Egypt use?	en
NUM:code	What is the octal code for bell?	en
ENTY:techmeth	What is Internet of Things?	en
ENTY:sport	How is long jump played?	en
ENTY:dismed	What is dementia?	en
ABBR:abb	What does bps measure?	en
LOC:state	What is the richest state in the U.S.	en
DESC:manner	How do you send a movie transcript to Hollywood so that it can be produced into a film	en
ABBR:abb	DHCP abbreviates what?	en
ENTY:sport	What Grand Slam golf tournament wasn t held between 1940 and 1945	en
ENTY:event	Tell me about the World Cup	en
ENTY:product	What do you use a keyboard for?	en
ENTY:lang	What is the most spoken language in the world?	en
ENTY:termeq	How do you say, I love you in other languages	en
ENTY:color	What is brown?	en
DESC:reason	What causes landslides?	en
NUM:temp	At what temperature does iron melt?	en
DESC:def	How does register relate?	en
NUM:dist	How far is Mars?	en
ENTY:plant	What flower did Vincent Van Gogh paint	en
ABBR:abb	MVC is an abbreviation for what?	en
ENTY:body	What is the function of the hypothalamus?	en
NUM:volsize	How big is the largest diamond	en
ENTY:veh	What is a backhoe?	en
NUM:perc	What percentage of people use smartphones?	en
ENTY:lang	Which language is spoken in Tunisia?	en
LOC:other	Where is the Rose Bowl played	en
NUM:perc	What percentage of the world speaks English?	en
ABBR:exp	Expand the acronym ATP	en
DESC:desc	Tell me about the Sahara Desert	en
LOC:water	Where is the Mediterranean Sea?	en
LOC:state	What is a county?	en
NUM:money	How much do car insurance cost?	en
ENTY:symbol	What does the ¥ symbol mean?	en
ENTY:veh	what vehicle is used to transport cargo to the ISS	en
ENTY:color	What is pearl?	en
ENTY:body	What is the hardest-working muscle in the body	en
DESC:manner	How do you bake a cake?	en
DESC:desc	How are mysteries described enigmatically?	en
HUM:gr	Name the company that used the line, Even your best friend won t tell you in its ad	en
HUM:gr	What college produced the most winning Super Bowl quarterbacks	en
LOC:mount	What is the tallest mountain in the UK?	en
ENTY:techmeth	How does blockchain work?	en
ENTY:food	What is spinach made from?	en
NUM:period	How many hours of daylight does Earth have at the equator?	en
ABBR:abb	Define the abbreviation DHCP	en
DESC:def	What does E Pluribus Unum on the penny mean	en
ENTY:sport	Whats played at Wembley Stadium, London, every May	en
NUM:money	How much does a new car cost?	en
LOC:city	What is a village?	en
ABBR:exp	What does TWN expand to?	en
DESC:reason	Explain why water freezes at 0°C	en
ENTY:plant	How are flowers pollinated?	en
LOC:city	Tell me about Tokyo	en
DESC:reason	Why is we yawn?	en
LOC:country	Which is the wealthiest country in the world	en
DESC:manner	In what way do nurses care?	en
DESC:manner	How can I give myself a French manicure	en
NUM:period	How long was the OJ Simpson trial	en
ENTY:animal	What is Marylands state bird	en
LOC:landmass	in what continent are the alps located	en
LOC:city	How are townships organized?	en
NUM:dist	How far is Atlantic and Pacific?	en
ENTY:other	What is it that walks on four legs, then on two legs, then on three	en
ENTY:instru	How do you use a protractor?	en
ENTY:letter	How many letters does the Spanish alphabet have?	en
ABBR:exp	MVC stands for what exactly?	en
NUM:period	How long do flies live	en
ENTY:product	How does a laptop work?	en
ENTY:cremat	Which is the most-used computer program	en
LOC:water	How are lakes?	en
ENTY:dismed	What is Alzheimers disease?	en
LOC:mount	What is the name of the tallest mountain in the world	en
ABBR:exp	What does UK stand for?	en
LOC:other	Where did Dylan Thomas die	en
LOC:city	Where is Houston?	en
LOC:state	Where is Arizona?	en
DESC:desc	How is beauty described aesthetically?	en
ENTY:instru	What is the purpose of a periscope?	en
DESC:desc	What conveys closeness?	en
ENTY:food	What line of candy products included Super Skrunch and Peanut Butter Oompas	en
ENTY:color	What is a common navy item?	en
ENTY:instru	What is the purpose of a compass?	en
LOC:country	What continent is Japan in?	en
ENTY:termeq	How are sentences structured?	en
NUM:period	What is the duration of adolescence?	en
LOC:state	What is the capital of Georgia?	en
ENTY:plant	What is the fastest growing plant?	en
NUM:money	How much does one ton of cement cost	en
ABBR:exp	What does FLK expand to?	en
ENTY:other	What is the rarest coin	en
NUM:other	What are the shoe sizes of O Neal, Jordan, and Mutombo, the NBA players	en
LOC:state	How are districts administered?	en
NUM:period	How long does the average domesticated ferret live	en
ABBR:exp	What does the acronym CPR mean	en
ENTY:food	What after-dinner treat was invented in 1916 at the George Jung noodle factory in Los Angeles	en
HUM:title	can you tell me what your job is	en
ENTY:techmeth	What is blockchain technology?	en
ABBR:exp	Expand the acronym MVC	en
NUM:date	What date is New Years Day?	en
ABBR:abb	NSA is an abbreviation for what?	en
ABBR:exp	What does LAO represent?	en
NUM:date	What is Martin Luther King Jr.s real birthday	en
ENTY:food	What soft drink first appeared in the Old Corner Drug Store in Waco, Texas, in 1885	en
NUM:dist	What is the distance to the sun?	en
ENTY:symbol	Where is the moon symbol used?	en
ENTY:color	What is color symbolism?	en
NUM:dist	A tree is broken by the wind. If the top of the tree struck the ground at an angle of 30° and at a distance of 30 m from the root, what is the height of the tree	en
HUM:ind	Tell me about Galileo Galilei	en
HUM:gr	What is the first personal computer company	en
HUM:desc	Who was Darius	en
DESC:desc	How is calm described serenely?	en
ENTY:instru	What device measures energy?	en
ENTY:body	What is the reproductive system?	en
ENTY:product	What is a keyboard?	en
NUM:other	What is a percentage?	en
ENTY:food	Which Asian fruit has the nickname ‘king of fruits’ and is known for its distinctive smell	en
ENTY:instru	What is a flute used for?	en
HUM:title	What did Andy Hardys father do for a living	en
HUM:ind	How does an architect design?	en
DESC:manner	How can I trace my family roots	en
ENTY:letter	What vowel do all Esperanto nouns end in	en
HUM:ind	What apostle is Taylor Caldwells Great Lion of God	en
ENTY:symbol	Where is the sun symbol used?	en
ENTY:body	What is the heaviest organ in the human body?	en
NUM:dist	What is the distance between New York and Los Angeles?	en
NUM:dist	how many kilometers does the russian border span	en
ENTY:sport	What are the rules of marathon?	en
ENTY:body	What are made of elastic tissue and also play a key role in the functioning of joints. They connect muscle to bone	en
ENTY:religion	How many Sikhs are there?	en
LOC:city	How are municipalities organized?	en
ENTY:color	How is orange produced?	en
ENTY:animal	What film canine is buried in Pere-Lachaise cemetery in Paris	en
NUM:count	How many villi are found in the small intestine	en
HUM:ind	Who were the four famous founders of United Artists	en
HUM:gr	What do we call natives?	en
ENTY:instru	What is the function of a microscope?	en
ENTY:food	What is turkey?	en
NUM:code	how do i unlock this?what is the pin number	en
LOC:other	What is a geographic location at coordinates 26, 101?	en
NUM:volsize	What is the volume of a human bladder?	en
DESC:manner	In what way do artists create?	en
ENTY:plant	What does a lemon look like?	en
ENTY:instru	What is a harmonica used for?	en
NUM:date	When was Chinas first nuclear test	en
LOC:mount	How tall is Mount Denali?	en
NUM:other	How long is the Great Wall of China?	en
NUM:count	How many people lived in Nebraska in the mid 1900s	en
DESC:desc	What do bee hives do in cranberry bogs	en
ENTY:religion	What is Bahai Faith based on?	en
ENTY:other	How are ancient languages translated?	en
LOC:other	Where can I find scientific data, research papers, on textile engineering	en
ENTY:symbol	What does the ~ symbol represent?	en
NUM:period	What is the average life expectancy in Japan?	en
ENTY:dismed	What is an epidemic?	en
ENTY:veh	How many window seats are typically on a large commercial airliner?	en
ABBR:abb	What does ACT measure?	en
ENTY:body	How does the clitoris respond?	en
ENTY:termeq	What does caliente translate to in English	en
HUM:desc	What is the role of a guide?	en
ENTY:symbol	What symbol denotes dollar?	en
ENTY:body	What is the cervix?	en
HUM:ind	What does a entrepreneur do?	en
ENTY:sport	How is soccer played?	en
ENTY:product	What monitor has 4K resolution?	en
HUM:gr	What radio station did Paul Harvey work for	en
NUM:code	How are ZIP codes structured?	en
ENTY:veh	How many different vehicles share the same platform?	en
DESC:def	How do repairs function?	en
NUM:count	What is the number of states of Spain?	en
ENTY:product	What do you use a phone for?	en
HUM:desc	How does a analyst work?	en
DESC:def	What is amezaiku	en
ENTY:techmeth	What are common methods used to regulate monopolies	en
HUM:desc	Describe a typical actor	en
DESC:def	What is the definition of encryption?	en
LOC:state	In what state was the first co-educational college established	en
NUM:temp	At what temperature does plastic degrade?	en
NUM:count	What is the number of regions of France?	en
NUM:volsize	How large is the Mediterranean Sea?	en
NUM:count	How many Vietnamese were there in the Soviet Union	en
NUM:money	What is the price for AAAs liability auto insurance	en
ENTY:substance	How is helium used?	en
NUM:temp	What is the surface temperature of the sun	en
NUM:perc	What percentage of Earths oxygen is produced on land?	en
ENTY:sport	What is volleyball?	en
ENTY:food	How is seitan prepared?	en
LOC:country	What defines a confederation?	en
LOC:country	What defines a kingdom?	en
ENTY:symbol	How is the $ symbol used?	en
ENTY:animal	What makes reciprocal altruism possible?	en
ENTY:animal	What is the name of David Lettermans dog	en
ENTY:techmeth	How does reinforcement learning function?	en
ENTY:other	What are artifacts?	en
ENTY:veh	What is the name of the second space shuttle	en
NUM:temp	Which temperature is hotter17 C or 58 F	en
NUM:other	How long does it take for blood to circulate?	en
NUM:money	How much did the minimum wage amount to in 1991	en
ABBR:exp	What does BMU stand for?	en
ABBR:exp	What does NER stand for?	en
ENTY:animal	How do insects metamorphose?	en
NUM:date	What year was penicillin discovered?	en
NUM:temp	What is the melting point of lead?	en
LOC:water	What sea surrounds the Cayman Islands	en
ENTY:substance	What is vinegar used for?	en
ENTY:veh	What is the turning radius of different vehicle classes?	en
HUM:gr	What is a senators?	en
NUM:period	How many minutes is a school lunch period?	en
LOC:state	What is Massachusetts known for?	en
DESC:reason	Why do animals migrate seasonally?	en
ENTY:dismed	How is disease diagnosed?	en
NUM:dist	how deep is the deepest hole in the world	en
ENTY:body	What is the function of the prostate?	en
NUM:dist	How many miles between Earth and Moon?	en
ENTY:techmeth	How does machine learning work?	en
NUM:ord	How is 2 expressed ordinally?	en
DESC:desc	How is ugliness described aesthetically negatively?	en
DESC:reason	What causes the body to shiver in cold temperatures	en
LOC:country	What continent is Spain in?	en
ENTY:substance	What are the properties of rubber?	en
ENTY:cremat	What medium is Stuart Hamblen the first singing cowboy in	en
ABBR:exp	API stands for what exactly?	en
ABBR:abb	What does NSA stand for?	en
HUM:desc	What does a playwright do?	en
ENTY:body	Where is the spine?	en
ENTY:lang	How is Russian written?	en
HUM:ind	What does a diplomat do?	en
DESC:reason	Why are so many umbrellas black	en
HUM:ind	Who was Aristotle?	en
NUM:period	What is the typical duration of a podcast episode?	en
HUM:ind	What does a philosopher do?	en
ENTY:color	staring at bright yellow causes a dark blue afterimage, then on looking at black, the blue is seen as blue against the black, also as dark as the black, what is this color named	en
ENTY:religion	What religion do Armenian Christians follow?	en
NUM:perc	What percentage of the brain is cerebrospinal fluid?	en
NUM:ord	What chapter of Gone with the Wind has Rhett Butler leaving Scarlett O Hara	en
ENTY:veh	What is a coupe?	en
NUM:date	When is Halloween?	en
NUM:volsize	what is the size of the moon	en
ENTY:event	What war did Florence Nightingale tend the troops in	en
ENTY:color	What is beige?	en
DESC:reason	What caused Shea & Gould to close their L.A. office	en
DESC:def	What was the Dead Mans Hand	en
ENTY:currency	What is the symbol for won?	en
ENTY:other	What is the one thing you need before you can purchase life insurance	en
HUM:gr	What defines a organization?	en
NUM:money	How much does a loaf of bread cost?	en
LOC:mount	How high is Mount Vesuvius?	en
ENTY:termeq	How do you say eat the day in Latin	en
ENTY:veh	How long is a standard train coupling?	en
DESC:reason	Why do treaties form?	en
ENTY:lang	How is Korean structured?	en
HUM:gr	What school does Tom attend in Tom Browns School Days	en
ENTY:animal	What was the orcas name that died of a fungal infection at Sea World	en
LOC:mount	Where is Mount Aconcagua?	en
NUM:weight	How much does an Olympic barbell weigh?	en
LOC:city	What country is Paris in?	en
ENTY:techmeth	What is recurrent neural networks?	en
NUM:volsize	What is the volume of a standard wine bottle?	en
LOC:country	What country boasts Ismails Palace and the Palace of King Farouk	en
NUM:speed	How fast is a tornado?	en
LOC:city	What city has the worlds longest subway system	en
ENTY:product	Name the product that is at your grocers, at your fingertips	en
NUM:speed	How fast does a typical cruise ship travel?	en
ENTY:word	What does eclectic mean?	en
ENTY:religion	Which religion believes in karma?	en
ENTY:veh	What is a Lyft?	en
ENTY:dismed	What causes sickle cell disease?	en
NUM:code	What is the ASCII code for escape character?	en
NUM:volsize	What is the volume of a human cell?	en
HUM:desc	Describe a typical novelist	en
DESC:reason	What is the cause of endangered species	en
ABBR:abb	What does ZB signify?	en
ENTY:color	What is a common orange item?	en
DESC:manner	Describe how to cook pasta	en
ENTY:animal	What makes play important?	en
DESC:reason	Why is water freezes at 0°C?	en
LOC:country	Where is Portugal?	en
NUM:count	What is the area in sq km of Nigeria?	en
HUM:gr	What baseball team became the Minnesota Twins	en
ENTY:plant	What is a apple?	en
ENTY:letter	What letter is used for copper on the periodic table?	en
NUM:perc	What percentage of GDP is this?	en
ENTY:veh	How many tire zones are used for temperature ratings?	en
NUM:date	When was the Great Depression	en
ENTY:religion	What is Ismaili Islam?	en
ENTY:veh	What is a submarine?	en
ABBR:exp	HDMI means what in full form?	en
ENTY:body	What is the tooth?	en
ENTY:food	Where does cookie come from?	en
ABBR:abb	What is the abbreviated term used for the National Bureau of Investigation	en
HUM:desc	What is an administrator?	en
LOC:city	What United States city produces the most oil	en
ENTY:body	Buccal cavity (oral cavity) and the nasal passage opens into which organ, nearly 12.5 cm long or 5 inches long	en
ENTY:instru	What tool measures wave height?	en
DESC:reason	Why was Washington, DC originally called District of Columbia	en
ENTY:veh	name 10 fictional vehicles	en
ENTY:veh	What is the payload capacity of a Tesla Cybertruck?	en
ENTY:veh	How long is a standard flatbed trailer?	en
DESC:desc	How is dialogue described narratively?	en
ENTY:termeq	What do you call a book of quotes	en
HUM:gr	What was called the worlds largest department store	en
ENTY:techmeth	What method generates wind power?	en
DESC:desc	What is a physical description?	en
HUM:desc	What makes a good teacher?	en
ENTY:dismed	What causes common cold?	en
LOC:city	What is the capital of Uruguay	en
ENTY:religion	What religion do Anglicans follow?	en
NUM:period	What is the average age a horse lives	en
LOC:country	What is the capital of Egypt?	en
HUM:gr	How is a squad organized?	en
NUM:weight	What is the average weight for a man	en
ENTY:veh	What is the seating capacity of a Range Rover?	en
ENTY:instru	What is a Violin?	en
ENTY:symbol	identify the symbol for british pounds	en
ENTY:color	What are carotenoids?	en
ENTY:lang	Which language has the shortest alphabet?	en
LOC:state	What is a kingdom?	en
NUM:code	What is the QR code matrix size?	en
ENTY:dismed	What is a fear of passing high objects	en
DESC:manner	How do soldiers conduct operations?	en
NUM:count	How many inches over six feet is Tom Selleck	en
NUM:weight	What is the weight of the human blood in a body?	en
DESC:desc	Tell me about a black hole	en
ENTY:substance	What is plastic?	en
ENTY:sport	The second most popular sport worldwide is what	en
DESC:reason	Why do weather patterns shift?	en
NUM:ord	Who came in sixth place?	en
ENTY:animal	Whats an infant seal called	en
ENTY:animal	What makes bounding adaptive?	en
DESC:manner	What is the way to meditation?	en
ENTY:word	What are the first six words of Dickenss A Tale of Two Cities	en
ABBR:exp	What does CYM stand for?	en
DESC:desc	How is setting described in literature?	en
LOC:other	Where is Natchitoches, Louisiana	en
ENTY:word	What does unanimous mean?	en
ENTY:word	What is a word that means intelligent?	en
LOC:mount	What is the tallest mountain	en
ENTY:dismed	What drug did Sigmund Freud become fascinated with while experimenting with the treatment of neurasthenia	en
ENTY:religion	What religion is Hassidic Judaism?	en
ENTY:religion	What is Orthodoxy based on?	en
ABBR:abb	What does USB mean?	en
HUM:ind	Who won the Battle of Gettysburg	en
ENTY:food	Where does cream come from?	en
ABBR:exp	DNS is short for what exactly?	en
DESC:reason	What causes rainfall?	en
DESC:desc	What is the difference between a college and a university	en
ENTY:color	what primary colours should you mix to get brown	en
ENTY:termeq	Is sofa the same as couch?	en
ENTY:instru	What tool measures intensity?	en
ABBR:abb	VPN abbreviates what?	en
ENTY:termeq	What do Italians call Florence	en
ENTY:instru	What device measures volume?	en
ENTY:sport	What games board shows the territories of Irkutsk, Yakutsk and Kamchatka	en
ENTY:color	What is achromatic?	en
HUM:gr	What defines a consortium?	en
LOC:city	Where is Mumbai?	en
HUM:gr	Who are the nobility?	en
ABBR:exp	What does VCR stand for	en
LOC:country	What is sovereignty?	en
ENTY:symbol	What is the symbol for gold on the periodic table?	en
ENTY:currency	What currency is used in Algeria	en
DESC:manner	How do you yoga?	en
ENTY:dismed	What causes diabetes?	en
ENTY:currency	What is the kroner?	en
LOC:city	What city is wiener schnitzel named for	en
ENTY:event	Tell me about the Super Bowl	en
LOC:landmass	How are plateaus formed?	en
ENTY:food	What is venison?	en
ENTY:veh	What was the name of the plane Lindbergh flew solo across the Atlantic	en
ENTY:dismed	What is pneumonia?	en
HUM:title	What is Larry Kings occupation	en
ENTY:body	How do nerve endings respond?	en
LOC:city	Tell me about New York	en
ABBR:exp	CPU is short for what exactly?	en
ENTY:techmeth	What technique is used for CT scanning?	en
NUM:period	What is the duration of a quarter?	en
NUM:perc	What percent of the atmosphere is nitrogen?	en
ABBR:abb	What is the meaning of ATP?	en
ENTY:termeq	What does Final Four refer to in the sports world	en
LOC:city	What is Hong Kong?	en
ENTY:event	What was the September 11 attacks?	en
HUM:title	Who composed La Vie en Rose?	en
ENTY:cremat	Whats the second-biggest-selling magazine in America	en
ENTY:sport	What game is Garry Kasparov really good at	en
ENTY:color	What is metameric match?	en
HUM:gr	Which police department made the largest cocaine seizure ever in Ventura County	en
NUM:date	What date did man first land on the moon	en
LOC:state	What is the capital of Mississippi?	en
ENTY:termeq	What is discourse analysis?	en
NUM:code	What is the binary code for newline?	en
ABBR:abb	What does SSD speed up?	en
DESC:desc	What conveys expansion?	en
ENTY:letter	What is the pronunciation of the letter X?	en
ENTY:techmeth	What eating utensils are used for handicapped kids	en
ENTY:body	How do the diaphragm work?	en
ENTY:product	What is a printer?	en
NUM:date	What is Dick Clarks date of birth	en
ENTY:food	How is pastry made?	en
HUM:desc	How does a professor work?	en
ABBR:exp	What does ABD stand for?	en
LOC:country	What continent is Czech Republic in?	en
NUM:perc	What percentage of the worlds population speaks Mandarin Chinese?	en
LOC:state	What is the state nickname of Mississippi	en
ENTY:product	What is a smartwatch made of?	en
NUM:period	How many hours does an average person work per week?	en
DESC:reason	Why do floods happen?	en
ENTY:letter	What letter denotes a vowel in English?	en
HUM:title	what do you call someone that invents things	en
DESC:reason	Explain why the moon has craters	en
NUM:date	When was World War I?	en
HUM:desc	Who was Damocles	en
HUM:ind	What singers hit song inspired the Dolly Parton Stallone movie Rhinestone	en
ENTY:veh	What is a sailboat used for?	en
HUM:title	Who authored Harry Potter?	en
NUM:period	How long does a typical microwave meal take to cook?	en
ENTY:symbol	what 16 additional signs did the Department of Transportation request in 1979	en
NUM:dist	How far is Tokyo from Dubai?	en
DESC:def	What is ouzo	en
ENTY:techmeth	How does Bayesian inference work?	en
ENTY:event	What is a concert?	en
ENTY:substance	What is sugar used for?	en
ENTY:color	How do primaries mix?	en
NUM:date	When was the microscope invented?	en
ABBR:exp	What does ERI expand to?	en
NUM:code	What is the binary code for tab?	en
ENTY:dismed	What causes cystic fibrosis?	en
ABBR:exp	SSD means what in full form?	en
ENTY:word	What is the longest word in the English language?	en
DESC:desc	What captures visual narrative?	en
DESC:manner	How do researchers investigate?	en
NUM:date	In what year did China and the Republic of Korea establish diplomatic relations	en
NUM:money	What is the price of a gallon of milk?	en
NUM:count	Approximately how many students are enrolled at the University of Massachusetts	en
HUM:desc	What is a editor?	en
DESC:desc	What is the origin of infinity	en
NUM:perc	What percentage of children attend private school?	en
LOC:city	In what city is the famed St. Marks Square	en
HUM:gr	Whom did the Chicago Bulls beat in the 1993 championship	en
NUM:period	What is the age requirement to join the military?	en
ABBR:exp	What does EST expand to?	en
NUM:speed	What is the speed of the fastest internet connection?	en
ENTY:termeq	Is car the same as automobile?	en
NUM:perc	What percentage are minorities?	en
ENTY:animal	What animals do you find in the stock market	en
ENTY:dismed	What is a fear of lice	en
NUM:count	How many consecutive baseball games did Lou Gehrig play	en
NUM:weight	what is the weight of 5 liters of water	en
ENTY:letter	What is the handwriting in grammar?	en
ENTY:other	What did the Yalta Conference lead to	en
NUM:volsize	How big is Australia	en
ENTY:termeq	What is a term equivalent to dwelling?	en
ENTY:veh	What is the tensile strength of automotive steel?	en
NUM:volsize	How big is a tennis court?	en
HUM:desc	What does a sculptor do?	en
ENTY:color	How do tannic colors work?	en
NUM:ord	What is 100?	en
ENTY:food	Where does tomato come from?	en
NUM:code	What is the hexadecimal code for form feed?	en
NUM:dist	How wide is the Atlantic Ocean	en
ENTY:instru	What is a blood pressure cuff used for?	en
ENTY:cremat	Tell me about burial	en
ENTY:color	What is taupe?	en
NUM:ord	Where did your horse come in the race	en
ENTY:veh	How long is a standard gondola cabin on a cable car?	en
ENTY:dismed	What does a man suffering from diphallic terata have	en
ABBR:exp	CEO means what?	en
NUM:volsize	What is the volume of a typical Olympic swimming pool?	en
NUM:speed	What is the speed of a Formula 1 car in a straight line?	en
NUM:date	In what year was De Gaulle elected president of France	en
DESC:desc	How are people described demographically?	en
HUM:gr	What major airline has the best safety record in the world	en
ABBR:abb	What is the meaning of RF?	en
ENTY:word	What does transient mean?	en
NUM:date	When was the first steel mill in the United States built	en
LOC:other	What kind of habitat does the scorpion live in	en
ENTY:food	How are eggs cooked?	en
ABBR:abb	What is the meaning of ORM?	en
NUM:perc	What percentage of the economy is agriculture?	en
NUM:dist	How far is New York from Dubai?	en
ABBR:exp	What does SHIELD stand for	en
LOC:country	What African country was founded by freed American slaves in 1847	en
HUM:desc	Who invented the telephone?	en
ENTY:plant	What plant has medicinal properties for headaches?	en
ENTY:product	What is Nike?	en
NUM:speed	What is the speed of a supersonic Concorde jet?	en
HUM:gr	What company sells the most greeting cards	en
NUM:speed	How fast does a rocket launch?	en
ENTY:termeq	What is the opposite of bright?	en
ENTY:lang	Where is Swedish spoken?	en
ENTY:sport	What is weightlifting?	en
HUM:ind	What suburban housewife and mother of three wrote The Feminine Mystique	en
ENTY:product	How does a game console work?	en
ENTY:product	What is Pokemon?	en
ENTY:instru	What is a compass used for?	en
ENTY:lang	What is Korean known for?	en
HUM:desc	What is a architect?	en
ENTY:symbol	What does the † symbol mean?	en
DESC:desc	What do insects do through their spiracles	en
DESC:def	What do we mean by entropy?	en
ENTY:dismed	What is a fear of everything	en
LOC:country	What country did the Romans call Hibernia	en
LOC:water	Where is the Dead Sea?	en
ENTY:food	Where does lettuce come from?	en
LOC:state	What state does Martha Stewart live in	en
ENTY:color	What color is a flamingo?	en
LOC:landmass	What is Cuba?	en
LOC:state	What is the capital of Arkansas?	en
LOC:city	What country is Los Angeles in?	en
ABBR:abb	What does CPU stand for?	en
DESC:def	What are platelets	en
DESC:desc	How is clarity described lucidly?	en
ENTY:dismed	What causes depression?	en
DESC:manner	How can I stop or slow down aging	en
ENTY:other	What are emblazoned on the Jolly Roger	en
ENTY:food	What was the first Lifesaver flavor	en
ENTY:body	How do lymphocytes develop?	en
NUM:money	How much does insurance cost annually?	en
ENTY:termeq	What do the Japanese call Japan	en
LOC:landmass	How are islands?	en
LOC:city	Where is Cairo?	en
NUM:date	When was the French Revolution?	en
NUM:count	Count the strings on a guitar	en
ENTY:animal	What makes tool use significant?	en
ENTY:symbol	What playing card symbolizes death	en
NUM:period	What is a decade?	en
NUM:ord	How is the number 101 expressed ordinally?	en
ENTY:veh	What ship did Lloyd M. Bucher command	en
NUM:perc	What is the murder rate in Windsor, Ontario	en
ENTY:color	How does RGB model work?	en
NUM:perc	What was Thatchers approval rating after 10 years in power	en
ENTY:color	What color are crickets	en
ENTY:symbol	What does the euro sign represent?	en
NUM:volsize	how big is the Enterprise	en
ENTY:religion	What do Sikhism followers believe?	en
DESC:desc	What is the origin of the term soda jerk	en
ENTY:food	What is tofu?	en
LOC:mount	What are the four largest mountain ranges on the Asian continent	en
ENTY:animal	How big is a lion?	en
LOC:city	Which city has the oldest relationship as a sister�city with Los Angeles	en
ENTY:termeq	What is another term for automobile?	en
NUM:dist	what is the distance between the earth and the moon	en
NUM:code	What is the binary code for line feed?	en
NUM:perc	What percentage of Earths species live in the rainforest?	en
NUM:ord	What is fifth?	en
ENTY:lang	What is Hindi?	en
ENTY:body	Where is the nose?	en
ENTY:color	What color is the eight-ball in pocket billiards	en
NUM:code	How are airline codes structured?	en
LOC:state	Where is Wisconsin?	en
LOC:mount	Where is Himalayas?	en
ENTY:word	How are adverbs used?	en
ENTY:cremat	What book is the follow-up to Future Shock	en
ENTY:dismed	How is Alzheimers disease treated?	en
LOC:city	Tell me about Madrid	en
NUM:code	How are ISBN codes structured?	en
LOC:country	How are nations organized?	en
NUM:dist	how far away is pluto	en
HUM:gr	Whats Japans largest car manufacturer	en
ENTY:veh	What is the width of a standard semi-truck?	en
NUM:code	What is the hexadecimal code for line feed?	en
NUM:speed	How fast can a roadrunner run?	en
DESC:def	What is encoding?	en
ENTY:body	What is the diameter of a human blood cell?	en
NUM:volsize	What is the volume of the Pacific Ocean?	en
ABBR:abb	CIA is an abbreviation for what?	en
NUM:other	What is the wavelength of visible light?	en
ENTY:dismed	What causes hypertension?	en
HUM:gr	What do we call knights?	en
ABBR:exp	pH stands for what exactly?	en
ENTY:termeq	Whats a male witch called	en
ENTY:body	What is the gallbladder?	en
LOC:country	Where is Saudi Arabia?	en
NUM:code	What is Unicode?	en
ENTY:letter	What letter represents carbon on the periodic table?	en
DESC:desc	How is poetry described?	en
ENTY:substance	What alloy do copper and tin form	en
ABBR:exp	Expand the acronym SEC	en
DESC:manner	How can I get a comic character I made copyrighted and published	en
NUM:count	How many oceans are there?	en
ABBR:exp	What do the letters in USB stand for?	en
ENTY:animal	What makes parthenogenesis possible?	en
DESC:reason	Why do credits build?	en
ENTY:animal	How do producers create energy?	en
DESC:desc	What is the difference between a board of directors and an advisory board	en
ENTY:cremat	What literary classic centers on the search for a treasure in gold worth 7, 0 pounds	en
NUM:other	What is the number of continents?	en
ENTY:dismed	What causes autism?	en
ENTY:techmeth	What are the various ways in which one can measure IT User Satisfaction Level	en
LOC:country	What is an international border?	en
ENTY:veh	How many cylinders does a Dodge Hellcat engine have?	en
NUM:count	How many people in Tucson	en
ENTY:event	What are some science fair projects for 8th graders	en
ABBR:exp	HDD is short for what exactly?	en
NUM:other	How much does the moon weigh?	en
DESC:desc	What is a black hole like?	en
ENTY:plant	What is a birch?	en
ENTY:veh	What is a combine harvester?	en
ENTY:letter	What letter denotes the nominative case?	en
NUM:count	How many languages are there?	en
NUM:other	How many people use Google every day?	en
NUM:money	What is a funeral cost?	en
ENTY:veh	What is a pickup truck?	en
ENTY:body	How many muscles are in the human face?	en
ENTY:color	How do plants use color?	en
ABBR:exp	What does GNQ represent?	en
LOC:landmass	Which continent is Antarctica?	en
ENTY:animal	What kind of creature is a coot	en
ENTY:other	What kind of education would you need to become an athletic trainer for the NFL	en
ENTY:letter	How many letters does the Faroese alphabet have?	en
DESC:desc	Tell me about the Grand Canyon	en
ENTY:dismed	What is a fear of touching	en
NUM:period	How long does it take for a wound to fully heal?	en
NUM:perc	What percentage is oxygen?	en
NUM:temp	What is the temperature of lava?	en
LOC:country	Which country is the largest country in Latin America	en
LOC:other	Where is Procter & Gamble headquartered in the U.S.	en
LOC:country	What country has been called The Queen of the Antilles	en
LOC:state	How are tribes organized?	en
ENTY:event	What is the Oscars?	en
ENTY:sport	How is rugby played?	en
ENTY:plant	Which plant is used in medicine?	en
HUM:gr	Who are the employers?	en
ENTY:body	What is the muscle?	en
ENTY:veh	Which airplane did Fawaz Younis hijack	en
ABBR:abb	What is the abbreviation for United Nations?	en
ENTY:color	What is brand color psychology?	en
ENTY:food	How are herbs used?	en
NUM:speed	What is a tsunami speed?	en
DESC:desc	Describe a supernova	en
ENTY:letter	What is the alphabet in grammar?	en
ABBR:abb	SSD abbreviates what?	en
ENTY:product	What is Xbox?	en
LOC:mount	What is the height of Mount Denali?	en
ENTY:cremat	What 1956 Grace Metalious novel was on the best-seller list for two years	en
DESC:reason	Why is the sky is blue?	en
LOC:city	What city is found in the city of OZ	en
HUM:ind	Who killed Martin Luther King	en
HUM:ind	Who won two gold medals in skiing in the Olympic Games in Calgary	en
HUM:gr	What do we call politicians?	en
ENTY:word	What is the correct plural of the word mouse?	en
DESC:manner	How can anyone tell if a female had sexual intercourse	en
NUM:money	What is the monetary value?	en
ENTY:event	What happened during the fall of the Berlin Wall?	en
ENTY:plant	What plant is used to make biofuel?	en
NUM:period	How many hours of vacation do most employees get?	en
ENTY:symbol	What does the dollar sign represent?	en
LOC:city	What is the most populated city in the world	en
NUM:other	What is the depth of the Mariana Trench?	en
ENTY:food	How is bread baked?	en
HUM:gr	What university was Woodrow Wilson President of	en
NUM:count	How many hours of work does it take a typist to complete a 100-page screenplay	en
NUM:other	What is the number of planets in our solar system?	en
DESC:def	How do metaphors conceptualize?	en
NUM:period	How many hours of training do military recruits undergo?	en
HUM:gr	Who are the freelancers?	en
LOC:landmass	How are islands formed?	en
ENTY:color	What color were Ernest Hemingways eyes	en
NUM:dist	How far is Tokyo from Sydney?	en
NUM:count	How many regions does France have?	en
DESC:reason	Explain why eclipses happen	en
ENTY:body	Where is the rib?	en
ABBR:exp	What does AND stand for?	en
HUM:gr	What company is being bought by Yahoo and how much is the deal worth	en
LOC:country	What country is famous for Persian rugs	en
LOC:city	Where is Amsterdam?	en
ENTY:letter	What letter comes after Z?	en
ENTY:termeq	What is the name of the female counterpart to El Nino, which results in cooling temperatures and very dry weather	en
ABBR:abb	Define the abbreviation ROM	en
NUM:ord	Who came in fifteenth place?	en
ABBR:abb	What is meant by FTP?	en
ENTY:body	How many taste receptors does the tongue have?	en
ENTY:instru	How many strings does a typical harp have?	en
NUM:dist	How tall is Prince Charles	en
DESC:def	What are spider veins	en
LOC:water	What ocean was Amelia Earhart flying over when she disappeared	en
DESC:manner	In what manner do interpreters mediate?	en
ENTY:symbol	what symbol is used to represent the american dollar	en
NUM:period	What is the life expectancy of an elephant	en
ENTY:lang	What is Thai?	en
ENTY:religion	What religion do Alavis practice?	en
ENTY:animal	How big is a emu?	en
ENTY:cremat	What remains after cremation?	en
LOC:state	What are all the southern states of the U.S.	en
ABBR:exp	What does KAZ stand for?	en
LOC:state	What is a zone?	en
DESC:def	What are enzymes	en
NUM:date	What year was the Renaissance?	en
DESC:reason	Why do genes express?	en
NUM:count	What is the area in sq km of Russia?	en
ENTY:color	How are colors used?	en
ENTY:cremat	What 1915 film was the first to gross $5 million	en
ENTY:currency	Which country uses the dong?	en
ENTY:instru	What device measures depth?	en
HUM:gr	What is a alumni?	en
ENTY:letter	How many letters does the Turkish alphabet have?	en
NUM:count	How many bytes are in a terabyte	en
HUM:desc	How does an ethnographer conduct research?	en
DESC:manner	How do critics evaluate?	en
NUM:money	What is the fine for having a dog on a beach	en
ENTY:instru	What instrument measures torque?	en
NUM:other	What is the size of a human cell?	en
NUM:money	What is the per-capita income of Colombia, South America	en
ENTY:food	How is octopus?	en
ENTY:food	What is hot dog made from?	en
DESC:manner	How do painters brush?	en
DESC:def	What does verdandi mean	en
NUM:money	How much will gas be taxed in California by the year 2000	en
ENTY:plant	What kind of tree graces Lebanons flag	en
ENTY:word	What is a preposition?	en
HUM:title	What is a Consultant?	en
ENTY:termeq	What do we call automobile in other words?	en
ABBR:exp	What does FSM expand to?	en
ABBR:abb	In computing, SSH refers to what?	en
ENTY:termeq	What is a term equivalent to fast?	en
ENTY:termeq	Is teenager the same as adolescent?	en
ENTY:religion	What is Buddhism based on?	en
ENTY:other	What do opposite faces of a die always add up to	en
ENTY:techmeth	How does edge computing work?	en
NUM:temp	What is the average temperature in the Sahara?	en
HUM:gr	What are the residents of the island of Lesbos called	en
DESC:def	What is fossilization?	en
LOC:water	Where is the Pacific Ocean?	en
ENTY:color	How is cobalt created?	en
NUM:perc	How much is ice?	en
DESC:desc	What is the Colosseum like?	en
ENTY:veh	What is a all-terrain vehicle used for?	en
ENTY:plant	Where do lichens grow?	en
ENTY:termeq	What is the name of the Jewish alphabet	en
LOC:city	What city or state do the most gay men live in	en
DESC:def	What is semolina	en
ENTY:body	How many blood cells exist?	en
NUM:other	What is the chemical reactivity of neon	en
LOC:city	How are municipalities?	en
NUM:perc	What percentage of the brain is used?	en
LOC:other	What is the web address at which I can find the e-mail address of a member of the US House of Representatives	en
ENTY:instru	What musical instrument did Prewitt play in James Joness From Here to Eternity	en
NUM:period	How long does it take the Milky Way Galaxy to make one revolution	en
LOC:state	What is the capital of South Dakota?	en
LOC:landmass	What is Ireland?	en
ENTY:plant	Where do broccolis grow?	en
ENTY:dismed	What causes AIDS?	en
DESC:reason	What makes you fat	en
LOC:state	What is the capital of Maryland?	en
LOC:city	What is a metropolis?	en
ENTY:word	What is another term for speak?	en
DESC:manner	In what manner do psychotherapists listen?	en
ENTY:word	What is a heteronym?	en
NUM:count	What is the number of keys on a piano?	en
ABBR:abb	What is the meaning of Hz?	en
DESC:manner	What is the way to tie a knot?	en
ABBR:abb	dB is an abbreviation for what?	en
ENTY:color	What is monochromatic design?	en
ENTY:dismed	What therapy attempts to elicit the primal scream	en
HUM:gr	What toy company is the worlds No.1 maker of female apparel	en
NUM:count	How many horses died during the civil war	en
ENTY:color	What is violet?	en
NUM:perc	What percentage of the worlds population uses the internet?	en
LOC:city	What country is Dubai in?	en
LOC:city	What country is Istanbul in?	en
NUM:weight	What is the weight of a strand of human hair?	en
LOC:state	What U.S. state lived under six flags	en
ENTY:body	What is inflammation?	en
DESC:reason	What causes tumors?	en
ENTY:body	What is the function of the sinus?	en
ENTY:symbol	What does the pound sign represent?	en
NUM:money	What is a wedding cost?	en
LOC:mount	What is Aconcagua?	en
ABBR:exp	Write out HDMI in full	en
LOC:state	What U.S. states motto is Live free or Die	en
ENTY:other	What does a heliologist study	en
ENTY:event	What was organized as a Confederate veterans social club in Pulaski, in Tennessee, in 1866	en
ENTY:body	How does the hypodermis store?	en
ENTY:word	How many syllables does average have?	en
LOC:country	What two countries is Andorra nestled between	en
LOC:mount	Where is Ben Nevis?	en
LOC:country	What European country abandoned postage stamps in 1923 because printing them cost more than their face value	en
NUM:dist	What are the dimensions of an ice hockey goal	en
HUM:gr	What defines a department?	en
ENTY:product	What is a comb?	en
LOC:mount	What is Blanc?	en
HUM:title	Who composed The Four Seasons?	en
NUM:period	What is the standard duration of a job interview?	en
NUM:code	What is barcode?	en
ENTY:dismed	What is chickenpox?	en
ABBR:exp	What does HRV represent?	en
ABBR:exp	Spell out the acronym HDD	en
ENTY:food	Where does soda come from?	en
ABBR:exp	VPN means what in full form?	en
NUM:other	What is the size of the student body at the University of Massachusetts in Amherst	en
NUM:count	What is the number of species?	en
DESC:manner	How do people greet?	en
DESC:reason	Why do bones strengthen?	en
ENTY:body	How many ligaments connect bones in the knee?	en
ENTY:techmeth	What invention does the principle of conservation of energy make impossible	en
DESC:def	What is dry ice	en
ENTY:instru	What is a axe used for?	en
NUM:volsize	How large is the Black Sea?	en
ENTY:instru	What is a protractor used for?	en
DESC:desc	How is space described spatially?	en
DESC:manner	In what way do lawyers argue?	en
NUM:temp	What is room temperature?	en
DESC:def	How does pun function?	en
ENTY:veh	How long is a typical railroad passenger car?	en
NUM:temp	What is absolute zero?	en
ENTY:food	What soft drink held a national flavor poll in 1967	en
HUM:desc	Describe a typical judge	en
ENTY:veh	What is a fighter jet used for?	en
HUM:ind	Who did Arthur H. Bremer try to assassinate on May 15, 1972	en
HUM:ind	What did Leonardo da Vinci do?	en
DESC:reason	Why do dreams occur?	en
ENTY:letter	What letter is vowel?	en
DESC:manner	In what manner do rheumatologists treat?	en
DESC:manner	In what manner do mentors guide?	en
ENTY:techmeth	How does stem cells work?	en
ENTY:religion	Ever wondered what religion you are	en
ENTY:currency	What is the yen?	en
NUM:volsize	What is the volume of a human fist?	en
ENTY:color	How is ebony created?	en
DESC:desc	How is economics described fiscally?	en
HUM:title	What is a Baron?	en
ENTY:word	What is a clause?	en
LOC:city	What is the city in which Maurizio Pellegrin lives called	en
ENTY:other	What kind of puzzle first appeared in the U.S. in the New York World on December 21, 1913	en
ENTY:word	What is the plural of the word octopus?	en
DESC:desc	What conveys complication?	en
LOC:water	What is the deepest lake in the US	en
HUM:ind	What feminist wrote Sexual Politics and Flying	en
NUM:ord	What is the twelfth planet?	en
NUM:dist	How far is London from Barcelona?	en
ENTY:word	How many syllables does the word worcestershire have?	en
ENTY:word	What is the plural of analysis?	en
ENTY:symbol	What does the swastika represent?	en
NUM:count	What is the area in sq km of Peru?	en
ENTY:animal	What makes biodiversity important?	en
DESC:desc	What captures difference vividly?	en
DESC:reason	What causes confusion?	en
NUM:money	What amount of money did the Philippine ex-dictator Marcos steal from the treasury	en
ENTY:animal	What makes hearing sensitive?	en
ENTY:plant	How are shrubs different from trees?	en
NUM:money	What is the price of oil per barrel?	en
ENTY:body	What are sweat glands?	en
NUM:count	What is the number of regions of Colombia?	en
HUM:gr	Who are the nomadic hunting and gathering tribe of the Kalahari Desert in Africa	en
ENTY:symbol	what are the most common Navigational symbols	en
LOC:city	Where is Sydney?	en
LOC:city	What Australian city became the home of the Americas Cup	en
ABBR:exp	RAM is short for what exactly?	en
ENTY:instru	What is a Bass?	en
LOC:city	What South Korean city is served by Kimpo International Airport	en
HUM:ind	Who invented Astroturf	en
ENTY:animal	What dog was dubbed The Mortgage Lifter	en
HUM:ind	How are entrepreneurs?	en
DESC:manner	How do you get rid on woodpeckers	en
LOC:landmass	List 3 archipelagos along the coast of the Americas	en
ENTY:event	What happened during the Vietnam War?	en
HUM:title	What occupation has the highest divorce rate	en
DESC:desc	What conveys awe?	en
ENTY:body	How do hair grow?	en
LOC:country	Tell me about Australia	en
ENTY:food	What is kefir?	en
NUM:ord	What is the chronological position of Barack Obama among Presidents of the United States	en
LOC:country	What countrys capital is Tirana	en
NUM:date	What month, date, and year did Charles I die	en
DESC:desc	How is science described clinically?	en
HUM:gr	What do we call agnostics?	en
NUM:temp	What temperature does chocolate melt?	en
LOC:landmass	What countries are in Iceland?	en
DESC:desc	What was the infamous feat of Germanys U-2 submarine	en
NUM:weight	How much does a pencil weigh?	en
ENTY:word	What is the correct past tense of go?	en
NUM:dist	What is the distance to the nearest star?	en
ABBR:abb	What is the meaning of pH?	en
DESC:reason	Why is the word abbreviation so long	en
ENTY:letter	How many consonants does the English alphabet have?	en
LOC:country	Where is Argentina?	en
ENTY:letter	What is the shape of the letter U?	en
LOC:country	Tell me about New Zealand	en
DESC:def	What is sarcasm?	en
ABBR:exp	What does STP stand for?	en
ENTY:animal	Whats the official animal of Canada	en
ENTY:food	What are cookies?	en
ENTY:food	How are turkeys?	en
NUM:code	What is the Unicode code for digit 5?	en
NUM:speed	What is the speed of a race car?	en
DESC:def	What is elision?	en
ABBR:abb	What does ML stand for?	en
NUM:money	How much does an iPhone cost?	en
ENTY:food	How is goat?	en
LOC:mount	What country has Ben Nevis?	en
LOC:country	What are the five richest countries in the world	en
DESC:manner	How can I get someones phone number if I only have their screen name	en
HUM:title	What is a Princess?	en
HUM:title	Who wrote Crime and Punishment?	en
ENTY:veh	What is a snowmobile used for?	en
ABBR:exp	What does PYF expand to?	en
ENTY:veh	What is a crossover?	en
NUM:period	What is the typical duration of a book club meeting?	en
ENTY:cremat	What Russian novel embracing more the 5 characters is set in the Napoleonic Wars	en
ENTY:food	What are squashes?	en
NUM:money	How much did Alaska cost when bought from Russia	en
ENTY:religion	How do indigenous peoples practice spirituality?	en
ENTY:currency	How are reserve currencies?	en
ENTY:veh	How long does it take to replace a semi-truck tire?	en
NUM:other	How far is Mars from Earth?	en
DESC:manner	How does a submarine operate	en
ENTY:plant	Which plant produces the most oxygen?	en
NUM:perc	What percentage of DNA is junk?	en
ENTY:food	What is yogurt?	en
NUM:other	What is the chemical reactivity of argon	en
NUM:count	How many keys on a piano are there?	en
NUM:money	What is the price for tuberculosis drugs	en
DESC:def	What is the definition of analogy?	en
HUM:desc	What is a geologist?	en
HUM:ind	What American poet wrote Good fences make good neighbors	en
ENTY:termeq	What is semantics?	en
DESC:reason	Why do societies evolve?	en
LOC:water	How long is the Nile River?	en
ABBR:exp	Expand the acronym UNESCO	en
NUM:volsize	how many cubic centimeters in an average wine bottle	en
ENTY:food	How is wine fermented?	en
NUM:other	How many countries are there?	en
ENTY:dismed	Which infectious disease kills the most people worldwide	en
LOC:city	Tell me about Chicago	en
ENTY:event	What happened during the World Cup?	en
ENTY:plant	What does a lettuce look like?	en
ENTY:body	How do sensory nerves transmit?	en
HUM:gr	What is the best college in the country	en
ENTY:food	How is risotto cooked?	en
DESC:desc	What is the Grand Canyon like?	en
ABBR:abb	What is the abbreviated form of the National Bureau of Investigation	en
NUM:period	How long does a pregnancy last?	en
ENTY:termeq	What is an antonym for difficult?	en
DESC:desc	How is simplicity described elementally?	en
ENTY:body	What is the largest part of the human brain is called	en
ENTY:color	How are colorants manufactured?	en
ENTY:substance	Whats the worlds most common compound	en
NUM:date	What year were the Olympic Games played in where Nadia Comaneci became popular	en
LOC:city	Where is Hong Kong?	en
DESC:manner	How do you ask questions	en
DESC:reason	What causes assimilation?	en
NUM:perc	What percentage of Earths fresh water is in Antarctica?	en
ENTY:body	What does the prostate do?	en
LOC:water	What is the largest lake?	en
DESC:reason	Why do ecosystems balance?	en
NUM:date	What year was the setting for American Graffiti	en
LOC:state	What state is the geographic center of the lower 48 states	en
NUM:weight	How much does an elephant weigh?	en
ENTY:symbol	What is the sun symbol?	en
DESC:def	What is an adjective?	en
ENTY:religion	What is Protestantism based on?	en
NUM:code	What is the hexadecimal code for digit 5?	en
DESC:manner	In what way do hairstylists style?	en
ENTY:cremat	What was the sequel to The Pink Panther	en
ENTY:techmeth	Name a technique widely used to detect birth defects	en
NUM:volsize	What is the size of a house?	en
ENTY:food	What do chefs call The Master Spice	en
ENTY:veh	What is a grader?	en
ENTY:instru	What is the purpose of a spectrometer?	en
LOC:landmass	How are basins formed?	en
ENTY:cremat	What is the purpose of mausoleum?	en
ENTY:animal	What species was Winnie the Pooh	en
ENTY:dismed	How is pneumonia treated?	en
HUM:title	Who holds the title of Dean?	en
ENTY:instru	What is the purpose of a hygrometer?	en
ENTY:symbol	How is the ¶ symbol used?	en
ABBR:abb	Define the abbreviation GPU	en
DESC:manner	In what way do builders construct?	en
NUM:perc	What percentage of babies are born via cesarean section?	en
DESC:def	How do independent clauses connect?	en
NUM:count	How many times was pitcher, Warren Spahn, a 20-game winner in his 21 major league seasons	en
ENTY:product	What is the Bentley?	en
LOC:other	Where was Poe born	en
LOC:water	What connects to the Amazon River?	en
HUM:desc	Describe a typical lecturer	en
LOC:state	What is Texas known for?	en
HUM:gr	Who are cartoondoms Super Six	en
ENTY:cremat	What is Dr. Seuss most popular book	en
LOC:city	What French seaport claims to be The Home of Wines	en
NUM:period	What is the typical duration of a feature film?	en
ENTY:letter	What is the pronunciation of the letter F in English?	en
DESC:reason	What causes savannas?	en
HUM:title	What is a Supervisor?	en
ABBR:exp	What do the letters in LED stand for?	en
LOC:state	What is the largest city in New Hampshire?	en
NUM:date	When is Earth Day?	en
LOC:country	What European countrys monarchy was restored in 1975	en
ENTY:veh	What ocean liner burned and sank in Hong Kong harbor	en
ENTY:dismed	How is mumps treated?	en
ENTY:body	How do glomeruli filter?	en
ENTY:animal	What kind of animals were in the Paleozoic era	en
ENTY:instru	What instrument measures altitude?	en
LOC:mount	Which mountain is the highest in Australia?	en
ABBR:exp	What does BWA stand for?	en
NUM:perc	What percentage of Earths atmosphere has greenhouse gases?	en
NUM:other	What is the worlds population	en
ENTY:food	What is orange made from?	en
ENTY:body	What does the liver do?	en
HUM:title	What is the role of a Representative?	en
HUM:title	Who composed Fur Elise?	en
HUM:gr	What do we call freelancers?	en
DESC:def	How do semantic relations work?	en
NUM:money	What was the first minimum wage	en
ENTY:termeq	The Jewish alphabet is known as what	en
LOC:water	Where is the Amazon River?	en
ENTY:other	What is a historical interpretation?	en
LOC:water	Where is the Lake Baikal?	en
NUM:ord	What is the tenth planet?	en
DESC:reason	What causes unemployment?	en
NUM:date	On what day is Valentines Day?	en
HUM:title	What is a Duchess?	en
ABBR:exp	What does CAN represent?	en
NUM:code	What is the ASCII code for vertical tab?	en
LOC:country	What was the first country to put a second woman in space	en
DESC:reason	Explain why the sky is blue	en
ABBR:abb	What does OPEC stand for?	en
NUM:weight	How much does a smartphone weigh?	en
ENTY:religion	Which religion follows the Torah?	en
ENTY:techmeth	Whats an easy way to count the approximate number of fish in a lake	en
ENTY:food	What do bats eat	en
HUM:desc	What is a sculptor?	en
ENTY:event	How are concerts organized?	en
DESC:def	What is the definition of metaphor?	en
ENTY:veh	What is the fuel efficiency of a hybrid Toyota Prius?	en
ENTY:sport	What is baseball?	en
ENTY:dismed	What is a fear of shadows	en
LOC:country	Where is Brazil?	en
NUM:count	What is the estimated total U.S. whitetail deer population	en
DESC:manner	Describe how to take a photograph	en
HUM:gr	What is a millennials?	en
ABBR:exp	What do the letters in URL stand for?	en
DESC:manner	How do supervisors monitor?	en
ENTY:cremat	What Leon Uris novel dealt with the Russian capture of Berlin	en
ENTY:body	What is the skull?	en
HUM:title	What is the rank or title Z?	en
NUM:dist	How tall is the Gateway Arch in St. Louis, MO	en
LOC:city	What Kentucky city calls itself The Horse Center of America	en
NUM:other	What is the all-time stock high of Apple Computer, and where can I find this information	en
NUM:period	How many days is the average hospital stay?	en
ABBR:abb	What is the acronym for Tensor Processing Unit?	en
NUM:temp	What temperature is considered hypothermic?	en
LOC:country	What is a union?	en
ENTY:body	What is the large intestine?	en
NUM:count	How many people died when the Estonia sank in 1994	en
DESC:manner	How do microwaves work	en
ENTY:other	What did the crocodile swallow in Peter Pan	en
ENTY:lang	How many people speak Thai?	en
HUM:desc	Who is Shirley MacLaine	en
DESC:def	How does coalescence function?	en
ENTY:religion	What Caribbean cult did Marcus Garvey originate	en
ENTY:plant	What is a lichen?	en
NUM:perc	What percentage of the worlds population lives in developed countries?	en
HUM:gr	The major league baseball team in Pittsburgh is called what	en
ENTY:body	How does the penis function?	en
ENTY:veh	How many windows does a limousine have?	en
ABBR:exp	Expand the acronym JSON	en
ABBR:exp	What does CIA expand to?	en
ENTY:instru	What is the purpose of a transit level?	en
ENTY:color	What color is a grape?	en
HUM:ind	How does a musician contribute?	en
NUM:count	What is the population of Australia?	en
NUM:count	What is the number of regions of Spain?	en
NUM:code	What is the HTML code for tab?	en
ABBR:exp	What does XIR expand to?	en
ENTY:cremat	How are living wills created?	en
ENTY:veh	What is a stroller?	en
ENTY:termeq	What is another word for couch starting with s?	en
LOC:state	What is a canton?	en
DESC:reason	What causes hangnails?	en
ENTY:instru	What is a drum?	en
DESC:manner	In what way do guards patrol?	en
ENTY:color	How do analogous colors relate?	en
DESC:def	What does caliente mean, in English	en
DESC:def	What is an arab strap	en
NUM:temp	What is the coldest temperature ever recorded on Earth?	en
ENTY:color	How is tan formed?	en
NUM:dist	What is the distance to Mars?	en
ABBR:abb	Explain the acronym WiFi	en
ENTY:word	How many letters does the word hippopotomonstrosesquippedaliophobia have?	en
ENTY:instru	What is the magnification of a jewelers loupe?	en
LOC:mount	Where is Mount Whitney?	en
ABBR:exp	What do the letters in DNS stand for?	en
ENTY:body	How does cartilage?	en
ENTY:instru	What is the function of a galvanometer?	en
NUM:dist	How far is Sydney and Auckland?	en
NUM:money	What can you be fined for having a dog on a beach	en
NUM:weight	What is the approximate weight of a teaspoon of matter in a black hole	en
ENTY:veh	How many degrees can a front wheel of a car turn?	en
ENTY:religion	What is Swedenborgianism?	en
NUM:date	On what day is Independence Day?	en
ENTY:animal	What is the smallest bird in Britain	en
NUM:perc	What percent of the atmosphere is oxygen?	en
ENTY:color	What color is white?	en
ENTY:veh	Whats the name of Jacques Cousteaus research ship	en
ENTY:event	What incident of 1933 did the German Nazis use to justify emergency decrees, imprisoning opponents and vesting more power in themselves	en
NUM:count	How many colours are there?	en
NUM:perc	What percentage of people unemployed?	en
NUM:ord	where are you in the leaderboard	en
LOC:mount	How high is Mount Everest?	en
ABBR:exp	What does BLG stand for?	en
ENTY:currency	Which country uses the yen?	en
ENTY:event	What is a fair?	en
LOC:water	Where is the North Sea?	en
NUM:perc	What percentage of the body weight is water?	en
ENTY:other	How are historical sites excavated?	en
LOC:water	What river does the Grand Coulee Dam dam	en
ENTY:food	What do you get by mixing gin and vermouth	en
LOC:state	What state produces the best lobster to eat	en
LOC:city	What North American city would you visit to see Cleopatras Needle	en
ENTY:instru	How many valves does a French horn have?	en
HUM:gr	What party was Winston Churchill a member of	en
ENTY:body	What is the function of the bone?	en
NUM:speed	How fast does the Earth rotate on its axis at the equator?	en
DESC:def	What is divergence?	en
ENTY:termeq	Is unhappy the same as sad?	en
NUM:speed	What is the speed of light in a medium?	en
ENTY:product	What is a scanner?	en
ABBR:exp	What does LBR expand to?	en
ENTY:animal	How do animals remember?	en
LOC:other	Where can I learn about Samuel Gompers	en
ENTY:product	What is the Porsche 911?	en
HUM:gr	What college did Dikembe Mutombo play basketball for	en
HUM:title	What is the occupation of Nicholas Cage	en
NUM:temp	What temperature does dry ice sublimate?	en
ENTY:color	What is a common teal item?	en
LOC:country	What country are Godiva chocolates from	en
LOC:city	Tell me about Barcelona	en
NUM:period	How many months of the year have 30 days?	en
ABBR:abb	What does UEFI replace?	en
DESC:def	How would you define quantum?	en
ENTY:animal	What makes thanatosis useful?	en
DESC:desc	What is the origin of the word nevermind	en
DESC:reason	Why do rainforests thrive?	en
DESC:reason	What is the purpose of a car bra	en
DESC:desc	What conveys inscrutability?	en
ENTY:plant	Which plant produces the most seeds?	en
ENTY:termeq	What is a term equivalent to sick?	en
ENTY:food	Madonna hocks which soft drink	en
LOC:country	What continent is France in?	en
NUM:volsize	The surface area of a cube is 1734 sq. cm. Find its volume	en
ABBR:abb	What is the abbreviation for Global Navigation Satellite System?	en
LOC:country	What continent is Iran in?	en
ENTY:other	What constitutes an adult	en
ENTY:instru	What is a Electric Guitar?	en
ABBR:exp	What does CPV represent?	en
ENTY:animal	What makes architecture adaptive?	en
ENTY:currency	Which country uses the krona?	en
ABBR:abb	What does radar stand for?	en
NUM:temp	What is the temperature on Mercury?	en
ENTY:color	What three colors are on the French flag	en
NUM:period	How long does it take to learn a new language?	en
HUM:ind	What did Carl Sagan do?	en
NUM:count	What is the population of the largest Chilean city	en
ENTY:religion	What is Syncretism in religion?	en
ABBR:abb	What is the acronym for Solid State Drive?	en
ABBR:abb	What is the acronym for Unified Extensible Firmware Interface?	en
LOC:country	Jackson Pollock is of what nationality	en
ENTY:techmeth	What is deep learning?	en
NUM:dist	How far is it from Denver to Aspen	en
ENTY:lang	How many speakers does Mandarin have?	en
ENTY:instru	What instrument measures ocean current speed?	en
DESC:manner	How do I tie dye clothes	en
LOC:country	What nationality was Jackson Pollock	en
HUM:title	What is the role of a Vice President?	en
ENTY:veh	What is a wheelbarrow?	en
ENTY:body	Where is the muscle?	en
LOC:mount	What is Cook?	en
ABBR:abb	What is the acronym for Bluetooth?	en
LOC:country	What country was Brian Boru an 11th-century king of	en
DESC:reason	What was the reason for the partition of the Anglican and Vatican churches	en
ENTY:substance	What are the properties of salt?	en
DESC:desc	What is the cultural origin of the ceremony of potlatch	en
HUM:ind	What did Napoleon Bonaparte do?	en
NUM:count	What is the number of muscles in the body?	en
DESC:reason	What causes epidemics?	en
ENTY:animal	How do animals affect humans?	en
ENTY:color	What is Rayleigh scattering?	en
ENTY:religion	How is Jainism practiced?	en
NUM:temp	At what temperature does lead melt?	en
HUM:desc	Describe a typical editor	en
LOC:water	What is the Indian Ocean?	en
ENTY:lang	What is Chinese?	en
NUM:code	What is the binary code for bell?	en
NUM:dist	How far is New York and Los Angeles?	en
HUM:ind	Who was Charles Darwin?	en
ENTY:instru	What is a hammer?	en
ENTY:letter	What is the shape of the letter N?	en
ENTY:other	In AD 999, what sort of celebrations, fears, were there	en
ENTY:lang	Where is Japanese spoken?	en
DESC:def	What is noise in communication?	en
DESC:desc	What conveys force?	en
NUM:volsize	How large is the Sahara?	en
ABBR:exp	CRUD stands for what exactly?	en
ENTY:animal	What is a turtle?	en
ENTY:termeq	Is little the same as small?	en
NUM:code	What does error code 500 mean?	en
NUM:weight	What does a teaspoon of matter weigh in a black hole	en
ENTY:plant	What does a rye look like?	en
LOC:mount	How tall is Mount McKinley?	en
NUM:count	What is the number of regions of Russia?	en
DESC:manner	How did Jayne Mansfield die	en
ENTY:food	What is honey?	en
DESC:manner	How does the chain of command work inside an US army Apache helicopter	en
DESC:def	What does the Greek word polis mean, as in Minneapolis	en
DESC:desc	What can I do to get into an Ivy League school	en
ENTY:currency	Which country uses the ruble?	en
ENTY:cremat	What is a columbarium?	en
ENTY:cremat	What Irwin Allen bomb has Richard Widmark saying he ll be the first officer in history to get his butt kicked by a mess of bugs !	en
ENTY:techmeth	What does the method called cold fusion create	en
ENTY:religion	What religion do Baptists follow?	en
LOC:water	What is the deepest lake?	en
ENTY:symbol	What does the ^ symbol mean?	en
LOC:country	What nationality is Gorbachev	en
NUM:period	How long is a baseball season?	en
NUM:ord	What grade are you in	en
ENTY:food	What is cultured butter?	en
DESC:desc	Can you describe Big Ben?	en
ENTY:color	How is copper formed?	en
ENTY:techmeth	How does quantum computing work?	en
NUM:money	How much was the minimum wage in 1991	en
HUM:gr	Who are the millennials?	en
DESC:desc	What captures disorder imagery?	en
ENTY:termeq	What do you call the feeling of having experienced something before	en
ENTY:veh	What is the official state car of the Emperor of Japan	en
ENTY:instru	What is a knife?	en
LOC:state	What is the capital of Oregon?	en
HUM:title	How does an ambassador function?	en
DESC:def	How does reanalysis function?	en
ENTY:word	What is the correct spelling of the word accommodate?	en
DESC:manner	How do I stop background noise in a car stereo	en
HUM:ind	What actor and actress have made the most movies	en
ENTY:body	How do cytokines regulate?	en
ENTY:animal	What is a giraffe?	en
ENTY:word	Whats the Hungarian word for pepper	en
ENTY:lang	Where is German spoken?	en
ENTY:other	What was the name of the 1899 policy forced on China by which all nations had equal trading rights	en
ENTY:termeq	Is luminous the same as bright?	en
LOC:water	How salty is the Caspian Sea?	en
HUM:gr	Who are the representatives?	en
HUM:desc	Describe a typical counselor	en
ENTY:food	What is einkorn?	en
NUM:volsize	How big is Jupiter compared to Earth?	en
ENTY:word	How many letters does the word dichlorodifluoromethane have?	en
ENTY:veh	What is the wind resistance coefficient of aerodynamic cars?	en
HUM:ind	Who else was considered for the role of Luke Skywalker when George Lucas was casting for Star Wars	en
ENTY:food	What is squid?	en
ENTY:instru	What is the purpose of a pendulum?	en
NUM:perc	What percentage of the atmosphere is oxygen?	en
HUM:title	How are governors?	en
NUM:money	What is the cost of a car?	en
ENTY:color	How do colors advertise?	en
ENTY:plant	Which plant is used to make rubber?	en
ENTY:word	What is the longest word in the English language	en
LOC:mount	Where is Mount Puncak?	en
ENTY:lang	How many people speak Hungarian?	en
HUM:title	What title did Suzette Charles assume for two months in 1984	en
NUM:dist	How far is Tokyo from London?	en
NUM:count	How many bends are there in a standard paper clip	en
ENTY:veh	What was the first Japanese car to be produced in the United States	en
NUM:other	What is the number of bird species?	en
DESC:manner	How do potters wheel?	en
ENTY:animal	How do animals memorize routes?	en
ENTY:body	What are nephrons?	en
ENTY:product	What brand of jeans did Calvin Klein admit in a 1984 interview he felt more comfortable wearing	en
HUM:ind	What U.S. vice-president once declared If you ve seen one slum, you ve seen them all	en
LOC:state	What is the fastest growing state in the U.S.A. in 1998	en
ENTY:animal	What is a falcon?	en
ENTY:veh	What is the cabin pressure differential in a commercial aircraft?	en
ENTY:letter	How many consonants are in English?	en
DESC:def	How would you define paradox?	en
ENTY:substance	What are the properties of concrete?	en
ENTY:product	What product does Mrs. Olsen promote	en
ENTY:religion	What is Episcopalianism?	en
DESC:manner	How do hunters track?	en
NUM:count	What is the number of states of USA?	en
DESC:def	What is die-casting	en
NUM:count	What is the population of Peru?	en
ENTY:other	How are cultures studied?	en
NUM:count	How many people in America snore	en
ENTY:techmeth	What is 3D printing?	en
HUM:gr	Name the fast food chain with the golden arches	en
DESC:reason	Why do migrations happen?	en
ABBR:abb	What is the meaning of REST?	en
NUM:weight	How much does a blue whale weigh?	en
ENTY:symbol	What does the ( ) symbol mean?	en
NUM:ord	What is your filial order of birth, to your parents	en
ENTY:cremat	What is a funeral practice?	en
DESC:reason	From what cause does tuberculosis stem	en
LOC:city	Where is Moscow?	en
ENTY:substance	What is oil used for?	en
ENTY:symbol	What is the chemical symbol for chlorine?	en
NUM:perc	What percentage of all world tornados touch down in the US	en
ENTY:religion	What religion do Theosophists follow?	en
NUM:temp	What is the temperature in space?	en
LOC:city	What was the largest city in the world to declare martial law in 1989	en
ENTY:techmeth	How does Bluetooth pairing work?	en
NUM:temp	Body temperature is 98.6 F. What is the temperature in Celsius	en
ENTY:color	What color is silver?	en
NUM:volsize	How large is an orange?	en
ENTY:sport	How is volleyball played?	en
ENTY:veh	What is the compression ratio of modern diesel engines?	en
ENTY:letter	How many letters are in the German alphabet?	en
ENTY:plant	How do plants photosynthesize?	en
NUM:date	What season begins with the vernal equinox	en
ENTY:cremat	What D.H. Lawrence novel was originally titled Tenderness	en
NUM:dist	How far is Tokyo from Madrid?	en
NUM:other	What is the death toll of people dying from tuberculosis	en
HUM:title	Who painted The Persistence of Memory?	en
ENTY:veh	How long is an average passenger train car?	en
ENTY:animal	What kind of dog was Toto in the Wizard of Oz	en
ENTY:religion	How many Jains are there?	en
ENTY:currency	How many ringgit are in a dollar?	en
NUM:temp	What is the temperature on the moon at night?	en
ENTY:veh	What is a rocket used for?	en
DESC:manner	How do performers execute choreography?	en
ENTY:veh	What is a snowmobile?	en
ENTY:instru	What tool measures area?	en
DESC:def	What is constructional grammar?	en
ENTY:instru	What is a Ukulele?	en
DESC:def	What is near-synonymy?	en
ENTY:body	Where is the nerve?	en
ABBR:abb	What does HDD store?	en
ENTY:letter	What is the pronunciation of Ð in Icelandic?	en
NUM:other	What is the number of insects?	en
NUM:count	How many islands are there?	en
ENTY:word	What is a synonym for begin?	en
ENTY:other	What does a chairbound basophobic fear	en
HUM:gr	What is a graduates?	en
LOC:country	What is the capital of Brazil?	en
DESC:reason	What causes crashes?	en
ENTY:other	What does a pedometer measure	en
LOC:water	What is the Atlantic?	en
LOC:city	Whats the capital of Taiwan	en
DESC:def	What is a blend word?	en
LOC:city	What Kenyan city is the safari center for East Africa	en
NUM:count	What is the number of hours in a day?	en
DESC:reason	What causes degradation?	en
ENTY:currency	What is the South Korean won?	en
ENTY:word	What does inhibited mean?	en
HUM:ind	Who found Hawaii	en
ENTY:veh	What is a taxi?	en
DESC:desc	How is distance described remotely?	en
ENTY:food	What is nut oil?	en
LOC:state	What is Florida known for?	en
ENTY:word	What does evanescent mean?	en
NUM:volsize	How big is the Moon compared to Earth?	en
HUM:title	What is a Analyst?	en
ENTY:veh	List 20 fictional cars	en
ABBR:abb	What does HR stand for?	en
HUM:desc	How does an endocrinologist treat hormonal disorders?	en
ENTY:food	What is a staple food?	en
ENTY:body	What is the function of the adrenal glands?	en
NUM:period	How long can food typically last in a freezer before quality degrades?	en
ENTY:color	How does carotenoid coloration work?	en
NUM:money	What is a new home price?	en
DESC:manner	How do you measure earthquakes	en
NUM:code	What is the HTML code for escape character?	en
ENTY:veh	What is a scissor lift?	en
NUM:ord	What is the fourth letter of the alphabet?	en
NUM:count	Count the oceans	en
LOC:landmass	What is Hokkaido?	en
DESC:def	What is a pidgin?	en
ENTY:word	What does subjugated mean?	en
ENTY:dismed	What causes bronchitis?	en
HUM:ind	Who starred in the movie The War of the Worlds	en
NUM:weight	what is your weight	en
HUM:desc	Describe a typical doctor	en
NUM:period	What is the legal age of marriage in most countries?	en
ABBR:abb	What does GPS locate?	en
ABBR:exp	Write out WiFi in full	en
ENTY:body	Where is the intestine?	en
LOC:city	What city did the Mormons establish as their headquarters in 1847	en
ENTY:veh	What is an airplane?	en
ABBR:abb	In computing, OLED refers to what?	en
HUM:desc	What is a anthropologist?	en
ABBR:exp	What does DNA expand to?	en
ENTY:dismed	What is a fear of worms	en
ENTY:food	How is spirits distilled?	en
NUM:date	When did Mount St. Helen last have a significant eruption	en
HUM:gr	What was the backup singing group for Roy Rogers	en
ABBR:exp	ORM stands for what exactly?	en
ENTY:cremat	Which comic strip was never turned into a Broadway musical	en
ENTY:letter	How many letters does the Georgian alphabet have?	en
NUM:perc	What percentage of food is grown organically?	en
ENTY:food	What is powdered milk?	en
NUM:speed	What is the speed of sound?	en
ENTY:symbol	How is the # symbol used?	en
ENTY:religion	What religion do Mormons follow?	en
ABBR:exp	URL is short for what exactly?	en
NUM:other	What is infinity?	en
ENTY:techmeth	How does quantum computing function?	en
DESC:manner	In what way do proofreaders correct?	en
HUM:ind	Name the person who burst through the screen in the Lite beer commercials	en
ENTY:body	Where is the hair?	en
LOC:mount	Where are the Rocky Mountains	en
NUM:other	What is the diving depth of a penguin?	en
ENTY:color	How are colors mixed?	en
LOC:landmass	What continent is Australia part of?	en
NUM:dist	How far is London from Paris?	en
NUM:period	How long does it take to cook a turkey at standard temperature?	en
ENTY:instru	What is a accordion?	en
ENTY:substance	What is acetone used for?	en
DESC:def	How does cataphora work?	en
ABBR:abb	What is the meaning of dB?	en
DESC:manner	How do dentists drill?	en
DESC:def	What is a paragraph?	en
HUM:title	What is a General?	en
ENTY:dismed	How is asthma treated?	en
DESC:desc	What captures mental processes?	en
ENTY:animal	What animals can live the longest without food	en
ENTY:letter	What is the last letter of the English alphabet?	en
HUM:gr	Name the Marvel team loosely based on DCs Justice League of America	en
ENTY:currency	What is the shekel?	en
DESC:reason	What causes divorce?	en
ENTY:color	How do cultural meanings differ?	en
LOC:state	What is the largest city in Rhode Island?	en
ENTY:animal	What is a crustacean?	en
ENTY:other	What does a polyorchid man have at least three of	en
LOC:mount	Which mountain range in North America stretches from Maine to Georgia	en
ENTY:color	How do thin films create?	en
HUM:title	How does a Principal lead?	en
ENTY:body	What does the hand do?	en
ABBR:exp	What does FBI expand to?	en
ENTY:food	How is emmer processed?	en
ENTY:animal	How do animals use tools?	en
DESC:def	What do we mean by enzyme?	en
ENTY:word	What is the shortest English word?	en
ABBR:exp	What does BEN expand to?	en
ENTY:lang	Which language has no gender?	en
HUM:desc	What makes someone a good leader?	en
LOC:city	Where is Phoenix?	en
ABBR:abb	Define the abbreviation DNS	en
HUM:ind	Who was George Washington?	en
ABBR:abb	What does Gbps signify?	en
ENTY:word	What is the correct plural of the word person?	en
NUM:code	What is the ASCII code for backspace?	en
ENTY:lang	Which language is spoken in Belarus?	en
ENTY:veh	What is a all-terrain vehicle?	en
NUM:volsize	What is the size of the earth?	en
ENTY:termeq	Is home the same as residence?	en
LOC:state	What French province is cognac produced in	en
ABBR:exp	What do the letters in ROM stand for?	en
ENTY:religion	How is Islam practiced?	en
LOC:other	Where was the Ligurian Republic, 1797-185,	en
ENTY:sport	What is rugby?	en
LOC:landmass	Where is Scandinavia?	en
NUM:other	How many emails are sent every second?	en
NUM:speed	How quickly can a space shuttle travel during re-entry?	en
NUM:other	What is the life expectancy of a dollar bill	en
DESC:desc	How is technology described technically?	en
NUM:temp	At what temperature does silver melt?	en
DESC:manner	How do prisoners confinement?	en
ABBR:exp	RCMP stands for what?	en
ENTY:letter	What letter ends most English words?	en
ENTY:body	How does digestion?	en
ENTY:lang	What is the name of a language spoken by the Sioux	en
DESC:desc	What qualifications are there for individuals donating blood	en
LOC:landmass	What continent is Canada part of?	en
HUM:gr	Which Japanese car maker had its biggest percentage of sale in the domestic market	en
DESC:manner	How do musicians perform skillfully?	en
HUM:gr	Who are the politicians?	en
ENTY:lang	Where is Hungarian spoken?	en
ENTY:food	Which is the most expensive spice in the world by weight	en
ENTY:sport	What football bowl games first queen was Hallie Woods	en
LOC:country	What continent is Mexico in?	en
ENTY:symbol	What does the smiley face represent?	en
LOC:mount	How high is Whitney?	en
ENTY:veh	What is the horsepower of a Bugatti Veyron?	en
ENTY:currency	Which country uses the baht?	en
ENTY:currency	Which country uses the guilder?	en
LOC:country	How are territorial waters defined?	en
ENTY:termeq	What is a term equivalent to attorney?	en
ENTY:sport	What are the rules of snowboarding?	en
ENTY:symbol	What is the currency symbol for the euro?	en
DESC:def	What are hook worms	en
NUM:speed	How quickly can a sword be swung in expert fencing competition?	en
NUM:money	How much would it cost to purchase a 2-foot-square party tent, with sides,	en
HUM:title	What is a Patriarch?	en
NUM:date	When was Hurricane Hugo	en
ENTY:other	What is heritage?	en
ENTY:other	What does a deltiologist collect	en
NUM:code	What is the octal code for tab?	en
ENTY:animal	What is a carnivore?	en
ENTY:veh	How does a submarine work?	en
ENTY:plant	What does a oats look like?	en
DESC:reason	Why do earthquakes happen?	en
LOC:landmass	What countries are in Antarctica?	en
DESC:reason	Why do currencies exchange?	en
ENTY:event	When did Woodstock occur?	en
ENTY:product	What is Puma?	en
NUM:period	How many minutes in an hour?	en
NUM:code	What is the octal code for vertical tab?	en
NUM:perc	What percentage of the population is left-handed?	en
ENTY:food	Where does apple come from?	en
LOC:state	How are prefectures administered?	en
ENTY:veh	How does a blimp work?	en
NUM:weight	What is the weight of a typical paperclip?	en
ENTY:animal	How big is a whale?	en
ENTY:color	What is color standardization?	en
ENTY:sport	What are the rules of boxing?	en
ENTY:dismed	What is a fear of disease	en
HUM:gr	Who are the students?	en
DESC:manner	In what way do butchers cut?	en
DESC:manner	How do you get to the top of the Eiffel Tower	en
NUM:count	How many states in USA?	en
ENTY:dismed	What is a fear of ruin	en
ENTY:product	Which headphones cancel noise best?	en
ENTY:animal	What is a moose?	en
LOC:landmass	Which continent is the driest?	en
ABBR:exp	NSA stands for what exactly?	en
HUM:title	How does a commander lead troops?	en
DESC:reason	Why does leaves change color in fall?	en
HUM:ind	Who discovered radium	en
ENTY:body	What are antibodies?	en
HUM:ind	How does a mathematician work?	en
ENTY:word	How are articles used?	en
NUM:count	How many calories are there in soy sauce	en
DESC:reason	Why did Egyptians shave their eyebrows	en
ENTY:other	What gender is not allowed to vote in Kuwait	en
ABBR:abb	What does CIA mean?	en
ENTY:plant	What is a wheat?	en
ABBR:exp	WiFi means what in full form?	en
LOC:city	What country is New York in?	en
LOC:other	How are sanctuaries?	en
ENTY:food	What nutrients are for healthy bones and teeth	en
NUM:period	How long ago was the Roe vs. Wade decision by the Supreme Court	en
DESC:reason	Why does a woman have to be a virgin to be a nun	en
ENTY:animal	How do animals eclose?	en
ENTY:instru	What is the focal length of a standard lens?	en
ENTY:veh	How many seats does a typical family sedan have?	en
ENTY:food	How is catfish?	en
ABBR:abb	What does SaaS stand for?	en
DESC:reason	What is the reason we have hiccups?	en
ENTY:veh	What is a cement mixer?	en
HUM:title	What rank is Rector?	en
LOC:city	What is the capital of Kosovo	en
ENTY:animal	How do animals court?	en
HUM:desc	Who was Red Grange	en
ENTY:plant	What is a oak?	en
NUM:ord	Who came in thirtieth place?	en
NUM:date	When is the Tulip Festival in Michigan	en
HUM:desc	What does a cinematographer do?	en
DESC:desc	How is time described temporally?	en
ENTY:product	What do you use a oven for?	en
DESC:manner	How do engineers design systems?	en
NUM:date	When did Amtrak begin operations	en
LOC:water	Whats the longest river in Canada	en
ENTY:substance	What are the properties of oxygen?	en
DESC:def	What is the Amish religion	en
DESC:manner	How do telephones work	en
ENTY:currency	What is a crypto?	en
ENTY:word	What is an antonym of good?	en
ENTY:animal	What makes evolution gradual?	en
NUM:count	How many years is Johnnie Walker Black Label aged	en
ENTY:animal	What animal dined on bread and oysters with a carpenter	en
HUM:gr	What army was founded by William Booth and his wife Catherine	en
NUM:count	What is the number of animals?	en
HUM:ind	Tell me about Shakespeare	en
ABBR:exp	What is UNICEF?	en
NUM:money	How much money was the minimum wage in 1991	en
ENTY:animal	What are filter feeders?	en
ENTY:animal	What animals did The Amazing Three masquerade as	en
ENTY:word	How many syllables does the word agriculture have?	en
NUM:period	What is the typical duration of a tutorial video?	en
DESC:desc	What are the powers and weaknesses of Green Lanterns ring	en
ABBR:exp	What is an initialismm?	en
ENTY:cremat	What Hermann Hesse book gave its name to a rock group	en
DESC:reason	Why can t you taste anything when you have a cold	en
ABBR:abb	What is the meaning of DNA?	en
ENTY:body	Where is the bone?	en
ENTY:substance	What is carbon dioxide used for?	en
NUM:perc	What percentage of Earths land is protected?	en
NUM:count	What is the number of regions of India?	en
NUM:perc	What percentage is the inflation rate?	en
LOC:landmass	What is a cove?	en
ENTY:cremat	What is funeral?	en
ENTY:instru	How do you use a spoon?	en
ENTY:animal	How do animals communicate?	en
DESC:desc	Describe the Grand Canyon	en
NUM:money	What is the cost of internet service?	en
NUM:money	How much money are Dumbos ears insured for	en
HUM:ind	Whose cover is that of an employee of Universal Import and Export	en
HUM:title	what is someone that writes software called	en
ENTY:event	What was the Reformation?	en
DESC:reason	What causes apostasy?	en
ENTY:veh	How much cargo space does a Toyota Camry trunk have?	en
HUM:desc	How does a engineer work?	en
ABBR:exp	What does TON stand for?	en
NUM:weight	How much does a professional baseball weigh?	en
LOC:city	What city gained renown for its pea-soup fogs	en
LOC:country	In what country is Lund	en
DESC:desc	What conveys affluence?	en
ENTY:plant	Material called linen is made from what plant	en
ENTY:product	What brand of white rum is still made in Cuba	en
NUM:date	When was the womens suffrage amendment ratified	en
DESC:desc	What conveys monetary imagery?	en
LOC:landmass	What is Sicily?	en
ENTY:body	How does bile emulsify?	en
DESC:reason	What causes relativism?	en
DESC:reason	Why was the L.A. office of Shea and Gould closed	en
ENTY:religion	What do Scientology followers believe?	en
ENTY:dismed	What is asthma?	en
ABBR:abb	What does EQ refer to?	en
ENTY:currency	Which country uses the euro?	en
DESC:desc	What is the origin of the name Katie	en
ENTY:product	What is the fastest computer	en
ABBR:exp	What do the letters in TLS stand for?	en
HUM:ind	What was the nickname of Frederick I, Holy Roman Emperor and King of Germany	en
ENTY:body	What is the only artery that carries blue blood from the heart to the lungs	en
LOC:city	In Sinclair Lewis Main Street, what was the name of the typical American town	en
HUM:title	How does a registrar function?	en
HUM:title	What is her profession	en
NUM:ord	Who came in twentieth place?	en
ENTY:veh	How fast does a typical delivery drone travel?	en
NUM:speed	what is the velocity of sound	en
ABBR:abb	What does FAQ stand for?	en
ENTY:product	What is a lamp made of?	en
ABBR:abb	WHO is an abbreviation for what?	en
NUM:volsize	What is the volume of a pool?	en
NUM:period	How many hours does a typical smartphone battery last?	en
NUM:weight	What is the weight of a 40 kg child on Mars	en
LOC:city	Tell me about Phoenix	en
ENTY:veh	How does a canoe work?	en
HUM:desc	Who was Abraham Lincoln	en
DESC:def	How does sociolinguistics study?	en
DESC:reason	What causes extinction?	en
DESC:def	What do we mean by osmosis?	en
HUM:title	What rank is Private?	en
DESC:manner	How do makeup artists apply?	en
ENTY:currency	What is the currency of New Zealand?	en
ENTY:food	What is pizza made from?	en
ENTY:symbol	What is the degree symbol symbol?	en
LOC:mount	Where is K2?	en
NUM:period	How many years did the American Civil War last?	en
ENTY:substance	What did the ancients call the four great elements	en
ENTY:cremat	Tell me about funeral	en
HUM:gr	What U.S. Government agency registers trademarks	en
NUM:ord	What is the second planet?	en
DESC:desc	What are the rules to snow golf	en
LOC:state	What is a borough?	en
ENTY:symbol	What symbol denotes at sign?	en
LOC:water	Where is the Panama Canal?	en
ENTY:word	What words in the English have two us back to back	en
NUM:speed	How fast does a hummingbird fly?	en
NUM:perc	What percentage of the human body is fat?	en
HUM:gr	What company markets a shampoo for brunettes only	en
LOC:mount	Where is Andes Mountains?	en
NUM:date	When was the internet invented?	en
HUM:ind	Who created Maudie Frickett	en
NUM:other	What is the speed of light?	en
ABBR:abb	What does GUI display?	en
ABBR:abb	What does UCD focus on?	en
ENTY:veh	What is a salt spreader?	en
ENTY:event	Tell me about the Olympics	en
ABBR:exp	Expand the acronym PWA	en
LOC:city	What state capital comes last alphabetically	en
ENTY:food	What is the most radioactive food	en
LOC:city	What county is Phoenix, AZ in	en
ENTY:religion	What is the main religion in India?	en
NUM:period	How old is the sun	en
ENTY:dismed	How does arthritis affect joints?	en
DESC:def	What is a run-on sentence?	en
LOC:state	How are regions administered?	en
NUM:perc	What percentage use the internet?	en
LOC:city	What country is Toronto in?	en
ENTY:cremat	What Tom Wolfe book is about the Mercury astronauts	en
ENTY:letter	What are the first and last letters of the Greek alphabet	en
NUM:perc	What percent of the human body is water?	en
NUM:perc	What percentage are immigrants?	en
ENTY:other	What is the longest major league baseball-winning streak	en
ENTY:product	What is a headphones made of?	en
ENTY:techmeth	What is the quickest and easiest way to get nail polish out of clothes	en
LOC:country	How are empires?	en
ENTY:termeq	Whats the literary term for a play on words	en
ENTY:dismed	What is amoxicillin used for?	en
LOC:landmass	What island is home to statues called Mauis	en
NUM:date	What day of the week sees the most fatal car accidents	en
ENTY:dismed	What is COVID-19?	en
ENTY:veh	How long is a typical school bus?	en
LOC:country	Tell me about Morocco	en
HUM:ind	How does a architect contribute?	en
LOC:country	What country, after Canada and Mexico, is closest to the U.S.	en
ENTY:body	What are veins?	en
ENTY:food	How are grains classified?	en
ENTY:letter	What letter represents hydrogen on the periodic table?	en
ENTY:cremat	What 2 statues did France give to other countries	en
NUM:date	When are sheep shorn	en
HUM:desc	Who was the first person on the Moon?	en
ENTY:animal	What makes something a vertebrate?	en
ENTY:food	What cereal goes snap, crackle, pop	en
ENTY:techmeth	What is gene therapy?	en
ENTY:lang	What is Arabic?	en
LOC:other	What is Drew Barrymores email address	en
ENTY:lang	How many people speak Danish?	en
NUM:weight	How much does a cubic foot of lead weigh?	en
DESC:desc	How is fear described fearfully?	en
ENTY:color	if Stygian blue is a real color, what other Stygian colors exist	en
HUM:gr	What do we call students?	en
ENTY:food	What soft drink is most heavily caffeinated	en
ENTY:animal	How do animals navigate?	en
HUM:gr	Which Ventura County police department seized the largest cocaine shipment in its history	en
NUM:perc	What percentage of students passed the exam?	en
ABBR:abb	What does UDP send?	en
ENTY:veh	What is the typical lifespan of a vehicle transmission?	en
LOC:state	What is a state?	en
NUM:speed	How fast does a horse gallop?	en
ENTY:product	What is Google Pixel?	en
ENTY:religion	what was the religion of the roman republic	en
NUM:count	What is the number of colours?	en
NUM:perc	How much of the Amazon rainforest is estimated to disappear by 2050?	en
HUM:desc	Describe a typical surgeon	en
LOC:country	What is the capital of Greece?	en
NUM:date	When did the invention of the printing press occur?	en
ENTY:word	How many double letters are in success?	en
ENTY:food	Where does cheese come from?	en
ENTY:plant	What does a broccoli look like?	en
NUM:volsize	How large is Lake Superior?	en
ENTY:food	How is cake baked?	en
DESC:def	How does voicing change?	en
NUM:date	When was the telephone invented?	en
NUM:dist	How far is Tokyo from Hong Kong?	en
DESC:def	What are faults in the earths crust	en
ENTY:food	Which is a real berry blackberry, cranberry, raspberry, strawberry	en
ABBR:exp	What does POL represent?	en
ABBR:abb	What is the acronym for Radio Frequency?	en
ENTY:techmeth	How does computer vision see?	en
ENTY:techmeth	How does 5G technology function?	en
ABBR:exp	What does MEX expand to?	en
LOC:state	What is the largest city in Wyoming?	en
ENTY:veh	What is the fuel economy of a Subaru Outback?	en
ENTY:food	How is sour cream?	en
ENTY:product	How does a dryer function?	en
ENTY:currency	What is the symbol for dinar?	en
ENTY:sport	What baseball outcome required nine balls in 1879, eight balls in 1880 and seven balls in 1881	en
DESC:def	What is tumbled marble	en
ENTY:dismed	What are all the different kinds of contraceptives	en
ENTY:currency	What is the currency of Singapore?	en
ABBR:exp	What is RAM in the computer	en
ENTY:lang	What is the language of Iceland?	en
ENTY:dismed	What is the fear of being loved	en
DESC:manner	In what way do farmers cultivate?	en
DESC:reason	What causes deflation?	en
ABBR:abb	What is the shorthand for Human-Computer Interaction?	en
NUM:perc	How much is ocean?	en
ENTY:animal	What are the most common breeding birds in the U.S.	en
ENTY:color	What color is orange?	en
DESC:manner	How does lightning travel	en
DESC:def	What is backronym?	en
NUM:ord	On which floor is your apartment	en
ENTY:other	How are cultural events documented?	en
ENTY:symbol	What is the euro sign symbol?	en
NUM:count	Count the muscles in the body	en
LOC:mount	Where is the Rocky Mountains?	en
DESC:def	What is the Great Vowel Shift?	en
ENTY:instru	What is the function of a potentiometer?	en
ENTY:event	What concerts are held in New York this week	en
LOC:city	Where is Los Angeles?	en
ENTY:event	When did the moon landing occur?	en
NUM:weight	What is the weight of all the paper used annually?	en
NUM:ord	what paragraph is the longest	en
ENTY:body	What is the function of the ear?	en
ENTY:food	What is vegetable oil?	en
NUM:speed	How fast can a Formula 1 car go?	en
DESC:def	What do the names Neil, Mary, and Anthony mean	en
ENTY:letter	How many letters does the Breton alphabet have?	en
HUM:gr	Woodrow Wilson served as president of what university	en
NUM:ord	What is the ordinal number for 100?	en
ENTY:religion	What religion do Spiritualists follow?	en
NUM:volsize	What is the volume of Mount Rushmores carved rock?	en
LOC:city	What makes a region a city?	en
NUM:money	How much does a house cost on average?	en
HUM:title	Who wrote Pride and Prejudice?	en
ENTY:body	Where is the skin?	en
ENTY:event	What was the World Cup?	en
LOC:mount	Where is Mount Logan?	en
ENTY:other	What is history?	en
NUM:weight	how many kg in a typical brick	en
ENTY:termeq	What is another word for adolescent starting with t?	en
ENTY:color	What is silver?	en
HUM:ind	How does a scientist contribute?	en
ENTY:color	How is white?	en
LOC:state	What is Virginia known for?	en
HUM:ind	What does a linguist do?	en
HUM:title	Who directed Inception?	en
NUM:speed	How fast can an ostrich run?	en
NUM:perc	What percent of the world has access to clean water?	en
ENTY:sport	What was the favorite sport of Tom Wolfes The Pump House Gang	en
NUM:other	How many islands are there?	en
ENTY:event	How are sporting events conducted?	en
LOC:state	How are zones administered?	en
ABBR:exp	What does ISL stand for?	en
NUM:count	How much energy is released when oxygen and hydrogen mix	en
ENTY:food	How are grains grown?	en
ENTY:techmeth	How does 3D printing work?	en
DESC:manner	How can someone become a federal agent	en
ENTY:body	How many alveoli are in the human lungs?	en
DESC:manner	How does a rainbow form	en
ENTY:animal	Name the two mystical ravens Odin has at his command	en
ENTY:plant	Where do daisys grow?	en
ENTY:event	What happened during the American Revolution?	en
ABBR:abb	What is the abbreviation for Terabyte?	en
ENTY:cremat	What Morris West novel deals with Russian bishop who becomes Pope	en
ENTY:animal	What are omnivores?	en
ENTY:other	What is anthropology?	en
DESC:def	What do we mean by quantum?	en
LOC:city	What city had a world fair in 1900	en
NUM:count	How many megawatts will the power project in Indonesia, built by a consortium headed by Mission Energy of US, produce	en
LOC:country	Where is Italy?	en
NUM:period	How long is the typical school day in most countries?	en
ENTY:religion	What do Catholicism followers believe?	en
ENTY:color	What colors is magenta made of	en
ENTY:animal	Whats the only mammal that can t jump	en
NUM:temp	What is the temperature on the Suns surface?	en
NUM:other	How many days in a leap year?	en
ENTY:letter	How many calligraphys are in English?	en
ENTY:termeq	What was Mark Johnson referring to when he said I still can t believe it- we beat the Russians ?	en
DESC:reason	What characteristics contribute to its intelligence	en
LOC:water	What is the Atlantic Ocean?	en
LOC:mount	What was the highest mountain on earth before Mount Everest was discovered	en
ENTY:food	How is cod?	en
ENTY:sport	What are the rules of badminton?	en
DESC:desc	How is decline described diminishingly?	en
DESC:desc	What are the Arabic Numerals from 1 to 10	en
DESC:def	What does the name Melissa mean	en
HUM:title	What does Larry King do for a living	en
ENTY:word	What does pusillanimous mean?	en
LOC:country	What country has the best defensive position in the board game Diplomacy	en
ENTY:currency	Which country uses the won?	en
DESC:def	How is an adverb used?	en
LOC:water	What connects to the Arctic Ocean?	en
DESC:desc	What is the Statue of Liberty like?	en
HUM:ind	Who wrote Poems are made by fools like me but only God can make a tree	en
NUM:date	What date is Labor Day?	en
LOC:country	What is a kingdom?	en
HUM:desc	What is the role of a advisor?	en
HUM:desc	What is a geriatrician?	en
LOC:water	Where is the Persian Gulf?	en
ENTY:food	What is watermelon made from?	en
ABBR:abb	Define the abbreviation LCD	en
ABBR:exp	Write out DNS in full	en
NUM:dist	What is the length of the Great Wall of China?	en
ENTY:plant	Which plant is known for nitrogen fixation?	en
LOC:country	Where is Australia?	en
DESC:desc	What is the origin of the word, magic	en
NUM:period	How long does it take different materials to decompose	en
ENTY:instru	What is a microscope?	en
ENTY:dismed	What is amoxicillin?	en
ENTY:event	What is a festival?	en
ENTY:food	What are dairy products?	en
ABBR:abb	What is the acronym for Virtual Private Network?	en
HUM:title	How does a consul serve?	en
ENTY:word	What is another term for walk?	en
ENTY:food	What is beef made from?	en
ABBR:exp	What does TTO stand for?	en
NUM:period	What is the average lifespan of a rabbit?	en
NUM:weight	What is the weight of a teaspoon of matter in a black hole	en
ENTY:food	How are proteins classified?	en
ENTY:sport	What sport is played on the largest field	en
NUM:money	What is the average salary of a paleontologist	en
ENTY:animal	What is the West Virginia state animal	en
NUM:count	How many miles is it to Ohio from North Carolina	en
ENTY:color	What is cyan?	en
ENTY:body	How do reflex arcs work?	en
ABBR:exp	What does HUN expand to?	en
DESC:desc	How are values described ideologically?	en
DESC:desc	Describe the Taj Mahal	en
DESC:def	What does storm wave mean in Japanese	en
ENTY:word	What does auspicious mean?	en
ENTY:food	How is cinnamon?	en
ENTY:word	What does recondite mean?	en
LOC:city	What makes a township a city?	en
NUM:period	How long is a rugby season?	en
ENTY:body	How do sweat glands cool?	en
LOC:city	What city does McCarren Airport serve	en
NUM:period	How many minutes is an average commute?	en
ENTY:cremat	What 1965 film had Jack Lemmon portraying a cartoonist	en
NUM:period	How many minutes does a news broadcast last?	en
ABBR:abb	What does JPEG stand for?	en
ENTY:cremat	What software offers inventors use of CAD-like design	en
NUM:count	How many watts make a kilowatt	en
ENTY:termeq	What is another word for dark starting with d?	en
NUM:perc	What percentage of adults have a tattoo?	en
HUM:desc	What does a nephrologist do?	en
ENTY:color	what if your favorite colour	en
ENTY:dismed	What is a fear of robbers	en
NUM:count	How many games are played in a five-team round-robin tournament	en
HUM:ind	Which of these are authors	en
NUM:other	What is a matrix?	en
ENTY:cremat	What program do I need to run atbk file	en
ENTY:color	How do filters work?	en
NUM:other	What brand number graces the black label of a bottle of Jack Daniels	en
LOC:water	What connects to the Pacific Ocean?	en
HUM:desc	What does an otolaryngologist specialize in?	en
NUM:ord	How is hundredth written?	en
LOC:landmass	What Mediterranean island is home to the first Club Med	en
NUM:date	When was the last major eruption of Mount St. Helens	en
NUM:temp	what is the temperature at the earths core	en
NUM:dist	How far is Tokyo from Toronto?	en
NUM:count	What is the number of states of Japan?	en
DESC:manner	In what way do decorators arrange?	en
ENTY:techmeth	How does neural network work?	en
ENTY:sport	How is surfing played?	en
DESC:manner	In what manner do writers compose?	en
ENTY:veh	what was the nuclear-powered bus from the 1976 film The Big Bus called	en
ENTY:plant	Where do oaks grow?	en
ENTY:plant	What is a rye?	en
DESC:desc	What did John Hinckley do to impress Jodie Foster	en
DESC:reason	Why do people get calluses	en
NUM:other	What is the population of Kansas	en
ENTY:instru	What tool measures electrical current?	en
ENTY:cremat	What is an urn?	en
ENTY:instru	What tool measures water flow?	en
LOC:mount	What country has Mount Aconcagua?	en
ENTY:cremat	What is the largest sculpture in the world	en
NUM:count	What was the number of assassinations and attempts to assassinate in the U.S. since 1865	en
NUM:volsize	What is the volume of a human kidney?	en
ENTY:dismed	What is a fear of parasites	en
ENTY:symbol	What is the chemical symbol for oxygen?	en
ABBR:exp	What does UKR represent?	en
NUM:count	What is the number of provinces of Peru?	en
ENTY:dismed	What drug is often used to treat AIDS patients	en
LOC:city	What city did the Flintstones live in	en
NUM:code	What is the binary code for space character?	en
LOC:landmass	What islands got their name from the Spanish baja mar, meaning shallow water	en
ENTY:body	How do villi absorb?	en
ENTY:food	What is mutton?	en
ENTY:food	Where does butter come from?	en
LOC:other	What is the largest and most expensive freeway construction project in the U.S. right now	en
LOC:city	What is Houston?	en
HUM:ind	Who was actress June Havocs legendary sister	en
ENTY:lang	What is Turkish known for?	en
ENTY:dismed	What is a syndrome?	en
NUM:date	On what day is New Years Day?	en
ENTY:symbol	What is the chemical symbol for sodium?	en
ENTY:dismed	How does malaria spread?	en
DESC:manner	How does Belle describe her life in Beauty and the Beast	en
NUM:speed	How fast does a cheetah accelerate?	en
LOC:state	What is the largest city in Alaska?	en
LOC:water	What is the largest lake in North America	en
HUM:gr	What is Pittsburghs baseball team called	en
DESC:def	What is an accent?	en
NUM:weight	How much does the earth weigh?	en
ENTY:color	Stygian colors are dark and supersaturated. For example,stygian blue may be seen by staring at bright yellow and then looking at black. The normal afterimage is dark blue. When viewed against black, the resulting blue is as dark as black, yet colored. Does stygian white also exist	en
NUM:count	How many mountains are there?	en
NUM:volsize	How large is the Kalahari Desert?	en
ENTY:animal	What makes domestication transformative?	en
ENTY:other	What is the organizational structure of the New Delhi Indira Gandhi airport	en
ENTY:animal	Which mammal lives, breeds, eats, and sleeps underground	en
NUM:money	How much did Manchester United spend on players in 1993	en
ENTY:currency	What is the pound?	en
ENTY:animal	What animal received royal assent as an emblem of Canada on March 24, 1975	en
LOC:city	What is the snowiest city in the U.S.	en
LOC:country	What country was Hitler the chancellor of	en
ENTY:animal	What animals tail is called a brush	en
LOC:landmass	What is a grassland?	en
ENTY:instru	What instrument measures radiation?	en
ENTY:animal	What makes crawling effective?	en
DESC:desc	What conveys conversational tone?	en
ENTY:instru	What instrument measures glucose level?	en
ENTY:lang	What is Japanese?	en
ABBR:abb	Explain the acronym SSD	en
DESC:manner	What is the method for learn a language?	en
ENTY:food	What is pepper?	en
DESC:def	What is dew point	en
ENTY:veh	How does a combine harvester work?	en
ABBR:exp	What does ROU expand to?	en
ENTY:other	What constitutes a living tradition?	en
LOC:water	What river flows past the Temple of Karnak	en
ENTY:color	How is lime created?	en
NUM:speed	how slow does a turtle move	en
DESC:def	How does rule ordering work?	en
DESC:def	How is a verb used?	en
ENTY:termeq	What is another word for infant starting with b?	en
NUM:ord	What is the ordinal for 1?	en
ENTY:veh	What is the horsepower of a typical diesel engine in a truck?	en
ENTY:dismed	How is Parkinsons disease treated?	en
HUM:desc	Who is Imam Hussain Ben Ali whom Shia people believe in	en
DESC:manner	How is it correct to say qigong	en
ENTY:techmeth	How does decision trees work?	en
NUM:money	How much does a vacation cost?	en
ENTY:color	How is brown created?	en
NUM:code	What is the Unicode code for symbol @?	en
ENTY:veh	What is a hydrofoil?	en
ENTY:dismed	What causes chickenpox?	en
ENTY:food	What was the main dish at Medieval Christmas feasts	en
ENTY:currency	How many yuan are in a dollar?	en
ENTY:color	What is jade?	en
NUM:count	How many verses are in the Bible	en
DESC:manner	In what way do neurologists test?	en
ENTY:dismed	What is a fear of food	en
DESC:reason	What causes prion diseases?	en
NUM:volsize	How many cubic units	en
ENTY:dismed	What 12-hour cold medicine uses the formula 6, 6, 12 in its ads	en
ENTY:color	What is melanism?	en
ENTY:techmeth	What are some tips for building a fire in a fireplace	en
ENTY:instru	What tool measures seismic waves?	en
NUM:code	What is the Unicode code for letter A?	en
HUM:title	What rank is Queen?	en
NUM:dist	What is the distance between Atlantic and Pacific?	en
NUM:count	What is the number of planets?	en
ENTY:sport	What is the most popular sport in Japan	en
ENTY:body	What is the kidney?	en
LOC:city	What city is sometimes called Gotham	en
NUM:count	Count the sides of a die	en
ENTY:plant	Where do ryes grow?	en
ENTY:veh	How many wheels does an 18-wheeler tractor-trailer have?	en
ENTY:word	What is a word that sounds like another word?	en
ENTY:food	How is rice cultivated?	en
NUM:weight	The whole loaded train weighs 360 tons. It has twenty wagons, each carrying 12 tons of grain. What is the weight of the locomotive	en
NUM:count	How many syllables are there in a line of hendecasyllabic poetry	en
DESC:manner	How do you determine heating requirements for your home	en
NUM:period	What is the typical duration of a movie trailer?	en
ENTY:color	What are religious colors?	en
NUM:code	What does error code E301 mean in web?	en
NUM:code	What is the ISBN prefix for books?	en
ENTY:body	What is the function of the vein?	en
ENTY:substance	What is a softball made of	en
ENTY:veh	What two vessels fought the first sea battle between iron-covered ships	en
HUM:gr	What companys trademark was His Masters Voice	en
ENTY:body	Where is the ear?	en
DESC:def	How does polysemy arise?	en
NUM:date	When was Franklin D. Roosevelt stricken with polio	en
DESC:desc	How is religion described spiritually?	en
ENTY:veh	How does a submarine dive?	en
NUM:ord	Chronologically speaking, which child are you	en
DESC:def	What is an article?	en
LOC:country	What country is the setting for Edgar Allan Poes The Pit and the Pendulum	en
LOC:other	What general direction does the journey in Around the World in 80 Days proceed in	en
ABBR:exp	What does the abbreviation SOS mean	en
ABBR:exp	What does LKA expand to?	en
NUM:other	How many countries are in the United Nations?	en
ABBR:exp	Expand the acronym pH	en
ENTY:food	What is Beef?	en
DESC:desc	How do writers describe character appearance?	en
ABBR:exp	HR stands for what?	en
LOC:landmass	Where is Balkan Peninsula?	en
LOC:country	What countrys national passenger rail system is called Via	en
DESC:manner	In what way do neuroscientists map?	en
NUM:period	What is the typical age of kindergarten entry?	en
ENTY:other	What defines a world heritage site?	en
NUM:temp	At what temperature does wood begin to ignite?	en
ENTY:currency	What money was used here	en
NUM:weight	How much does a dice weigh?	en
DESC:desc	What do you do when your mouse is nt working as fast as its supposed to	en
NUM:temp	At what temperature does mercury freeze?	en
ENTY:techmeth	What is NLP?	en
DESC:def	How does convergence function?	en
ENTY:word	What is another word for diet	en
ENTY:symbol	What does the yin-yang represent?	en
ENTY:termeq	What is the term for a group of geese	en
ENTY:color	What color is red?	en
ENTY:word	How are prepositions used?	en
NUM:perc	What percentage are middle-aged?	en
DESC:manner	In what manner do cashiers ring?	en
ENTY:instru	What device measures heart rate?	en
HUM:ind	When Mighty Mouse was conceived, what was his original name	en
DESC:manner	How do you buy stocks	en
ABBR:exp	What do the letters in SSD stand for?	en
ABBR:exp	Expand the acronym NATO	en
LOC:landmass	What is a valley?	en
ENTY:food	How are leafy greens?	en
LOC:country	What two countries contain Sierra Nevada mountains	en
ENTY:cremat	What 1966 boob tube bomb took astronauts back to prehistoric times	en
NUM:ord	Where does the letter C come in alphabetical order	en
ENTY:instru	What is a thermometer?	en
ABBR:exp	What does MLT represent?	en
NUM:perc	What percentage of pets are adopted?	en
ABBR:exp	Write out VPN in full	en
ENTY:word	What is a synonym for quiet?	en
HUM:ind	Who says, If you don t look good, we don t look good	en
DESC:def	What do we mean by analogy?	en
ENTY:symbol	What is the symbol for iron on the periodic table?	en
ABBR:abb	What is the shorthand for Read-Only Memory?	en
NUM:temp	What is the temperature of boiling milk?	en
NUM:dist	how deep is marianas trench	en
NUM:count	How many time zones exist?	en
ENTY:veh	How long is the cargo bed of a pickup truck?	en
ENTY:other	What is Ray Bradburys illustrated man illustrated with	en
DESC:desc	Tell me about the Colosseum	en
LOC:city	Where is Rome?	en
LOC:country	Where is Greece?	en
ENTY:color	What is the Sapir-Whorf hypothesis?	en
ABBR:abb	What does CRUD stand for?	en
LOC:landmass	Which continent has the Congo rainforest?	en
NUM:count	What is the number of regions of Canada?	en
HUM:desc	Who was Jane Goodall	en
HUM:ind	What English queen had seventeen children	en
ABBR:exp	What does PLW stand for?	en
NUM:ord	what position is filho da puta in	en
ENTY:lang	What is Dutch known for?	en
ENTY:symbol	What is the cross symbol?	en
NUM:money	What is the average salary in the US?	en
LOC:landmass	Where is Balkans?	en
ABBR:exp	What does IRE expand to?	en
HUM:desc	What does an oncologist specialize in?	en
NUM:ord	what place did you end up in the race	en
ENTY:letter	What letter is silent in gnome?	en
NUM:temp	What temperature is considered heat stroke?	en
LOC:state	What state in the U.S. has the most blacks	en
NUM:date	What year did Hitler die	en
HUM:title	What is a Secretary?	en
DESC:manner	What is the way to cook pasta?	en
ENTY:veh	How fast can a snowmobile travel at maximum speed?	en
ABBR:abb	ORM is an abbreviation for what?	en
ENTY:food	How is mackerel?	en
ENTY:religion	How many Orthodox Christians are there?	en
ENTY:techmeth	How does blockchain function?	en
DESC:desc	What did Lenny Bruce say that got him arrested	en
NUM:dist	How far is London and Paris?	en
ENTY:animal	How do animals solve problems?	en
NUM:perc	What percentage of the human heart is muscular tissue?	en
ABBR:exp	What do the letters D.C. stand for in Washington, D.C.	en
NUM:dist	How far is New York from Istanbul?	en
HUM:desc	What is a radiologist?	en
ENTY:word	What does defeated mean?	en
NUM:date	When did CNN go on the air	en
ENTY:symbol	What is the dollar sign symbol?	en
HUM:desc	What defines a successful person?	en
ENTY:animal	Which animal has the Strongest Bite in the Animal Kingdom	en
LOC:country	What country is the origin of the band the Creeps	en
ENTY:instru	What tool measures energy?	en
ENTY:substance	What are the properties of nitrogen?	en
ENTY:symbol	What is the # symbol?	en
ENTY:food	How is oats processed?	en
ENTY:veh	What is an ATV?	en
LOC:landmass	On which supercontinent did therapsids walk	en
ENTY:animal	What makes metamorphosis necessary?	en
ENTY:food	Which condiment was once sold as a patent medicine	en
ABBR:exp	Expand the acronym ORM	en
NUM:temp	What is the temperature inside a freezer?	en
ENTY:letter	What is an alphabet?	en
ENTY:veh	What is a drone?	en
LOC:landmass	What is an isthmus?	en
LOC:landmass	What is a gorge?	en
ENTY:animal	What animal is pregnant for the shortest time	en
NUM:other	What is the population of Mozambique	en
ENTY:other	What is Nebraskas most valuable resource	en
DESC:manner	In what way do immigrants integrate?	en
ENTY:word	What does benevolent mean?	en
NUM:perc	What percentage of votes did they receive?	en
LOC:other	What is the website for the USA journal	en
ENTY:food	How do nightshades form?	en
ENTY:veh	How many wheels does a tricycle have?	en
NUM:code	What is the binary code for digit 5?	en
ENTY:body	Where is the arm?	en
ENTY:dismed	What anesthetic did Queen Victoria allow to be used for the birth of her seventh child, in 1853	en
NUM:count	Count the religions	en
LOC:country	What European country boasts the city of Furth, found where the rivers Rednitz and Pegnitz converge	en
NUM:dist	how high is mount everest	en
ENTY:termeq	Is doctor the same as physician?	en
ENTY:techmeth	What is the correct way to mount a roll of toilet paper	en
NUM:volsize	What is the size of the largest akita	en
ENTY:other	How are monuments built?	en
NUM:weight	what is your body mass	en
ENTY:religion	What religious family do you belong to or identify yourself most close to	en
LOC:landmass	What is Borneo?	en
ENTY:cremat	In what film did Steven Spielbergs dog star as the main characters dog	en
DESC:desc	Tell me about the Taj Mahal	en
ENTY:lang	What is Greek?	en
NUM:other	How many mammal species are there?	en
DESC:def	What is federal income tax	en
ENTY:color	What color is a blueberry?	en
NUM:date	What was the last year that the Chicago Cubs won the World Series	en
NUM:dist	How long is Camptown Racetrack	en
LOC:landmass	What island group is Guadalcanal a part of	en
NUM:weight	How many pounds are there in a stone	en
DESC:desc	What is the difference between pop music and rock and roll	en
ENTY:product	What is a desk made of?	en
ENTY:food	How is sorghum used?	en
DESC:def	How would you define encryption?	en
HUM:ind	Whose video is titled Shape Up with Arnold	en
LOC:other	What imaginary line is halfway between the North and South Poles	en
ENTY:event	What was the Cold War?	en
ABBR:abb	In computing, DNS refers to what?	en
ABBR:abb	What does SCUBA stand for?	en
DESC:manner	In what way do birds fly?	en
DESC:reason	Why do oceans circulate?	en
ENTY:food	What is poultry?	en
ENTY:religion	What is a spiritual belief system?	en
ENTY:word	How are modifiers used?	en
NUM:dist	How far is London from Bangkok?	en
ENTY:animal	How do animals regulate temperature?	en
ENTY:product	What first-aid product Helps the hurt stop hurting	en
NUM:temp	What is the melting point of tungsten?	en
ENTY:symbol	What does the skull and crossbones represent?	en
ABBR:abb	What is the abbreviation for Graphics Processing Unit?	en
ENTY:color	What are ommochromes?	en
NUM:code	What does error code E400 mean in web?	en
LOC:landmass	What countries are in Asia?	en
ENTY:body	How many bones comprise the skeleton?	en
ENTY:instru	How does an organ work?	en
NUM:period	What is the typical length of a short story?	en
ENTY:animal	How do animals sense electricity?	en
ENTY:instru	What device measures water turbidity?	en
LOC:city	What is the largest city in the U.S.	en
DESC:def	What is the definition of irony?	en
ENTY:animal	What defines a territory?	en
NUM:weight	Barrel of oil weighs 283 kg. When it mold 26% oil, weighed 216 kg. What is the mass of the empty barrel	en
NUM:temp	What is the average body temperature	en
NUM:speed	How fast can a cheetah run?	en
ENTY:veh	What are the names of all the U.S. Navy aircraft carriers	en
ENTY:body	What is the function of the spine?	en
NUM:money	How much does a bicycle cost?	en
ENTY:product	What is Apple Watch?	en
LOC:city	What Georgia town did Scarlett O Hara condemn as being full of pushy people	en
ENTY:religion	What do Shinto followers believe?	en
ENTY:food	What is miso?	en
HUM:title	what do you call a person that works in the ISS	en
ENTY:body	How does the parathyroid regulate calcium?	en
DESC:manner	How do crocheters hook?	en
NUM:code	What does error code 301 mean?	en
ENTY:product	How does a printer work?	en
DESC:def	What is schema in cognition?	en
ENTY:veh	What was the name of the American ship sunk by a mine in Havana harbor, causing the Spanish-American war	en
ENTY:body	What two body parts grow all your life	en
ENTY:sport	What four tournaments make up tennis Grand Slam	en
ENTY:cremat	What film opens with an assassin tumbling from the Seattle Space Needle	en
ENTY:religion	What is Sikhism based on?	en
ABBR:abb	Explain the acronym USB	en
ENTY:cremat	What is the first book of the Old Testament	en
DESC:def	What are capers	en
HUM:gr	How is a team assembled?	en
HUM:ind	Who is considered The First Lady of the American Stage	en
ENTY:body	How do alveoli exchange gas?	en
ENTY:dismed	What is the name of the vaccine for chicken pox	en
NUM:period	What is the average time to kiss somene	en
ENTY:veh	How many cooling fins are on a motorcycle radiator?	en
LOC:state	What is a sector?	en
ABBR:exp	What does PYF represent?	en
ENTY:plant	What is a moss?	en
ENTY:veh	What is an excavator?	en
NUM:period	How long is an NHL season?	en
ENTY:color	How is navy formed?	en
DESC:def	What is nanotechnology	en
NUM:code	what is dads number	en
ENTY:color	What color is black?	en
NUM:date	When was the steam engine invented?	en
LOC:state	Where is Illinois?	en
LOC:mount	How tall is Puncak?	en
ENTY:termeq	What are darning needles and horse stingers better known as	en
LOC:mount	Which mountain is the highest in New Zealand?	en
ENTY:lang	What is Hindi known for?	en
ENTY:dismed	What is hemophilia?	en
DESC:reason	Why were people recruited for the Vietnam War	en
NUM:date	When does menstruation begin	en
NUM:volsize	How large is the Indian Ocean?	en
DESC:manner	How do students study?	en
HUM:desc	What is a gastroenterologist?	en
ENTY:product	How does a microwave function?	en
HUM:desc	Who is Robin Williams	en
LOC:mount	What is New Englands highest mountain	en
NUM:other	How fast can a cheetah run?	en
NUM:money	How much does a dozen eggs cost?	en
ENTY:animal	What terror of the sea did Johnny Horton sing about	en
ENTY:color	What is ornamental color?	en
ENTY:veh	How fast can a high-speed train travel?	en
ENTY:currency	How is value stored?	en
NUM:dist	What is the width of the Atlantic?	en
ENTY:other	How are humans observed?	en
LOC:landmass	Which continent is Argentina on?	en
NUM:period	How old is Bernadette Peters	en
ENTY:product	What does the Peugeot company manufacture	en
ABBR:exp	What does CAF expand to?	en
ABBR:abb	What does ROM store?	en
DESC:manner	How do editors revise?	en
ABBR:exp	What does TCD stand for?	en
ABBR:exp	Expand the acronym RF	en
ABBR:exp	VPN is short for what exactly?	en
ENTY:substance	How is magnesium used?	en
LOC:city	Where is Milan	en
NUM:temp	What temperature do most bacteria die at when heated?	en
DESC:manner	In what way do philosophers ponder?	en
ENTY:event	What events happened January 26, 1978	en
NUM:speed	What is the speed of something moving?	en
NUM:speed	How fast does a falcon dive?	en
ENTY:cremat	What Peter Blatty novel recounts the horrors of Regan MacNeils possession by the devil	en
NUM:speed	What is the cruising speed of a commercial airliner?	en
ENTY:dismed	How is bronchitis treated?	en
ENTY:dismed	What is a fear of sinning	en
DESC:manner	In what manner do commuters rush?	en
DESC:desc	How are phenomena explained scientifically?	en
LOC:landmass	How are basins?	en
HUM:title	What is a Mayor?	en
ENTY:techmeth	How does facial recognition work?	en
LOC:city	What two Japanese cities are spelled with the letters K, O, O, T and Y	en
LOC:city	What city is KDGE Radio located in	en
ENTY:event	What started in 1849 when gold was discovered at Sutters Mill	en
ENTY:lang	How many people speak Italian?	en
LOC:water	Where is the Pacific?	en
NUM:ord	What is Salazars number in the order of portuguese rulers	en
DESC:manner	How do chickens have baby chicks	en
NUM:code	How is UTF-8 encoded?	en
ENTY:plant	What kind of flowers does detective Nero Wolfe raise	en
ENTY:plant	What plant produces natural pesticides?	en
DESC:desc	Where does the expression cloud nine come from	en
HUM:desc	What is a surgeon?	en
ENTY:plant	Where do squashs grow?	en
ENTY:currency	Which country uses the dollar?	en
ENTY:word	What is a synonym for beautiful?	en
NUM:dist	How far is it from London to Paris?	en
DESC:desc	Where did the term 86ed come from	en
ENTY:cremat	What is a funeral director?	en
NUM:temp	At what temperature does helium boil?	en
ENTY:dismed	What does a topophobic actor suffer from	en
HUM:gr	What cable network bills itself as the family entertainer	en
LOC:water	What lake is the source of the White Nile	en
ABBR:abb	What is the shorthand for Infrastructure as a Service?	en
ENTY:lang	What language uses tones for meaning?	en
ENTY:other	How are fossils preserved in museums?	en
HUM:title	Who holds the title of Associate Justice?	en
NUM:code	What is the Unicode code for bell?	en
NUM:perc	What percentage of the worlds oil reserves are in the Middle East?	en
ENTY:techmeth	How does blue-green deployment function?	en
ENTY:product	What is a microwave made of?	en
ENTY:veh	How thick is car sheet metal?	en
LOC:city	The Orange Bowl is in what city	en
ENTY:body	What are intercostal muscles?	en
LOC:state	What is Georgia known for?	en
ENTY:event	When did the 2008 financial crisis occur?	en
LOC:mount	Where is Snowdon?	en
LOC:landmass	What is Southeast Asia?	en
NUM:count	How many children under 18 are victims of some sort of Physical Abuse each year	en
HUM:gr	What defines a team?	en
ENTY:lang	What is Chinese known for?	en
ENTY:religion	what religions believe in heaven	en
NUM:count	What is the number of provinces of Russia?	en
ENTY:termeq	What is a term equivalent to infant?	en
NUM:code	What is the barcode structure?	en
DESC:desc	What captures backward movement?	en
DESC:reason	Why do pharmacists work on raised floors	en
HUM:ind	Who delivered his last newscast on March 6, 1981	en
ENTY:dismed	What causes flu?	en
ABBR:exp	Spell out the acronym LCD	en
DESC:desc	How are transformations described changeably?	en
NUM:code	What is the ASCII code for letter A?	en
DESC:reason	Why do values matter?	en
ENTY:veh	What is the horsepower rating of a Chevrolet Corvette Z06?	en
DESC:desc	What are the lyrics to Smelly Cat	en
ENTY:body	What is the function of the intestine?	en
DESC:def	What is a hyphen used for?	en
ENTY:body	What is the spinal cord?	en
NUM:weight	How much does a newborn baby typically weigh?	en
DESC:manner	In what manner do luthiers construct?	en
DESC:desc	How are settings depicted in literature?	en
NUM:speed	How fast does a sailfish swim?	en
ENTY:animal	How do animals sense?	en
ENTY:animal	How do animals walk?	en
DESC:manner	How do I do this	en
HUM:title	What is a Judge?	en
NUM:code	What is the ASCII code for tab?	en
DESC:manner	In what way do bureaucrats process?	en
ENTY:body	How does the tongue move?	en
HUM:gr	How are delegations?	en
LOC:other	What planet gave bith to Superman	en
NUM:other	How many oceans?	en
ENTY:body	How does the pancreas help?	en
DESC:reason	Why do families stick together?	en
HUM:desc	What makes a great musician?	en
ENTY:lang	How many people speak Turkish?	en
DESC:desc	Describe the Amazon River	en
LOC:mount	What are the four largest mountain ranges in the continental United States	en
ENTY:termeq	What is another word for happy starting with j?	en
ENTY:veh	How does a scooter move?	en
ENTY:instru	What tool measures acceleration?	en
NUM:date	When did the last Americans leave Vietnam	en
ENTY:animal	What makes animals solitary?	en
DESC:manner	In what way do humans communicate?	en
ENTY:product	What do you use a lamp for?	en
LOC:state	What is the largest city in Massachusetts?	en
DESC:desc	How is wealth described luxuriously?	en
LOC:country	Where is Hungary?	en
LOC:state	What U.S. state records the least rainfall	en
ENTY:veh	How far can electric vehicles travel on a charge?	en
HUM:desc	What is a cinematographer?	en
ENTY:product	What is a camera made of?	en
ENTY:techmeth	What technique analyzes DNA?	en
LOC:mount	What is the height of Appalachian Mountains?	en
ENTY:religion	What religion is Pentecostalism?	en
ENTY:food	Where does juice come from?	en
ENTY:product	What is a computer?	en
NUM:perc	What percentage of the population voted?	en
LOC:water	What is the length of the Amazon?	en
LOC:water	What is the deepest sea?	en
HUM:title	Who holds the title of King?	en
ENTY:letter	What letter appears on the cold-water tap in Spain	en
ENTY:dismed	How is arthritis treated?	en
DESC:desc	Can you describe a black hole?	en
NUM:count	How many words are there in the Spanish language	en
ABBR:abb	What does VPN stand for?	en
ENTY:event	What significant battle was fought in Belgium in 1815	en
NUM:code	what is the number that unlocks the vault	en
ENTY:termeq	What is the dot on an the letter i called	en
ENTY:letter	How many consonants does the Polish alphabet have?	en
HUM:desc	Describe a typical chef	en
ABBR:abb	What is meant by CPU?	en
ENTY:symbol	Where is the yin-yang symbol used?	en
NUM:period	How many years ago was the Declaration of Independence signed?	en
NUM:period	How many years of experience are needed to be a master craftsman?	en
ABBR:abb	pH is an abbreviation for what?	en
ENTY:animal	How do animals respond to stimuli?	en
ENTY:symbol	What sign is the best love match for a horoscope sign	en
ENTY:body	What is the function of the nose?	en
ABBR:abb	What does FDA stand for?	en
ENTY:animal	What is a penguin?	en
ABBR:exp	What does the abbreviation AIDS stand for	en
LOC:mount	What is the height of Rocky Mountains?	en
ENTY:animal	What makes digging useful?	en
NUM:period	What is the average age of first marriage globally?	en
DESC:manner	In what way do tutors explain?	en
DESC:desc	What do Mormons believe	en
NUM:date	When was America discovered?	en
ENTY:body	How do muscles contract?	en
NUM:date	What month were you born in if your birthstone is sardonyx	en
LOC:landmass	What continent is Bolivia on	en
ENTY:color	How is white created?	en
DESC:desc	How are resolutions described conclusively?	en
ENTY:lang	Name a Sioux language	en
NUM:volsize	What size is a standard parking space?	en
DESC:def	What do suffixes do?	en
NUM:volsize	What is cubic capacity?	en
ENTY:cremat	How does a wake tradition work?	en
ENTY:color	What is split complementary?	en
HUM:gr	Who are the believers?	en
NUM:period	How long does it take the moon to revolve around the Earth	en
NUM:period	How many years was the Cold War?	en
ENTY:instru	What tool measures radioactivity?	en
DESC:reason	Why do laws exist?	en
DESC:desc	Where did marijuana come from	en
ENTY:plant	What does a rice look like?	en
ENTY:termeq	Is ill the same as sick?	en
ENTY:currency	Which country uses the pound?	en
ABBR:exp	USB means what in full form?	en
HUM:desc	What distinguishes an expert?	en
ENTY:other	How are ancient structures studied?	en
NUM:weight	How much does an ounce weigh in grams?	en
ENTY:food	What is pasta?	en
ENTY:other	What were Baffin, Frobisher and Franklin looking for	en
ENTY:dismed	What is diabetes?	en
NUM:period	What is the legal age of adulthood in most countries?	en
ENTY:currency	How are coins minted?	en
LOC:water	How salty is the North Sea?	en
ENTY:body	How many layers does the dermis have?	en
ENTY:instru	How many drum heads does a timpani have?	en
NUM:count	How many small businesses are there in the United States	en
ENTY:product	Which webcam has HD quality?	en
HUM:title	What is Steve Rogerss profession when hes not Captain America	en
LOC:country	What continent is Algeria in?	en
ENTY:techmeth	What is hydroponic farming?	en
ENTY:word	What is the correct plural of octopus?	en
ENTY:animal	What breed of dog was the Little Rascals dog	en
DESC:reason	Why do climates change?	en
HUM:title	Who composed Eine kleine Nachtmusik?	en
HUM:title	What rank is Captain?	en
NUM:count	Count the days in a year	en
LOC:city	What Nevada center has been dubbed The Biggest Little City in the World	en
LOC:landmass	Which continent is India part of?	en
ENTY:lang	Which language is spoken in Czech Republic?	en
ENTY:body	Which ear can most people hear better with	en
DESC:def	What is a conditional clause?	en
NUM:perc	What percentage of adults experience this?	en
ENTY:word	What is the most common vowel in English?	en
ENTY:food	How are oysters?	en
ENTY:sport	What card game has variations called Canfield, Klondike and Spider	en
NUM:volsize	How large is the United States?	en
DESC:def	How do language contacts occur?	en
ENTY:instru	How many keys does a harmonica have?	en
NUM:dist	How far is the North Pole from the equator?	en
ENTY:dismed	What is a fear of gravity	en
DESC:reason	What caused the Titanic to sink	en
DESC:def	How does consonant shift work?	en
LOC:country	Where is Egypt?	en
DESC:manner	How does James Bond like his martinis	en
LOC:water	Where is the Caspian Sea?	en
ENTY:event	What phenomenon would you expect to read about in the monthly publication The Bigfoot News	en
NUM:other	What is the market cap of Bitcoin?	en
NUM:ord	What is the thirteenth letter of the alphabet?	en
HUM:title	What is a Director?	en
ENTY:product	What is AirPods?	en
NUM:money	How much does a movie ticket cost?	en
ENTY:dismed	What is dengue?	en
ENTY:techmeth	How does gene therapy work?	en
ABBR:abb	What does dB stand for?	en
DESC:manner	How do cartographers map?	en
LOC:mount	Where is Mount Cook?	en
NUM:code	What is binary encoding?	en
ENTY:techmeth	How does DNA sequencing work?	en
NUM:weight	What is the weight of a human tooth?	en
ENTY:color	What is navy?	en
NUM:code	What is the Unicode code for delete?	en
NUM:other	What is the population of Nigeria	en
ENTY:instru	What is the purpose of a tuning fork?	en
NUM:period	How long should a person wash their hands before they are clean	en
ENTY:food	How is cream?	en
ENTY:currency	What is the currency of Thailand?	en
ENTY:dismed	How is dengue treated?	en
ENTY:termeq	What do we call till in other words?	en
LOC:landmass	Which continent is New Zealand part of?	en
ENTY:food	Where does yogurt come from?	en
ABBR:exp	Expand the acronym DNA	en
ENTY:symbol	What symbol denotes plus?	en
NUM:code	What is the octal code for null?	en
LOC:city	What is the capital of Yugoslavia	en
NUM:code	What is the HTML code for vertical tab?	en
NUM:date	When will the millennium officially begin	en
ENTY:animal	What makes scent marking effective?	en
DESC:def	What is antecedent?	en
LOC:mount	Where is Cascade Range?	en
ENTY:cremat	How is body identification performed?	en
ENTY:body	Which of the digestive organ absorbs the nutrients of food and passes them into the bloodstream	en
LOC:water	How salty is the Atlantic Ocean?	en
NUM:perc	What percentage of animals are vertebrates?	en
NUM:code	What does error code E506 mean in web?	en
ENTY:termeq	What is the term for the side of the mountain that faces the prevailing winds	en
HUM:desc	How does a coordinator work?	en
DESC:desc	What happened in dogtown in 1899 to make that year remembered	en
ENTY:animal	What is a cheetah?	en
ENTY:cremat	What is a crematory?	en
ENTY:food	What is candy?	en
HUM:ind	Which Doonesbury character was likely to turn into a werewolf	en
NUM:perc	What percentage of elderly people?	en
ABBR:exp	Hz stands for what exactly?	en
LOC:mount	Write some examples of fault-block mountains	en
ENTY:food	What is an antioxidant?	en
ENTY:body	What is the circulatory system?	en
ENTY:sport	What sports event is Meyer Wolfsheim supposed to have fixed in The Great Gatsby	en
ABBR:abb	Define the abbreviation RAM	en
ENTY:symbol	How is the % symbol used?	en
LOC:country	Tell me about South Korea	en
HUM:gr	What terrorist group was headed by Donald DeFreeze	en
ENTY:food	What beer advertised that it had three rings	en
NUM:temp	What is the temperature of the moons surface?	en
ENTY:other	What monastery was raided by Vikings in the late eighth century	en
ENTY:letter	How many letters does the Greek alphabet have?	en
NUM:perc	What percentage of the genome is coding DNA?	en
LOC:country	What continent is China in?	en
NUM:temp	How cold should a refrigerator be	en
ENTY:sport	What star-faring race brought about the Inhumans on Marvels Earth	en
ABBR:exp	What does NSA expand to?	en
ENTY:product	What do you use a airplane for?	en
ENTY:body	What are lymphoid organs?	en
ENTY:sport	What is cycling?	en
ENTY:dismed	How is whooping cough treated?	en
DESC:def	What is the coppertop battery	en
ENTY:veh	How many cylinder configurations exist in modern vehicles?	en
LOC:city	What is Chicago?	en
LOC:city	What were the cities of Dickenss A Tale of Two Cities	en
ABBR:abb	What does URL identify?	en
ABBR:exp	What does NPL stand for?	en
ABBR:exp	DNA stands for what exactly?	en
ENTY:body	How do female reproductive organs?	en
ENTY:other	How do historians authenticate artifacts?	en
HUM:ind	What did Shakespeare do?	en
ENTY:color	What color is Chablis	en
ENTY:color	is the ocean blue or green	en
NUM:count	What is the population of India?	en
ENTY:symbol	What is the pound sign symbol?	en
HUM:gr	What are the three most successful companies of our time	en
LOC:landmass	What is Eurasia?	en
ENTY:sport	What are the rules of hockey?	en
ENTY:techmeth	How does nanotechnology function?	en
LOC:country	What is the capital of Japan?	en
NUM:perc	What percentage of the brain is used for conscious thought?	en
HUM:title	What is a Provost?	en
ENTY:color	What is a common coral item?	en
ENTY:cremat	What is memorial service?	en
ENTY:food	What is soy sauce?	en
DESC:manner	How do you identify prime numbers	en
NUM:dist	How far is London from Mexico City?	en
ENTY:techmeth	What is the method for nuclear fusion?	en
NUM:dist	How far is Tokyo from Mexico City?	en
NUM:period	How many days does an event permit last?	en
ENTY:color	How is magenta created?	en
LOC:city	What European capital celebrated its 2, 000th anniversary in 1951	en
HUM:gr	Who are the activists?	en
NUM:code	What is the ASCII code for line feed?	en
HUM:gr	What is a citizens?	en
ENTY:color	How do color trends emerge?	en
NUM:dist	How far out is the universe	en
ENTY:veh	How does a trailer work?	en
ENTY:food	What is Nero Wolfes favorite drink during office hours	en
ENTY:lang	What is the main language of Sao Paulo, Brazil	en
ENTY:word	What does exoteric mean?	en
NUM:date	When did Rococo painting and architecture flourish	en
ENTY:sport	What is high jump?	en
ENTY:termeq	What do the French call La Manche	en
DESC:manner	How do blacksmiths hammer?	en
ABBR:exp	What does XKX represent?	en
ENTY:currency	Which country uses the franc?	en
NUM:ord	What is the eleventh planet?	en
LOC:city	How are communities?	en
ENTY:religion	Which religion follows the Bible?	en
LOC:landmass	What is Iceland?	en
ABBR:abb	What is the abbreviation for Graphical User Interface?	en
HUM:title	Who holds the title of General?	en
ENTY:animal	How do herbivores digest food?	en
DESC:desc	Can you describe a supernova?	en
LOC:city	Whats the oldest capital city in the Americas	en
LOC:landmass	Which continent has the largest desert?	en
NUM:ord	What is the tenth rank?	en
ABBR:exp	PS stands for what?	en
DESC:def	What do we mean by democracy?	en
ENTY:veh	How does a cargo ship work?	en
ABBR:abb	What does TV stand for?	en
DESC:def	What do we mean by synecdoche?	en
ABBR:abb	What is the shorthand for Electromagnetic Interference?	en
NUM:period	How long is a millennium?	en
ENTY:dismed	What is a fear of points	en
NUM:speed	What is the speed of a typical motorway?	en
DESC:desc	What is the proof that houseplants metabolize carcinogens	en
LOC:country	Where is Japan?	en
ABBR:exp	What does BDI expand to?	en
ENTY:food	What is cream?	en
DESC:desc	What ever happened to the once popular Yale Lock Company	en
ENTY:event	Tell me about Coachella	en
DESC:manner	How close a cousin was Franklin D. to Theodore Roosevelt	en
NUM:code	Why do credit card numbers always have specific lengths?	en
DESC:desc	Can you describe the Sahara Desert?	en
ENTY:instru	What tool measures pressure?	en
ENTY:other	What did people use to freshen their breath before toothpaste	en
ENTY:sport	How is snowboarding played?	en
ABBR:exp	What does BVT represent?	en
NUM:weight	What is the weight of a human hair?	en
DESC:reason	Why do kelp forests sway?	en
HUM:desc	Who was Lacan	en
ENTY:sport	How is table tennis played?	en
ENTY:veh	How does a maglev train work?	en
DESC:desc	What are the requirements for becoming a citizen of Australia	en
ENTY:color	What is chlorophyll?	en
ENTY:color	What is synesthesia?	en
ENTY:plant	What does a elm look like?	en
ENTY:plant	What is the most widely cultivated plant	en
NUM:speed	How fast does a dog run?	en
NUM:dist	How far is London from Mumbai?	en
DESC:def	What is shortening?	en
NUM:other	How many letters in the alphabet?	en
LOC:city	Tell me about Athens	en
ENTY:color	What is total internal reflection?	en
ABBR:abb	EPA is an abbreviation for what?	en
DESC:manner	How is Answers.com funded	en
ENTY:dismed	What is measles?	en
NUM:date	When is Labor Day?	en
NUM:ord	What is your place in the birth order of girls born to your parents	en
ABBR:abb	What is the meaning of PWA?	en
ENTY:animal	What makes weapons adaptive?	en
ENTY:body	How many organs exist?	en
LOC:state	What is the largest city in Maine?	en
ENTY:color	What is color marketing?	en
ENTY:food	What foods contain vitamin B12	en
NUM:speed	How fast does a tennis serve travel at the professional level?	en
HUM:ind	Who played the part of the Godfather in the movie, The Godfather	en
ABBR:abb	What does NATO stand for?	en
ENTY:animal	What makes leaping useful?	en
ENTY:body	What does the finger do?	en
ENTY:word	What is a palindrome?	en
NUM:other	How many movies are on Netflix?	en
LOC:city	Tell me about Cairo	en
LOC:country	What country would you visit to ski in the Dolomites	en
NUM:ord	Whats the chronological number of Joe Biden as a president of America	en
NUM:count	How many times in his 16-year National Basketball Associaton career was John Havlicek a member of the all-star team	en
NUM:perc	How much is nitrogen?	en
ENTY:word	How many letters does supercalifragilistic have?	en
DESC:def	What is Nine Inch Nails	en
NUM:money	What will the increase be in the California gas tax by 2000	en
ENTY:food	Where does salmon come from?	en
DESC:desc	Where did the term fireplug come from	en
ENTY:instru	What is a violin used for?	en
ENTY:body	What is the thickness of human fingernails?	en
ENTY:animal	What is the only primate to lack pigment in the palms of its hands	en
HUM:desc	What does a orthopedist do?	en
ENTY:body	What does the vein do?	en
ENTY:veh	What was the name of the U.S. Navy gunboat in the film The Sand Pebbles	en
ENTY:veh	What is a street sweeper?	en
HUM:ind	What is the full name of the man who invented the multicolored game cube that has 42.3 quintillion potential combinations	en
DESC:desc	How is abundance described profusely?	en
ENTY:cremat	What is the purpose of wake?	en
ENTY:currency	What is the currency of Mexico?	en
LOC:country	How is a kingdom governed?	en
ENTY:veh	What is a ski lift?	en
ENTY:food	What are oil sources?	en
NUM:money	How much did the first Barbie doll sell for in 1959	en
NUM:temp	What is the temperature today	en
ENTY:termeq	What do we call physician in other words?	en
ENTY:termeq	The Jewish alphabet is called what	en
ABBR:abb	What does AWOL mean in the military?	en
ABBR:abb	What is the abbreviation of the International Olympic Committee	en
NUM:perc	What percentage of the market is this?	en
ENTY:symbol	What is the peace sign symbol?	en
DESC:def	How does stylistic variation work?	en
ENTY:food	How is pepper grown?	en
DESC:desc	What captures belief systems?	en
DESC:def	What is power in discourse?	en
NUM:temp	What is the temperature of lightnings core plasma channel?	en
ENTY:instru	What is the function of a prism?	en
LOC:water	What river is Windsor Castle on	en
LOC:mount	What mountains lie between the Arkansas and Missouri rivers	en
LOC:country	What is Stefan Edbergs native country	en
NUM:count	How many countries exist?	en
DESC:manner	How do you get a broken cork out of a bottle	en
NUM:period	How long would it take for a $ savings bond to mature	en
LOC:landmass	what supercontinent existed during the late Paleozoic and early Mesozoic eras	en
LOC:mount	What is the height of Mount Kilimanjaro?	en
LOC:state	What U.S. state borders Illinois to the north	en
ENTY:symbol	what symbol identifies the uruk-hai of Saruman	en
ENTY:word	What does restrained mean?	en
ENTY:currency	What is the symbol for krona?	en
NUM:period	At what age did Rossini stop writing opera	en
LOC:landmass	What countries are in Australia?	en
NUM:count	What is the number of states?	en
ENTY:other	What is a cultural artifact?	en
ABBR:abb	What is the acronym for Command-Line Interface?	en
ENTY:animal	What makes escape behavior vital?	en
NUM:count	How many islands does the Philippines have?	en
NUM:period	How long do you have to live in a community to vote	en
DESC:def	What is nature vs nurture in language?	en
NUM:dist	The length of the shadow of a vertical tower on level ground increases by 10 metres when the altitude of the sun changes from 45° to 30°. tell me the height of the tower	en
NUM:count	How many pairs of wings does a tsetse fly have	en
ENTY:lang	What is Portuguese known for?	en
DESC:def	How do dialects differ?	en
DESC:manner	In what manner do divers plunge?	en
NUM:temp	The suns core, what is the temperature	en
ENTY:other	What is the sales tax in Minnesota	en
LOC:mount	What country has Sierra Nevada?	en
ABBR:abb	What is the acronym for Hypertext Transfer Protocol Secure?	en
HUM:gr	What chain store is headquartered in Bentonville, Arkansas	en
DESC:manner	How is Abigail Arcane related to the villainous opponent of the Swamp Thing	en
NUM:code	What does error code 505 mean?	en
ABBR:exp	REST stands for what exactly?	en
DESC:def	How do quotation marks function?	en
NUM:count	What is the area of Russia?	en
NUM:volsize	How large is a typical refrigerator?	en
HUM:title	What is a Associate Justice?	en
ENTY:product	What is Hot Wheels?	en
LOC:landmass	What continent is Egypt in?	en
ENTY:veh	What is a cement truck?	en
HUM:desc	What is a journalist?	en
ABBR:exp	What does LIE stand for?	en
ENTY:color	What is color philosophy?	en
ENTY:color	How are colors used commercially?	en
NUM:date	When do you plant winter wheat	en
HUM:ind	Who was Samuel Johnsonss friend and biographer	en
NUM:temp	at what temperature does water boil	en
NUM:date	When was the printing press invented?	en
NUM:code	What is the serial number format?	en
ENTY:food	How is olive oil made?	en
NUM:period	What is the standard duration of a renovation project?	en
ABBR:abb	What does IMAP access?	en
HUM:ind	Tell me about Albert Einstein	en
ENTY:body	How does the cervix change?	en
LOC:country	Which country did Hitler rule	en
NUM:code	What does error code E505 mean in web?	en
HUM:title	How does a Manager lead?	en
ENTY:veh	What were the names of the three ships used by Columbus	en
NUM:other	What is a perfect number?	en
ENTY:color	How are tertiary colors formed?	en
HUM:gr	What was the name of the Confederate mounted guerrilla group with which Jesse James and Coleman Younger had ridden	en
ABBR:exp	What does SLE stand for?	en
NUM:date	When did beethoven die	en
ABBR:abb	What is the abbreviation for International Business Machines?	en
ENTY:termeq	What is a term equivalent to elderly?	en
DESC:def	What is speech act theory?	en
ENTY:body	What is the muscular system?	en
DESC:manner	How do websites like Yahoo and Excite make money	en
ENTY:instru	What is the lowest note a bass can sing?	en
DESC:def	What do we mean by philosophy?	en
NUM:temp	At what temperature does butter melt?	en
NUM:count	What is the number of states of Canada?	en
ENTY:other	What constitutes oral history?	en
NUM:date	What year did Jack Nicklaus join the Professional Golfers Association tour	en
ABBR:exp	Spell out the acronym WiFi	en
HUM:desc	What is a veterinarian?	en
DESC:manner	In what way do masons lay?	en
HUM:gr	What was the Ventura County police department that seized the countys largest amount of cocaine ever	en
ENTY:body	Where is the tongue?	en
LOC:city	What city boasts the Billingsgate fishmarket	en
DESC:desc	What is the origin of the ethnic category caucasian	en
NUM:speed	What is the cruising speed of a typical commercial airplane?	en
DESC:manner	In what way do urologists catheterize?	en
ENTY:veh	What is a cable car?	en
LOC:landmass	What is Celebes?	en
ENTY:dismed	What is Alzheimers?	en
ENTY:animal	How do animals cope?	en
HUM:title	Who directed The Godfather?	en
NUM:code	What is the HTML code for digit 5?	en
HUM:gr	Who are the clergy?	en
DESC:def	How does language evolution happen?	en
NUM:speed	what is the speed of darkness	en
NUM:volsize	What is the size of a football field?	en
ENTY:dismed	What is a fear of childbirth	en
ENTY:letter	What letter represents tin on the periodic table?	en
ENTY:color	What are traffic colors?	en
ENTY:veh	What is the fuel efficiency of a diesel truck?	en
HUM:title	What rank is Baron?	en
ENTY:substance	What are cigarettes made of	en
ENTY:food	Name the soft drink that is number one in the sun	en
HUM:gr	What was the first U.S.-based team in the NHL	en
ENTY:other	What is an example of a natural acid-base indicator	en
HUM:ind	What are the first names of the famous husband-and-wife acting team of Lunt and Fontanne	en
DESC:def	What is the definition of synecdoche?	en
LOC:city	Tell me about Sydney	en
NUM:date	What year was the American Revolution?	en
HUM:desc	Who is Desmond Tutu	en
DESC:def	How do colons introduce?	en
NUM:temp	What is the average body temperature in Fahrenheit?	en
HUM:title	What is a representative in government?	en
NUM:date	When was Richard Nixon born	en
LOC:other	What is a geographic location at coordinates -73, -159?	en
ENTY:plant	What does a carrot look like?	en
LOC:city	What country is Houston in?	en
LOC:state	What U.S. state boasts Leif Ericson Park	en
ENTY:dismed	How is common cold treated?	en
ENTY:lang	How is Mandarin spoken?	en
ENTY:body	What is the function of the brain?	en
ENTY:color	What color is a cardinal?	en
DESC:reason	Why do some clothing labels say Use a nonchlorine bleach	en
HUM:ind	Who wrote the book, Song of Solomon	en
DESC:reason	What causes fermentation?	en
ENTY:animal	What animal do buffalo wings come from	en
ENTY:termeq	What term means a sexual attraction between a male and a female	en
LOC:other	Where can I find the history of the Taiwanese language	en
ENTY:other	What are some rare geological formations?	en
ENTY:product	What is a motorcycle made of?	en
ABBR:abb	What does Mbps indicate?	en
HUM:ind	What does a artist do?	en
ENTY:other	What is a rare weather phenomenon?	en
ENTY:food	What is broccoli?	en
DESC:def	How do contractions form?	en
LOC:other	How are monuments?	en
NUM:perc	What percentage are teenagers?	en
NUM:code	What is the engine number?	en
LOC:city	How are municipal governments work?	en
LOC:city	What are the two cities in Dickens A Tale of Two Cities	en
LOC:country	What two countries are linked by the Brenner Pass	en
ABBR:exp	What does RUS represent?	en
LOC:landmass	What is New Zealand?	en
NUM:perc	What percent of the human body is bone?	en
HUM:desc	What does a producer do?	en
HUM:title	What task does the Bouvier breed of dog perform	en
ENTY:termeq	What is another word for residence starting with h?	en
NUM:period	What is the standard duration of a conference?	en
HUM:title	What is the role of a Administrator?	en
DESC:desc	What is the effect of acid rain	en
ENTY:termeq	Whats the term for a bet before cards are dealt	en
LOC:country	What country was first to use the airplane as a weapon of war, against the Turks in Libya	en
ABBR:abb	What does SSH access?	en
ENTY:body	What are red blood cells?	en
NUM:speed	How fast can a submarine travel?	en
NUM:date	What year was the moon landing?	en
ENTY:dismed	What is the medical term for cancer of the blood	en
ABBR:abb	What does MVP stand for?	en
ENTY:dismed	What disease is transmitted by the Anopheles mosquito	en
ENTY:cremat	Tell me about epitaph	en
ENTY:animal	What is a snake?	en
ENTY:plant	What plant produces the strongest fibers?	en
LOC:landmass	How are geysers formed?	en
ENTY:food	What is lobster?	en
ENTY:other	What constitutes cultural diversity?	en
ENTY:other	What are some obscure types of bacteria?	en
ENTY:symbol	Where is the dollar sign symbol used?	en
ENTY:body	Which body parts work together when one is watching TV	en
ENTY:dismed	What is a fear of thunder	en
ENTY:food	What crop failure caused the Irish Famine	en
NUM:period	How many hours does a typical flight take?	en
NUM:count	What is the number of regions of USA?	en
NUM:weight	What is the weight of an adult brain?	en
ABBR:abb	What is the meaning of FBI?	en
NUM:perc	What percentage of the ocean is explored?	en
NUM:ord	Who came in tenth place?	en
DESC:desc	Where does bovine come from	en
ENTY:symbol	What does the star represent?	en
DESC:manner	How do you build a bookshelf?	en
DESC:manner	How do coaches train?	en
ENTY:veh	How wide is a standard semi-truck trailer used on North American highways?	en
HUM:gr	What corporation does Madonna advertise for	en
LOC:city	What Colorado city owns its own glacier	en
ABBR:abb	What is meant by DNS?	en
LOC:city	Tell me about Mumbai	en
LOC:city	What is Athens?	en
ENTY:body	What is the function of the vagus nerve?	en
LOC:city	What capital is built around Monument Circle which contains soldiers and sailors monument	en
ABBR:exp	Spell out the acronym SSL	en
ABBR:exp	DHCP is short for what exactly?	en
NUM:count	How many miles is it from London, England to Plymouth, England	en
HUM:gr	What is a board?	en
ENTY:instru	How many valves does a trumpet have?	en
ENTY:termeq	Whats another name for aspartame	en
NUM:other	How many songs are on Spotify?	en
ENTY:food	What is cream made from?	en
ENTY:termeq	What is Shirley MacLaine known as	en
NUM:period	How long does it take for hair to grow one inch?	en
ABBR:abb	Explain the acronym URL	en
ENTY:veh	What is a cargo ship used for?	en
NUM:money	How much does a gym membership cost?	en
ENTY:plant	What does a spinach look like?	en
ENTY:symbol	What does the sun represent?	en
NUM:count	What is the area in sq km of Argentina?	en
ENTY:other	What impenetrable system of French fortifications was built along the German frontier before World War II	en
DESC:reason	Why do heavier objects travel downhill faster	en
LOC:state	What is the capital of Illinois?	en
HUM:desc	What does a musician do?	en
NUM:date	When was the antibiotics invented?	en
ENTY:cremat	What is a eulogy?	en
NUM:dist	How far is it from Phoenix to Blythe	en
NUM:weight	What is the weight of the human intestines?	en
NUM:period	What is the typical duration of a cooking show?	en
DESC:def	What is the definition of hormone?	en
DESC:reason	Why do prices increase?	en
NUM:weight	What is the weight of a troy ounce in grams?	en
ABBR:abb	Explain the acronym TLS	en
ENTY:sport	What kind of sport is often associated with hooligans	en
ENTY:dismed	What is an infection?	en
DESC:manner	In what manner do ichthyologists examine?	en
DESC:manner	How do I give a good massage	en
ENTY:cremat	What film did Lee Marvin win the 1965 best actor Oscar for	en
ABBR:abb	Hz is an abbreviation for what?	en
ENTY:other	What is cultural significance?	en
HUM:title	Who holds the title of Rector?	en
ENTY:food	What is cereal made from?	en
HUM:gr	How is a delegation organized?	en
NUM:period	What was the average life expectancy during the Stone Age	en
ENTY:lang	What language is spoken in Belgium?	en
ENTY:event	What happened during Woodstock?	en
LOC:mount	What is the height of Ben Nevis?	en
HUM:gr	What do we call contractors?	en
HUM:title	What was Queen Victorias title regarding India	en
NUM:perc	What percentage of the population is color-blind?	en
ENTY:animal	What was the name of Betty Boops dog	en
LOC:landmass	On which Hawaiian island is Pearl Harbor	en
ENTY:religion	What is Christian Science?	en
ABBR:abb	What is the meaning of MVC?	en
ENTY:letter	How many vowels does the English alphabet have?	en
ENTY:product	What is a smartwatch?	en
NUM:ord	What is the eighth planet?	en
HUM:ind	What did Richard Feynman do?	en
ENTY:color	What is color temperature?	en
DESC:desc	What are the words to the Canadian National anthem	en
HUM:title	What rank is President?	en
DESC:desc	What conveys historical feeling?	en
DESC:reason	Why do loans extend?	en
DESC:reason	Why does the moon has craters?	en
ENTY:food	How are vitamins essential?	en
ENTY:termeq	What is the nickname of the Cleveland Indians	en
DESC:desc	What happens to used motor oil	en
LOC:water	What sea did the Romans call mare nostrum	en
ENTY:veh	What is a van?	en
ENTY:other	What does a collier mine	en
ENTY:word	What does limpid mean?	en
NUM:other	What is the population of Ohio	en
ABBR:exp	What does ABW expand to?	en
ENTY:animal	What makes nesting behavior important?	en
LOC:other	What New York City landmark has 168 steps to its crown	en
ENTY:plant	Where do oatss grow?	en
NUM:speed	How fast can a greyhound accelerate?	en
DESC:reason	What makes Black Hills, South Dakota a tourist attraction	en
ENTY:substance	What birthstone is turquoise	en
NUM:perc	What percentage of sales come from this category?	en
ENTY:color	What are sulfides?	en
NUM:perc	How much plastic in the oceans comes from fishing industries?	en
ENTY:substance	What is flour?	en
ABBR:exp	What does GRC represent?	en
NUM:dist	How far is Jupiter?	en
DESC:manner	How can I register my website in Yahoo for free	en
ENTY:food	How are carbonated beverages?	en
ENTY:animal	What is the bear of beers	en
ENTY:religion	What religion do Twelver Shias practice?	en
LOC:mount	How tall is Mount Elbrus?	en
ENTY:veh	What is the weight limit for a standard compact parking space vehicle?	en
ENTY:color	How is sienna created?	en
DESC:reason	Why do humans sleep?	en
HUM:ind	Who was president in 1913	en
HUM:gr	What name did footballs New York Titans adopt in 1963	en
NUM:weight	How heavy is a blue whale?	en
ENTY:termeq	What is a term equivalent to quiet?	en
ABBR:abb	What does PAN include?	en
ENTY:other	What constitutes archeological evidence?	en
HUM:gr	What are the top ten all-time money making NFL teams	en
ENTY:termeq	What is the belt of low pressure around the equator called	en
ENTY:veh	How fast can a golf cart travel?	en
LOC:water	Where is the Indian Ocean?	en
HUM:gr	What are the five most popular Usenet groups	en
LOC:city	How are city boundaries determined?	en
ABBR:exp	What does NOR represent?	en
NUM:other	What is the number of galaxies?	en
ENTY:color	What is dichroism?	en
HUM:gr	What is a natives?	en
LOC:country	What is the capital of Poland?	en
NUM:temp	What is the melting point of cobalt?	en
DESC:def	What is Olestra	en
ENTY:food	What is grape?	en
ENTY:techmeth	What basketball maneuver did Bert Loomis invent	en
ENTY:event	Tell me about Cannes Film Festival	en
NUM:ord	In which order Barack Obama become the president	en
ENTY:techmeth	How does cryptocurrency mining work?	en
ENTY:animal	How do animals mark?	en
ENTY:body	What does the foot do?	en
DESC:reason	What causes earthquakes?	en
ENTY:other	How are artifacts dated scientifically?	en
ABBR:abb	What is the shorthand for File Transfer Protocol Secure?	en
ENTY:color	How is gold created?	en
ABBR:exp	What do the letters in SSL stand for?	en
DESC:manner	How do judges preside over courts?	en
ABBR:abb	What is meant by ROM?	en
DESC:reason	Why does we need sleep?	en
ENTY:body	What is the brain?	en
DESC:def	What is metathesis?	en
NUM:dist	How far is New York from Prague?	en
LOC:country	What two South American countries do nt border Brazil	en
NUM:ord	What is the thirtieth planet?	en
ABBR:abb	In computing, GPU refers to what?	en
ENTY:animal	How big is a shark?	en
DESC:manner	In what way do entomologists collect?	en
DESC:manner	Describe how to ride a bicycle	en
NUM:dist	how many miles from Rome to Hispania	en
HUM:ind	How does a philanthropist contribute?	en
HUM:gr	How is a jury selected?	en
ENTY:food	Whats known as The queen of Drinks	en
HUM:ind	Who played Lucas McCain on The Rifleman	en
NUM:date	When was the moon landing?	en
ENTY:dismed	What is ibuprofen?	en
NUM:count	What is the number of states of Colombia?	en
ENTY:instru	How do you use a stethoscope?	en
NUM:period	How long does a human live	en
ENTY:plant	What is a lily?	en
ABBR:abb	What does SAT stand for?	en
ABBR:abb	What is the abbreviation for Post Office Protocol?	en
LOC:country	What country was A Terrible Beauty to Leon Uris	en
LOC:city	What Asian city boasts the worlds biggest bowling alley	en
LOC:city	What city is the Kentucky Horse Park near	en
ENTY:plant	Where do pines grow?	en
ENTY:other	What is Novembers birthstone	en
ENTY:symbol	What does the at sign represent?	en
ENTY:letter	What letter is used for zinc on the periodic table?	en
ENTY:word	What does obsequious mean?	en
ENTY:color	What is color harmony?	en
ENTY:religion	How is Bahai lived?	en
LOC:country	What is the capital of Germany?	en
NUM:other	How many strings on a guitar?	en
ENTY:food	What is soda?	en
DESC:desc	How are contrasts described contrastively?	en
ABBR:abb	Whats the abbreviation for limited partnership	en
ENTY:body	How do plexuses form?	en
ENTY:lang	What language uses a logographic script?	en
ABBR:abb	What does Hz stand for?	en
ENTY:symbol	What is the $ symbol used for?	en
ENTY:sport	What is squash?	en
HUM:desc	How does a paleontologist study history?	en
ENTY:food	What are meat substitutes?	en
LOC:mount	What is Mount Everest?	en
LOC:landmass	What peninsula is Spain part of	en
ENTY:plant	Which plant has thorns for protection?	en
DESC:desc	Can you describe the Eiffel Tower?	en
ENTY:religion	What religion is Unity?	en
LOC:water	What are the names of all the seas in the world and what ocean do they drain into	en
ENTY:veh	How long is the turning diameter of a standard car?	en
NUM:perc	What percentage of workers have student loan debt?	en
ENTY:food	How are chickens?	en
HUM:gr	When the Tutankhamun exhibit was on display in the U.S., what moving company transported it	en
DESC:manner	How do biochemists analyze?	en
ENTY:lang	What is Russian known for?	en
ENTY:dismed	How is hypertension treated?	en
DESC:def	How do infinitives work?	en
ENTY:lang	What is Swedish known for?	en
NUM:perc	What percentage is services?	en
HUM:desc	What does a lawyer do?	en
LOC:other	Whats the closest G2 Spectrum Yellow Dwarf to Earth	en
ENTY:instru	What instrument measures sound?	en
ENTY:lang	What is Thai known for?	en
ENTY:body	What are tendons?	en
DESC:manner	How do I find out about jobs	en
ENTY:animal	Name a flying mammal	en
ENTY:veh	What is a sailboat?	en
DESC:manner	How do naturalists observe?	en
ENTY:animal	How do animals use materials?	en
ENTY:color	In order from the top, the four stripes on a can of Pepsi are what colors	en
LOC:landmass	Name 5 peninsulas	en
ENTY:religion	name all the religions still practiced in scandinavia	en
ENTY:plant	What plant is used in traditional Chinese medicine?	en
ENTY:instru	What is a telescope?	en
NUM:count	How many years make up a lustrum	en
DESC:desc	What creates geographic imagery?	en
DESC:manner	How do I tie a tie	en
ENTY:symbol	What is the % symbol used for?	en
ENTY:cremat	What daily newspaper will help you see clearer across the USA	en
ENTY:cremat	What is a death ritual?	en
NUM:count	What is the population of Colombia?	en
ENTY:symbol	What is the symbol for silver on the periodic table?	en
ENTY:food	What is rye?	en
ENTY:product	Which tablet is best for drawing?	en
ENTY:color	How does trend color work?	en
LOC:country	What bordering country is due north of Costa Rica	en
ENTY:plant	Which plant has the largest leaves?	en
ENTY:instru	How do you use a saxophone?	en
ENTY:letter	What letter does Gorbachevs middle name start with	en
ABBR:abb	What does CSS control?	en
NUM:count	What is the number of states of Mexico?	en
DESC:desc	How is dance described?	en
HUM:title	How does a Provost lead?	en
ENTY:letter	What is the script in grammar?	en
DESC:def	How does pragmatics study?	en
HUM:ind	Tell me about Stephen Hawking	en
ABBR:exp	What does SWZ expand to?	en
DESC:def	What are coral reefs	en
HUM:title	Who holds the title of Archbishop?	en
LOC:state	What is Indiana known for?	en
ENTY:color	How do anthocyanins color?	en
ENTY:lang	Which language has no alphabet?	en
LOC:landmass	How are canyons formed?	en
ENTY:veh	What is a blimp used for?	en
HUM:ind	How does a philosopher contribute?	en
ENTY:substance	What is flour used for?	en
ENTY:food	How are chocolates made?	en
ENTY:word	What does bounded mean?	en
ENTY:food	What whisky is known by the company it keeps	en
ENTY:termeq	What was spawned the term MiG Alley	en
ABBR:exp	What does MCO stand for?	en
HUM:gr	How is a board structured?	en
NUM:count	How many provinces in Canada?	en
DESC:manner	How do you write a book report	en
ENTY:veh	What was the name of Aristotle Onassiss yacht	en
ENTY:animal	What breed of hunting dog did the Beverly Hillbillies own	en
HUM:desc	Who is Charles Lindbergh	en
ENTY:instru	What device measures viscosity?	en
DESC:def	What is comparative method?	en
DESC:manner	How do grocers stock?	en
LOC:water	What is the Lake Baikal?	en
ENTY:techmeth	What are the best ways to improve employee morale at low cost	en
DESC:manner	How do refugees flee?	en
ENTY:body	How many bones does a human skeleton typically have?	en
NUM:perc	What percentage have red hair?	en
NUM:weight	What is the weight of an elephant?	en
DESC:reason	Why do plants require water?	en
NUM:perc	What percentage of children between the ages of two and eleven watch The Simpsons	en
NUM:period	How long does it take to achieve a black belt in martial arts?	en
ENTY:instru	How do you use a ruler?	en
DESC:def	What is neuropathy	en
NUM:perc	How much is carbon?	en
HUM:title	How are representatives?	en
ENTY:food	What are cruciferous vegetables?	en
ENTY:substance	What are the ingredients of Coca-Cola	en
LOC:landmass	How are valleys formed?	en
ENTY:animal	How big is a falcon?	en
ENTY:body	What is the function of the nail?	en
DESC:reason	Why do communities organize?	en
DESC:def	What is a dental root canal	en
NUM:ord	Im the nth child in my family. Which are you	en
LOC:city	Where is Bangkok?	en
DESC:def	What is the biblical meaning of stones	en
DESC:def	What is the VDRL test of blood	en
DESC:def	What is analogical change?	en
NUM:temp	What temperature is needed to bake bread?	en
DESC:manner	How is an executioner determined	en
ENTY:letter	How many vowels does the Icelandic alphabet have?	en
ENTY:cremat	What 1942 espionage movie reunited director John Huston with Maltese Falconers Humphrey Bogart, Mary Astor, and Sidney Greenstreet	en
ENTY:color	How is green measured?	en
LOC:city	What city is Logan Airport in	en
ENTY:religion	What is Judaism based on?	en
HUM:desc	Describe a typical designer	en
ABBR:exp	What does UNESCO expand to?	en
NUM:date	What year was the vaccine created?	en
NUM:code	What is the Unicode code for null?	en
DESC:reason	Why do trees shed?	en
DESC:manner	How did U.S.A become involved in the Barbary Wars	en
DESC:desc	What is the history of Spartacus, the Roman slave and gladiator	en
LOC:other	What California bridge was Don Brown the first to cross, on May 27, 1937	en
DESC:desc	How is strength described powerfully?	en
ENTY:color	What is scarlet?	en
DESC:reason	Why do species adapt?	en
DESC:def	What is an initialism?	en
ENTY:product	What is a TV?	en
ENTY:product	What is Nintendo Switch?	en
ENTY:instru	How many holes does a tin whistle have?	en
DESC:def	How would you define firewall?	en
ENTY:lang	How many people speak Bengali?	en
ENTY:veh	How many attachment points does a car door have?	en
ABBR:abb	What is the abbreviation for Transport Layer Security?	en
ENTY:dismed	What is obesity?	en
ENTY:substance	What is lead used for?	en
ENTY:food	What is sardine?	en
LOC:water	How deep is the Mariana Trench?	en
HUM:title	Who holds the title of Marshal?	en
NUM:count	Count the stars	en
NUM:volsize	How large is the Great Lakes?	en
NUM:other	What is the number of minerals?	en
DESC:reason	Why is the mile 528 feet	en
HUM:ind	Who invented Make-up	en
ENTY:substance	What is Jell-O made from	en
HUM:ind	Who was the first American citizen awarded the Albert Medal of the Society of Arts	en
ENTY:body	What is the function of the esophagus?	en
ENTY:food	What is tomato made from?	en
NUM:weight	How much does an adult male typically weigh?	en
ENTY:termeq	The operating system that runs on IBM-compatible machines is called what	en
DESC:def	What is the chunnel	en
NUM:volsize	How large is the Dead Sea?	en
ABBR:exp	What does G.M.T. stand for	en
HUM:desc	Who is William Wordsworth	en
HUM:ind	Who sang about Desmond and Molly Jones	en
HUM:title	How does a secretary assist?	en
LOC:landmass	What continent pushes up the Executive Committee mountain range	en
NUM:date	What is the busiest air travel season	en
ENTY:color	How do fashion colors change?	en
LOC:mount	What is Mount Kilimanjaro?	en
ABBR:abb	What does TB hold?	en
NUM:volsize	How big is the Great Wall of China?	en
ENTY:letter	How many letters does the Vietnamese alphabet have?	en
ENTY:body	What are complement proteins?	en
HUM:desc	What characterizes a great artist?	en
ENTY:termeq	How are sounds produced?	en
ABBR:exp	Spell out the acronym LED	en
LOC:water	What famed river flows through Bagdad	en
DESC:desc	How is color described poetically?	en
NUM:count	How many strings on a guitar are there?	en
ENTY:color	How does subtractive color work?	en
ABBR:abb	Explain the acronym RAM	en
ENTY:animal	What is the full classification of a lady bug	en
NUM:code	What is the Unicode code for newline?	en
NUM:weight	How much does a grain weigh in grams?	en
ENTY:cremat	What is a gravestone?	en
NUM:weight	How much does a medium apple weigh?	en
DESC:reason	Why do elections happen?	en
ABBR:abb	What does PDF stand for?	en
LOC:country	Where is Spain?	en
ENTY:letter	What is the letter that follows M in the English alphabet?	en
LOC:water	What sea is Bombay on	en
ABBR:abb	What does XML stand for?	en
HUM:desc	What is the role of a specialist?	en
NUM:period	How long does it take light to travel from the Sun to Earth?	en
DESC:def	How do word families relate?	en
DESC:reason	What causes obsolescence?	en
ENTY:body	What is the thyroid?	en
NUM:code	What is the HTML code for line feed?	en
ENTY:body	How does the stomach churn?	en
ABBR:abb	What is the acronym for Yottabyte?	en
HUM:title	How does a Supervisor lead?	en
HUM:ind	Who was the Democratic nominee in the American presidential election	en
ENTY:instru	What is a screwdriver?	en
DESC:reason	Why do memories form?	en
ABBR:exp	What does NASDAQ stand for	en
DESC:def	What do we mean by metabolism?	en
ENTY:animal	What is a bird?	en
ENTY:body	Which set of body parts is found in the upper limbs	en
HUM:ind	What did Alexander the Great do?	en
ENTY:food	What snack food has ridges	en
DESC:def	How do channels transmit?	en
ABBR:abb	What is RAM short for?	en
NUM:period	How long is the typical duration of a bankruptcy proceeding?	en
LOC:city	What is one of the cities that the University of Minnesota is located in	en
LOC:country	What country boasts the southernmost point in continental Europe	en
LOC:state	What is the capital of New Hampshire?	en
LOC:city	What Italian city of 155 were Leonardo da Vinci, Michaelangelo, and Machiavelli all working in	en
ENTY:instru	How many strings does a mandolin have?	en
ENTY:body	How does the uterus change?	en
LOC:country	How is a federation governed?	en
NUM:weight	Meat loses 18% of its weight by smoking. How much raw meat butcher used to manufacture 35 kilos of smoked	en
ABBR:abb	HDD abbreviates what?	en
ENTY:veh	How long does it take to fully charge an electric bus?	en
ENTY:animal	What was the name of the horse that fell on Queen Elizabeth, Prince Alberts wife	en
HUM:title	How does a principal lead a school?	en
LOC:city	What is Berlin?	en
HUM:title	what was einsteins job	en
ENTY:substance	What fuel do airplanes use	en
ENTY:religion	How many Atheists are there?	en
ENTY:body	What is the throat?	en
ENTY:color	What are betalains?	en
LOC:country	What nationality is Ileana Cotrubas	en
ENTY:word	What is the most famous German word in the English language	en
ENTY:letter	What is the pronunciation of the letter R in English?	en
DESC:def	What is Shalom	en
ENTY:animal	What makes consciousness debated?	en
NUM:dist	How far is Cairo from Giza?	en
ENTY:instru	What is a compass?	en
NUM:temp	What is the highest temperature ever recorded on Earth?	en
ENTY:currency	What currency does Peru use?	en
DESC:reason	What are the most common causes of death in the U.S.	en
ENTY:food	What is butter made from?	en
ENTY:color	How does color matching function?	en
ENTY:word	How many synonyms does the word walk have?	en
ENTY:instru	What device measures cloud ceiling?	en
NUM:code	What is the HTML code for form feed?	en
ENTY:techmeth	How does solar panel conversion work?	en
ENTY:lang	What language has the most words?	en
NUM:period	How many months does a human baby remain an infant?	en
HUM:desc	Who was Picasso	en
ENTY:product	What is the Ford Mustang?	en
ENTY:substance	What is glass used for?	en
ENTY:food	Where does pork come from?	en
ENTY:food	What is saffron?	en
DESC:reason	Why do seasons cycle?	en
ENTY:word	What does attenuated mean?	en
ENTY:food	What is lamb?	en
ENTY:food	Which breakfast cereal brought you the best each morning	en
ENTY:color	What color is a giraffes tongue	en
ENTY:other	Whats the most popular form of bridge	en
ENTY:food	What is bread?	en
ENTY:event	What was the worst hurricane	en
NUM:volsize	What is the volume of a human brain?	en
ENTY:animal	How big is a tiger?	en
LOC:other	Where is the bridge over the river Kwai	en
ENTY:dismed	What is the name of the medical condition in which a baby is born without a brain	en
ENTY:letter	How many letters does the Danish alphabet have?	en
LOC:mount	How high is Mount Cook?	en
ABBR:abb	What does YB mean?	en
ABBR:exp	What does TUR represent?	en
DESC:desc	What do you know about multicultural and multilingual schools	en
HUM:desc	Who was Leonardo da Vinci?	en
DESC:def	How does word choice affect meaning?	en
HUM:ind	Tell me about Carl Sagan	en
ENTY:other	What line of luggage is named after a famous American flier	en
DESC:def	What is Win Rah	en
NUM:weight	What is the weight of a standard deck of cards?	en
ENTY:substance	What are the properties of bleach?	en
ENTY:religion	What religion do Heathens follow?	en
LOC:landmass	What is Luzon?	en
ENTY:currency	What currency does Luxembourg use	en
LOC:city	Tell me about Venice	en
LOC:landmass	What is an archipelago?	en
ENTY:religion	What religion is Shamanism?	en
DESC:def	What is naproxen	en
ENTY:dismed	What is cystic fibrosis?	en
ENTY:sport	What is wrestling?	en
NUM:perc	How much of the worlds fresh water is frozen in glaciers?	en
ENTY:color	What color is Mr. Spocks blood	en
NUM:date	What year did WWII begin	en
DESC:reason	Why do blood vessels expand?	en
ABBR:exp	Expand the acronym dB	en
ENTY:dismed	What is a fear of sleep	en
ENTY:body	What is the largest organ in the human body?	en
LOC:country	What defines a country?	en
LOC:state	What is a parish?	en
ENTY:instru	What tool measures UV index?	en
LOC:water	How deep are oceans?	en
LOC:state	What New England state covers 5.9 square miles	en
HUM:desc	Describe a typical producer	en
ENTY:veh	What is the maximum towing capacity of a Toyota Tundra?	en
NUM:other	How many people live in Tokyo?	en
ENTY:animal	How do animals cooperate?	en
NUM:perc	What percentage of Earths surface is still unexplored?	en
HUM:gr	Who are the agnostics?	en
ABBR:abb	What does SOAP stand for?	en
ABBR:abb	What is the acronym for Internationalization?	en
DESC:reason	What causes rashes?	en
LOC:state	How are cantons administered?	en
LOC:other	Where did the Wright brothers make their first flight	en
LOC:water	What are the seven seas	en
LOC:state	What is the capital of Connecticut?	en
ENTY:body	Where is the heart chamber?	en
ENTY:color	How is shade created?	en
DESC:def	How would you define algorithm?	en
ENTY:dismed	What is Parkinsons disease?	en
NUM:dist	How far is London from Hong Kong?	en
ENTY:product	What do you use a headphones for?	en
ABBR:abb	What does sonar stand for?	en
HUM:gr	What do we call refugees?	en
ENTY:sport	What are the rules of baseball?	en
DESC:def	How does language change socially?	en
ENTY:animal	What makes magnetic sense useful?	en
HUM:gr	What civilization invented the arch	en
NUM:volsize	How much space does a solar system actually occupy?	en
ABBR:abb	Define the abbreviation HDD	en
ENTY:lang	What is Hungarian?	en
ENTY:instru	What device measures brightness?	en
NUM:period	How many years ago did humans first walk on the moon?	en
NUM:dist	What is the width of a football field	en
ENTY:substance	What is neon?	en
ENTY:termeq	What is the dialogue circle in cartoons called	en
ENTY:termeq	What is the Scotch for people who know the difference	en
ABBR:exp	What does KOR represent?	en
ENTY:plant	Which plant is used for crop rotation?	en
NUM:date	When did the signing of the Magna Carta occur?	en
NUM:period	How many days does a business trip usually last?	en
NUM:code	What is the HTML color code for white?	en
NUM:period	How long did Rip Van Winkle sleep	en
ENTY:substance	What is gold used for?	en
LOC:country	What country received all the Nobel Prizes awarded in 1976	en
ENTY:religion	What religion do Wahhabi Muslims follow?	en
HUM:gr	What record company produced the 1978 movie The Wiz	en
NUM:weight	How much does sand on a beach weigh?	en
ENTY:religion	What religion do Ahmadi Muslims follow?	en
ENTY:instru	What tool measures force?	en
HUM:ind	What painter popularized soup cans and Brillo soap pad boxes	en
NUM:dist	how many astronomical units from the sun to the kuiper belt	en
ABBR:abb	API is an abbreviation for what?	en
LOC:water	Where is the Great Salt Lake?	en
ENTY:dismed	How does hypertension develop?	en
ABBR:exp	What does GGY represent?	en
ABBR:exp	What does KEN stand for?	en
ENTY:word	How many letters does the word antidisestablishmentarianism have?	en
ABBR:exp	What does NOR stand for?	en
LOC:landmass	What Caribbean island is sometimes called Little England	en
ENTY:letter	How many handwritings are in English?	en
DESC:def	What is humidity	en
NUM:dist	What are the lengths of pearl necklaces	en
ENTY:animal	What makes instinct innate?	en
ENTY:body	How do labia protect?	en
ABBR:exp	Expand the acronym SOAP	en
NUM:period	What is the age when most humans stop growing taller?	en
NUM:ord	Who came in fourth place?	en
LOC:city	What North American city boasts the biggest Polish population	en
ENTY:other	How are historical locations identified?	en
NUM:perc	What percentage of Earths energy comes from renewable sources?	en
LOC:other	On what avenue is the original Saks department store located	en
DESC:manner	How do actors portray characters?	en
LOC:state	What is a district?	en
DESC:def	What is a Cartesian Diver	en
DESC:desc	What verbs create movement imagery?	en
ENTY:food	How are birds?	en
NUM:volsize	What size is a laptop screen?	en
ABBR:abb	What is the abbreviation for User Interface?	en
NUM:date	What year did the first issue of Playboy come out	en
ENTY:instru	What is a wrench used for?	en
NUM:count	Count the plants	en
ABBR:exp	What does AUS stand for?	en
DESC:reason	Explain why seasons change	en
ENTY:cremat	What kind of books does Fodors publish	en
DESC:manner	Describe how to paint a wall	en
ENTY:other	What defines a historical landmark?	en
NUM:count	How many Stradivarius violins were ever made	en
ABBR:exp	UV stands for what exactly?	en
ABBR:exp	What does GRC stand for?	en
ENTY:product	What noise-canceling earbuds exist?	en
DESC:reason	Why are the U.S. presidential elections held in November	en
LOC:state	What U.S. state has the lowest highest elevation at 6 feet	en
LOC:landmass	What continent is Norway part of?	en
ENTY:currency	What is the currency of Chile?	en
ENTY:instru	What is a Piano?	en
LOC:water	Where is the Arctic Ocean?	en
DESC:desc	Describe the Aurora Borealis	en
ENTY:event	Tell me about the Renaissance	en
ENTY:substance	What are the properties of vinegar?	en
ENTY:color	What is a common pink item?	en
HUM:desc	What does a chef do?	en
ENTY:lang	Which language is the most widely learned?	en
NUM:dist	how many AU from the sun to venus	en
DESC:manner	How can I determine the radius of an ellipse	en
NUM:perc	What percentage of people are tall?	en
ABBR:exp	ASAP stands for what?	en
ENTY:veh	How many gears does a typical semi-truck transmission have?	en
DESC:manner	How do leaders command?	en
NUM:perc	What percentage of people have asthma?	en
LOC:city	Where is Seoul?	en
NUM:period	What is the age requirement to vote in the United States?	en
ENTY:product	What do you use a hairbrush for?	en
DESC:manner	How does an ion drive work	en
ENTY:religion	How do Muslims pray?	en
ENTY:letter	What letter is consonant?	en
ENTY:dismed	How is cystic fibrosis treated?	en
DESC:def	What is the definition of philosophy?	en
NUM:date	What year was World War II?	en
DESC:manner	How does a scientific calculator work	en
NUM:code	What is the hexadecimal code for newline?	en
DESC:desc	How are actions?	en
NUM:volsize	How big is a typical apartment in square meters?	en
ENTY:lang	What is Mandarin?	en
ABBR:exp	What does JEY expand to?	en
ENTY:animal	What makes estivation important?	en
ENTY:word	What is another word for loud?	en
NUM:money	What is the cost of a restaurant meal?	en
HUM:desc	How does a dietitian create meal plans?	en
LOC:city	Which city in Canada is the least-populated	en
HUM:desc	What does a doctor do?	en
ENTY:word	How many letters does rhythm have?	en
HUM:ind	Who appointed the chair of the Federal Reserve	en
ENTY:techmeth	How does gradient boosting function?	en
ENTY:other	What is a historical narrative?	en
NUM:volsize	How big is a sheet of paper?	en
LOC:country	What two Caribbean countries share the island of Hispaniola	en
NUM:weight	What is the weight of a strand of human DNA?	en
NUM:count	What is the number of countries?	en
ENTY:currency	What is the krona?	en
LOC:state	How are special districts administered?	en
ENTY:color	How does ombre coloration?	en
ENTY:color	What is your favorite color	en
NUM:speed	How fast is the speed of light	en
ENTY:body	What is the epidermis?	en
DESC:manner	What is the method for ride a bicycle?	en
ENTY:other	What must be exceeded to produce a sonic boom	en
ENTY:food	What is water?	en
HUM:desc	Who is Zebulon Pike	en
ENTY:sport	What is swimming?	en
ENTY:substance	What kind of crystals exist	en
ENTY:techmeth	What is Gaussian mixture model?	en
ENTY:veh	What is the turning radius of a semi-truck?	en
ENTY:instru	What is a Tuba?	en
ENTY:termeq	Whats the common name for a Japanese dwarf tree	en
ENTY:other	What was introduced commercially by Bayer A.G. of Leverkusen, in 1899	en
ENTY:currency	What is the euro?	en
NUM:weight	A recipe requires 2 pounds of flour. If a chef wants to triple the recipe, how many ounces of flour will be needed	en
NUM:other	What is Eulers number?	en
ENTY:lang	Where is Portuguese spoken?	en
LOC:country	What is a federation?	en
NUM:count	How many layers of yellow paint is a Faber Mongol pencil lucky enough to be sprayed with	en
NUM:code	What is the Unicode code for space character?	en
ENTY:dismed	What is hepatitis?	en
NUM:other	What is the population of Mexico City?	en
HUM:desc	What does a toxicologist study?	en
ABBR:exp	What does TKM represent?	en
ENTY:animal	How do diurnal animals adapt?	en
HUM:desc	What is a tutor?	en
ENTY:veh	What is the seating capacity of a Toyota Sienna minivan?	en
ENTY:animal	How do animals react?	en
ENTY:lang	Which language has the most words	en
ENTY:veh	How fast can a hypersonic aircraft travel?	en
ENTY:substance	What is a golf ball made of	en
ABBR:abb	Explain the acronym DNS	en
ENTY:sport	What are the rules of basketball?	en
ENTY:symbol	Whats the symbol for the zodiacal sign Gemini	en
NUM:count	How many feet in a mile	en
ENTY:cremat	What film marked Robert Redfords directorial debut	en
DESC:manner	How do mycologists culture?	en
HUM:title	What does Nicholas Cage do for a living	en
ENTY:veh	What is a rocket?	en
LOC:city	What country is Tokyo in?	en
DESC:reason	Why does eclipses happen?	en
ENTY:religion	What is your religion	en
ENTY:plant	What is a rose?	en
ENTY:cremat	What was the first video ever made	en
ENTY:symbol	What is the celtic symbol for life	en
DESC:def	What is Ursa Major	en
DESC:def	How would you define democracy?	en
ENTY:termeq	Is big the same as large?	en
NUM:period	How many hours should screen time be limited to?	en
DESC:manner	In what manner do teachers instruct?	en
ENTY:body	How do motor units work?	en
ENTY:veh	What is the ground clearance of a Hummer H2?	en
DESC:manner	How do botanists classify?	en
LOC:city	In what city is the US Declaration of Independence located	en
LOC:mount	Examples of Fold mountains	en
DESC:def	What is diffusion?	en
ENTY:lang	Where is Arabic spoken?	en
DESC:desc	What captures hopelessness?	en
ABBR:abb	What does UNICEF mean?	en
ENTY:body	How does plasma transport?	en
DESC:manner	How can I call a friend in another country when I do not know the telephone number	en
LOC:water	What lake in Scotland is said to hold one or more monsters	en
ENTY:other	How are ancient texts preserved?	en
HUM:desc	What is a lawyer?	en
ENTY:symbol	What is a musical symbol?	en
ABBR:abb	What is the acronym for Internet Message Access Protocol?	en
ENTY:body	What is the thymus?	en
ENTY:lang	What is English known for?	en
NUM:other	How many moons does Jupiter have?	en
ENTY:dismed	What is chronic constipation a symptom of	en
DESC:def	How do acronyms create?	en
DESC:def	What is entailment?	en
NUM:speed	How fast can a jackrabbit run?	en
LOC:city	What makes a metropolis a city?	en
NUM:ord	What is the fifth place?	en
ENTY:lang	Where is Polish spoken?	en
LOC:state	What is the capital of Indiana?	en
ENTY:religion	What religion do Fundamentalist LDS members practice?	en
ENTY:cremat	What is the name of a Salt Lake City newspaper	en
ENTY:plant	Which plant is the fastest photosynthetic?	en
NUM:ord	What is the fourth position?	en
ENTY:religion	What do Christianity followers believe?	en
NUM:perc	What percentage of the worlds population lives below the equator?	en
HUM:gr	What company tabulates the ballots in voting for the Academy Awards	en
ENTY:letter	How many letters does the Scottish Gaelic alphabet have?	en
ENTY:animal	What is the friendliest animal in the world	en
ENTY:body	What is the function of the leg?	en
ENTY:lang	Which language is spoken in the most countries?	en
ENTY:event	Tell me about the fall of the Berlin Wall	en
ENTY:techmeth	What is the technique for carbon capture?	en
ENTY:dismed	How do parasites feed?	en
ENTY:substance	What are fingernails made of	en
ABBR:abb	What does UNESCO stand for?	en
ABBR:exp	What does ORM expand to?	en
DESC:manner	Describe how to plant a seed	en
ABBR:exp	What does TUR stand for?	en
NUM:weight	What is the weight of a human fat tissue?	en
ENTY:animal	What was the name of the orca that died of a fungal infection	en
ENTY:currency	How many euros are equal to one dollar?	en
LOC:mount	Where is Mount Denali?	en
ENTY:color	What is blue?	en
DESC:def	What is interference?	en
LOC:city	What country is Seoul in?	en
ENTY:food	What is strawberry?	en
ENTY:body	How many sweat glands does a human have?	en
DESC:manner	In what way do scholars analyze?	en
DESC:manner	How do people dance?	en
ABBR:exp	What do the letters in CPU stand for?	en
ENTY:product	What is a laptop?	en
LOC:mount	Which mountain is the highest in the Himalayas?	en
NUM:weight	How much does a chicken egg weigh?	en
ENTY:animal	What makes feces communication?	en
DESC:desc	What captures difficulty?	en
ENTY:color	How does Müllerian mimicry work?	en
DESC:reason	Why is we dream?	en
ENTY:dismed	What is a fear of sourness	en
NUM:count	How many casinos are in Atlantic City, NJ	en
ENTY:animal	What is a tiger?	en
NUM:code	What does error code 503 mean?	en
ENTY:instru	What is the purpose of a barometer?	en
DESC:reason	What causes tsunamis?	en
LOC:city	How are cities?	en
DESC:manner	How do you do a bibliography with an unknown author	en
LOC:water	What are all the rivers in Europe	en
LOC:landmass	What is Caucasus?	en
ENTY:termeq	What is an antonym for happy?	en
ENTY:currency	What is the Canadian dollar?	en
ENTY:product	What is the Chevrolet Corvette?	en
HUM:gr	What do we call Gen X?	en
LOC:country	What two European countries entered the War of American Independence against the British	en
ABBR:exp	What does CRUD expand to?	en
ABBR:abb	What does GPU render?	en
DESC:reason	What is Black Hills, South Dakota most famous for	en
ENTY:veh	What is a canoe used for?	en
NUM:period	What is the average age of menarche in girls?	en
LOC:state	What is the capital of Pennsylvania?	en
ENTY:symbol	What does the heart represent?	en
NUM:period	How long is the typical duration of a flu infection?	en
NUM:other	What is the population of the United States	en
ABBR:exp	What does SDN represent?	en
ABBR:abb	What is the acronym for Megahertz?	en
ENTY:letter	How many letters does the Irish alphabet have?	en
DESC:reason	What causes asthma	en
ENTY:veh	What is the seating capacity of a Chevy Suburban?	en
NUM:perc	What percentage of Earths surface is protected land?	en
ABBR:exp	What does IDN stand for?	en
ENTY:substance	What is hydrogen made of?	en
NUM:date	When did Israel begin turning the Gaza Strip and Jericho over to the PLO	en
HUM:desc	What does a pilot do?	en
DESC:desc	What is the history of the hairdryer	en
ABBR:abb	What does VoIP enable?	en
LOC:mount	Whats the second-highest mountain in the world	en
ENTY:event	What war did the Potsdam Conference follow	en
NUM:dist	How far is New York from Hong Kong?	en
NUM:dist	How far is Tokyo from Rome?	en
ENTY:animal	What is a emu?	en
LOC:city	Tell me about Singapore	en
ABBR:abb	What does CPU process?	en
NUM:count	What is the number of mountains?	en
NUM:money	How much money does a back injury lawsuit get	en
NUM:count	What is the number of provinces of Japan?	en
LOC:state	What is the capital of Colorado?	en
NUM:date	When did Hawaii become a state	en
ENTY:word	What is another word for sad?	en
ENTY:techmeth	What is random forest technique?	en
ENTY:product	Which sander is random orbit?	en
ENTY:lang	Where is Italian spoken?	en
ENTY:color	What is a common magenta item?	en
DESC:manner	How can I get in touch with Michael Moore of Roger & Me	en
LOC:water	What colorful seas region does Greek legend say the Amazons lived near	en
DESC:def	How does assonance work?	en
ENTY:color	How does environment affect?	en
NUM:speed	How fast does a typical electric car accelerate?	en
ENTY:word	What is another term for small?	en
NUM:period	How long is a football season?	en
ENTY:animal	How do mollusks move?	en
NUM:count	How many years of schooling after highschool does it take to become a neurosurgeon	en
NUM:temp	What is the melting point of gold?	en
ENTY:veh	what fictional spacecraft do you know about	en
NUM:weight	How much does a standard paperback book weigh?	en
HUM:desc	How does a director work?	en
DESC:desc	What does Freddy Freeman say to become Captain Marvel Jr.	en
ENTY:food	What is seafood?	en
DESC:reason	Why do they call a hamburger a hamburger when there is no ham	en
ENTY:color	What color is a sunflower?	en
ENTY:body	What is the colon?	en
ENTY:other	What does a farrier put shoes on	en
NUM:volsize	What is the volume of a basketball court?	en
LOC:state	What is Tennessee known for?	en
LOC:other	What London street claims to be the world center for mens tailoring	en
DESC:desc	How are emotions described in writing?	en
ENTY:animal	How big is a dolphin?	en
LOC:water	What famed river was Hernando de Soto the first European to see	en
DESC:desc	How are characters?	en
DESC:def	What is a False Moon	en
ENTY:instru	What tool measures lung capacity?	en
ENTY:lang	Which language is spoken in Switzerland?	en
LOC:state	What state is Mount McKinley in	en
ENTY:veh	What is the standard color of school buses?	en
HUM:desc	Describe a typical biologist	en
ABBR:abb	What is meant by URL?	en
ENTY:color	How does lighting affect?	en
ENTY:animal	What makes landmark navigation useful?	en
ENTY:sport	What sport does Chris Jogis play	en
ENTY:sport	What are the rules of sprinting?	en
ENTY:food	Which cheese is known as the King of English cheeses	en
NUM:period	What is the average lifespan of a crow?	en
ENTY:product	What streaming service has the most shows?	en
HUM:desc	How does a botanist study plants?	en
HUM:ind	In the movie Groundshog Day what is the name of the character played by Andie MacDowell	en
DESC:def	How does dominance manifest?	en
DESC:reason	What makes salt	en
NUM:date	What date is Halloween?	en
HUM:title	How does a President lead?	en
ENTY:cremat	What does Knight Ridder publish	en
ENTY:symbol	What is the € symbol used for?	en
NUM:count	Count the mountains	en
ENTY:techmeth	What is 3D printing technology?	en
ENTY:cremat	How are ashes scattered safely?	en
ENTY:lang	What is the official language of Thailand?	en
DESC:reason	Why do immune systems activate?	en
HUM:title	What is a Chairperson?	en
LOC:mount	What is the height of Cascade Range?	en
ENTY:color	What is color metaphysics?	en
NUM:money	What is the price of a car wash?	en
ABBR:exp	JSON stands for what exactly?	en
LOC:water	What is the largest natural lake in Pennsylvania	en
DESC:manner	Describe how to public speaking	en
LOC:other	Where is Erykah Badu originally from	en
ENTY:dismed	What causes tuberculosis?	en
ENTY:dismed	How is autism treated?	en
HUM:ind	Who sought to create The Great Society	en
LOC:other	What desert has the highest sand dunes	en
ENTY:animal	What makes extinction permanent?	en
DESC:reason	What incident caused the canning of a summit conference between Eisenhower and Khrushchev	en
DESC:desc	How are textures described tactilely?	en
NUM:other	How many people on Earth?	en
ENTY:body	What is the function of the trachea?	en
ABBR:abb	In computing, SSD refers to what?	en
NUM:speed	How fast does a kangaroo hop?	en
LOC:water	What connects to the English Channel?	en
ENTY:termeq	What is Latin for incompetent	en
ENTY:body	What is the liver?	en
DESC:manner	How do fish swim?	en
HUM:desc	What does an immunologist study?	en
ENTY:food	How are vegetables cultivated?	en
DESC:def	What is turn-taking?	en
LOC:water	What body of water are the Canary Islands in	en
ENTY:dismed	What is a fear of children	en
ENTY:instru	What device measures radiation dose?	en
ENTY:instru	What device measures tide height?	en
ENTY:veh	What is a UTV?	en
ENTY:plant	What is the oldest living tree?	en
NUM:temp	At what temperature do most metals melt?	en
ENTY:product	What product doubles your pleasure, doubles your fun	en
NUM:temp	At what temperature does milk pasteurize?	en
NUM:temp	What is the temperature at the surface of Mars?	en
DESC:def	How do indexes function?	en
ABBR:abb	SOAP is an abbreviation for what?	en
ENTY:instru	What is the function of a densitometer?	en
ENTY:symbol	what symbol represents the square root of negative one	en
HUM:ind	Tell me about Winston Churchill	en
ENTY:currency	What is the currency of Indonesia?	en
ENTY:product	What is BMW?	en
NUM:period	How many years ago was the invention of the internet?	en
NUM:ord	How is fourth written?	en
NUM:perc	What fraction of a beavers life is spent swimming	en
ABBR:abb	What does an abbreviation stand for?	en
LOC:state	What is the capital of Alabama?	en
ENTY:techmeth	What measures did Clinton take to avoid the draft	en
ENTY:product	What was the first satellite to go into space	en
ENTY:lang	What is Finnish?	en
NUM:volsize	What is the size of the International Space Station?	en
ENTY:symbol	Where is the swastika symbol used?	en
ABBR:abb	Define the abbreviation WiFi	en
ABBR:exp	SSL means what in full form?	en
ABBR:exp	What does MLI stand for?	en
DESC:desc	What captures vulnerability?	en
DESC:def	What is chromatology	en
LOC:water	How salty is the Pacific Ocean?	en
HUM:title	What is a Pope?	en
LOC:water	What connects to the Baltic Sea?	en
ENTY:event	What holidays are celebrated in Ireland	en
LOC:other	Where did surfing originate	en
LOC:city	Where is Dubai?	en
DESC:reason	What causes losses?	en
ABBR:exp	LED is short for what exactly?	en
LOC:mount	Where is the Alps?	en
ENTY:color	What color tennis balls are used at Wimbledon	en
ENTY:symbol	What symbol do people commonly fail to understand the message that it denotes	en
NUM:volsize	What is the volume of a typical house?	en
ENTY:dismed	What is a fear of water	en
LOC:water	What river flows between Fargo, North Dakota and Moorhead, Minnesota	en
HUM:desc	How are neurologists?	en
NUM:perc	What percent liked Thatcher after she had been in power for a decade	en
ENTY:color	What color, s, appear on boxes of Kodak film	en
ENTY:symbol	What symbol denotes hashtag?	en
ENTY:substance	What are the properties of wood?	en
LOC:country	What is a state?	en
HUM:desc	What does a novelist do?	en
NUM:date	What geological time do we live in	en
NUM:ord	What ordinal number reflects the position of the number 3 in the set of prime numbers	en
DESC:reason	What causes nightmares?	en
ENTY:dismed	How do pandemics spread?	en
HUM:gr	What is a activists?	en
NUM:count	What is the number of regions of Germany?	en
NUM:other	What is the number of animals species?	en
HUM:desc	How does a urologist treat patients?	en
DESC:desc	What happened to Moon Maiden	en
LOC:city	Which large U.S. city had the highest murder rate for 1988	en
LOC:city	What city is also known as The Gateway to the West	en
ENTY:sport	What is snowboarding?	en
ENTY:instru	What is the purpose of a gyroscope?	en
ENTY:product	How does an e-reader work?	en
ENTY:product	What is a boat made of?	en
DESC:manner	In what manner do fishers cast?	en
LOC:other	Where are the busiest ports in the world	en
DESC:desc	What is the origin of the word sideburns	en
NUM:date	Whats the first day of the week	en
NUM:dist	How far is London from Istanbul?	en
ENTY:animal	What Triple Crown-winning horse took the 1973 Belmont Stakes by 31 lengths	en
NUM:period	How long does it take light to reach the Earth from the Sun	en
HUM:title	What is a Bishop?	en
LOC:country	What South American country won its first World Cup soccer title in 1978	en
DESC:reason	What is the S&P 500 used for	en
ENTY:color	How does physics explain?	en
ENTY:substance	What are the properties of water?	en
ENTY:plant	Where do apples grow?	en
ENTY:animal	What is the name of Roy Rogers dog	en
ENTY:plant	What plant has edible roots?	en
ENTY:word	What does imprisoned mean?	en
HUM:title	What rank is Associate Justice?	en
NUM:period	How many days does a typical cold last?	en
HUM:title	How does a provost work?	en
NUM:dist	How far is New York from Los Angeles?	en
NUM:dist	How tall was the animated Frankenstein	en
DESC:desc	Whats the difference between TFT and dual-scan display	en
NUM:ord	What is the eighth book in the series?	en
ENTY:letter	What letter is used for gold on the periodic table?	en
ENTY:cremat	Which comic book was not spawned directly from the pulp magazines	en
ENTY:body	Where is the artery?	en
ENTY:instru	How do you use a accordion?	en
ENTY:animal	How do animals use autotomy?	en
ENTY:dismed	What is a virus?	en
ENTY:word	What does limited mean?	en
ABBR:exp	What does DNK represent?	en
ENTY:letter	What is the pronunciation of Þ in Icelandic?	en
ENTY:instru	What device measures wavelength?	en
HUM:gr	How is a unit organized?	en
LOC:country	What is the capital of France?	en
ENTY:animal	What makes glandular secretions vital?	en
NUM:count	How many points make up a perfect fivepin bowling score	en
LOC:mount	What is the height of Mount Fuji?	en
NUM:date	What year was the invention of the printing press?	en
ENTY:body	How many chambers does the human stomach have?	en
ENTY:dismed	What is whooping cough?	en
ENTY:body	How do macrophages engulf?	en
LOC:city	What city is sometimes called The Athens of Switzerland	en
ABBR:abb	What is meant by OLED?	en
HUM:desc	What does a cardiologist do?	en
LOC:state	How are territories administered?	en
NUM:code	What is the Unicode code for escape character?	en
ENTY:instru	How do you use a microscope?	en
LOC:water	Where is the Southern Ocean?	en
ENTY:letter	What is the letter in grammar?	en
DESC:reason	What is the reason dinosaurs went extinct?	en
ENTY:dismed	What causes malaria?	en
ENTY:plant	What is a fruit?	en
LOC:water	What is the longest river in the United States	en
HUM:desc	Describe a typical architect	en
HUM:title	Who painted Guernica?	en
ENTY:lang	Where is Turkish spoken?	en
ENTY:other	What are the 7 Wonders of the World	en
ENTY:product	How does a dishwasher clean?	en
ENTY:currency	How many yen are in a dollar?	en
LOC:landmass	How are plateaus?	en
DESC:reason	Why is leaves change color in fall?	en
DESC:desc	What captures conclusion?	en
ENTY:religion	What is Unitarianism?	en
HUM:ind	Tell me about Isaac Newton	en
HUM:title	How are presidents?	en
HUM:ind	How does a mathematician contribute?	en
HUM:desc	What does a counselor do?	en
DESC:manner	In what way do detectives investigate?	en
LOC:landmass	What is a island?	en
ENTY:termeq	What is another word for automobile?	en
NUM:period	How old was the youngest president of the United States	en
HUM:ind	Who banned Peter Rose from baseball for betting on games	en
ENTY:word	What is the plural of the word goose?	en
ABBR:abb	What is Mikhail Gorbachevs middle initial	en
ENTY:dismed	What is common cold?	en
ENTY:currency	How many pesos are in a dollar?	en
NUM:period	What is the typical duration of a movie credits roll?	en
LOC:other	Where do hyenas live	en
NUM:period	How long does it take for your blood to make one complete trip through the body	en
ENTY:body	How does the colon absorb?	en
ENTY:letter	How many letters does the Russian Cyrillic alphabet have?	en
ENTY:sport	How is fencing conducted?	en
ENTY:currency	What is the money they use in Zambia	en
ABBR:exp	ROM is short for what exactly?	en
ENTY:veh	What is a refrigerated truck?	en
LOC:state	What is Washington known for?	en
ENTY:animal	How big is a antelope?	en
ENTY:event	Tell me about the moon landing	en
NUM:dist	How long was Maos 1930s Long March	en
HUM:ind	Tell me about Nelson Mandela	en
ENTY:cremat	What film was based on the play Everybody Comes to Ricks	en
ENTY:symbol	What is the ← symbol used for?	en
HUM:gr	Who are the knights?	en
ENTY:lang	Where is English spoken?	en
NUM:other	What is the number of mountain ranges?	en
NUM:period	What is the standard duration of a music album?	en
ENTY:animal	How do animals secrete?	en
NUM:perc	What percentage of the suns energy actually reaches Earths surface?	en
LOC:city	Tell me about Toronto	en
NUM:code	What is the hexadecimal code for bell?	en
NUM:ord	What ordinal number represents the position of Barack Obama in the succession of US presidents	en
NUM:ord	what place did you end up in	en
ENTY:religion	What do Confucianism followers believe?	en
DESC:desc	What is the Eiffel Tower like?	en
ENTY:veh	What was the first car launched into space	en
ENTY:veh	What is a bus?	en
LOC:city	Whats the capital of Iowa	en
NUM:count	What is the number of states of China?	en
LOC:country	Tell me about Japan	en
LOC:country	Tell me about South Africa	en
NUM:ord	What child are you in your family?First, second, third	en
ENTY:religion	What is Christianity based on?	en
ENTY:veh	What is a tank used for?	en
ENTY:veh	What is the fuel tank capacity of an 18-wheeler?	en
HUM:gr	What is a faculty?	en
NUM:perc	What percentage of Earths land is desert?	en
ENTY:termeq	What is the opposite of cold?	en
ABBR:exp	What does JAM expand to?	en
LOC:mount	Where is the Zugspitze?	en
NUM:period	How long is a fiscal year?	en
ABBR:exp	What does SWE stand for?	en
LOC:state	What is the capital of Idaho?	en
NUM:temp	What is the melting point of zinc?	en
NUM:dist	how tall is the tallest building	en
NUM:count	How many acres in a mile	en
ENTY:lang	What is the primary language of the Netherlands?	en
ENTY:techmeth	What is cloud computing?	en
NUM:ord	What is the seventh letter of the alphabet?	en
ENTY:veh	What is a fighter jet?	en
DESC:manner	What is the procedural method?	en
ABBR:exp	What does TUV stand for?	en
ENTY:animal	How do animals burrow?	en
ENTY:religion	What religion is Judaism?	en
NUM:speed	How fast is light?	en
ENTY:instru	What is a Harp?	en
ENTY:cremat	What is epitaph?	en
ENTY:product	What is a tablet?	en
HUM:desc	What is a counselor?	en
ENTY:color	How does anodizing work?	en
ENTY:food	How is condensed milk?	en
NUM:perc	What percentage of the brain is gray matter?	en
ENTY:animal	How do animals feel emotions?	en
LOC:state	Where is Virginia?	en
ABBR:exp	What does FJI stand for?	en
DESC:def	What do we mean by capitalism?	en
ABBR:exp	What does MAC represent?	en
DESC:def	What is a hormone	en
NUM:period	How many hours are in a work week?	en
ENTY:food	How is coconut oil extracted?	en
ABBR:exp	What does SVK expand to?	en
ENTY:dismed	What causes COVID-19?	en
ABBR:abb	CPU abbreviates what?	en
LOC:country	What are the top five oil-producing countries in the world	en
ENTY:food	What is sushi?	en
LOC:city	What is Istanbul?	en
LOC:mount	Which is the world’s longest mountain system	en
DESC:manner	How do you find the area of a circle	en
ABBR:abb	What does URL stand for?	en
ENTY:substance	What are the properties of carbon dioxide?	en
ABBR:exp	What does MNP expand to?	en
ENTY:religion	What is Wicca?	en
ENTY:religion	What is Divine Science?	en
DESC:def	What is Java	en
HUM:gr	What is a clergy?	en
NUM:volsize	What is the volume of the Grand Canyon?	en
NUM:period	How old is Stevie Wonder	en
ENTY:symbol	What are the signs of a country going into a recession	en
DESC:def	What is the definition of socialism?	en
ABBR:exp	What does BFA represent?	en
ENTY:techmeth	What is the method for composting?	en
ENTY:veh	How long does it take a bullet train to reach its maximum speed?	en
HUM:ind	Who was the captain of the tanker, Exxon Valdez, involved in the oil spill in Prince William Sound, Alaska, 1989	en
ENTY:cremat	What film had Bette Davis creating a scandal by wearing a daring red gown to a society ball	en
ENTY:other	What device provided a new way to listen to music in 1963	en
ENTY:termeq	What do we call dwelling in other words?	en
ENTY:currency	What is the dinar?	en
DESC:manner	How do climbers ascend?	en
DESC:manner	How do you solve Rubiks Cube	en
NUM:perc	What percentage of emails sent daily are classified as spam?	en
ENTY:other	What class is categorized as the bourgeoisie	en
ENTY:food	What is pepper made from?	en
DESC:manner	How can you be happy	en
DESC:manner	How do pilots fly aircraft?	en
ENTY:symbol	What is the star symbol?	en
DESC:manner	How do gardeners plant?	en
ENTY:event	What happened during the COVID-19 pandemic?	en
ENTY:substance	What is rubber?	en
LOC:mount	How high is Mount Logan?	en
NUM:perc	What percentage of the population has blue eyes?	en
LOC:mount	in tolkiens world, what mountain did Smaug the dragon inhabit	en
LOC:landmass	what archipelagos can you find in the Caspian sea	en
NUM:temp	What is the melting point of gold in Celsius?	en
ENTY:lang	Which language is spoken in Romania?	en
ENTY:food	What future movie treat was introduced to American colonists in 1603 by Native Americans	en
ENTY:color	How does polarization affect?	en
LOC:water	What is the English Channel?	en
ENTY:instru	What device measures speed?	en
NUM:dist	How far is New York from Singapore?	en
LOC:country	What is the capital of Czech Republic?	en
ENTY:instru	How do you use a trumpet?	en
ENTY:techmeth	What does the technique called cold fusion produce	en
NUM:temp	What is the melting point of platinum?	en
DESC:def	How would you define antibody?	en
NUM:other	What is the lifespan of a mayfly?	en
NUM:money	What is the price of Bitcoin?	en
ABBR:exp	What does FRA represent?	en
ENTY:currency	How are currencies valued?	en
NUM:perc	What percentage is land?	en
NUM:count	How many calories are in a tomato	en
ABBR:abb	What is meant by VPN?	en
LOC:state	What is the capital of California?	en
NUM:count	Count the islands	en
ENTY:cremat	What is the movie Jonathan Livingstone Seagull	en
ENTY:religion	Which religion originated in Saudi Arabia?	en
ENTY:plant	What does a cactus look like?	en
LOC:other	What erupts every hour at Yellowstone National Park	en
HUM:desc	Who was Thucydides	en
LOC:other	How are gardens?	en
ENTY:other	What did the Congress of Vienna establish	en
NUM:other	How many planets are there?	en
LOC:other	Where is the Danube	en
NUM:speed	What is the top speed of a cheetah?	en
ENTY:body	What is the penis?	en
ENTY:animal	What was the name of the Little Rascals dog	en
ENTY:food	Where does chicken come from?	en
ENTY:dismed	How is anxiety treated?	en
ENTY:termeq	What do we call couch in other words?	en
DESC:reason	Why do hairs grow?	en
ENTY:animal	What makes stress harmful?	en
ENTY:body	How many muscles control the human eye?	en
ENTY:sport	What is badminton?	en
DESC:def	What is the definition of photosynthesis?	en
ENTY:food	What is pasta made from?	en
LOC:city	What citys newspaper is called The Star	en
NUM:period	How long does it take for a scar to fade completely?	en
ENTY:termeq	Mississippi is nicknamed what	en
LOC:mount	What country has Appalachian Mountains?	en
LOC:city	What Russian city boasts the Hermitage Museum	en
DESC:desc	What conveys positional relationships?	en
LOC:landmass	What is a mountain?	en
DESC:manner	How do counselors guide?	en
DESC:def	What is the nature of learning	en
ENTY:event	Tell me about Woodstock	en
DESC:desc	What words convey feeling intensely?	en
DESC:reason	Why do populations grow?	en
LOC:city	Tell me about Hong Kong	en
NUM:count	What is the area of Canada?	en
NUM:ord	where did you rank in the olympics	en
NUM:volsize	What is the volume of a cup?	en
ENTY:color	What is a common crimson item?	en
DESC:reason	Why is dinosaurs went extinct?	en
HUM:title	What is a Professor?	en
ENTY:termeq	What is a synonym for dwelling?	en
ENTY:color	How do color mutations arise?	en
ENTY:religion	What do Pentecostalism followers believe?	en
DESC:reason	Why do flowers need sunlight?	en
ENTY:word	What does pragmatic mean?	en
ENTY:animal	How do animals use spines?	en
ENTY:currency	What is the Thai baht?	en
ABBR:exp	RF stands for what exactly?	en
ENTY:color	How do metamerism causes?	en
ENTY:body	What is the most complex organ in the human body?	en
ENTY:body	Which leg does a cat move with its left front leg when walking - its left rear or right rear leg	en
ENTY:plant	What plant has medicinal properties for colds?	en
ENTY:instru	What is a protractor?	en
ENTY:termeq	Whats the term for a young fox	en
LOC:city	How are territories organized?	en
ENTY:body	How many nail beds does a human have?	en
ENTY:dismed	What is a fear of strong light	en
ENTY:event	What happened during the September 11 attacks?	en
ENTY:religion	What religion is Lutheranism?	en
DESC:def	What is osteichthyes	en
ENTY:termeq	What is another word for autumn?	en
ENTY:body	What does the ear do?	en
ENTY:body	What does the rib do?	en
NUM:other	What is the atomic number of oxygen?	en
ABBR:exp	What does snafu stand for	en
ENTY:letter	What is the pronunciation of the letter Y in English?	en
LOC:mount	How high is Mount Popocatépetl?	en
ENTY:other	What killed Bob Marley	en
LOC:other	Where can I find the schematics to the windshield wiper mechanism	en
DESC:def	What is predicate nominative?	en
ENTY:body	What is the function of the foot?	en
LOC:city	What city is often called The Insurance Capital of the World	en
LOC:state	What state is Niagara Falls located in	en
ENTY:letter	How many letters does the Swedish alphabet have?	en
ENTY:symbol	which one do you think is the most important traffic sign	en
ENTY:color	What is a common salmon item?	en
NUM:perc	What is the probability that at least 2 out of 25 people will have the same birthday	en
ENTY:body	What is the function of the tongue?	en
ABBR:exp	What does AIA expand to?	en
LOC:city	What is Phoenix?	en
LOC:country	What continent is Brazil in?	en
ENTY:veh	How many gallons per mile does a city bus typically consume?	en
ENTY:color	What is fading?	en
ENTY:plant	Which plant is known for bioluminescence?	en
LOC:water	What is the Strait of Gibraltar?	en
ENTY:substance	What is glass made of	en
LOC:country	What is the capital of Canada?	en
HUM:ind	What did Nelson Mandela do?	en
ENTY:lang	What is Turkish?	en
NUM:period	What is the average life expectancy of a male in Ireland in 1996	en
ENTY:food	What is the worlds best selling cookie	en
NUM:period	For how long is an elephant pregnant	en
ENTY:body	What does the brain control?	en
LOC:state	What are the only two states that incorporate the Confederate battle flag in their flags	en
ENTY:plant	How do seeds germinate?	en
ENTY:color	What is a common silver item?	en
NUM:perc	What percentage of students pass the exam?	en
DESC:desc	Whats the origin of the word news	en
DESC:reason	Why do birds fly?	en
ENTY:animal	How do animals defecate?	en
HUM:gr	What armys motto is Blood and Fire	en
NUM:date	When was the airplane invented?	en
NUM:count	What is the population of Pakistan?	en
ENTY:body	What is the body’s largest muscle in the buttocks and helps humans maintain an upright posture	en
ENTY:other	How are sites excavated?	en
LOC:water	How salty is the Bering Sea?	en
NUM:money	How much did the Iran-Contra investigation cost	en
LOC:water	What water body is Z?	en
ENTY:food	What is ice cream made from?	en
ENTY:veh	How fast can a jet ski travel at maximum speed?	en
HUM:title	How does a Mayor lead?	en
HUM:title	What is a comptroller?	en
LOC:country	What is the capital of Iran?	en
ENTY:body	Where is the human skin least sensitive	en
LOC:landmass	What is a butte?	en
ENTY:lang	Where is Russian spoken?	en
LOC:other	Where are the headquarters of Eli Lilly	en
LOC:city	What city is terrorized by Dracula in The Night Stalker	en
DESC:desc	What captures understanding?	en
ENTY:animal	How do animals modify tools?	en
NUM:perc	What percentage of the sky is visible?	en
HUM:gr	Name the tree growing company	en
HUM:gr	What do we call Generation Z?	en
DESC:def	What is an auto-commentary	en
ENTY:animal	What makes agriculture dependent?	en
ENTY:other	What is predicted to topple over between 2010 and 2020	en
ABBR:exp	What does MAR stand for?	en
ENTY:animal	What was the name of Sergeant Preston of the Yukons lead dog	en
NUM:volsize	what is the volume of the observable universe	en
DESC:reason	What causes conservation?	en
NUM:weight	An empty can has a mass of 1/6 lb. When it is filled with sand, it has a mass of 7/12 lb. Find the mass of the sand in the can	en
DESC:desc	What is the origin of the word posh	en
ENTY:techmeth	What golfing accessory was patented by George Grant on December 12	en
ENTY:symbol	Where is the peace sign symbol used?	en
NUM:count	How many species are there?	en
NUM:code	What is the ASCII code for delete?	en
LOC:landmass	How are karst landscapes formed?	en
ENTY:veh	What is a loaner vehicle?	en
ABBR:abb	What does NASA stand for?	en
ABBR:abb	Explain the acronym VPN	en
LOC:state	How are provinces administered?	en
NUM:weight	how many kilograms	en
NUM:perc	What percentage of students fail the exam?	en
DESC:desc	How is order described orderly?	en
ENTY:animal	What rabbit got its name because its ears resembled those of a jackass	en
ENTY:currency	What is the symbol for drachma?	en
ENTY:animal	How do animals fight?	en
NUM:dist	what is the length of the eiffel tower	en
ENTY:letter	What is the letter that represents the number five in Roman numerals?	en
ENTY:cremat	What is the purpose of burial?	en
LOC:city	What makes a municipality a city?	en
NUM:temp	At what temperature does salt dissolve?	en
ENTY:word	What does conquered mean?	en
ENTY:body	What are sensory receptors?	en
ENTY:currency	What currency does Vietnam use?	en
NUM:weight	Dinesh ate 3 cookies, each with mass 1.45 g. What was the total mass of the cookies that he ate	en
ENTY:color	How do we perceive color?	en
ENTY:plant	What is a seed?	en
LOC:city	Tell me about Dublin	en
ABBR:exp	What does the channel ESPN stand for	en
ENTY:animal	What spider makes a superb pet, even said to recognize its master	en
NUM:count	How many penny-farthings are there on a Trivial Pursuit game board	en
ENTY:religion	which religions believe in purgatory	en
ENTY:instru	What device measures magnetic field?	en
LOC:state	Which two states enclose Chesapeake Bay	en
ENTY:body	What are seminal vesicles?	en
NUM:count	How many people are taller than 7 feet	en
ENTY:other	What was the 24-disc John Gabel Entertainer the first example of, in 1960	en
HUM:title	What rank is Colonel?	en
ABBR:exp	What does ESP stand for?	en
ENTY:color	What are color preferences?	en
NUM:volsize	what is the volume of the sun	en
NUM:code	tell me the pin to unlock the phone	en
ENTY:termeq	What is similar to fast?	en
ENTY:lang	Where is Finnish spoken?	en
ABBR:abb	What is the abbreviation for Unidentified Flying Object?	en
DESC:manner	In what way do scribes write?	en
LOC:mount	Where is Mount Vesuvius?	en
ABBR:exp	What does LVA expand to?	en
NUM:period	How long is the average incubation period for chicken eggs?	en
ABBR:abb	What does LASER produce?	en
ENTY:food	Where does pepper come from?	en
ENTY:currency	What is the currency of Russia?	en
ENTY:food	What does a tarantula eat	en
ENTY:cremat	What song served as the closing theme of The Johnny Cash Show	en
ABBR:abb	Define the abbreviation LED	en
HUM:gr	What television network flogged its sports programming on Inga Nielsens body in 197	en
ABBR:abb	USB abbreviates what?	en
ENTY:animal	How do fish breathe?	en
ENTY:color	How does culture affect?	en
NUM:volsize	What is the volume of the largest blue whale ever recorded?	en
HUM:desc	What is a prosecutor?	en
NUM:period	What is the age of consent in most Western countries?	en
ABBR:exp	Write out USB in full	en
ENTY:letter	How many fonts are in English?	en
ENTY:instru	What is a Clarinet?	en
DESC:def	How does assimilation function?	en
DESC:desc	What conveys sacred atmosphere?	en
ENTY:symbol	What does the ° symbol represent?	en
ABBR:exp	ATP stands for what exactly?	en
ENTY:food	What are lentils?	en
NUM:perc	What percentage of the brain do humans typically use?	en
NUM:period	How many hours is sleep?	en
DESC:reason	Why does dinosaurs went extinct?	en
ENTY:animal	How big is a moose?	en
ENTY:symbol	What symbol denotes copyright?	en
ENTY:food	What is the most heavily caffeinated soft drink	en
DESC:manner	How do you make the color purple	en
NUM:speed	What is the speed of a freight train?	en
NUM:dist	What is the distance of the International Date Line?	en
NUM:period	How many hours is a typical workday?	en
NUM:perc	What percentage of employees are remote?	en
DESC:manner	How do psychologists analyze?	en
ABBR:exp	What does BGD represent?	en
ENTY:food	What are flavor extracts?	en
NUM:date	When was the Hoover Dam constructed	en
NUM:volsize	How big is the Chappellet vineyard	en
ENTY:religion	What is the Yazidi faith?	en
ENTY:currency	What currency is used in Malaysia?	en
ABBR:exp	Write out OLED in full	en
ENTY:letter	What is the shape of the letter E?	en
DESC:def	What is homonymy?	en
NUM:speed	do you know what is the top speed of a U-boat	en
ENTY:lang	Where is Danish spoken?	en
HUM:desc	Describe a typical teacher	en
NUM:other	What is the population of Venezuela	en
ENTY:letter	What is the shape of the letter H?	en
ENTY:animal	What was the first domesticated bird	en
LOC:mount	What country has Mount Fuji?	en
LOC:other	What famed wall supports the Badaling turret	en
NUM:date	When was the first stamp issued	en
ABBR:exp	CIA stands for what exactly?	en
DESC:desc	What is the Amazon River like?	en
NUM:dist	What is the Earth-Moon distance?	en
ENTY:body	What are the adrenals?	en
HUM:gr	What new middle school was built in Philadelphia, Pennsylvania last year	en
LOC:water	What is the highest waterfall?	en
HUM:gr	What is a working group?	en
NUM:speed	how fast is voyager going	en
ENTY:instru	How do you use a piano?	en
ENTY:dismed	What is the name of the rare neurological disease with symptoms such as involuntary movements, tics, swearing, and incoherent vocalizations, grunts, shouts, etc.	en
ENTY:food	How is quinoa prepared?	en
ENTY:body	How do veins return blood?	en
ENTY:symbol	What is the ° symbol used for?	en
ENTY:instru	What is a wrench?	en
NUM:volsize	What is the size of a soccer ball?	en
ENTY:dismed	What is ibuprofen used for?	en
LOC:mount	What continents second-highest peak is Mont Blanc	en
HUM:desc	What is a nurse?	en
NUM:period	What is the standard duration of a software license?	en
DESC:def	What is phonological rule?	en
NUM:count	Count the people	en
DESC:def	What is the definition of antibody?	en
NUM:perc	What percentage of the population has green eyes?	en
LOC:country	What is the name of the country which Hitler ruled	en
LOC:country	What country covers 8, 600, 387 square miles	en
DESC:def	What is Grimms Law?	en
ENTY:product	What is a phone?	en
ENTY:color	What is coral?	en
ENTY:color	How do tetradic schemes function?	en
ENTY:body	Whats the colored part of the eye called	en
NUM:period	How many hours are in a week?	en
DESC:def	What are vermicilli, rigati, zitoni, and tubetti	en
ENTY:body	What helps hold neurons in place, supply nutrients to neurons, destroy germs, remove dead neurons, and direct axons of neurons	en
DESC:def	How would you define photosynthesis?	en
DESC:def	What is the definition of osmosis?	en
ENTY:substance	What is silver used for?	en
ENTY:substance	What are the properties of flour?	en
DESC:def	What is genre?	en
ENTY:instru	What is the function of a seismograph?	en
NUM:money	How much did Varian Associates try to sell its vacuum products division to the BOC group for	en
LOC:city	What citys newspaper is called The Enquirer	en
ENTY:dismed	What is the most common kind of skin cancer in the U.S.	en
LOC:city	Where is Istanbul?	en
ENTY:lang	How many people speak Russian?	en
ENTY:religion	What do Islam followers believe?	en
ABBR:exp	What do the letters in RAM stand for?	en
ENTY:product	What products ads claim that it eliminates odors, kills household germs, mold, and mildew	en
ENTY:body	How do arteries carry blood?	en
ENTY:product	What is a mirror?	en
ENTY:cremat	Stuart Hamblen is considered to be the first singing cowboy of what	en
LOC:country	Name a country that is developing a magnetic levitation railway system	en
DESC:desc	What is Niagara Falls like?	en
NUM:money	How much does a college degree cost?	en
ENTY:animal	How do animals urinate?	en
ABBR:abb	What does UCLA mean?	en
ENTY:letter	What letter represents the British Pound?	en
ENTY:dismed	How is measles treated?	en
NUM:weight	How much does a standard brick weigh?	en
NUM:date	Hitler came to power in Germany in what year	en
ENTY:color	What is a common brown item?	en
NUM:volsize	What is the volume of a standard can of soda?	en
DESC:manner	How do engineers calculate?	en
DESC:desc	What are you hearing when you put a seashell to your ear	en
DESC:def	How does decategorization work?	en
ENTY:substance	Whats the second-lightest element	en
ENTY:body	How many chambers does the human heart have?	en
DESC:desc	How are emotions?	en
ENTY:symbol	What symbol denotes euro?	en
ENTY:dismed	What causes dengue?	en
ENTY:veh	What is the engine size of a Mini Cooper?	en
DESC:manner	What is the method for build a bookshelf?	en
LOC:state	What is the capital of Ohio?	en
HUM:gr	Who are the Challengers of the Unknown	en
NUM:dist	What is the width of the Bering Strait?	en
ENTY:veh	How many gears does a CVT transmission have?	en
ENTY:cremat	What was the top box office movie in April 1998	en
NUM:code	What is the hexadecimal code for null?	en
LOC:landmass	What is Victoria?	en
DESC:def	What is phonological reduction?	en
ENTY:plant	What plant is used to make soap?	en
NUM:temp	At what temperature does human DNA begin to denature?	en
NUM:dist	How far is New York from Cairo?	en
HUM:desc	Who was Monet	en
ENTY:lang	Which language is spoken in Croatia?	en
ABBR:exp	What does BIH represent?	en
ENTY:animal	How do fish breathe underwater?	en
ENTY:body	Where is the hand?	en
ENTY:other	What is the longest chemical name, consisting of 35 letters	en
ENTY:food	What are desserts?	en
ENTY:food	How are fermented products?	en
NUM:money	Mexican pesos are worth what in U.S. dollars	en
ENTY:symbol	What is a currency symbol?	en
ENTY:termeq	How do you say fresh in Spanish	en
HUM:title	What rank is Dean?	en
NUM:weight	How much does an Olympic gold medal actually weigh?	en
LOC:country	What country does Ileana Cotrubas come from	en
DESC:desc	What captures setback?	en
ENTY:body	What is the arm?	en
NUM:perc	What percentage of DNA is adenine?	en
NUM:ord	What is your place in the birth order of your family	en
ENTY:word	How many homophones does the word to have?	en
NUM:code	What is the binary code for form feed?	en
ENTY:food	How are proteins essential?	en
ABBR:abb	What is the abbreviation for Right-to-Left?	en
ENTY:body	What is the length of the human digestive tract?	en
ABBR:exp	What does PWA expand to?	en
ENTY:plant	What is a fern?	en
ENTY:termeq	Is sluggish the same as slow?	en
DESC:reason	Why can t women serve in the Navy on board submarines	en
ABBR:exp	Expand the acronym RNA	en
DESC:reason	What causes rolling thunder	en
ENTY:event	What was the Vietnam War?	en
ENTY:event	What was Woodstock?	en
HUM:desc	What does a endocrinologist do?	en
DESC:reason	What causes chills?	en
NUM:date	When did Charles Lindbergh die	en
NUM:perc	What percentage of the Earth is water?	en
NUM:period	What is the life span of the average monkey	en
ENTY:body	What is the vein?	en
ENTY:food	What is coffee made from?	en
ENTY:color	What is olive?	en
ENTY:food	What cooking oil has corn goodness	en
LOC:city	What city boasts Penns Landing, on the banks of the Delaware river	en
ENTY:product	How does a microwave heat?	en
ABBR:exp	What do the letters in DHCP stand for?	en
ENTY:letter	What is the origin of the letter X?	en
ENTY:termeq	What is a ball that hits the foul pole called	en
ENTY:animal	What kind of fish is a coney	en
NUM:money	How much money does the Sultan of Brunei have	en
LOC:landmass	How are mountains formed?	en
DESC:manner	How do spies infiltrate?	en
ENTY:animal	How do animals find food?	en
ENTY:body	Which organ of the digestive system is largely responsible for the breakdown of food in the small intestine, using enzymes	en
NUM:perc	What percentage of people are right-handed?	en
ENTY:product	Which smartphone has the best camera?	en
NUM:period	How long does a human sleep during an average night?	en
NUM:count	What is the population of Brazil?	en
ENTY:letter	What is the shape of the letter G?	en
ENTY:dismed	What is diabetes mellitus?	en
DESC:def	Whats a water funnel	en
NUM:count	What is the number of regions of Argentina?	en
ENTY:body	What is the function of the capillary?	en
ENTY:currency	How many rand are in a dollar?	en
ENTY:color	How does monochrome differ?	en
ABBR:exp	What does UZB expand to?	en
ENTY:veh	How does a excavator work?	en
LOC:landmass	What island was the target of the U.S.s Operation Urgent Fury	en
ENTY:animal	What is a shark?	en
HUM:desc	What does a director do?	en
ABBR:exp	Expand the acronym NSA	en
LOC:water	What is the Arctic Ocean?	en
ENTY:religion	What is Buddhism?	en
LOC:city	What country is Mumbai in?	en
DESC:desc	Whats the difference between J.D. and LL.M.	en
DESC:def	What is the definition of latency?	en
ENTY:food	Name Li l Abners favorite Indian drink	en
ENTY:letter	What is the calligraphy in grammar?	en
HUM:title	What is the role of a Mayor?	en
NUM:code	What does error code 400 mean?	en
NUM:speed	How fast does a penguin swim?	en
ENTY:animal	How do animals hop?	en
DESC:def	What is mad cow disease	en
DESC:def	What do we mean by paradox?	en
ENTY:color	How do retro colors feel?	en
LOC:landmass	How are grasslands formed?	en
NUM:period	How old was Sir Edmund Hillary when he climbed Mt. Everest	en
ENTY:substance	What are the four elements	en
NUM:speed	What is the speed of a typical ferry?	en
NUM:period	How long did the Charles Manson murder trial last	en
ENTY:letter	What letter is used for silicon on the periodic table?	en
NUM:other	What is the world population?	en
LOC:state	How are sectors?	en
NUM:code	How are area codes structured?	en
ABBR:exp	What does SYC expand to?	en
ENTY:religion	How many Pagans are there?	en
NUM:period	What is the standard duration of a therapy session?	en
NUM:perc	What percentage of the human body is carbon?	en
HUM:title	Who holds the title of Baroness?	en
NUM:perc	What percentage of the population is over 65?	en
HUM:gr	What did Jesse Jackson organize	en
ABBR:exp	Spell out the acronym VPN	en
DESC:desc	Tell me about the Mona Lisa	en
ENTY:event	Name the French historical period during the reign of Napoleon III	en
HUM:gr	What do we call employees?	en
ENTY:veh	What is a semi-truck?	en
LOC:state	What U.S. state has sagebrush as its state flower	en
ENTY:instru	What instrument measures conductivity?	en
NUM:money	How much is a bitcoin worth?	en
LOC:country	What is the capital of Italy?	en
ENTY:animal	What is the name given to a group of geese	en
ABBR:exp	What does SXM stand for?	en
LOC:city	What country is Rome in?	en
DESC:def	What does the double-O indicate in 007	en
LOC:landmass	How are gorges?	en
ENTY:sport	How is tennis played?	en
HUM:title	Who painted The Scream?	en
ENTY:food	What is juice made from?	en
NUM:dist	How far is it from New York to Los Angeles?	en
ABBR:exp	What does INRI stand for when used on Jesus cross	en
ENTY:other	What is the criterion for being legally blind	en
NUM:speed	How fast does sound travel in air?	en
DESC:desc	What are the environmental influences on plant genetics	en
ENTY:body	The part of the eye that allows us to focus on different things in known as what	en
ABBR:exp	What does JSON expand to?	en
NUM:volsize	How much air passes through your lungs in a day?	en
ENTY:religion	How many religious people are there?	en
ENTY:color	What is a common red item?	en
ENTY:product	What is a refrigerator?	en
ABBR:exp	When reading classified ads, what does EENTY other stand for	en
DESC:def	How does inclusive language work?	en
DESC:desc	How is art described aesthetically?	en
LOC:country	What defines a empire?	en
LOC:landmass	What is the Amazon?	en
ENTY:veh	What is a kayak used for?	en
NUM:date	When did Thatcher become prime minister	en
ENTY:letter	How are digraphs used?	en
NUM:perc	What percentage are children?	en
ENTY:body	What is the digestive system?	en
ENTY:letter	What is the oldest known alphabet?	en
ENTY:animal	What common livestock have the greatest variety of breeds	en
HUM:desc	What does a pediatrician do?	en
DESC:def	What is a micron	en
NUM:date	When did the Carolingian period begin	en
ENTY:product	What is a dishwasher?	en
ENTY:word	What is a interjection?	en
ENTY:religion	How do Hindus practice worship?	en
ENTY:color	How is mint formed?	en
NUM:weight	What is the weight of a human kidney?	en
ENTY:body	What does the throat do?	en
HUM:title	What is a Doctor?	en
NUM:ord	How is the number 21 expressed ordinally?	en
ENTY:techmeth	What is the best way to overcome a fear	en
ENTY:body	What is the parathyroid?	en
DESC:manner	In what way do welders arc?	en
ENTY:word	What is the definition of serendipity?	en
ENTY:symbol	How is the [ ] symbol used?	en
HUM:title	what is your job	en
DESC:reason	What causes bankruptcy?	en
ENTY:product	What soap was touted as being for people who like people	en
HUM:gr	What rock group raised a ruckus at the White House by singing American Woman	en
LOC:other	How are parks?	en
ENTY:substance	What are the chemicals used in glowsticks	en
ENTY:animal	How do invertebrates survive?	en
DESC:reason	Why do roosters sing at five o clock in the morning	en
ENTY:sport	What is marathon?	en
ENTY:color	What is polyphenol?	en
NUM:ord	In the list of your favorite foods, where is fried chicken	en
ENTY:product	What is the best selling computer model ever	en
NUM:count	How many engines does a Boeing 737 have	en
ENTY:lang	What language uses a Cyrillic alphabet?	en
NUM:speed	How fast is sound?	en
NUM:speed	What is a peregrine falcon speed?	en
DESC:reason	What causes deficits?	en
ENTY:color	How is salmon formed?	en
ENTY:food	What is the taste that beats the others cold	en
HUM:gr	What do we call believers?	en
ABBR:abb	What does ORM stand for?	en
HUM:ind	What did Isaac Newton do?	en
LOC:city	What is Prague?	en
ABBR:abb	In computing, VPN refers to what?	en
NUM:volsize	What is the volume of a standard swimming pool?	en
ENTY:substance	What harmful chemicals are in bug spray	en
LOC:water	What is the location of the Sea of Tranquility	en
HUM:gr	What was the name of the 187s Irish terrorist group in Pennsylvania mining areas	en
ENTY:food	What is beer made from?	en
ENTY:techmeth	What is the best way to remove wallpaper	en
ENTY:food	How are clams?	en
DESC:def	What is embodied cognition?	en
ENTY:product	What is a television?	en
NUM:temp	What is the hottest temperature ever recorded on Earth?	en
ENTY:cremat	What book did Aaron Hass write	en
ABBR:abb	What does GHz represent?	en
ENTY:animal	What makes foraging strategies complex?	en
DESC:desc	What is the effect of volcanoes on the climate	en
ENTY:veh	What kind of rocket launched the Surveyor spacecraft	en
LOC:country	What country is Mount Everest in	en
ENTY:product	Name a product that controls the ripening of apples	en
DESC:reason	What causes storms?	en
DESC:manner	In what way do pilgrims journey?	en
ENTY:veh	What is a hot air balloon used for?	en
ENTY:instru	What instrument measures amplitude?	en
ABBR:abb	What does OPEC mean?	en
ABBR:exp	What is USA?	en
HUM:title	What is a Private?	en
NUM:ord	Who came in seventh place?	en
ENTY:other	What is the fastest commercial automobile that can be bought in the US	en
DESC:desc	Describe a black hole	en
NUM:money	How much does a hotel room cost?	en
NUM:count	How much salt is in the oceans	en
ABBR:abb	What is the shorthand for Compact Disc?	en
ENTY:animal	What is a baby lion called	en
LOC:city	Tell me about Bangkok	en
NUM:volsize	What is the volume of a cubic meter?	en
ENTY:symbol	What is the = symbol used for?	en
ENTY:body	What does the heart do?	en
NUM:money	What are bottle caps with presidents pictures inside worth	en
NUM:code	What is the chassis number?	en
NUM:period	How long does it take for a tomato seed to germinate?	en
DESC:desc	What is a description used for?	en
ENTY:termeq	What is another word for happy?	en
DESC:manner	How can I find out my Moon sign	en
ENTY:veh	what machine was Catbus from the 1988 film My Neighbor Totoro	en
ENTY:sport	What kind of a sports team is the Wisconsin Badgers	en
ABBR:exp	Viz means what?	en
HUM:title	How does a Rector lead?	en
NUM:weight	How much does a poodle weigh	en
ENTY:religion	which religion has the most gods	en
LOC:city	What is Toronto?	en
ENTY:plant	What does a violet look like?	en
HUM:desc	What is a musician?	en
ENTY:currency	What is the currency of Denmark?	en
LOC:other	What is Mark McGwires e-mail address	en
ENTY:word	What does perspicacious mean?	en
LOC:city	What U.S. citys skyline boasts the Gateway Arch	en
DESC:def	How does onomatopoeia function?	en
DESC:reason	Why are peanut butter cookies topped with crisscrosses	en
ENTY:cremat	What magazine paid $5, 000 for an eight-millimeter film of John F. Kennedys assassination	en
DESC:desc	Can you describe Mount Everest?	en
LOC:state	What is the capital of Minnesota?	en
DESC:desc	Describe the Great Wall of China	en
HUM:gr	What do we call activists?	en
DESC:reason	What makes a tornado turn	en
HUM:desc	Describe a typical musician	en
ENTY:substance	What is wood?	en
ENTY:event	What is the World Cup?	en
NUM:count	How many people are there?	en
HUM:gr	What hockey team did Wayne Gretzky play for	en
ENTY:animal	How do animals adapt?	en
DESC:manner	In what manner do auditors verify?	en
ENTY:word	What were the five opening words on Ben Casey	en
NUM:count	How many people are there in the world	en
LOC:landmass	What countries are in South America?	en
ABBR:abb	What is meant by RAM?	en
ENTY:word	How many letters does the word methionylthreonylthreonylglutaminylarginylisoleucylphenylalaninylvalylprolylarginylprolylleucylglycylisoleucylserine have?	en
ENTY:food	What rum is so mixable it is a one-brand bar	en
ENTY:food	What are eggs?	en
LOC:other	Where have the most dinosaur remains been found	en
ENTY:body	What is the function of the nerve?	en
ENTY:cremat	What is the purpose of memorial service?	en
ENTY:other	What was the education system in the 1960s	en
ENTY:instru	What tool measures oxygen saturation?	en
NUM:ord	What is the sixth letter of the alphabet?	en
ENTY:symbol	What does the * symbol mean?	en
DESC:reason	Why do trees shed leaves?	en
NUM:count	What is the world population?	en
LOC:country	Where is Russia?	en
ABBR:abb	What does GPA represent?	en
DESC:desc	What captures deprivation?	en
ENTY:body	What are salivary glands?	en
NUM:code	What is the Unicode code for line feed?	en
ENTY:termeq	How do you say I love you in Spanish	en
ENTY:veh	What is a hand truck?	en
NUM:date	When was the Industrial Revolution?	en
ENTY:body	Where is the vertebra?	en
DESC:def	How do prefixes modify words?	en
ENTY:plant	How do plants reproduce?	en
NUM:ord	What is the twentieth letter of the alphabet?	en
ENTY:body	What is the largest organ of the human body	en
HUM:gr	What do we call representatives?	en
ENTY:letter	What is the shape of the letter F?	en
DESC:manner	How do leatherworkers tan?	en
ENTY:animal	What was the name of Barettas cockatoo	en
NUM:code	How are QR codes structured?	en
ENTY:religion	what was the religion of the ancient peoples who inhabited north-central Anatolia	en
NUM:volsize	What is the approximate volume of cloud water in the atmosphere?	en
NUM:dist	how high is the smallest mountain	en
NUM:volsize	what is the cubic measurement of the cybertruck	en
ENTY:body	Where is the kidney?	en
ENTY:substance	What is carbon dioxide?	en
ABBR:exp	What does HUN represent?	en
NUM:date	In what year did they build the Berlin Wall	en
ENTY:food	How are energy drinks?	en
DESC:def	How is thalassemia defined	en
ENTY:other	Name one of the Seven Wonders of the Ancient World	en
NUM:dist	How far is London from Dubai?	en
NUM:dist	How far is it from Miami to Havana?	en
NUM:volsize	What is the approximate volume of a human heart chamber?	en
ENTY:substance	What are the most common elements in the Earths crust	en
ENTY:animal	How big is a turtle?	en
ENTY:dismed	What causes measles?	en
NUM:ord	What is the fifth planet?	en
NUM:date	When was the first Barbie produced	en
DESC:reason	What is the reason we dream?	en
ABBR:abb	What does QoS manage?	en
NUM:weight	What is the weight of a human stomach?	en
NUM:ord	what is your place in line	en
ENTY:religion	What is a faith tradition?	en
ENTY:plant	What plant produces natural insecticides?	en
NUM:code	What is the binary code for carriage return?	en
LOC:city	Tell me about Vienna	en
ENTY:plant	What does a orange look like?	en
NUM:temp	What is the temperature of the suns surface	en
NUM:dist	What is the distance between North and South Pole?	en
NUM:volsize	How large is the Great Wall of China?	en
NUM:other	What is the number of languages?	en
ENTY:veh	What is a yacht?	en
ABBR:abb	What is the shorthand for Geographic Information System?	en
NUM:dist	What is the width of the Suez Canal?	en
ENTY:food	How are beans processed?	en
ENTY:religion	How many Taoists are there?	en
DESC:manner	In what manner do scientists experiment?	en
DESC:def	What is hebephrenia	en
LOC:city	What is the name of the city that Maurizio Pellegrin lives in	en
DESC:def	What is a dependent clause?	en
ENTY:animal	What was FDRs dogs name	en
LOC:state	What is Pennsylvania known for?	en
ABBR:exp	What does CMR stand for?	en
LOC:other	Where can I read about Abraham Lincoln	en
NUM:period	What is the duration of a human attention span at peak focus?	en
ENTY:body	What is the strongest muscle in the human body?	en
ENTY:plant	Where do elms grow?	en
ENTY:food	What is cheese?	en
ENTY:food	What delicacy is known indelicately as pickled roe	en
ENTY:plant	What plant is the largest flower?	en
LOC:state	What state did the Battle of Bighorn take place in	en
LOC:state	What is the capital of Maine?	en
ENTY:body	How do testes produce?	en
ENTY:color	What is color constancy?	en
DESC:desc	What do Caroll Baker, Tammy Grimes, Debbie Reynolds, and Judy Garland all have in common	en
ENTY:animal	What do lions eat?	en
ENTY:body	How do nails protect?	en
NUM:count	What is the number of provinces of Brazil?	en
LOC:water	What river runs through Rowe, Italy	en
HUM:ind	Tell me about Charles Darwin	en
HUM:desc	What is a chef?	en
DESC:manner	How do you catch a fish?	en
ENTY:word	What does suppressed mean?	en
ENTY:animal	What makes toxins effective?	en
HUM:gr	What is a Generation Z?	en
HUM:desc	What does a anthropologist do?	en
LOC:mount	What is the tallest mountain in Ireland?	en
ABBR:exp	What does BLR stand for?	en
HUM:ind	Who is the worst US President ever	en
NUM:period	How long does a typical job interview last?	en
DESC:def	How is an article used?	en
DESC:reason	Why was the zipper invented	en
ENTY:lang	Whats the official language of Algeria	en
DESC:desc	What is the origin of the word trigonometry	en
ENTY:instru	What instrument measures humidity?	en
DESC:manner	How do I find a web address for a company	en
NUM:period	How many centuries have dinosaurs been extinct?	en
DESC:manner	How do translators convert?	en
ENTY:animal	Whats the dumbest domesticated animal	en
LOC:landmass	Which continent is Kenya in?	en
ENTY:veh	what is the yellow thing in Yellow Submarine	en
LOC:country	Where is France?	en
HUM:title	What is an auditor?	en
HUM:gr	What major league baseball team compiled the best won-lost record between 1957 and 1983	en
ENTY:veh	How does a jet ski work?	en
LOC:city	What are the five most expensive cities in the world	en
ENTY:animal	How do scavengers feed?	en
NUM:speed	How fast does a bicycle go?	en
ENTY:termeq	What is another word for automobile starting with c?	en
LOC:other	Where is Microsofts corporate headquarters located	en
ENTY:event	When did the World Cup occur?	en
NUM:date	When did the neanderthal man live	en
ENTY:veh	What is a train?	en
NUM:perc	How much of global trade passes through the Panama Canal?	en
LOC:country	What countries earn the most from tourism	en
HUM:gr	What do we call atheists?	en
ABBR:abb	What is the acronym for the rating system for air conditioner efficiency	en
NUM:perc	What percentage of the population wears glasses?	en
ENTY:veh	What ill-fated craft was captained by Ernst Lehmann	en
DESC:reason	What causes mutations?	en
NUM:code	What is the HTML code for symbol @?	en
DESC:def	What do we mean by firewall?	en
ENTY:techmeth	In what ways did Ivan IV support Russian expansion	en
HUM:title	What is a curator?	en
NUM:money	How much do drugs to treat tuberculosis cost	en
NUM:money	How much does a plane ticket cost?	en
NUM:perc	What percentage of Earths biomass is bacteria?	en
ENTY:veh	What is a leased car?	en
ENTY:other	What shape-shifting menace did Rom come to Earth to fight	en
HUM:gr	Name Pittsburghs baseball team	en
LOC:mount	Where is Mount Everest located?	en
NUM:speed	What is the terminal velocity of a human falling without a parachute?	en
ENTY:currency	What is the currency of Sweden?	en
DESC:def	What does the name Anthony mean	en
DESC:manner	How do you do a bibliography page	en
ENTY:animal	What kind of animals are Dorsets, Lincolns, Oxfords and Southdowns	en
ENTY:substance	What are the properties of hydrogen?	en
NUM:weight	What is the weight of air	en
ENTY:currency	What is the symbol for franc?	en
ENTY:techmeth	What is Markov chain?	en
ENTY:instru	What is a Mandolin?	en
ABBR:exp	TLS is short for what exactly?	en
ENTY:event	What is the name of the largest water conservancy project in China	en
NUM:other	What is the most-followed person on Instagram?	en
ENTY:animal	What makes flying adaptive?	en
DESC:manner	Describe how to learn a language	en
NUM:ord	What is the twenty-second book in the series?	en
ENTY:body	How many joints does a human body have?	en
NUM:count	What is the number of plants?	en
LOC:country	What is the capital of South Korea?	en
NUM:other	What is the approximate population of Las Vegas, N.M	en
HUM:gr	What is the airline built for professional travelers	en
LOC:country	Which Latin American country is the largest	en
LOC:landmass	What is Sardinia?	en
NUM:dist	What is the distance to the Moon?	en
NUM:speed	What is a space shuttle speed?	en
HUM:ind	Who won the rugby world cup in	en
ENTY:food	What is blueberry?	en
ENTY:sport	What auto race was Wilbur Reed the first to win three times	en
LOC:mount	What is the height of Himalayas?	en
LOC:water	What connects to the Nile River?	en
DESC:manner	How do historians investigate?	en
DESC:def	What do we mean by mitochondria?	en
HUM:title	What is a Coordinator?	en
ENTY:food	What ice creams contain seaweed	en
NUM:ord	in what episode of the simpsons did that happen	en
NUM:dist	How far is Paris from New York?	en
DESC:desc	Where did the name root beer come from	en
LOC:city	What African capital is named for a U.S. president	en
DESC:reason	What is in baby powder and baby lotion that makes it smell the way it does	en
LOC:city	What country is Cairo in?	en
ENTY:substance	What kind of substance is dextropropoxyphen napsylate	en
ENTY:dismed	What is a fear of trees	en
ENTY:food	What is 55 times sweeter than cane sugar	en
ENTY:substance	What is hydrogen used for?	en
ENTY:color	What is royal blue?	en
NUM:period	How long is the typical duration of labor for childbirth?	en
NUM:date	What month of the year is there no television in Iceland	en
ENTY:termeq	Is dim the same as dark?	en
LOC:mount	What country has Himalayas?	en
ENTY:lang	What is Spanish known for?	en
NUM:count	What is the world population as of today	en
ENTY:techmeth	What is natural language processing?	en
ENTY:veh	What is the maximum weight limit for a vehicle on a standard bridge?	en
ENTY:veh	What is the fuel capacity of a cross-country motorcycle?	en
NUM:perc	What percentage of the forest is tropical?	en
ENTY:other	Name a golf course in Myrtle Beach	en
DESC:reason	Why do glaciers advance?	en
ENTY:cremat	What 1981 Candice Bergen-Jacqueline Bisset movie was a remake of 1943s Old Acquaintance	en
NUM:money	How much could you rent a Volkswagen bug for in 1966	en
LOC:other	Where is the Holland Tunnel	en
DESC:manner	How does a small businessman contact the Good Humor Ice Cream company to do business with them	en
HUM:title	Who holds the title of Chief Justice?	en
ENTY:word	What does sanguine mean?	en
ENTY:substance	What is zinc?	en
DESC:manner	In what manner do masseuses knead?	en
ENTY:animal	What makes migration necessary?	en
HUM:ind	How does a activist contribute?	en
ENTY:cremat	What Broadway musical was inspired by Cervantess Don Quixote	en
ENTY:letter	What is a diphthong?	en
DESC:def	What is a code in communication?	en
DESC:manner	Describe how to change a tire	en
ENTY:color	How is brown formed?	en
ENTY:body	Which set of body parts are found in the head	en
NUM:money	What is the price of gold?	en
ENTY:other	What does the six-footed Musca domestica become when it enters a house	en
ABBR:exp	USB is short for what exactly?	en
NUM:period	How many days does a hotel reservation typically span?	en
NUM:money	What debts did Qintex group leave	en
ENTY:animal	In Hemingways Old Man and the Sea, what kind of fish does the old man catch	en
LOC:country	What country imposed the Berlin Blockade in 1948	en
NUM:date	In what year did Joe DiMaggio compile his 56-game hitting streak	en
NUM:speed	How fast can a horse run at full gallop?	en
ENTY:body	What is the vagina?	en
ENTY:cremat	What Dickens novel has David carrying the message Barkis is willin to Peggy	en
DESC:desc	What do I need to do to take my dog with me to live in Dominica, West Indies for a year	en
ENTY:veh	What is a glider used for?	en
LOC:mount	How high is Kilimanjaro?	en
ENTY:food	Where does pasta come from?	en
ENTY:other	What can one see in Reims	en
ABBR:exp	SSH is short for what exactly?	en
ENTY:other	What does a woman want	en
ENTY:instru	What musical instrument did Sherlock Holmes play	en
ENTY:techmeth	How does fiber optic transmission work?	en
ABBR:abb	What does UX measure?	en
NUM:perc	What percentage is forest?	en
ABBR:abb	What does FTP stand for?	en
DESC:def	What does Elysium mean	en
HUM:gr	Name a French fascist party	en
NUM:volsize	How large is Antarctica?	en
ENTY:body	What does the heart chamber do?	en
ENTY:body	What are motor neurons?	en
ENTY:other	What is archaeology?	en
DESC:def	What is a serigraph	en
ENTY:cremat	Name four comic strips about pilots	en
ENTY:instru	What instrument measures capacitance?	en
LOC:landmass	Where is South America?	en
HUM:desc	Describe a typical physicist	en
ENTY:veh	What is the width of a standard parking space in feet?	en
ABBR:abb	What is the shorthand for Localization?	en
ENTY:word	What is the meaning of benevolent?	en
LOC:landmass	What countries are in North America?	en
ENTY:letter	What is the pronunciation of the letter J in English?	en
ENTY:veh	How does a cruise ship work?	en
LOC:city	In what city does Maurizio Pellegrin now live	en
HUM:gr	What is a students?	en
LOC:country	What continent is Poland in?	en
LOC:mount	How tall is Mount Blanc?	en
NUM:code	What is the Unicode code for form feed?	en
NUM:temp	What is the freezing point of ethanol?	en
HUM:desc	How are doctors?	en
LOC:city	What Canadian city has the largest population	en
ABBR:abb	JSON is an abbreviation for what?	en
HUM:gr	What is a baby boomers?	en
LOC:country	What continent is Saudi Arabia in?	en
ENTY:techmeth	How does NFC payment work?	en
ENTY:veh	What is an escalator?	en
ENTY:animal	What is a marsupial?	en
ENTY:currency	What is the symbol for guilder?	en
NUM:count	What is the number of regions of Mexico?	en
ENTY:dismed	What causes arthritis?	en
DESC:manner	How is carbon dioxide removed from natural gas	en
DESC:def	What is lenition?	en
NUM:speed	How fast can a wolf run in pursuit?	en
ENTY:dismed	What is lisinopril?	en
NUM:count	How many claws has a lobster called a pistol lost	en
ENTY:food	How are crackers produced?	en
LOC:country	Where is Turkey?	en
ENTY:lang	How many people speak Polish?	en
ENTY:techmeth	What is transformer architecture?	en
HUM:ind	Who was Isaac Newton?	en
DESC:desc	How are cycles described cyclically?	en
ENTY:food	How is water purified?	en
LOC:landmass	What is the Middle East?	en
ENTY:food	What is banana made from?	en
NUM:temp	At what temperature does human skin suffer severe burns?	en
ENTY:body	What is the function of the appendix in the human body?	en
ENTY:animal	What makes ecosystem balance critical?	en
DESC:reason	Why do cells divide?	en
HUM:ind	Who was Martin Luther King Jr?	en
HUM:desc	Who is Count Cinzano	en
HUM:title	Who holds the title of Prince?	en
ENTY:body	What is the dermis?	en
ENTY:animal	How big is a wolf?	en
LOC:landmass	What continent is the Nile River on?	en
ENTY:animal	Which animal gives birth standing up	en
DESC:desc	Can you describe the Great Wall of China?	en
NUM:count	How many web servers are there	en
NUM:date	What is the date of Christmas?	en
LOC:country	What desert country borders Saudi Arabia, Iraq and the Persian Gulf	en
ENTY:event	What age followed the Bronze Age	en
LOC:other	Where do the adventures of The Swiss Family Robinson take place	en
LOC:state	What is a township?	en
ENTY:product	What is a car?	en
NUM:weight	What is the weight of a carat in grams?	en
ENTY:dismed	What is depression?	en
DESC:def	How would you define gravity?	en
HUM:desc	What does a dentist do?	en
ENTY:other	What is the electrical output in Madrid, Spain	en
ENTY:cremat	What is an obituary?	en
NUM:date	When was the telescope invented?	en
NUM:temp	A general rule of thumb used by pilots is for every 1,000 feet of altitude, the temperature falls 3.5 F. If the temperature at sea level is 78 F, what would you expect the temperature to be at 10,000 feet	en
DESC:manner	In My Antonia, how is Mr. Shimerda out of place on the farm	en
ENTY:food	What is wine?	en
ENTY:product	What is a television made of?	en
ENTY:letter	What letter is used for calcium on the periodic table?	en
NUM:ord	What is the fifteenth letter of the alphabet?	en
ENTY:substance	What is the birthstone of October	en
NUM:speed	How fast does a human sneeze travel?	en
HUM:ind	Who designed London Bridge	en
LOC:country	What country boasts the most cars per mile of road	en
NUM:period	How long does it take for the Earth to orbit the sun?	en
ENTY:cremat	What is a funeral?	en
HUM:ind	Who is the Incredible Hulk in reality	en
ENTY:substance	What is wood used for?	en
NUM:period	How long is the average lifespan of a human being?	en
NUM:period	What is the average lifespan of a chimpanzee?	en
ENTY:symbol	How is the | symbol used?	en
NUM:money	What is the salary of a U.S. Representative	en
ABBR:abb	What is the meaning of MVP?	en
HUM:ind	What did Albert Einstein do?	en
HUM:ind	Who portrayed Fatman in the television show, Jake and the Fatman	en
DESC:manner	Describe how to yoga	en
ENTY:religion	What is the main religion in Greece?	en
DESC:reason	Why does the sky is blue?	en
ABBR:exp	What is UNESCO?	en
ENTY:color	What is LAB color?	en
ENTY:color	What is red?	en
DESC:def	What are amaretto biscuits	en
ENTY:termeq	What does Warner Bros. call a flightless cuckoo	en
NUM:period	How long should you feed your puppy Purina Puppy Chow	en
ENTY:symbol	What is the / symbol?	en
HUM:gr	What is the best distance education university or college	en
NUM:perc	What percentage of nitrogen is in air?	en
NUM:date	What is the date of Independence Day?	en
HUM:ind	Who should I call to get a tour of the New York Stock Exchange	en
LOC:country	Where is South Africa?	en
ENTY:body	What is the leg?	en
ENTY:food	Where does beef come from?	en
ENTY:event	What was the Oscars?	en
ABBR:abb	What is the abbreviation for Zettabyte?	en
ENTY:currency	What is the ruble?	en
NUM:weight	How much does a bottle of wine weigh?	en
ABBR:exp	What does KHM expand to?	en
DESC:manner	How do theologians contemplate?	en
LOC:state	What is the capital of Massachusetts?	en
LOC:state	What U.S. state is Mammoth Cave National Park in	en
ENTY:color	What is tint?	en
HUM:ind	What famous soldier was born in Europe, died in Asia, and was laid to rest in Africa	en
ENTY:letter	What is the most commonly used letter in the English language?	en
NUM:temp	At what temperature does nitrogen become liquid?	en
HUM:ind	Tell me about Marie Curie	en
ENTY:plant	What is a herb?	en
DESC:desc	Whats the distinction of U.S. Supreme Court Justice Thurgood Marshall	en
DESC:def	What is an aortic abdominal aneurysm	en
HUM:desc	Who is Peter Weir	en
DESC:reason	What makes a clitoris sensitive	en
ENTY:veh	Name the vessel used by the Atari Force in the DC comics	en
ENTY:color	human eye perceives white as a mixture of which different spectral colors	en
ENTY:currency	What currency does Hong Kong use?	en
DESC:manner	How did names come about	en
ABBR:abb	PWA is an abbreviation for what?	en
HUM:desc	Describe a typical lawyer	en
LOC:country	Where is Poland?	en
ENTY:animal	What is a ostrich?	en
NUM:speed	How fast does an eagle dive?	en
ENTY:instru	How many valves does a brass instrument have?	en
DESC:reason	Why do some jets have a vapor trail, and others do not	en
ENTY:color	What is gold?	en
ENTY:color	What color Poker chip is usually assigned the lowest value	en
NUM:code	What is the binary code for backspace?	en
DESC:def	What is autism	en
DESC:def	How does usage-based theory function?	en
LOC:landmass	What is Madagascar?	en
ENTY:color	What are school colors?	en
DESC:desc	What was the proper Laugh-In respones to Say goodnight, Dick	en
ENTY:body	What does the nose do?	en
ENTY:plant	What does a fern look like?	en
ENTY:lang	What language is the most phonetic?	en
ENTY:body	How many eyelashes does a human have?	en
ENTY:other	What is a cultural symbol?	en
DESC:def	What does laser stand for	en
LOC:state	How are states governed?	en
HUM:desc	What is the role of a trainer?	en
NUM:date	What date is Valentines Day?	en
ENTY:techmeth	What are the 7 principles of learning from the Institute for Research on Learning, IRL	en
LOC:country	What country is the largest diamond producer	en
ENTY:cremat	What TV show premiered on January 15, 1981	en
LOC:landmass	What is Africa?	en
ENTY:animal	What makes cultural transmission possible?	en
ENTY:veh	What is a lever?	en
LOC:landmass	What countries are in Europe?	en
NUM:period	How old is too old for a child to not be talking	en
NUM:other	How many mountain ranges exist?	en
HUM:desc	What is a actor?	en
DESC:desc	What captures meteorological feeling?	en
NUM:code	What does error code 506 mean?	en
HUM:title	Who composed Bohemian Rhapsody?	en
ENTY:termeq	How do you say 2 in Latin	en
NUM:other	How many fish species exist?	en
ENTY:food	What became the biggest cash crop in the U.S. in 1983, surpassing corn	en
ENTY:religion	What is Jehovahs Witnesses?	en
ENTY:lang	How many people speak Arabic?	en
ENTY:termeq	What is a 2-sided object called	en
HUM:ind	Who was Alexander the Great?	en
NUM:temp	At what temperature does plastic wrap melt?	en
ENTY:animal	What makes disease transmission serious?	en
DESC:manner	In what way do microbiologists stain?	en
NUM:weight	One kilogram equals 2.2 pounds. If a patient weighs 79.5kg, what is his weight in pounds	en
ENTY:instru	What is the purpose of a manometer?	en
ENTY:word	What is an antonym of hot?	en
ENTY:event	Tell me about World War I	en
LOC:landmass	Which continent has the most roses	en
ENTY:other	What is the shape of a football as stated in the NFL rulebook	en
LOC:landmass	What continent is Argentina on	en
ENTY:event	How are conferences organized?	en
HUM:gr	What do we call immigrants?	en
NUM:speed	What is the speed of a meteor entering Earths atmosphere?	en
ENTY:color	What is charcoal?	en
DESC:def	What is proposition 98 about	en
ABBR:exp	What does AUT expand to?	en
HUM:gr	What Ivy League school plays its home games at Palmer Stadium	en
DESC:desc	What is the difference between a preface and a foreword	en
LOC:mount	What mountain range marks the border of France and Spain	en
ABBR:abb	What does l10n mean?	en
ENTY:food	What is duck?	en
HUM:title	what are you	en
HUM:desc	What is a lecturer?	en
DESC:reason	Why do profits arise?	en
ENTY:other	What does it take to be a hero	en
ENTY:product	What was the name of the first U.S. satellite sent into space	en
DESC:reason	Why do rivers flow downstream?	en
ENTY:veh	How long does it take to accelerate a freight train to full speed?	en
ENTY:color	What is oxidation coloring?	en
DESC:def	What is Head Start	en
ABBR:exp	What does the E stand for in the equation E=mc2	en
ENTY:instru	How do you use a drums?	en
ENTY:lang	How many people speak Swedish?	en
ABBR:exp	What does NGA represent?	en
HUM:desc	Who developed the theory of relativity?	en
DESC:manner	How do speakers address audiences?	en
HUM:ind	Which German president was pressured into appointing Hitler chancellor in 1933	en
LOC:landmass	in what peninsula is Portugal located	en
LOC:water	What river runs through Colorado, Kansas, and Oklahoma	en
ENTY:word	What does airy mean?	en
ENTY:letter	What is the origin of the letter K?	en
NUM:date	On what day is Labor Day?	en
ENTY:event	What happened during the Super Bowl?	en
NUM:count	What is the population of USA?	en
ENTY:animal	How do animals disperse offspring?	en
DESC:manner	How does blood clot	en
DESC:def	How do adjectives modify nouns?	en
LOC:state	Whats the northernmost U.S. state apart from Alaska	en
ABBR:exp	FDA stands for what exactly?	en
DESC:manner	How did the Great Depression affect Japans history	en
NUM:dist	A car leaves London at 8.30am and arrives in Edinburgh at 5.30pm. If how far is it from London to Edinburgh	en
ENTY:cremat	What is the purpose of funeral?	en
NUM:perc	What percentage of the human body is muscle?	en
HUM:ind	Who killed Caesar	en
NUM:dist	What is the world record for the longest hair	en
DESC:def	How would you define enzyme?	en
ENTY:color	How are colors perceived by the human eye?	en
HUM:title	Who holds the title of Private?	en
ENTY:currency	What is deflation?	en
ENTY:currency	What is the Indian rupee?	en
HUM:desc	What does a chemist do?	en
NUM:temp	At what temperature does cellulose decompose?	en
NUM:other	What was the death toll at the eruption of Mount Pinatubo	en
DESC:manner	How do you convert foot-pounds to foot-inches	en
ENTY:body	What is the function of the pituitary gland?	en
ENTY:cremat	Jude Law was in what movie	en
NUM:date	What year did the NFL go on strike	en
ABBR:abb	What is the abbreviation for Accessibility?	en
NUM:other	What is the most-streamed artist?	en
DESC:manner	How do you write MLA style bibliographies for an Internet source	en
LOC:landmass	What continent is Brazil on?	en
ENTY:dismed	What is malaria?	en
ENTY:veh	On which flight did Fawaz Younis commit air piracy and hostage taking	en
ENTY:sport	What is long jump?	en
NUM:other	What is the golden ratio?	en
ENTY:techmeth	What are three ways in which wind is created on the earth	en
ENTY:body	How many pages of blood vessels can wrap around the Earth?	en
LOC:mount	Where is Mount Kilimanjaro?	en
LOC:other	Where is the Lourve	en
NUM:count	How many Russians have landed on the moon	en
ENTY:cremat	Tell me about wake	en
ENTY:techmeth	How does hidden Markov model function?	en
DESC:reason	What causes shortages?	en
NUM:ord	What is the first book in the series?	en
ENTY:animal	How do animals feed young?	en
ENTY:veh	How does a fighter jet work?	en
ABBR:exp	RAM means what in full form?	en
LOC:landmass	How are plains formed?	en
HUM:title	What is the role of a Judge?	en
DESC:reason	Why does it say on childrens cough syrup not to drive while using this medication	en
ENTY:termeq	What do you call a twirl in ballet	en
ENTY:symbol	What is the symbol for potassium on the periodic table?	en
DESC:def	What does Phi Beta Kappa mean	en
ENTY:dismed	What is a fear of slime	en
DESC:manner	How do you become a dentist	en
HUM:ind	Who was Albert Einstein?	en
ENTY:animal	What is a buffalo?	en
ABBR:exp	What does SOAP expand to?	en
HUM:desc	How does a judge work?	en
ENTY:body	Where is the nail?	en
NUM:code	How do MAC addresses differ from IP addresses functionally?	en
ENTY:cremat	Tell me about cemetery	en
LOC:country	What is the capital of Argentina?	en
ENTY:body	What is the artery?	en
NUM:count	How many years old is Benny Carter	en
LOC:country	What countries have the largest armed forces in the world	en
DESC:manner	How do I register a trade name in North Carolina	en
ENTY:religion	What is the LDS Church?	en
NUM:ord	How is the number 10 expressed ordinally?	en
NUM:date	What year did the Vietnam War end	en
NUM:perc	What percentage of workers prefer remote work?	en
ENTY:instru	What tool measures mass?	en
ENTY:product	How does a drone function?	en
ABBR:exp	What does ITA expand to?	en
DESC:reason	What is the purpose of BIOS	en
NUM:date	What date is Richard Nixons birthday	en
DESC:reason	What causes an earthquake	en
NUM:dist	How long is the border between Canada and the 48 conterminous states	en
NUM:dist	How far did he drive down the road before he turned around and drove back if his trip took 5 hours	en
NUM:perc	What percentage of Americans have a college degree?	en
HUM:desc	Who is John Macarthur, 1767-1834	en
ABBR:abb	What is the abbreviation for Original Equipment Manufacturer	en
DESC:def	What is a pyrotechnic display	en
ENTY:body	What is the toe?	en
ENTY:instru	How many keys does a bassoon have?	en
ABBR:abb	What does GLONASS provide?	en
ENTY:animal	How do animals hibernate?	en
NUM:period	What is the age requirement for voting in most democracies?	en
ENTY:veh	What is a snowplow?	en
DESC:def	What is prototypicality?	en
ENTY:body	How many types of nerve fibers exist?	en
LOC:mount	Where is Mount Everest?	en
NUM:ord	What is the seventh planet?	en
ENTY:body	Where is the spleen?	en
ENTY:animal	What kind of animal is Babar	en
ENTY:sport	What sport can a free-legged pacer compete in	en
HUM:ind	Who was Nelson Mandela?	en
ENTY:symbol	Where is the ampersand symbol used?	en
ENTY:event	What happened during the Dark Ages?	en
ENTY:instru	How do you use a saw?	en
ENTY:cremat	What is a columbarium niche?	en
HUM:title	Who directed Jurassic Park?	en
ABBR:exp	What is HDLC	en
HUM:ind	Who was the first American world chess champion	en
NUM:count	How many people hike	en
NUM:temp	Aluminum metal melts at 660.37 C. What is the temperature in Kelvin (to the hundredth)	en
ENTY:product	What is Lego?	en
ENTY:religion	What religion is Rastafarianism?	en
NUM:volsize	What is the volume of blood in a human body?	en
LOC:country	What country was Kim Philby really working for	en
ENTY:symbol	What is the chemical symbol for lithium?	en
DESC:reason	What makes hamburgers taste like steakburgers	en
ENTY:plant	What is a leaf?	en
NUM:speed	What is the speed of a sprinter?	en
NUM:count	What is the area in sq km of France?	en
LOC:state	How are municipalities created?	en
ABBR:exp	What does SRB stand for?	en
ENTY:dismed	What is tuberculosis?	en
ENTY:product	What is a comb made of?	en
ENTY:termeq	What is the rounded part on the top of a matchbook called	en
DESC:def	What is hypernym?	en
ENTY:color	What color is magenta?	en
ENTY:sport	How is basketball played?	en
ENTY:veh	What is the aerodynamic efficiency of truck designs?	en
NUM:date	What time of day did Emperor Hirohito die	en
HUM:title	Who wrote To Kill a Mockingbird?	en
ENTY:word	How many syllables does the word incomprehensible have?	en
DESC:def	What is hypertension	en
LOC:country	What country boasts Cawdor Castle, Glamis Castle, and Blair Castle	en
ENTY:currency	What is the franc?	en
ENTY:sport	What bowl game began as an East-West contest between Michigan and Stanford in 192	en
LOC:country	Tell me about Brazil	en
LOC:mount	What country has Andes Mountains?	en
ENTY:instru	What tool measures temperature in a furnace?	en
ABBR:exp	What does USPS stand for	en
HUM:desc	What is a cardiologist?	en
ENTY:religion	What religion do some people call the New Age movement?	en
NUM:code	What is the hexadecimal code for backspace?	en
DESC:desc	Tell me about the Great Wall of China	en
ENTY:body	Which organ is made up of four chambers, the left atrium, right atrium, left ventricle, and right ventricle	en
ENTY:word	What does jubilant mean?	en
ENTY:techmeth	What is transfer learning?	en
HUM:desc	Who was Quetzalcoatl	en
LOC:country	Whats the most powerful country in the world	en
ENTY:instru	What is a spoon used for?	en
DESC:desc	What is a supernova like?	en
ENTY:lang	Where is Hindi spoken?	en
ENTY:plant	What is a peach?	en
ABBR:abb	Explain the acronym ROM	en
LOC:other	Where are the apartments in Saint John, New Brunswick	en
ENTY:body	What does the spine do?	en
ENTY:food	How is milk produced?	en
NUM:ord	Who came in third place?	en
NUM:perc	What percentage of the human body is bone?	en
LOC:other	Wheres the Petrified Forest	en
ABBR:exp	Spell out the acronym HDMI	en
ENTY:veh	What is a tractor?	en
ABBR:exp	What does COD stand for?	en
ENTY:food	Whats the most delicate-tasting member of the onion family	en
NUM:weight	How much does water weigh	en
LOC:state	What U.S. state is Dixville Notch in	en
NUM:speed	How fast can a human run?	en
ENTY:color	What is yellow?	en
HUM:gr	What do we call clergy?	en
HUM:desc	Who was Santos-Dumont	en
HUM:desc	Who was Maria Theresa	en
LOC:country	What country do the Galapagos Islands belong to	en
DESC:desc	What captures the everyday?	en
NUM:code	What is the octal code for space character?	en
ENTY:sport	How is weightlifting played?	en
DESC:reason	Why do taxes collect?	en
ENTY:event	Tell me about the French Revolution	en
NUM:temp	What is the temperature inside a volcano?	en
NUM:ord	What is the first planet?	en
ENTY:event	When did the Olympics occur?	en
ENTY:product	What is a oven made of?	en
LOC:country	What is the capital of China?	en
ABBR:abb	What is the shorthand for Internet Control Message Protocol?	en
NUM:speed	how fast can a snake move	en
LOC:state	Where is Florida?	en
ENTY:cremat	How is embalming done?	en
ENTY:veh	How does a truck carry?	en
ENTY:letter	What letter is used for oxygen on the periodic table?	en
DESC:desc	What conveys organization?	en
ABBR:exp	SSD is short for what exactly?	en
ENTY:letter	What is the origin of the letter W?	en
NUM:money	How much does a laptop cost?	en
NUM:period	What is the age requirement to run for president?	en
ABBR:exp	What does LASER expand to?	en
DESC:def	What is understatement?	en
ENTY:word	What is a synonym?	en
ENTY:substance	What metal has the highest melting point	en
DESC:reason	Why do debts accrue?	en
ENTY:color	How does color blindness affect?	en
ENTY:instru	What is a ruler used for?	en
NUM:code	What is the octal code for digit 5?	en
NUM:other	What is the longest word ever written?	en
DESC:desc	How is a painting described artistically?	en
DESC:manner	In what manner do coordinators organize?	en
LOC:country	What country did the ancient Romans refer to as Hibernia	en
HUM:desc	What does a judge do?	en
DESC:desc	What elements capture urban atmosphere?	en
ENTY:symbol	What symbol represents danger?	en
NUM:ord	What is the thirtieth book in the series?	en
ENTY:color	How do xanthophylls function?	en
NUM:weight	How much did a knights armor weigh	en
ENTY:veh	What is a boom lift?	en
NUM:period	How long do cardinal eggs incubate	en
ENTY:instru	What device measures precipitation?	en
ENTY:word	How many syllables does encyclopedia have?	en
NUM:money	What is the average cost for four years of medical school	en
ENTY:letter	What is capitalization?	en
NUM:date	When were William Shakespeares twins born	en
LOC:landmass	Where is the Iberian peninsula	en
NUM:speed	What is the speed of a tornados wind?	en
LOC:city	What is a megacity?	en
ABBR:exp	What does CIV represent?	en
ENTY:substance	What is gold?	en
NUM:other	How many languages exist?	en
ENTY:body	How many lobes does the frontal cortex have?	en
ABBR:abb	What is the shorthand for Automated Teller Machine?	en
ENTY:techmeth	What is blockchain?	en
NUM:other	What is a fraction?	en
NUM:volsize	how many cubic meters does a whales stomach have	en
ABBR:abb	What is the shorthand for World Wide Web?	en
ENTY:cremat	How are funeral expenses calculated?	en
LOC:landmass	What continent is the Grand Canyon on?	en
NUM:speed	What is the speed of a shock wave from dynamite?	en
NUM:ord	What is the second letter of the alphabet?	en
DESC:manner	How do you get a pointsettia to turn red	en
ENTY:food	What kind of nuts are used in marzipan	en
HUM:desc	Who is Duke Ellington	en
NUM:temp	at what temperature does water freeze	en
ENTY:currency	What is the lira?	en
ABBR:exp	What does MDA expand to?	en
NUM:ord	What is the twentieth planet?	en
ENTY:word	What is another word for new?	en
LOC:city	What constitutes a metropolitan area?	en
ABBR:abb	What does POP retrieve?	en
ENTY:body	What is the rectum?	en
HUM:title	What is the role of a Governor?	en
NUM:dist	How far is Pluto from the sun	en
ENTY:letter	What is the shape of the letter Q?	en
ENTY:religion	What do Taoism followers believe?	en
LOC:state	Where is Michigan?	en
LOC:mount	Where are the Appalachian Mountains?	en
ABBR:exp	What does SEN represent?	en
ENTY:body	What is the weight of the human heart?	en
ABBR:exp	What does JESSICA mean	en
ABBR:abb	In computing, WiFi refers to what?	en
HUM:desc	How are pediatricians?	en
ENTY:cremat	What movie did Steven Spielberg direct in 1975	en
ENTY:instru	What tool measures voltage?	en
LOC:city	Which city in China has the largest number of foreign financial companies	en
LOC:other	Where is the group M People from	en
ENTY:religion	What is the largest religion in the world?	en
ABBR:abb	What does CV stand for?	en
ENTY:food	What are noodles?	en
NUM:dist	How tall is the replica of the Matterhorn at Disneyland	en
LOC:city	What citys theatrical district has been dubbed The Roaring Forties	en
ENTY:instru	What device measures voltage?	en
NUM:period	What is the typical age of retirement for teachers?	en
ENTY:event	What was the American Revolution?	en
ENTY:animal	What is a rhinoceros?	en
ENTY:substance	What is iron used for?	en
ENTY:plant	What plant is the national flower of Japan?	en
NUM:count	How many minutes in an hour are there?	en
DESC:def	How do tense forms change?	en
DESC:desc	What is the origin of the word Ozymandias	en
NUM:count	What is the number of provinces of France?	en
NUM:dist	How far is London from Berlin?	en
DESC:desc	Describe Mount Everest	en
DESC:def	How does language express identity?	en
ENTY:food	Where does hamburger come from?	en
ENTY:lang	What is Arabic known for?	en
DESC:reason	Why do businesses succeed?	en
ENTY:cremat	What album put The Beatles on the cover of Time in 1967	en
DESC:desc	What is Mount Everest like?	en
LOC:country	In what nation is Edessa located nowadays	en
NUM:period	How many days are in a leap year?	en
LOC:landmass	Which continent is the Alps mountain range on?	en
ENTY:food	What is polenta?	en
DESC:def	What is a sentence fragment?	en
DESC:def	How does politeness work?	en
ABBR:abb	Whats the abbreviation for trinitrotoluene	en
ENTY:animal	How big is a wildebeest?	en
ENTY:other	What dropped 1, 313 feet in 1980	en
ENTY:body	What of the body liquid contains immune cells, antimicrobial and antifungal proteins, and growth factors that promote wound healing	en
ENTY:veh	what kind of vehicle was Priscilla in the 1994 film The Adventures of Priscilla, Queen of the Desert	en
ENTY:lang	What is Dutch?	en
LOC:country	Tell me about Russia	en
ENTY:instru	What is a screwdriver used for?	en
NUM:weight	What is the weight of a human lungs?	en
HUM:desc	What does a neurologist do?	en
ENTY:event	What happened during World War I?	en
LOC:mount	What is Rainier?	en
ENTY:body	How many lobes does each human lung have?	en
ENTY:termeq	What do we call attorney in other words?	en
ABBR:abb	LCD abbreviates what?	en
NUM:temp	At what temperature does fat melt?	en
ENTY:letter	What is the letter that is used for the th sound?	en
ENTY:cremat	Stuart Hamblen is considered to be the first singing cowboy of which medium	en
NUM:other	How many bones are in a blue whale?	en
ENTY:color	How does color mixing work?	en
DESC:def	How do maxims guide conversation?	en
LOC:other	Where was the first golf course in the United States	en
NUM:volsize	How large is the Sun compared to Earth?	en
ENTY:product	What do you use a bookshelf for?	en
ENTY:religion	What is Shinto based on?	en
LOC:country	What country borders Denmark to the south	en
HUM:desc	Who was Shakespeare?	en
NUM:period	What is the typical age of menopause in women?	en
NUM:count	What is the area in sq km of UK?	en
HUM:ind	What was the name of the lawyer who represented Randy Craft	en
HUM:title	What title does comedian Henry Youngman claim	en
NUM:temp	At what temperature does rubber become brittle?	en
LOC:city	What South American city has the worlds highest commercial landing field	en
NUM:dist	what is the radius of uranus	en
ABBR:exp	What does GER stand for?	en
HUM:gr	What do we call millennials?	en
ENTY:other	What stringed weapon fires a bolt	en
LOC:water	What connects to the Atlantic Ocean?	en
HUM:gr	How are alliances?	en
HUM:desc	Who is Johnny Carson	en
LOC:country	What country is located at 13 degrees North latitude and 10 degrees East longitude	en
ENTY:cremat	What newspaper returned a Pulitzer Prize for the fraudulent story Jimmys World	en
NUM:weight	What is the weight of a grain?	en
ENTY:currency	What is the zloty?	en
LOC:mount	How tall is Fuji?	en
LOC:state	What is a special district?	en
LOC:country	What is the capital of Spain?	en
NUM:ord	in which episode of star trek was that	en
ENTY:lang	How many people speak Vietnamese?	en
ABBR:exp	Expand the acronym FBI	en
ENTY:body	How many lobes does the brain have?	en
ENTY:sport	What sport is known for hooligans	en
NUM:count	How many continents are there	en
LOC:other	Where is the Virtual Desk Reference	en
DESC:reason	Why do enzymes catalyze?	en
NUM:ord	Which position were you in the queue	en
HUM:title	What is a Manager?	en
ABBR:abb	What is the shorthand for Exabyte?	en
ENTY:techmeth	What is the process for desalination?	en
DESC:reason	Why can t ostriches fly	en
ENTY:cremat	What movie told of Anna Andersons claim to be a Russian czars daughter	en
ENTY:symbol	What is the √ symbol used for?	en
NUM:money	What is a college education cost?	en
NUM:speed	What is a bullet speed?	en
ENTY:letter	What letter is used for lead on the periodic table?	en
NUM:count	How many people died on South Carolina highways in 1998	en
ENTY:color	What is the color wheel?	en
ENTY:symbol	people from various cultures misunderstand this symbol, what is the symbol	en
NUM:date	In what year was the Wall built	en
LOC:landmass	Where is Iberian Peninsula?	en
ENTY:animal	What is a tortoise?	en
NUM:ord	What chapter of the Bible has the most verses	en
LOC:city	What is Rome?	en
HUM:ind	Tell me about Leonardo da Vinci	en
ENTY:techmeth	What is cryptocurrency?	en
ENTY:instru	What is the magnification of a standard telescope?	en
ENTY:body	How many chambers does the urinary bladder have?	en
ENTY:plant	Where do lemons grow?	en
ENTY:currency	What is the South African rand?	en
ENTY:body	What does the capillary do?	en
NUM:date	When was the telephone invented	en
DESC:reason	Why did the world enter a global depression in 1929	en
DESC:desc	How are thoughts?	en
NUM:speed	How fast is a car?	en
ENTY:currency	What is the Brazilian real?	en
ENTY:dismed	What causes whooping cough?	en
HUM:ind	Who discovered oxygen	en
DESC:desc	Describe the Statue of Liberty	en
ENTY:sport	How is marathon played?	en
NUM:volsize	what size do you wear	en
ENTY:color	What color is pink?	en
ENTY:event	What was the name of the U.S.s first manned space program	en
ENTY:product	What do you use a dishwasher for?	en
ENTY:letter	What is diacritics?	en
NUM:money	What is inflation?	en
ENTY:dismed	What is another term for the painful wrist syndrome	en
DESC:manner	How is a hydrogen bomb different from a nuclear bomb	en
DESC:manner	In what manner do florists arrange?	en
ENTY:techmeth	How does Gibbs sampling function?	en
DESC:reason	What function does homeostasis have on the existence of an organism	en
ENTY:color	What color is most often used to symbolize truth	en
NUM:date	When did they canonize the Bible	en
ENTY:substance	What is sugar?	en
NUM:perc	How much is wetland?	en
DESC:manner	How is Paraguay for vacations	en
DESC:manner	What is the method for paint a wall?	en
NUM:date	When was the first flush toilet invented	en
ENTY:cremat	What film dramatized the Scopes monkey trial	en
ENTY:dismed	What is the name of the disease that actress Hunter Tylos baby girl has	en
ENTY:religion	What is Scientology?	en
NUM:perc	What percentage of children have access to education?	en
ENTY:cremat	How are cemetery plots maintained?	en
LOC:other	Where can I get mailing lists	en
ENTY:veh	What is a trailer?	en
ENTY:instru	How many valves does a trombone have?	en
DESC:reason	What is Garry Kasparov famous for	en
ENTY:food	How is couscous prepared?	en
ENTY:techmeth	What Muhammad Ali maneuver was George Foreman the first victim of	en
NUM:date	When is President Nixons birthday	en
ENTY:body	How many chambers does the stomach have?	en
ENTY:body	How does the epidermis renew?	en
ENTY:body	How do lungs?	en
ENTY:sport	What is boxing?	en
DESC:manner	In what manner do police enforce law?	en
DESC:desc	How is wonder described amazingly?	en
ABBR:abb	What does UN mean?	en
HUM:ind	What architect originated the glass house designed the Chicago Federal Center had a philosophy of less is more, and produced plans that were the forerunner of the California ranch house	en
ENTY:letter	How many letters does the Arabic alphabet have?	en
HUM:desc	Who founded Apple?	en
ENTY:color	What color is the stripe along each side of a Coho salmon	en
NUM:dist	How many miles between Atlantic and Pacific?	en
LOC:mount	Where are the Sierra Nevada?	en
NUM:volsize	What is the size of a standard swimming pool?	en
HUM:title	Who painted Water Lilies?	en
ABBR:exp	What does MNG expand to?	en
ENTY:food	What are chilis?	en
ENTY:letter	What is the vowel in grammar?	en
ABBR:exp	What does MWI expand to?	en
DESC:desc	What elements create a detailed portrait?	en
ENTY:food	What is chocolate made from?	en
NUM:speed	What is the average speed of the horses at the Kentucky Derby	en
ENTY:dismed	What is stroke?	en
HUM:title	What is the role of a Supervisor?	en
ENTY:instru	What is a Drums?	en
DESC:manner	In what way do statisticians analyze?	en
ABBR:abb	What is the shorthand for Gigahertz?	en
ENTY:food	How do bulbs grow?	en
ENTY:cremat	What is a power of attorney?	en
ENTY:food	What are peas?	en
DESC:manner	How did people respond to the idea of the first millenium	en
ENTY:lang	Where is Thai spoken?	en
DESC:def	How do innovations spread?	en
DESC:reason	What causes extremes?	en
ENTY:food	What is the great American family cereal	en
ENTY:body	Where is the skull?	en
ENTY:lang	What is Italian known for?	en
ENTY:letter	What is a calligraphy?	en
NUM:ord	What is the fifteenth book in the series?	en
ENTY:currency	What is the dollar?	en
NUM:period	What is the standard duration of a conference talk?	en
ENTY:animal	What makes parasitism harmful?	en
ENTY:dismed	What is aspirin?	en
ENTY:techmeth	How does augmented reality work?	en
ENTY:body	How does the thymus develop lymphocytes?	en
ABBR:exp	What does IOC stand for	en
LOC:other	Where do I find information for foreclosure properties on the Internet	en
ENTY:color	What color is a orange?	en
NUM:perc	What percentage of the body is skin?	en
ABBR:abb	SSH abbreviates what?	en
ENTY:veh	What was the name of the flight that Fawaz Younis hijacked	en
LOC:mount	What is the tallest mountain in Japan?	en
NUM:dist	What is the length of the Nile River?	en
DESC:reason	Explain why we need sleep	en
HUM:desc	What is a physicist?	en
ENTY:currency	What currency does Japan use?	en
DESC:def	What is meant by the term yield to maturity in reference to bonds	en
NUM:other	How many stars are visible to the naked eye?	en
NUM:temp	At what temperature does water freeze in Fahrenheit?	en
DESC:desc	How is regression described retroactively?	en
ENTY:product	What do you use a smartwatch for?	en
NUM:volsize	How much space does the human brain occupy in the skull?	en
ENTY:food	How are probiotics beneficial?	en
NUM:perc	What percentage are young adults?	en
HUM:desc	Describe a typical professor	en
ENTY:product	Which air purifier removes allergens?	en
ENTY:religion	How many Mormons are there?	en
ENTY:product	What is a gaming peripheral?	en
HUM:gr	What is a politicians?	en
ENTY:body	What does the skull do?	en
DESC:desc	What is the origin of the word assassinate	en
ENTY:other	What is the connection between New Krypton and Daxam	en
ENTY:animal	what is The slowest Animals In The World	en
ENTY:product	What steam iron removes wrinkles?	en
ENTY:religion	What is the primary religion in Israel?	en
NUM:speed	What is the speed of a supersonic jet?	en
ENTY:letter	What letter denotes the independent clause?	en
LOC:country	What continent is Nigeria in?	en
ENTY:food	What is milk made from?	en
NUM:period	What is the average lifespan of a cat?	en
ENTY:symbol	what are pictograms used to convey information useful to travelers without using words known as	en
ABBR:abb	What does MB hold?	en
ENTY:food	What is salmon made from?	en
ENTY:body	How many blood vessels are in the human body?	en
ENTY:food	Where does chocolate come from?	en
ENTY:termeq	What is a synonym for intelligent?	en
ENTY:veh	What is the payload capacity of a quad bike?	en
DESC:manner	How do you get bubblegum out of carpet	en
DESC:def	What is a mathematical factor	en
ENTY:food	What is Banana?	en
DESC:def	What is a bone marrow transplant	en
ENTY:animal	What animal causes the biggest threat to humans	en
ENTY:currency	What is an exchange rate?	en
NUM:count	How many layers does a bottle of Yoo-Hoo settle into	en
DESC:manner	In what manner do exiles exile?	en
LOC:landmass	What is Scandinavia?	en
NUM:temp	At what temperature does yeast die?	en
LOC:country	What country contains Africas northernmost point	en
ENTY:plant	What is a flower?	en
NUM:code	What is the binary code for vertical tab?	en
ENTY:symbol	What does the crescent represent?	en
NUM:ord	What is the ninth planet?	en
ENTY:food	What is sauerkraut?	en
DESC:def	What is the meaning of CPR	en
NUM:code	How are area codes assigned?	en
NUM:dist	How far is Tokyo from Istanbul?	en
ENTY:instru	What is a drums used for?	en
ENTY:instru	How do you use a drill?	en
HUM:gr	Who are the refugees?	en
DESC:manner	What is the method for yoga?	en
ENTY:product	What is a tablet made of?	en
ENTY:animal	what is the smallest bird and the smallest warm-blooded vertebrate	en
HUM:ind	Tell me about George Washington	en
ABBR:exp	What does MYS represent?	en
ENTY:cremat	What film ends with the line This is Mrs. Norman Maine	en
LOC:country	Tell me about India	en
ENTY:body	What does the nail do?	en
ENTY:instru	What is the function of a refractometer?	en
ABBR:abb	What is the abbreviation for bits per second?	en
ENTY:sport	What are the rules of skiing?	en
ABBR:exp	Spell out the acronym URL	en
HUM:title	How does a manager function?	en
DESC:reason	What causes nausea?	en
ENTY:instru	How many keys does a saxophone have?	en
NUM:period	How long is a century?	en
ENTY:veh	What is the weight distribution in a balanced vehicle?	en
ENTY:plant	What does a maple look like?	en
ENTY:food	Which is heavier - cream or milk	en
LOC:other	What are some good fractal web sites	en
HUM:title	What is a Deputy?	en
DESC:def	What is an interjection?	en
ENTY:cremat	What was the first English play written exclusively for children	en
NUM:weight	How many tons of molten bell metal and how many tons of copper is needed to make 100 tons of Gunmetal	en
LOC:city	What city was John F. Kennedy nominated for president in	en
DESC:reason	What is the reason the sky is blue?	en
NUM:perc	What percentage is manufacturing?	en
ENTY:body	What is the pressure in human arteries?	en
DESC:manner	How do they raise the cranes when building high-rise buildings	en
NUM:count	How many hours in a day are there?	en
NUM:code	What does error code 502 mean?	en
DESC:reason	Why do girls have to wear training bras	en
ENTY:animal	What is a female rabbit called	en
ENTY:instru	How does a trumpet sound?	en
ENTY:sport	What is gymnastics?	en
ENTY:letter	What is the least commonly used letter in English?	en
ENTY:product	What do you use a radio for?	en
NUM:count	How many characters makes up a word for typing test purposes	en
HUM:desc	What does a dermatologist do?	en
ENTY:product	What is Barbie?	en
ENTY:sport	What are the rules of soccer?	en
ENTY:veh	How many gears does a semi-automatic transmission have?	en
ABBR:exp	What does UGA stand for?	en
NUM:other	How many websites exist on the internet?	en
ENTY:substance	What is concrete?	en
NUM:code	What does error code 404 mean?	en
DESC:def	What is a biologist	en
NUM:speed	How quickly can a sloth move when threatened or hurried?	en
NUM:count	What is the number of regions of China?	en
NUM:weight	What is the weight of a human skeleton?	en
ABBR:exp	What does KYM expand to?	en
DESC:manner	Describe how to meditation	en
NUM:money	What is the rent?	en
ENTY:event	What was Franklin Roosevelts program for economic recovery called during the Great Depression	en
HUM:title	What is a Queen?	en
DESC:desc	How is art described?	en
ENTY:substance	What is hydrogen?	en
ENTY:color	What is chroma?	en
LOC:landmass	How are gorges formed?	en
ENTY:word	What is the oldest known word in English?	en
NUM:weight	What do Englishmen weigh themselves in	en
ENTY:veh	What is a bulldozer used for?	en
ENTY:techmeth	How does photosynthesis work?	en
ENTY:techmeth	What is machine learning?	en
NUM:date	On what day is Christmas?	en
ENTY:body	What is the length of a human hair follicle?	en
LOC:state	What is a autonomous region?	en
ENTY:symbol	What is the ^ symbol?	en
NUM:code	What is the ASCII code for digit 5?	en
ABBR:exp	What does SVN expand to?	en
HUM:ind	What does a historian do?	en
ENTY:veh	What was the sister ship of the Olympic	en
ENTY:body	Which organ in the mouth maintains balance of the middle ear and send the inhaled air to the wind pipe or trachea	en
ENTY:word	What does facetious mean?	en
DESC:desc	What captures interpersonal dynamics?	en
ABBR:abb	What is the abbreviation for Texas	en
ABBR:exp	FLOTUS expands to First Lady of the United States?	en
ENTY:body	Where is the tooth?	en
ENTY:currency	What is a bill?	en
ENTY:food	How is cereal made?	en
NUM:temp	At what temperature does nitrogen liquefy?	en
DESC:desc	Can you describe the Statue of Liberty?	en
HUM:ind	What did George Washington do?	en
ENTY:currency	What currency does Argentina use	en
LOC:other	In Poland, where do most people live	en
HUM:title	What title did Shevardnadze have during the Soviet era	en
NUM:perc	What percentage graduated?	en
LOC:landmass	What is Antarctica?	en
ABBR:abb	Define the abbreviation SSD	en
ENTY:veh	What is the minimum legal tire tread depth in the US?	en
ABBR:abb	What does CLI provide?	en
DESC:reason	Why do brains think?	en
ENTY:veh	What is the structural load rating of a car frame?	en
LOC:other	What was known as the Spice Island	en
NUM:perc	What percentage of the workforce is female?	en
ABBR:abb	What does RAM stand for?	en
ENTY:letter	How many letters are in the English alphabet?	en
DESC:def	What is a sign?	en
NUM:period	How many years ago was the invention of the wheel?	en
DESC:desc	What captures ethnic elements?	en
ENTY:cremat	What is the folklore story regarding birds nests and birds in Christmas trees	en
ENTY:color	What is pastel?	en
LOC:water	What sea separates Naples and Algiers	en
LOC:landmass	What continent is the Dead Sea on?	en
ABBR:abb	What does USA mean?	en
DESC:desc	What conveys artistic elements?	en
ENTY:product	What do you use a desk for?	en
ENTY:food	What do flatfish eat	en
ENTY:event	How are political campaigns conducted?	en
LOC:country	What countrys capital is Lagos	en
ENTY:word	What is a article?	en
ABBR:abb	What does REST stand for?	en
DESC:def	What are tannins	en
HUM:ind	What President once told Gene Autry Please give my regards to your wife Dale	en
NUM:volsize	How many milliliters are in a teaspoon?	en
ENTY:substance	What was the Bridge of San Luis Rey made of	en
DESC:reason	Why do stomachs growl?	en
DESC:def	What is lexical diffusion?	en
HUM:title	What is a Specialist?	en
NUM:date	When was the first stained glass window made	en
ENTY:symbol	What symbol denotes registered trademark?	en
ENTY:other	How are historical records indexed?	en
DESC:def	How do vowel shifts occur?	en
ABBR:exp	What does HRV stand for?	en
ENTY:dismed	What is a fear of stings	en
ENTY:sport	What is surfing?	en
ENTY:color	What color are tennis balls	en
ENTY:food	How is anchovy?	en
DESC:def	What is a phrase?	en
NUM:count	How many religions are there?	en
ENTY:currency	What is the currency of Israel?	en
ENTY:body	How does the spleen work?	en
DESC:desc	What is the difference between microprocessors & microcontrollers	en
ENTY:event	What new year is celebrated on February 16th	en
ENTY:cremat	What TV show chronicled the lives of Katy Holstrum and Congressman Glen Morley	en
ENTY:currency	What is the Russian ruble?	en
DESC:desc	How is season described seasonally?	en
HUM:title	Who painted The Starry Night?	en
ENTY:other	What was Simple Simon fishing for in his mothers pail	en
ENTY:other	What kind of weapons were used in Medieval warfare	en
ENTY:other	What penalty space lies between Baltic Avenue and Reading Railroad on a Monopoly board	en
ENTY:termeq	What do I call the sons and daughters of my first cousins	en
ENTY:body	What dangles over the tongue from the palate	en
ENTY:termeq	What is the former name of Zimbabwe	en
NUM:period	What is the standard duration of a university semester?	en
LOC:country	What country was Sir Edmund Hillary born in	en
DESC:manner	How can I search for a word within my own webpage	en
ENTY:body	What is the strongest muscle in the human body	en
ENTY:veh	What is a road roller?	en
ABBR:abb	Explain the acronym SSL	en
NUM:speed	What is the speed of wind in a hurricane?	en
NUM:perc	What percentage is the interest rate?	en
ENTY:food	How is coffee processed?	en
ENTY:color	How do weathered colors change?	en
NUM:perc	What percentage of the Earth is forest?	en
DESC:desc	What is the origin of a.m. and p.m.	en
ABBR:exp	What does the T.S. stand for in T.S. Eliots name	en
ABBR:exp	IMF stands for what exactly?	en
LOC:other	Where is the Eiffel Tower	en
ENTY:veh	What is the payload capacity of a flatbed truck?	en
ABBR:exp	What does MVP expand to?	en
ENTY:food	What food can I use to catch a possum	en
NUM:money	What is the cost of a cup of coffee?	en
ABBR:abb	What is the acronym for North Atlantic Treaty Organization?	en
ENTY:religion	Which religion observes Ramadan?	en
ABBR:abb	What is the acronym for Megabits per second?	en
NUM:volsize	What is the acreage of the Chappellet vineyard	en
NUM:date	When was the internal combustion engine developed	en
LOC:landmass	What continent is the Himalayas on?	en
HUM:desc	Describe a typical anthropologist	en
LOC:water	Where is the Nile River?	en
HUM:gr	What Indian tribe is F Troop perpetually doing battle with	en
DESC:def	What is a storm surge	en
ENTY:religion	What is Satanism?	en
DESC:def	What do we mean by photosynthesis?	en
ENTY:techmeth	How does particle swarm optimization function?	en
ENTY:letter	What is the etymology of the letter Z?	en
HUM:desc	What is a archaeologist?	en
ABBR:exp	What does MOZ represent?	en
NUM:dist	How many miles between North and South Pole?	en
LOC:state	What four U.S. states have active volcanoes	en
NUM:period	How long does it take for cement to fully cure and harden?	en
NUM:date	What year was the signing of the Magna Carta?	en
ENTY:substance	What is sulfur?	en
ABBR:abb	Explain the acronym OLED	en
NUM:period	How many days does food poisoning usually last?	en
NUM:volsize	How large is the Atlantic Ocean?	en
DESC:def	How do parentheses work?	en
ENTY:sport	How is golf played?	en
NUM:weight	Half the weight of a brick plus 20 pounds is equal to 1/3 the weight of the brick plus 30 pounds. How much does the brick weigh	en
DESC:def	How would you define latency?	en
ENTY:other	What does a resurrectionist steal	en
DESC:reason	Why does seasons change?	en
NUM:period	How long do you have to pay back debt after claiming chapter 11 bankruptcy	en
DESC:manner	How can I find out how much it costs to raise a baby for six months	en
ENTY:body	Which organ has connections with seven cavities which are 2 nasal cavities, 2 tympanic cavities (cavity which surrounds the bones present in the middle ear), mouth, esophagus, larynx	en
ABBR:abb	What does OS manage?	en
DESC:desc	How is energy described dynamically?	en
LOC:country	Whats the only East european country not tied to the ruble	en
NUM:speed	How fast can a Corvette go	en
LOC:country	Whats the fifth-largest country in the world	en
ENTY:body	How many pairs of nerves extend from the spinal cord?	en
ENTY:cremat	What Shakespeare play opens with the line Now is the winter of our discontent..	en
ENTY:word	What does incarcerated mean?	en
NUM:period	How long does it take to complete a masters degree?	en
NUM:speed	What is the orbital speed of Earth around the sun?	en
LOC:mount	How high is Mount Kilimanjaro?	en
HUM:gr	What professional sports league originated the college draft	en
DESC:manner	How do explorers venture?	en
ENTY:body	What is the ureter?	en
LOC:mount	Where is the highest point in Japan	en
NUM:dist	How far is the moon?	en
NUM:date	What year was Desmond Mpilo Tutu awarded the Nobel Peace Prize	en
DESC:desc	How is weakness described frailly?	en
ENTY:animal	what is the largest land carnivorous animals in the world	en
ENTY:other	Whats the highest hand in straight poker	en
LOC:city	What is Tokyo?	en
ENTY:symbol	What is the ♪ symbol used for?	en
ENTY:dismed	What is the most common cancer	en
HUM:desc	Who is Langston Hughes	en
NUM:dist	How far is it from Moscow to Beijing?	en
LOC:country	What continent is Canada in?	en
ENTY:veh	What were Christopher Columbus three ships	en
ENTY:veh	What is a jet ski?	en
LOC:state	Where is Massachusetts?	en
NUM:other	What is the most-searched term on Google?	en
LOC:mount	What is Denali?	en
DESC:reason	What were the causes of the Civil War	en
ENTY:animal	What makes prey defensive?	en
HUM:title	What is an administrator?	en
ENTY:product	What is a hairbrush?	en
DESC:desc	What personality traits are Capricorns said to have	en
ENTY:product	What do you use a bicycle for?	en
NUM:dist	How many miles between London and Paris?	en
ENTY:other	How are historical objects conserved?	en
ENTY:animal	What is Mississippis state animal	en
DESC:def	What does saute mean	en
ENTY:sport	What is diving?	en
DESC:def	How do pronouns reference?	en
ENTY:veh	How many windows does a Greyhound bus have?	en
ENTY:body	What does the colon do?	en
ABBR:exp	What does BHS expand to?	en
NUM:temp	What temperature does steel melt?	en
NUM:dist	How far is Jupiter from the Sun?	en
ENTY:plant	What is a grain?	en
HUM:ind	Who was Galileo Galilei?	en
LOC:water	What connects to the Dead Sea?	en
NUM:speed	What is the speed of a city bus?	en
NUM:other	What is the number of atoms in the human body?	en
ENTY:animal	How do animals dive?	en
LOC:landmass	What is Asia?	en
DESC:reason	Why are haunted houses popular	en
ABBR:exp	What do the letters in WiFi stand for?	en
ENTY:veh	What is the maximum cruise altitude of a commercial airliner?	en
ENTY:food	How are seeds processed?	en
NUM:perc	What percentage of Earths surface is covered by water?	en
ENTY:food	What is hot dog?	en
DESC:reason	What exactly is the purpose of the anteater	en
ENTY:body	Which body system is home to more cancers, and causes more cancer mortalities, than any other organ system in the body	en
DESC:reason	What is Colin Powell best known for	en
ENTY:other	What weapon is the mythological character Apollo most proficient with	en
HUM:ind	Who portrayed Sherlock Holmes in 14 films between 1939 and 1946	en
DESC:def	How do roots form words?	en
NUM:period	What is the average lifespan of a parrot?	en
HUM:desc	What does a veterinarian do?	en
HUM:ind	Who was President of Afghanistan in 1994	en
ENTY:religion	What is humanism?	en
ENTY:techmeth	What is the method for 3D printing?	en
NUM:perc	What percentage of the body is water?	en
ENTY:product	What is Mercedes?	en
ENTY:veh	What is the fuel efficiency in city driving conditions?	en
ENTY:cremat	How does a crematory work?	en
DESC:manner	How do actuaries compute?	en
NUM:perc	What percentage of office workers telecommute?	en
LOC:city	What Russian seaport has a name meaning Lord of the East	en
NUM:dist	how high is the tallest volcano	en
ENTY:word	How many letters does the word supercalifragilisticexpialidocious have?	en
NUM:date	On what day is Thanksgiving?	en
LOC:city	How are zones organized?	en
ENTY:instru	How many strings does a sitar have?	en
ENTY:word	What does ephemeral mean?	en
ENTY:dismed	What is a fear of being dirty	en
NUM:count	What is the number of provinces of Nigeria?	en
NUM:date	When was President Kennedy shot	en
ENTY:termeq	What is a synonym for physician?	en
ENTY:instru	What is the function of a pyrometer?	en
NUM:weight	How much does an adult giraffe weigh?	en
NUM:period	How long was the longest sneezing attack	en
ENTY:plant	What is a tree?	en
NUM:code	What does error code 451 mean?	en
NUM:count	What is the number of regions of Italy?	en
ENTY:product	What garment was named for Bradley, Voorhees and Day	en
NUM:count	How many species of sharks are there	en
NUM:ord	What is the twenty-first planet?	en
NUM:other	What is the fastest internet speed available?	en
ENTY:color	What is gray?	en
HUM:desc	Describe a typical composer	en
NUM:date	When do MORMONS believe Christ was born	en
ENTY:instru	What is the function of a camera obscura?	en
ENTY:termeq	Is noisy the same as loud?	en
LOC:city	What was the first town to be chartered in Vermont	en
NUM:count	What is the number of languages?	en
ABBR:exp	What does R.E.M. stand for, as in the rock group R.E.M.	en
LOC:city	What is the capital of Mongolia	en
ENTY:body	What is the skeletal system?	en
LOC:state	What is California known for?	en
ENTY:word	What is a participle?	en
ENTY:cremat	Tell me about mausoleum	en
NUM:volsize	How large is the Amazon?	en
LOC:country	Tell me about Spain	en
DESC:desc	What shows personality through action?	en
ENTY:sport	What are the rules of football?	en
NUM:other	What is the number of active volcanoes?	en
NUM:date	In what year was the cannon invented	en
ENTY:currency	What is the currency of Argentina?	en
LOC:city	What citys the kickoff point for climbs of Mount Everest	en
HUM:title	What is a dispatcher?	en
ABBR:abb	What does RFI create?	en
DESC:desc	What is the origin of Boxing Day	en
ENTY:product	Which printer is ink-efficient?	en
ENTY:letter	What letter appears most?	en
ENTY:word	What does fugitive mean?	en
ENTY:lang	What is Polish known for?	en
NUM:perc	What percentage of American men are alcoholic	en
ABBR:abb	What is the abbreviation for Radio Frequency Interference?	en
NUM:volsize	what is the size of the smallest organism	en
ABBR:abb	What is the acronym for Petabyte?	en
ENTY:cremat	What was a California prayer book to an Old West gambler	en
DESC:manner	How can I find out how much income tax is paid on Social Security income on the 1998 income tax	en
ABBR:exp	What does U.S.S.R. stand for	en
NUM:volsize	What is the volume of a basketball?	en
ENTY:color	What is green?	en
NUM:count	How much in miles is a ten K run	en
ABBR:abb	Explain the acronym FTP	en
ABBR:abb	In computing, ROM refers to what?	en
ENTY:color	What color is gold?	en
ENTY:substance	How is copper used?	en
ENTY:veh	What is an Uber?	en
DESC:reason	What caused the death of Bob Marley	en
ABBR:abb	Explain the acronym DHCP	en
ENTY:sport	Whats the most popular four-player game of all time	en
HUM:gr	What store claims to be the worlds largest department store	en
ENTY:color	What is disruptive coloration?	en
LOC:landmass	How are valleys?	en
ENTY:animal	What class of animals makes up more than two-thirds of known species	en
ABBR:abb	What does NLP stand for?	en
ABBR:abb	What is the abbreviation for Metropolitan Area Network?	en
ENTY:letter	How many vowels does the Spanish alphabet have?	en
DESC:def	What is stigmatization?	en
NUM:ord	In the list of your favorite animals, where are cats	en
ABBR:abb	What does UNESCO mean?	en
NUM:other	What is the number of planets?	en
ENTY:lang	What is German?	en
ENTY:body	How do sebaceous glands lubricate?	en
NUM:speed	What is the maximum speed of a helicopter?	en
ENTY:color	What color is a rose?	en
DESC:reason	What is the reason eclipses happen?	en
ENTY:word	What does diaphanous mean?	en
ENTY:product	What is Samsung Galaxy?	en
ENTY:color	What color is a parrot?	en
ENTY:food	How are condiments?	en
NUM:perc	What percentage is the unemployment rate?	en
NUM:ord	What is the second number?	en
ABBR:abb	Explain the acronym HDD	en
HUM:desc	What is the role of a coach?	en
ENTY:veh	What is the battery capacity of hybrid vehicles?	en
HUM:title	Who holds the title of Queen?	en
HUM:desc	What is an artist?	en
ENTY:body	What is the function of the diaphragm?	en
NUM:code	What is the octal code for line feed?	en
NUM:period	How old is Jeremy Piven	en
HUM:desc	What is a doctor?	en
HUM:gr	What company produces Spumante	en
ABBR:exp	What does the blue ribbon stand for	en
HUM:desc	What does an audiologist diagnose?	en
HUM:desc	How does a dermatologist diagnose skin conditions?	en
LOC:water	Where is the Strait of Gibraltar?	en
HUM:gr	What is a team?	en
ABBR:exp	What does SIDS stand for	en
ENTY:food	What are candies?	en
NUM:dist	How wide is the Milky Way galaxy	en
DESC:reason	Why do ice ages occur?	en
DESC:desc	What good are mosquitoes	en
ENTY:body	What is the function of the optic nerve?	en
ENTY:animal	What makes cognition variable?	en
ENTY:animal	How do animals speciate?	en
NUM:period	What is the standard duration of a dental cleaning?	en
HUM:gr	How are groups?	en
ENTY:product	What is a scissors?	en
ENTY:food	Where does blueberry come from?	en
NUM:other	What is the population of China	en
DESC:def	How do dangling modifiers occur?	en
ABBR:abb	What does LASER stand for?	en
ENTY:animal	How do primates live?	en
ENTY:animal	What is the friendliest dog breeds in the world	en
NUM:ord	Who came in fourteenth place?	en
ENTY:other	What did Jack exchange with the butcher for a handful of beans	en
ENTY:body	What are white blood cells?	en
LOC:other	Where is Ocho Rios	en
DESC:manner	In what way do mentors advise?	en
ENTY:currency	What currency does Finland use?	en
NUM:speed	How fast can Usain Bolt run?	en
ENTY:animal	What is a elk?	en
ENTY:food	What makes legumes important?	en
ENTY:animal	How do animals use magnetic fields?	en
HUM:title	What is a Chancellor?	en
DESC:desc	Whats new in the postal world in 1999	en
ENTY:symbol	What does the percent sign represent?	en
ENTY:word	What is another word for end?	en
ABBR:exp	What does BLR expand to?	en
ENTY:body	What does the muscle do?	en
LOC:landmass	What is Balkans?	en
LOC:state	What is an exclave?	en
NUM:money	What is the federal minimum wage	en
LOC:country	What continent is Australia in?	en
ENTY:religion	What is Orthodoxy?	en
DESC:def	What do we mean by communism?	en
ENTY:symbol	How is the _ symbol used?	en
ENTY:animal	What animal has the best hearing	en
DESC:def	What is Smartnet	en
NUM:dist	A killer shark, attacking a fishing boat, swims at a speed of 13m/s for half a minute. How far does it swim in this time	en
NUM:date	What date is Easter?	en
ABBR:exp	What does COK represent?	en
ENTY:lang	What is the primary language of the Philippines	en
NUM:money	How much does a smartphone cost?	en
DESC:reason	Why is the moon has craters?	en
NUM:count	How many years did Shea & Gould practice law in Los Angeles	en
ENTY:event	What happened during Cannes Film Festival?	en
LOC:other	Where did King Francis I hang the Mona Lisa when he owned it	en
HUM:title	What rank is Chancellor?	en
HUM:ind	Who is the head of the World Bank	en
ENTY:event	What war did Johnny Reb and Billy Yank fight	en
ENTY:dismed	How is heart disease treated?	en
NUM:count	Count the continents	en
ABBR:exp	Spell out the acronym ROM	en
DESC:desc	What conveys facility?	en
ENTY:animal	Which mosquitos bite draws blood, DT NN CC DT NN	en
ENTY:sport	How is wrestling performed?	en
DESC:manner	How do you make a paintball	en
HUM:ind	What is the real name of the singer, Madonna	en
NUM:dist	What is the elevation of St. Louis, MO	en
LOC:city	What city would you be in if you were feeding the pigeons in the Piazza San Marco	en
NUM:perc	Independent silversmiths account for what percentage of silver production	en
NUM:volsize	how big was the universe 1 second after the big bang	en
ENTY:word	What does repressed mean?	en
LOC:city	What country is Moscow in?	en
NUM:code	In ZIP codes, why do some end with a four-digit extension?	en
ENTY:religion	What is Unity Church?	en
NUM:volsize	How large is Mount Everest in volume?	en
NUM:speed	What is the speed of Mach 1 at sea level?	en
DESC:reason	Why do beliefs form?	en
NUM:volsize	What is the volume of the Milky Way galaxy?	en
ENTY:food	What is chocolate?	en
ABBR:abb	What does STEM represent?	en
ENTY:dismed	Name a stimulant	en
NUM:count	What is the area in sq km of India?	en
LOC:other	What attracts tourists to Reims	en
ENTY:body	What does the brain do?	en
NUM:temp	What is the temperature in an unknown location?	en
ENTY:techmeth	How does natural language processing work?	en
DESC:desc	Can you describe the Aurora Borealis?	en
ENTY:letter	What is the shape of the letter T?	en
ABBR:abb	What does HTTP use?	en
LOC:country	Tell me about Italy	en
ENTY:techmeth	How does WiFi transmission work?	en
ENTY:word	What is a word that means expensive?	en
ENTY:event	When did the Reformation occur?	en
ENTY:veh	How many heat dissipation areas are in an engine?	en
HUM:ind	Who was the famous door-to-door brush salesman	en
ENTY:plant	What is corn?	en
NUM:speed	What is the speed of a hurricanes wind at the outer bands?	en
ABBR:exp	Expand the acronym IR	en
DESC:manner	In what way do musicians perform?	en
ENTY:animal	Who was the first animal into space	en
ENTY:religion	What is the main religion in Sweden?	en
HUM:desc	Who is Terrence Malick	en
ENTY:color	What color bottles do good Rhine wines come in	en
NUM:volsize	What is the size of a car?	en
ABBR:exp	GPU means what in full form?	en
NUM:volsize	What is the volume of the Mariana Trench at its deepest?	en
ENTY:instru	How many pedals does a drum kit typically have?	en
HUM:gr	What diamond producer controls about 80% of the worlds diamonds	en
HUM:title	what do you call someone that produces food	en
LOC:city	Tell me about Paris	en
ENTY:food	What is grape made from?	en
DESC:reason	What causes congestion?	en
ABBR:abb	What does UV stand for?	en
ENTY:product	What is Ford?	en
NUM:date	What year was the telephone invented?	en
ABBR:exp	SOAP stands for what exactly?	en
DESC:manner	In what manner do reviewers assess?	en
ENTY:cremat	What TV game show once saw a contestant admit to picking his toes in the shower	en
ENTY:instru	What is a banjo used for?	en
HUM:title	What is a Chief?	en
DESC:desc	What excuse did the NATO people give for hitting the Chinese embassy	en
ENTY:animal	What makes chemical trails important?	en
ABBR:exp	What do the letters in HDMI stand for?	en
LOC:water	What are the worlds three largest oceans, in order of size	en
LOC:country	Tell me about France	en
ENTY:symbol	What is the - symbol used for?	en
ENTY:animal	What makes navigation critical?	en
LOC:other	In what part of the world is Mozambique	en
NUM:count	What is the number of provinces of Australia?	en
ENTY:sport	What famed tennis tournaments mens singles title was Fred Perry the last Englishman to win	en
HUM:desc	What does a professor do?	en
DESC:desc	Tell me about the Aurora Borealis	en
ENTY:body	Where is the brain?	en
NUM:count	How many inches over six feet is the Venus de Milo	en
ENTY:techmeth	What is the procedure called for drilling a hole in your skull to acheive a higher consciousness	en
HUM:title	Who directed Avatar?	en
ENTY:instru	What instrument measures density?	en
ENTY:lang	Which language is the oldest written?	en
ENTY:animal	What is the deadliest animal in the world	en
LOC:city	What are the twin cities	en
LOC:state	What U.S. state comes last in an alphabetical list	en
NUM:period	How long is the typical duration of a mortgage?	en
LOC:country	What is the capital of Saudi Arabia?	en
ENTY:other	How are relics preserved?	en
ENTY:veh	What is a motorcycle?	en
ENTY:religion	What do Zoroastrianism followers believe?	en
DESC:reason	What causes warming?	en
NUM:money	What is average salary of restaurant manager in United States	en
ENTY:sport	How is boxing played?	en
NUM:other	How many forests are there globally?	en
ENTY:termeq	What is a synonym?	en
ENTY:event	When did the Vietnam War occur?	en
ENTY:word	What is the longest word in the dictionary?	en
ENTY:body	What are short bands of tough fibrous connective tissue that function to connect one bone to another, forming the joint	en
NUM:speed	What is the speed of the fastest recorded pitch in baseball?	en
ENTY:symbol	What is the symbol for lead on the periodic table?	en
ENTY:product	What blender makes smoothies?	en
ENTY:veh	What is a helicopter?	en
DESC:desc	What conveys plenty?	en
HUM:title	What is an executive?	en
LOC:other	What California desert is dubbed High Desert	en
ENTY:color	What is brightness?	en
NUM:code	What is the Unicode code for vertical tab?	en
DESC:desc	What were the first words spoken on a film sound track	en
ENTY:substance	What is vinegar?	en
HUM:title	Who holds the title of Corporal?	en
NUM:date	When was Calypso music invented	en
ENTY:sport	How is skateboarding performed?	en
ENTY:veh	How many anchor points does a car seatbelt have?	en
ENTY:product	What do you use a computer for?	en
ENTY:product	What is the latest iPhone model?	en
ENTY:body	What are the testes?	en
LOC:state	What is a region?	en
ENTY:letter	What letter adorns the flag of Rwanda	en
ENTY:lang	How many people speak Greek?	en
HUM:gr	What is the name of the chocolate company in San Francisco	en
ENTY:word	How many words are in the English dictionary?	en
NUM:code	What does error code 302 mean?	en
HUM:gr	Who manufactures the software, PhotoShop	en
ENTY:veh	How does a tank work?	en
NUM:speed	How fast can a hippopotamus run in short bursts?	en
ENTY:food	What joins white wine to put the spritz in a Spritzer	en
DESC:manner	How do seamstresses hem?	en
ENTY:other	How are historical documents archived?	en
NUM:volsize	What is the volume of Lake Baikal?	en
NUM:volsize	What is the volume of a human liver?	en
ENTY:techmeth	How does 5G network work?	en
ENTY:body	Where is the mouth?	en
NUM:volsize	How large is Greenland?	en
ENTY:symbol	What symbol do you fail to understand	en
NUM:temp	At what temperature does aluminum foil ignite?	en
DESC:desc	What will a compass do in outer space	en
DESC:desc	What do players try to do when the music stops in a game of musical chairs	en
ENTY:veh	How deep is an oil pan in a typical car?	en
NUM:weight	How much does a heart weigh?	en
ENTY:product	What product is for kids, and not for silly rabbits	en
ABBR:abb	What is the meaning of HTTP?	en
ENTY:dismed	What is Ebola?	en
NUM:count	How many times can a nickel-cadmium rechargeable battery be recharged	en
ABBR:exp	What does NECROSIS mean	en
HUM:title	what do you call a person that sells books	en
ENTY:product	What product on the market is good for hiding facial scars	en
ENTY:color	What color is indigo?	en
NUM:dist	How many miles between Sydney and Auckland?	en
LOC:state	What is a territory?	en
NUM:perc	What percent of the population lives in cities?	en
ABBR:abb	ATP is an abbreviation for what?	en
DESC:reason	Why do resources deplete?	en
ENTY:substance	What is a camel hair brush actually made out of	en
HUM:gr	How is a partnership organized?	en
NUM:date	When was the Renaissance?	en
ENTY:veh	What is a hatchback?	en
DESC:desc	How are scents described olfactorily?	en
NUM:other	What is the normal resting heart rate of a healthy adult	en
NUM:perc	What percentage is the tax rate?	en
NUM:volsize	What is the volume of a standard loaf of bread?	en
ABBR:exp	What does SVK represent?	en
DESC:def	How does decoding work?	en
HUM:title	What is the role of a Ambassador?	en
HUM:ind	Who claimed he killed 4, 280 buffalo as food for the crew building the Kansas Pacific Railway	en
HUM:desc	Who discovered penicillin?	en
NUM:perc	What percentage of DNA is thymine?	en
ENTY:body	What is the function of the kidney?	en
ENTY:animal	How do animals jump?	en
HUM:gr	What is a employees?	en
ABBR:exp	What do the letters in SSH stand for?	en
ENTY:word	How many words did Shakespeare invent?	en
ENTY:dismed	How does mumps develop?	en
NUM:dist	How far is New York from London?	en
NUM:other	What was the number of people that Randy Steven Craft was convicted of killing	en
DESC:reason	What causes foreclosure?	en
DESC:def	What does target heart rate mean	en
DESC:manner	How do I install a tile floor	en
ENTY:cremat	What movie did Madilyn Kahn star in with Gene Wilder	en
ENTY:body	Where is the liver?	en
ABBR:abb	What does ATP stand for?	en
ENTY:food	What is apple made from?	en
ENTY:food	What is fish made from?	en
NUM:other	How many religions exist?	en
ABBR:exp	What is RCD	en
ENTY:sport	What sport is Chris Jogis a top player of	en
ENTY:currency	What is the symbol for yen?	en
NUM:count	What is the number of regions of Indonesia?	en
ENTY:substance	What is the birthstone for June	en
LOC:landmass	How are ridges formed?	en
LOC:country	What was the only country in the Western Hemisphere to join the Russian-led boycott of the 1984 Summer Olympics	en
NUM:perc	What percentage of Earths gravity pulls toward the sun?	en
ENTY:other	What is a lesser-known mineral that scientists study?	en
ENTY:techmeth	What method is used for PCR testing?	en
ENTY:instru	What device measures inductance?	en
ENTY:word	What does downtrodden mean?	en
ABBR:abb	MVP is an abbreviation for what?	en
ENTY:body	How many ribs does a human have?	en
ABBR:abb	What does WLAN provide?	en
HUM:ind	How are mathematicians?	en
NUM:count	How many logarithmic scales are there on a slide rule	en
ENTY:animal	How do animals use echolocation?	en
NUM:count	How many countries are in Africa?	en
NUM:volsize	How large is the Sahara Desert?	en
NUM:perc	What percentage of animals are arthropods?	en
NUM:code	What is checksum?	en
LOC:city	Whats the largest U.S. city on the Great Lakes	en
ENTY:currency	What is the currency of the United Kingdom?	en
NUM:period	How old is Benny Carter	en
ENTY:body	What does the stomach do?	en
ABBR:exp	ASAP expands to As Soon As Possible?	en
NUM:other	How large is Missouris population	en
ENTY:veh	What is a limousine?	en
LOC:country	What is the capital of Australia?	en
DESC:def	How does bilingual acquisition happen?	en
DESC:reason	Why do bacteria multiply?	en
ENTY:symbol	what sign means you cant turn right	en
NUM:volsize	What is the volume of air in a typical human lung capacity?	en
NUM:money	How much is Clara Peller being paid by Wendys to say Wheres the beef	en
ENTY:body	How does the pituitary regulate?	en
HUM:desc	What does a gastroenterologist do?	en
ENTY:veh	What is a convertible?	en
ENTY:body	What is the function of the toe?	en
ENTY:termeq	Is quick the same as fast?	en
ENTY:color	How is gray formed?	en
ABBR:abb	What does RTL write?	en
ENTY:color	What is peach?	en
NUM:ord	Who came in eleventh place?	en
ENTY:termeq	What is another word for slow starting with s?	en
ENTY:dismed	What is a fear of black people	en
ABBR:exp	What does DOM stand for?	en
ABBR:abb	What does HTML stand for?	en
ENTY:techmeth	How does Internet of Things work?	en
ENTY:plant	What plants are found in an estuary	en
LOC:city	What is Dubai?	en
LOC:country	Tell me about Saudi Arabia	en
ENTY:instru	How many strings does a banjo have?	en
LOC:other	Where is Hearst Castle, built by publisher William Randolph Hearst	en
ABBR:exp	WiFi is short for what exactly?	en
ENTY:color	What is color forecasting?	en
ENTY:veh	What British Car is held together by superglue	en
NUM:dist	What is the length of the Amazon River?	en
ABBR:abb	What does KPI stand for?	en
ENTY:sport	How is badminton played?	en
DESC:desc	What is the history of Buffalo chicken wings	en
ENTY:color	what is the color of blood	en
DESC:manner	In what manner do tailors measure?	en
HUM:desc	Describe a typical astronaut	en
ENTY:dismed	What is cancer?	en
ENTY:lang	Which language is spoken in Vietnam?	en
ENTY:currency	What is the symbol for rupee?	en
LOC:state	In what U.S. state was the first woman governor elected	en
DESC:desc	What is the origin of barbeque	en
NUM:count	Count the teeth in an adult	en
ENTY:animal	What kind of animal was Winnie the Pooh	en
LOC:city	What is the largest city in Germany	en
NUM:count	How many mountains have been named for Presidents in the continental USA	en
ENTY:lang	What is the most frequently spoken language in the Netherlands	en
ENTY:color	What color is yellow?	en
HUM:gr	Who are the theists?	en
ENTY:food	What is water made from?	en
ENTY:substance	What is glass?	en
ENTY:food	What do ladybugs eat	en
ENTY:animal	How do animals use symbiosis?	en
LOC:state	What U.S. state includes the San Juan Islands	en
NUM:count	What is the number of people?	en
ENTY:animal	What creature scares people in the film Jaws	en
DESC:manner	How do I contact Answers.com direct	en
NUM:date	When did Aldous Huxley write, Brave New World	en
ENTY:food	How is butter made?	en
NUM:dist	How many miles between Tokyo and Beijing?	en
ENTY:currency	What is the Australian dollar?	en
ENTY:plant	What is a rice?	en
DESC:desc	How is anger described furiously?	en
ENTY:veh	What is a ferry?	en
DESC:manner	How do engineers design?	en
ENTY:cremat	What newspaper serves Salt Lake City	en
ENTY:letter	What is the phoneme in grammar?	en
NUM:speed	How fast can a moose run?	en
ENTY:letter	How many letters does the Norwegian alphabet have?	en
ABBR:exp	What does PHL represent?	en
ENTY:food	Where does egg come from?	en
ENTY:color	what colors can a blind person see	en
DESC:reason	Why do lungs breathe?	en
NUM:temp	Pure iron melts at 1,535 C. What is the temperature in Fahrenheit	en
ENTY:veh	How does a bulldozer work?	en
NUM:period	How long is employment?	en
NUM:other	How many photos are on Flickr?	en
DESC:desc	What conveys disorientation?	en
LOC:city	How are cities organized?	en
ABBR:abb	UNESCO is an abbreviation for what?	en
LOC:country	What nationality is Pope John Paul II	en
NUM:perc	What percentage of the worlds coral reefs have been bleached?	en
NUM:volsize	what is the size of jupiter	en
ENTY:body	How many muscles are in the human body?	en
ENTY:event	What holidays or observances are celebrated in Italy	en
ENTY:body	What is the nose?	en
NUM:period	What is the gestation period of an African elephant?	en
HUM:gr	What group included Abbey Hoffman, Jerry Rubin, and Tom Hayden	en
NUM:temp	What is the temperature of liquid nitrogen?	en
NUM:dist	How far is New York from Sydney?	en
ABBR:abb	What does RNA stand for?	en
LOC:country	Tell me about Portugal	en
ENTY:dismed	What is metformin?	en
ENTY:food	What fast food is prepared with a secret blend of 11 herbs and spices ?	en
ENTY:body	What does the cerebellum do?	en
HUM:ind	What did Dante do?	en
DESC:def	What is sexist language?	en
NUM:period	How long has L.L. Cool J. been married	en
ENTY:plant	Which plant is used to make chocolate?	en
DESC:manner	How is Answers.com different from KnowPost.com	en
HUM:title	What is a Lieutenant?	en
ENTY:animal	How big is a flamingo?	en
ENTY:body	What is the nail?	en
NUM:temp	Room temperature is often used in calculations as 300 K. What is the temperature in Fahrenheit	en
DESC:manner	Describe how to catch a fish	en
ENTY:termeq	Whats the name of the Tokyo Stock Exchange	en
ENTY:cremat	What magazine gives us the cream, not the skim	en
ENTY:letter	What is the pronunciation of the letter P in English?	en
NUM:money	What is the cost of electricity per kWh?	en
ENTY:letter	How are vowels pronounced?	en
ENTY:event	Tell me about the American Revolution	en
ENTY:instru	What is a fork?	en
ENTY:veh	What is the fuel capacity of a cross-country moving truck?	en
DESC:manner	How is cologne made	en
HUM:title	When not adventuring on Rann, what does Adam Strange call his profession	en
ENTY:substance	What is plastic used for?	en
HUM:gr	What is a contractors?	en
DESC:reason	Why are electric cars less efficient in the northeast than in California	en
NUM:other	What is the most-viewed video on YouTube?	en
LOC:state	What U.S. state are the Finger Lakes in	en
ABBR:exp	Expand the acronym IMF	en
LOC:country	What country is the worlds leading supplier of cannabis	en
ENTY:body	What is the heart chamber?	en
ENTY:instru	What is a Acoustic Guitar?	en
NUM:speed	How fast is a 45Mhz processor	en
NUM:dist	How far is London from New York?	en
ENTY:animal	What makes trotting efficient?	en
LOC:landmass	Where is Ireland?	en
LOC:country	What are the Nordic nations	en
NUM:perc	What percentage of plastic waste is recycled?	en
ENTY:body	What is the nerve?	en
HUM:title	What does a governor do?	en
NUM:money	What will the California gas tax be in the year 2000	en
NUM:weight	how much does an elephant weigh	en
NUM:count	What is the number of states of India?	en
NUM:ord	The number two is the first even number. In the sequence of natural numbers, what is its the position	en
ENTY:instru	What is the purpose of a voltmeter?	en
NUM:weight	What is the weight of a piano?	en
ABBR:exp	What is NATO?	en
LOC:other	Where is the Kentucky Horse Park located	en
ENTY:animal	What racehorse won an Associated Press poll as the greatest horse of the 20th century	en
ENTY:other	What is a historical record?	en
ABBR:abb	In computing, FTP refers to what?	en
ABBR:abb	RNA is an abbreviation for what?	en
NUM:count	How many people did Randy Craft murder	en
ENTY:event	What civil war was fought between 1936 and 1939	en
ENTY:color	How do triadic schemes work?	en
HUM:gr	What cigarette company urged us, Come to where the flavor is ?	en
ABBR:exp	What does RCA stand for	en
NUM:date	What year did the United States pass the Copyright law	en
ENTY:animal	What horse did Zorro ride	en
ENTY:body	How do receptors sense touch?	en
ENTY:plant	Where do barleys grow?	en
LOC:water	How is the sea?	en
ABBR:exp	SEC stands for what exactly?	en
DESC:manner	How do you write a correct critical analysis of a poem	en
NUM:count	How many days in a year are there?	en
ENTY:veh	What is the corrosion resistance rating of vehicle paint?	en
ENTY:body	What is the function of the skin?	en
HUM:ind	What 19th-century painter died in the Marquesas Islands	en
NUM:period	How old was Joan of Arc when she died	en
ABBR:abb	What does MVC stand for?	en
DESC:reason	Why were red M&Ms discontinued then brought back	en
NUM:count	How many South American countries have the letter Z in their names	en
HUM:gr	What is the worlds largest distilling company	en
NUM:period	How many minutes are in a school day?	en
ABBR:exp	What does SGS represent?	en
NUM:ord	What is the ordinal form of 3?	en
ENTY:instru	What is a saw?	en
ENTY:cremat	What was Mae Wests last film	en
NUM:period	How long would it take to get from Earth to Mars	en
LOC:state	What is New York known for?	en
ENTY:instru	What instrument measures specific heat?	en
ENTY:animal	What is a owl?	en
ENTY:veh	What is a fire truck?	en
ENTY:body	How do seminal vesicles produce?	en
HUM:ind	Who were the Picts	en
LOC:mount	What country has Mount Elbrus?	en
NUM:weight	How much does a baseball weigh?	en
NUM:count	How much of the nations children between the ages of two and eleven watch The Simpsons	en
ENTY:dismed	What is a fear of cholera	en
ENTY:body	Where is the leg?	en
ENTY:sport	What was Dwight Eisenhowers favorite card game	en
ENTY:techmeth	How does virtual reality work?	en
NUM:code	What is the octal code for form feed?	en
NUM:ord	What is the third planet?	en
NUM:date	What year did the Milwaukee Braves become the Atlanta Braves	en
NUM:perc	What percentage of the population is estimated to have ADHD?	en
ENTY:symbol	the silhouette of a broken wine glass is a shipping symbol, list 10 others	en
ABBR:exp	What does COM represent?	en
NUM:dist	How far is Venus from Earth?	en
ENTY:veh	What is the water fording depth of SUVs?	en
ENTY:cremat	How are memorial services held?	en
DESC:desc	What is the Sahara Desert like?	en
NUM:money	What was the 1940 annual salary for a boilermaker	en
NUM:date	When is New Years Day?	en
LOC:country	What was the only country you were allowed to drive into Israel from in 1979	en
NUM:weight	What is the weight of a human fingernail?	en
LOC:state	What U.S. state has the second-longest coastline	en
NUM:perc	What are the chances of pregnacy if the penis does not penetrate the vagina	en
ENTY:word	What is the most misspelled word in English?	en
ENTY:body	How do fallopian tubes transport?	en
ABBR:abb	What does TCP manage?	en
LOC:landmass	Where is Europe?	en
ENTY:food	How is vinegar made?	en
ENTY:other	What should the oven be set at for baking Peachy Oat Muffins	en
LOC:landmass	How are fjords formed?	en
LOC:city	Tell me about Dubai	en
DESC:def	What is relative humidity	en
ENTY:cremat	What was the name of that popular song the Creeps sang	en
HUM:desc	What does a ophthalmologist do?	en
ENTY:body	What is the function of the lacrimal glands?	en
LOC:country	What countrys royal house is Bourbon-Parma	en
NUM:other	How fast does light travel in water?	en
NUM:count	How many islands exist?	en
HUM:gr	Rotary engine cars were made by what company	en
ENTY:color	How does HSL model work?	en
ENTY:event	When did the Super Bowl occur?	en
HUM:desc	What does a composer do?	en
LOC:city	Tell me about Prague	en
ENTY:lang	What is the only modern language that capitalizes its singular first-person pronoun	en
NUM:speed	What is the speed of light in vacuum?	en
HUM:ind	How are journalists?	en
LOC:city	What country is Dublin in?	en
ENTY:color	What is teal?	en
NUM:count	What is the number of regions of UK?	en
ENTY:animal	How big is a owl?	en
NUM:date	When was World War II?	en
ENTY:instru	What do West Indian steel bands use as instruments	en
ENTY:symbol	What is the ↓ symbol used for?	en
ENTY:body	What are muscle fibers?	en
ENTY:currency	What currency does Turkey use?	en
LOC:landmass	What is a plateau?	en
ENTY:termeq	Aspartame is known by what other name	en
DESC:desc	How is prose described?	en
HUM:desc	Who is Prince Naseem Hamed	en
NUM:temp	What is the temperature of dry ice?	en
ENTY:lang	Which language is spoken in Argentina?	en
ABBR:abb	What is the meaning of UV?	en
ENTY:cremat	What Kennedy was married to Ethel	en
HUM:title	What is a Archbishop?	en
NUM:speed	How fast can a swimmer swim?	en
HUM:ind	What did Plato do?	en
ENTY:techmeth	Whats the easiest way to remove wallpaper	en
NUM:perc	What percentage of the Earths interior is molten?	en
HUM:title	What is a Emperor?	en
NUM:date	When is Valentines Day?	en
ENTY:animal	What animal has been called The Poor Mans Cow	en
ENTY:cremat	Name a movie that the actress, Sandra Bullock, had a role in	en
ENTY:letter	How many diacritical marks are used in French?	en
DESC:manner	What do I have to do to get good grades in school	en
ENTY:instru	How do you use a violin?	en
ENTY:color	What is a common indigo item?	en
ENTY:color	What is the frequency of blue light?	en
LOC:mount	How high is Mount Blanc?	en
NUM:code	What is the octal code for backspace?	en
NUM:code	What is the binary code for escape character?	en
ENTY:plant	Where do lilys grow?	en
ENTY:product	What is a car made of?	en
LOC:country	What continent is Kenya in?	en
NUM:count	What is the population of Germany?	en
ENTY:termeq	What is a term equivalent to slow?	en
HUM:title	Who holds the title of Cardinal?	en
ENTY:event	Tell me about the September 11 attacks	en
ENTY:termeq	What is a term for behavior, appearance, or expression that violates the accepted standards of sexual morality	en
NUM:ord	Who came in second place?	en
ENTY:cremat	What is a crematory oven?	en
ENTY:other	What does the Statue of Liberty wear on her feet	en
LOC:other	Where is the actress, Marion Davies, buried	en
LOC:country	What countrys northernmost city is Darwin	en
LOC:mount	What is the fourth highest mountain in the world	en
NUM:other	What is the average hourly rate of American workers	en
ENTY:lang	What is the official language of Brazil?	en
NUM:period	What is the duration of old age?	en
ENTY:techmeth	What is support vector machines?	en
ENTY:animal	How do birds reproduce?	en
ENTY:cremat	In what medium is Stuart Hamblen considered to be the first singing cowboy	en
ENTY:food	How is cattle raised?	en
NUM:money	How much does a car cost?	en
ENTY:event	When did World War I occur?	en
NUM:period	How long does James Bond like his eggs boiled	en
HUM:ind	How does a journalist report?	en
NUM:weight	how many grams of sugar do you put in your coffee	en
DESC:reason	Why do fish swim?	en
ENTY:instru	How do you use a blood pressure cuff?	en
HUM:title	Who holds the title of Earl?	en
DESC:def	What does antidisestablishmentarianism mean	en
NUM:code	Can you tell me what the error code E404 means in web browsers?	en
ENTY:termeq	What is another name for vitamin B1	en
ENTY:body	What is the density of human bone?	en
ENTY:food	Whats the traditional drink at the Kentucky Derby	en
ENTY:product	What is a mirror made of?	en
NUM:dist	What is the distance in miles from the earth to the sun	en
ENTY:other	How are historical sites protected?	en
ENTY:body	How many neurons exist?	en
NUM:ord	What is the twentieth book in the series?	en
HUM:desc	What does an epidemiologist do?	en
DESC:manner	How do you tie a knot?	en
ENTY:termeq	What is another word for quiet starting with s?	en
ENTY:instru	What is the function of a protractor?	en
DESC:reason	Why are lions called King of the Jungle	en
HUM:title	What rank is Duchess?	en
ENTY:color	What is khaki?	en
ENTY:animal	How do animals spread pathogens?	en
NUM:weight	How much does a newborn weigh?	en
ENTY:termeq	How are definitions written?	en
NUM:money	What does each of the utilities cost in Monopoly	en
ENTY:animal	What characteristics define mammals?	en
ENTY:other	What are the seven wonders of the world	en
DESC:def	What is idealab !	en
HUM:ind	Who won the Superbowl in	en
DESC:reason	What causes division?	en
LOC:city	What citys airport is named Logan International	en
NUM:count	What is the number of regions of Australia?	en
ABBR:exp	What does pH expand to?	en
HUM:desc	Describe a typical veterinarian	en
ENTY:substance	Whats the most abundant element in the sun	en
DESC:reason	Why do winds blow?	en
ENTY:animal	What kind of creatures are the Canary Islands named for	en
ENTY:event	What was President Lyndon Johnsons reform program called	en
NUM:date	When did the Star-Spangled Banner become the national anthem	en
LOC:city	What is Amsterdam?	en
ENTY:veh	How many wheels does a standard semi-truck tractor have?	en
ABBR:exp	CNN is an acronym for what	en
ABBR:abb	What does SUV stand for?	en
ABBR:abb	What is the shorthand for Wireless Local Area Network?	en
LOC:city	What is the largest city in Connecticut	en
ENTY:lang	Where is Dutch spoken?	en
LOC:other	Where can I find a list of all the companies in America that offer a direct stock purchase plan	en
ENTY:animal	How do arachnids move?	en
NUM:money	Dialing, 900, 740-TREE to have a tree planted will cost how much	en
DESC:def	What is language change?	en
DESC:desc	What is the economic impact of unemployment on the economy	en
DESC:desc	What conveys correspondence?	en
ENTY:color	How do colors influence behavior?	en
NUM:dist	How far is New York from Berlin?	en
LOC:city	What country is Barcelona in?	en
ENTY:cremat	What Aesops fable has the moral The race is not always to the swift. Slow and steady is bound to win	en
ENTY:food	When its time to relax, what one beer stands clear	en
DESC:def	What does the donation process entail	en
DESC:def	What is being done about the millennium bug	en
LOC:mount	name a mountain that is in the ocean	en
ENTY:veh	What is a flatbed truck?	en
NUM:speed	How fast is a bullet?	en
LOC:country	How is a union governed?	en
NUM:code	How are airport codes formatted?	en
NUM:dist	How far do you have to run if you hit a home run	en
LOC:city	What city is served by Tempelhol Airport	en
NUM:period	What is the legal driving age in most states?	en
ENTY:body	How many bones are in the human hand?	en
ENTY:food	What is Corn?	en
ENTY:color	How do warm colors feel?	en
ABBR:abb	What is the abbreviation for Digital Versatile Disc?	en
DESC:manner	How do I change a file from an ART file to a JPEG or Bitmap file	en
LOC:state	Where is Washington?	en
ENTY:symbol	What does the copyright symbol represent?	en
ENTY:color	What is tone?	en
ABBR:abb	What does EU mean?	en
ENTY:currency	What is the symbol for dong?	en
DESC:desc	What is the origin of the word attic	en
NUM:period	How many hours is a complete workout routine?	en
LOC:state	What southwestern state is dubbed The Silver State	en
DESC:desc	How are sensations described sensorily?	en
NUM:volsize	How big is a baby bald eagle	en
ABBR:exp	What does GIN represent?	en
DESC:reason	Why does plants need sunlight?	en
ENTY:plant	What does a oak look like?	en
ENTY:instru	What is the range of a piano in octaves?	en
ABBR:exp	What is DSL	en
NUM:temp	What temperature does honey crystallize?	en
HUM:ind	Who invented the Wonderbra	en
LOC:country	What is the capital of New Zealand?	en
ENTY:veh	What is a submarine used for?	en
NUM:period	What is the typical age of first language learning?	en
NUM:weight	How much does the human adult female brain weigh	en
DESC:reason	Why are there 12 people on a jury in criminal cases	en
ENTY:cremat	How are funeral programs created?	en
DESC:manner	How can I transport files from one computer to another	en
ENTY:color	What is color grading?	en
NUM:dist	what is the length of the tallest tree	en
DESC:manner	How do teachers instruct?	en
DESC:desc	What is the difference between a fruit and a vegetable	en
LOC:other	What is a reserve?	en
DESC:desc	Describe the Colosseum	en
ABBR:abb	SEC is an abbreviation for what?	en
ENTY:termeq	What is a term equivalent to happy?	en
HUM:ind	Who is always trying to get the rent from Andy Capp	en
NUM:perc	What percentage of the world uses the internet?	en
ENTY:other	Whats the No. 1 killer in industrialized countries	en
NUM:period	What is Maurizio Pellegrins age	en
HUM:title	What is the role of a President?	en
ENTY:body	How many types of muscle tissue exist?	en
NUM:period	How many months is a human infant considered a newborn?	en
ENTY:food	What are spices?	en
NUM:period	How long does it take the typical hen to lay 19 dozen eggs	en
ABBR:exp	FTP means what in full form?	en
LOC:landmass	What is Iberian Peninsula?	en
DESC:manner	How do sentries stand?	en
ENTY:animal	How do animals teach?	en
NUM:code	What does error code 504 mean?	en
HUM:desc	How does a manager work?	en
ENTY:body	How do the brainstem?	en
NUM:code	What does error code 508 mean?	en
ENTY:letter	How many vowels are in English?	en
ENTY:letter	What is the pronunciation of the letter V in English?	en
ENTY:dismed	What is a fear of money	en
NUM:perc	What percentage of Earths oxygen comes from the ocean?	en
HUM:title	Name the five positions who are in the line of succession to the presidency	en
ENTY:religion	What religion do Ibadi Muslims practice?	en
ENTY:body	What does the spinal cord do?	en
LOC:state	How are zones designated?	en
ENTY:food	What is tuna made from?	en
NUM:date	When did the Hindenberg crash	en
ENTY:word	What is another term for think?	en
ENTY:letter	What is a vowel?	en
NUM:period	What is the typical duration of a contract term?	en
ENTY:plant	What does a sunflower look like?	en
ENTY:sport	In what Olympic Games did Nadia Comaneci become popular	en
LOC:landmass	How are isthmus formed?	en
ENTY:word	How many double letters does Mississippi have?	en
ENTY:animal	How big is a koala?	en
HUM:title	What is a Vice President?	en
NUM:period	What is the lifespan of a typical car tire under normal driving?	en
ENTY:body	What do we call to the main division of the body where waist, belly button, abdomen and chest are found	en
DESC:desc	How is failure described defeatedly?	en
NUM:date	When was the automobile invented?	en
DESC:reason	What is main reason for that electric vehicles can t be popular nowadays	en
NUM:dist	How far is London from Amsterdam?	en
NUM:date	When was the slinky invented	en
NUM:dist	How far is New York from Mexico City?	en
ENTY:symbol	What is the symbol for hydrogen on the periodic table?	en
ENTY:letter	How many letters does the Armenian alphabet have?	en
ABBR:abb	What does SSD mean?	en
ENTY:other	What took first prize in Omni magazines contest to find the ultimate unanswerable question	en
LOC:state	What is the capital of North Carolina?	en
ENTY:instru	What is the purpose of a Geiger counter?	en
ENTY:animal	What is the largest dogs in the world	en
LOC:mount	Where is Mont Blanc located?	en
LOC:city	How are districts?	en
ABBR:abb	What is the shorthand for User Experience?	en
ENTY:color	What is the hex code for black?	en
ENTY:color	What is sexual dimorphism?	en
NUM:count	How many years ago did Led Zeppelin release its last album	en
ENTY:veh	How fast can a motorcycle accelerate from 0 to 60 mph?	en
ENTY:event	Tell me about the Vietnam War	en
ENTY:techmeth	What is neural networking?	en
DESC:reason	What causes grass to grow?	en
NUM:count	How many colleges are in Wyoming	en
ABBR:exp	What is the full form ofcom	en
NUM:ord	If George Washington was the 1st President of the United States, and John Adams was the 2nd, what number president is Barack Obama	en
NUM:perc	What is the current unemployment rate in the U.S.	en
ABBR:abb	What does WPAN enable?	en
ENTY:body	How do adrenals produce?	en
ENTY:animal	What is the scientific name for elephant	en
LOC:country	What country is bounded in part by the Indian Ocean and Coral and Tasman seas	en
LOC:city	What city houses the U.S. headquarters of Procter and Gamble	en
ENTY:currency	What is the guilder?	en
NUM:period	What is the average age of retirement?	en
DESC:reason	What causes fractures?	en
DESC:reason	Why should cigarette smoking be banned	en
ENTY:sport	What are the rules of diving?	en
ENTY:product	Which hair care product told us hate that gray, wash it away	en
HUM:desc	What does a surgeon do?	en
ENTY:veh	What is a space shuttle used for?	en
ABBR:exp	HDD means what in full form?	en
LOC:city	What is London?	en
ENTY:cremat	How are grave sites selected?	en
ENTY:veh	How fast can a drag racing car reach top speed?	en
LOC:landmass	What is Balkan Peninsula?	en
ENTY:word	How many syllables does the word otorhinolaryngology have?	en
HUM:title	Who wrote Lord of the Rings?	en
ENTY:color	What is crimson?	en
ENTY:body	How does the dermis contain?	en
ENTY:cremat	What 1964 film introduced the song My Kind of Town	en
ENTY:currency	What currency do they use in Brazil	en
NUM:money	What is the regular price	en
ENTY:dismed	What is anxiety?	en
ABBR:exp	What does JPN stand for?	en
HUM:ind	Who was Carl Sagan?	en
ENTY:termeq	What do we call autumn in other words?	en
NUM:count	How many times has Harold Stassen announced a drive for the White House	en
ENTY:techmeth	What is neural network?	en
NUM:perc	What percentage of the ocean is unexplored?	en
DESC:reason	Why do deserts exist?	en
ENTY:word	How are quantifiers used?	en
ENTY:other	What trade did the 15th and 16th century Portuguese hope to control between Asia and Europe	en
HUM:ind	What creative genius said Everything comes to him who hustles while he waits	en
ENTY:color	What is color theory?	en
LOC:landmass	Which continent has the most languages?	en
ENTY:food	How is sugar processed?	en
LOC:state	What province is Edmonton located in	en
NUM:date	When did Theo Rousseau paint the Forest of Fontaine	en
ENTY:other	What overalls are named for Dungri, a suburb of Bombay	en
ENTY:letter	How do accents modify?	en
ENTY:sport	What race is 1, 137 miles long	en
ABBR:exp	What does API expand to?	en
ENTY:substance	What is natural gas composed of	en
NUM:perc	What percentage of the worlds plant and animal species can be found in the Amazon forests	en
DESC:desc	What conveys optimism?	en
ENTY:symbol	What does the § symbol represent?	en
DESC:reason	What causes pain?	en
HUM:gr	What defines a division?	en
ABBR:abb	What is the acronym for Platform as a Service?	en
ENTY:letter	What letter is silent?	en
ABBR:abb	What is the meaning of SOAP?	en
ENTY:other	What are close encounters of the first and second kind	en
ENTY:letter	What letter denotes the locative case?	en
DESC:def	How does reference tracking work?	en
ENTY:religion	What religion do Pagans follow?	en
ENTY:color	What color is a lemon?	en
HUM:ind	What was the players name who played nose tackle for the Eagles in Super Bowl XV	en
HUM:desc	Describe a typical programmer	en
NUM:code	What does error code E403 mean in web?	en
ENTY:termeq	What is syntax?	en
ENTY:food	Madonna advertises for what soft drink	en
NUM:perc	What percentage of marriages end in divorce?	en
NUM:code	What is the binary code for letter A?	en
HUM:gr	What group kidnaped Patricia Hearst	en
ENTY:word	What does rarefied mean?	en
ENTY:currency	How is inflation measured?	en
LOC:other	What is a heritage site?	en
NUM:dist	What is the width of the Pacific Ocean?	en
ENTY:animal	How do animals carry young?	en
DESC:reason	What causes the redness in your cheeks when you blush	en
NUM:date	What year was the fall of the Berlin Wall?	en
ENTY:event	What is the Super Bowl?	en
LOC:country	Tell me about Hungary	en
ENTY:animal	How big is a lizard?	en
DESC:desc	What are the side effects of mevacor	en
HUM:gr	Name the organization that is presided by a Security Council	en
NUM:other	What is the quantity of American soldiers still unaccounted for from the Vietnam war	en
NUM:volsize	What is the volume of a standard glass?	en
LOC:landmass	What countries are in Balkans?	en
ENTY:word	What English word contains the most letters	en
NUM:volsize	what was the size of an average female t-rex	en
ENTY:event	What war added jeep and quisling to the English language	en
LOC:state	What is the largest city in Vermont?	en
ENTY:dismed	What is appendicitis?	en
DESC:def	How do symbols represent?	en
ENTY:animal	How do animals shelter young?	en
DESC:def	What is a pronoun?	en
ENTY:veh	What kind of car, inspired Ferruccio Lamborghini to start his own automobile company	en
NUM:other	How loud is thunder	en
LOC:state	What is the capital of Rhode Island?	en
NUM:money	How much money can a person be fined for having a dog on a beach	en
DESC:reason	What caused Harry Houdinis death	en
DESC:reason	What causes deficiencies?	en
ENTY:color	What is ochre?	en
ENTY:product	How does a laptop function?	en
NUM:period	How long is an unspecified duration?	en
ENTY:food	How are sheep?	en
DESC:def	What is the definition of firewall?	en
DESC:manner	How do chefs prepare meals?	en
LOC:state	What populous state covers 49, 576 square miles	en
DESC:reason	Whats natures purpose for tornadoes	en
ENTY:product	What is a lamp?	en
HUM:title	What rank is Marshal?	en
HUM:gr	What organizations offices were broken into at Watergate in 1972	en
NUM:count	What is the area in sq km of Colombia?	en
NUM:weight	how much does the cybertruck weigh	en
ENTY:body	What is the function of the throat?	en
NUM:volsize	What is the volume of a human heart?	en
NUM:volsize	What is the size of a basketball hoop?	en
ENTY:dismed	What is polio?	en
ENTY:body	What is the function of the mouth?	en
DESC:desc	How is joy described jubilantly?	en
DESC:manner	How do roofers shingle?	en
DESC:reason	Why do airliners crash vs. gliding down	en
HUM:title	How does a Minister lead?	en
NUM:weight	How much does a pound weigh in grams?	en
DESC:def	What is an apostrophe for?	en
ABBR:exp	What does LSO represent?	en
NUM:perc	What percentage of the population owns a home?	en
DESC:manner	How do I sing like Elvis Presley	en
ENTY:event	What was the 2008 financial crisis?	en
ABBR:abb	What does GIS analyze?	en
LOC:mount	What is the height of Sierra Nevada?	en
ENTY:animal	What makes locomotion variable?	en
ENTY:color	How do animals see?	en
ENTY:event	What is the name of the American literary era that includes 1896	en
ENTY:animal	How do animals interact with humans?	en
DESC:manner	In what manner do workers labor?	en
ENTY:plant	Where do algaes grow?	en
DESC:reason	Why do coral reefs grow?	en
LOC:other	Where is Santa Lucia	en
ENTY:symbol	What sign is The Water Carrier the zodiacal symbol for	en
ABBR:abb	What does PaaS stand for?	en
DESC:def	What is gemination?	en
ENTY:food	How are game animals?	en
LOC:mount	Which mountain is the highest in the Carpathians?	en
ABBR:exp	Spell out the acronym USB	en
DESC:manner	In what way do clockmakers calibrate?	en
NUM:count	In South Korea, how many American Soldiers are there	en
ENTY:instru	What device measures resistance?	en
ENTY:substance	What is oxygen used for?	en
NUM:money	What was the minimum wage in 1991	en
LOC:mount	What country has Cascade Range?	en
ENTY:religion	What is Islam based on?	en
ENTY:word	What is an antonym of fast?	en
NUM:money	How much did Mercury spend on advertising in 1993	en
ABBR:abb	What is meant by HDMI?	en
NUM:other	What amount of folic acid should an expectant mother take daily	en
NUM:dist	How far is Tokyo from Amsterdam?	en
NUM:perc	What percentage of customers are satisfied?	en
ENTY:word	What does cryptic mean?	en
DESC:reason	What causes headaches	en
DESC:def	What is an adverb?	en
ABBR:abb	What does SSH stand for?	en
NUM:period	How many centuries since the fall of the Roman Empire?	en
NUM:volsize	What is the size of the smallest known exoplanet?	en
NUM:count	How many plants are there?	en
ENTY:product	Which mouse is wireless?	en
NUM:speed	What is the speed of light	en
ABBR:exp	What does LUX expand to?	en
ENTY:animal	How do animals reproduce asexually?	en
ENTY:event	In what war was the first submarine used	en
LOC:country	What country offered Albert Einstein its presidency in 1952	en
ENTY:event	What is Wimbledon?	en
DESC:reason	What is the reason our nails grow?	en
NUM:count	What is the number of islands?	en
ENTY:lang	What is Danish?	en
ENTY:lang	What is Danish known for?	en
HUM:gr	How is a organization organized?	en
ABBR:abb	What is the abbreviation for Internet Protocol?	en
LOC:water	Whats the sacred river of India	en
DESC:reason	What is Jane Goodall famous for	en
DESC:def	How would you define irony?	en
NUM:count	What is the area in sq km of Mexico?	en
NUM:count	How many points is a disk in the center hole worth in Crokinole	en
LOC:landmass	What is New Guinea?	en
ENTY:veh	How long is the warranty on electric vehicle batteries?	en
ENTY:color	What is color psychology?	en
ABBR:exp	What is SVHS	en
LOC:landmass	Which continent is Iceland on?	en
ENTY:veh	What is a bulldozer?	en
ENTY:color	What is a common purple item?	en
ENTY:event	What World War I battle saw 6, 0 troops killed in one day	en
ENTY:instru	What tool measures angles?	en
LOC:country	What continent is New Zealand in?	en
DESC:def	What is formality?	en
NUM:count	What is the population of Chile?	en
ENTY:body	What is the lung?	en
NUM:weight	What is the weight of a standard brick?	en
NUM:temp	How hot does the inside of an active volcano get	en
DESC:desc	What is the origin of the word mind	en
DESC:desc	How is growth described developmentally?	en
NUM:period	What is the standard duration of a prison sentence?	en
ENTY:product	What was Americas recessed-filter cigarette	en
ENTY:animal	What is a flamingo?	en
ENTY:other	In Kafkas Metamorphosis, the hero awakes one morning to find himself turned into what	en
LOC:country	Where is Iran?	en
ABBR:abb	What does PWA stand for?	en
ENTY:lang	Which language has the most sounds?	en
ENTY:body	What is the finger?	en
ENTY:techmeth	How does k-means function?	en
NUM:count	How many letters in the alphabet are there?	en
LOC:state	What is North Carolina known for?	en
HUM:gr	What companys logo is a W in a circle	en
DESC:manner	What is the method for public speaking?	en
HUM:ind	Who was Socrates?	en
NUM:date	When were camcorders introduced in Malaysia	en
ENTY:letter	What is the pronunciation of the letter H in English?	en
ENTY:veh	What is a RV?	en
ENTY:animal	How do worms reproduce?	en
LOC:water	What connects to the Black Sea?	en
ENTY:product	What do you use a toothbrush for?	en
ENTY:other	What kind of patent did Ermal Fraze get in 1963	en
NUM:period	How many weeks of pregnancy are considered full-term?	en
ABBR:exp	What does FDA expand to?	en
ABBR:exp	What does MKD stand for?	en
DESC:reason	Why do muscles contract?	en
HUM:title	How are coordinators?	en
NUM:ord	Among your sisters, where do you fall with respect to birth order	en
ENTY:dismed	What does a chiropodist treat	en
ENTY:word	What is an antonym of dark?	en
ENTY:word	What does pedantic mean?	en
ENTY:dismed	What is a fear of insanity	en
ENTY:religion	What religion do Hindus follow?	en
ENTY:letter	Whats the largest letter in Salvador Dalis signature	en
ENTY:word	What does delicate mean?	en
ENTY:body	What does the pancreas do?	en
ENTY:food	How is corn grown?	en
ENTY:animal	How big is a elk?	en
DESC:reason	Why do pressure cookers save time in the kitchen	en
NUM:count	How many states does the US have?	en
NUM:period	How many days do most people take as vacation annually?	en
ENTY:plant	What are some colorful flowers that will bloom in the fall in New England	en
ENTY:food	Where does bread come from?	en
ENTY:substance	What would you add to the clay mixture to produce bone china	en
ABBR:exp	What does PRI represent?	en
ENTY:cremat	Whats the biggest-selling U.S. magazine aimed at a black audience	en
NUM:date	When is the official first day of summer	en
ENTY:plant	What does a apple look like?	en
ENTY:symbol	Where is the cross symbol used?	en
ENTY:sport	What was the name of the ball game played by the mayans	en
NUM:dist	How long is the worlds largest ship, in meters	en
HUM:title	Who wrote The Odyssey?	en
ENTY:word	What does perspicuous mean?	en
HUM:desc	What is a nephrologist?	en
ENTY:color	What are the colors of the German flag	en
ABBR:exp	What does FIN stand for?	en
LOC:country	What country has problems with hooligans	en
ENTY:other	How are historical artifacts transported safely?	en
ENTY:body	What is the capillary?	en
ABBR:abb	What does ASAP mean?	en
ENTY:event	What historical event happened in Dogtown in 1899	en
ENTY:animal	What is a leopard?	en
LOC:water	What is the Mediterranean?	en
NUM:ord	What is the twenty-first letter of the alphabet?	en
LOC:city	What is a township?	en
ENTY:food	How is tempeh made?	en
DESC:desc	How are revelations described dramatically?	en
HUM:ind	Who was Winston Churchill?	en
ENTY:animal	What fowl grabs the spotlight after the Chinese Year of the Monkey	en
LOC:city	McCarren Airport is located in what city	en
ENTY:dismed	How does rheumatoid arthritis develop?	en
ENTY:word	How many letters does the word floccinaucinilicilification have?	en
NUM:count	How many cullions does a male have	en
ENTY:animal	What was the species of Winnie the Pooh	en
ABBR:exp	What does NCL represent?	en
NUM:dist	How far is North and South Pole?	en
ENTY:animal	Tell me about lion	en
ENTY:veh	How wide is a car parking space according to ADA standards?	en
NUM:temp	At what temperature does bread bake optimally?	en
DESC:reason	What causes evasion?	en
NUM:code	What does error code 429 mean?	en
ABBR:exp	What does GIB stand for?	en
NUM:period	How long ago did the Anglican church part from the Vatican	en
ENTY:food	Which is the only edible food that never goes bad	en
ABBR:abb	What does GPU mean?	en
HUM:ind	Who was Napoleon Bonaparte?	en
LOC:mount	What country has Mount Everest?	en
ENTY:cremat	What is a memorial service?	en
ABBR:abb	What is meant by SSD?	en
NUM:period	How long does it take for your body to restore blood after you donate your blood	en
DESC:def	How does epenthesis work?	en
DESC:reason	Why do animals have different colors?	en
ABBR:exp	FTP is short for what exactly?	en
ENTY:lang	What is Norwegian known for?	en
ENTY:product	What is the brand name of the chemical daminozide	en
LOC:country	Which country is Australias largest export market	en
NUM:money	What was Joe Namaths first contract worth	en
DESC:desc	How is despair described despondently?	en
DESC:def	How do synonyms relate?	en
DESC:reason	What are those little blue reflectors in the middle of the road for	en
ENTY:color	How does color fusion occur?	en
ENTY:veh	How many cylinders does a Rolls-Royce engine typically have?	en
ENTY:product	What is the Rolls-Royce?	en
DESC:desc	What is vivid description?	en
ENTY:veh	How many doors does a Ford F-150 SuperCrew have?	en
NUM:volsize	How much space do all humans occupy if packed together?	en
ENTY:animal	What animals acted as lapwarmers for American colonists in church	en
ENTY:word	What does pellucid mean?	en
DESC:def	What is the definition of democracy?	en
ENTY:event	When did the French Revolution occur?	en
NUM:period	How long does a fly live	en
DESC:def	How would you define hormone?	en
NUM:dist	How far is it from Istanbul to Bangkok?	en
LOC:country	Tell me about Israel	en
NUM:count	What is the number of provinces of Germany?	en
NUM:count	How many continents are there?	en
LOC:mount	Which mountain is the highest in Europe?	en
ENTY:veh	How far apart are guardrails on highways?	en
LOC:other	Where did the Japanese Imperial Forces surrender to end WWII	en
NUM:period	How many weeks are there in a year?	en
NUM:perc	What percentage of Earths land is forest?	en
ENTY:religion	How many Buddhists are there?	en
ENTY:sport	What kind of sports team is the Buffalo Sabres	en
NUM:count	How many seconds in a minute are there?	en
ABBR:exp	What does LTU represent?	en
NUM:ord	What is third?	en
ENTY:plant	What plant produces the most food?	en
ABBR:abb	What does SEC stand for?	en
ENTY:animal	What is the largest snake in the world	en
NUM:money	What is the minimum wage?	en
LOC:state	What is the capital of Delaware?	en
DESC:desc	What are the benefits of home school	en
NUM:dist	How far is London from Sydney?	en
DESC:reason	Why do volcanoes erupt?	en
HUM:title	What is the role of a Director?	en
ENTY:color	How do pantones work?	en
DESC:reason	What is the claim to fame of Agra, India	en
LOC:mount	What is the height of Mount Blanc?	en
ENTY:cremat	Tell me about requiem	en
DESC:reason	Why do humans need sleep?	en
ENTY:lang	How many people speak French?	en
HUM:ind	What does a philanthropist do?	en
ABBR:exp	What is OPEC?	en
ABBR:exp	Write out SSL in full	en
NUM:other	What is the number of species?	en
DESC:manner	How do builders build?	en
ENTY:word	What does capricious mean?	en
ENTY:termeq	Whats the International Lawn Tennis Challenge Trophy usually called	en
ABBR:abb	What is the abbreviation for Frequently Asked Questions?	en
NUM:ord	What is the thirtieth letter of the alphabet?	en
ENTY:word	What is a pronoun?	en
ENTY:cremat	Whats the sequel to Alices Adventures in Wonderland	en
DESC:reason	Why did the Aztecs first think the Spanish were Gods	en
ABBR:exp	Expand the acronym CRUD	en
ENTY:food	What is goose?	en
NUM:code	What does error code E451 mean in web?	en
LOC:other	Where is the Loop	en
ENTY:substance	What is acetone?	en
ENTY:veh	How does an airship navigate?	en
ENTY:veh	How long does it take to fully charge a Tesla Model 3?	en
ENTY:product	What is Toyota?	en
ENTY:currency	What is the symbol for dirham?	en
ENTY:instru	How many strings does a balalaika have?	en
ENTY:sport	What are the rules of cycling?	en
ENTY:dismed	What is a fear of clouds	en
LOC:country	What continent is Russia in?	en
ABBR:abb	What is the meaning of CIA?	en
ENTY:instru	How do you use a telescope?	en
DESC:desc	How is complexity described intricately?	en
LOC:landmass	What is Australia?	en
DESC:def	How does Universal Grammar apply?	en
ENTY:other	How are historical maps preserved?	en
DESC:reason	Why did the Shea & Gould law firm leave Los Angeles	en
NUM:code	What is the HTML code for delete?	en
DESC:reason	What causes saltwater intrusion?	en
ENTY:symbol	How is the € symbol used?	en
ENTY:instru	Musician Ray Charles plays what instrument	en
ENTY:religion	What is the main religion in Thailand?	en
NUM:speed	What is the speed of a typical snowmobile?	en
DESC:manner	How do calligraphers flourish?	en
ENTY:symbol	name a symbol that seriously contradicts existing standards or conventions	en
ENTY:techmeth	What is biofeedback?	en
NUM:period	How long is a year?	en
ENTY:currency	What is the symbol for zloty?	en
HUM:ind	Who is the richest person in the world, without owning a business	en
NUM:other	How many players on a team?	en
ENTY:dismed	What is gastritis?	en
LOC:water	How wide is the Strait of Malacca?	en
DESC:desc	How are weather conditions described?	en
HUM:title	Who holds the title of Chancellor?	en
ENTY:sport	What are the rules of volleyball?	en
ENTY:termeq	How are word forms created?	en
LOC:country	How is a country governed?	en
ABBR:exp	dB stands for what exactly?	en
LOC:other	Where did the world come from	en
ENTY:animal	What makes molting necessary?	en
ENTY:substance	What are the properties of silver?	en
HUM:title	What rank is Bishop?	en
ENTY:symbol	What symbol denotes trademark?	en
HUM:ind	Whom did Friz Freleng add to the Warner Bros. cartoon ranks	en
ENTY:food	What fruit is Melba sauce made from	en
ENTY:product	What is a washing machine made of?	en
NUM:count	What is the area in sq km of Germany?	en
ENTY:event	What tragedy befell the city of Dogtown in 1899	en
LOC:state	What is the capital of Montana?	en
NUM:money	What is the cost of a college education?	en
ENTY:techmeth	What do sailors use to measure time	en
ENTY:animal	What is the heaviest and tallest Penguin	en
ENTY:religion	Which religion practices baptism?	en
ENTY:body	How do neurotransmitters work?	en
DESC:manner	How do I contact answers.com	en
LOC:mount	Where is Sierra Nevada?	en
DESC:def	How do categories form?	en
NUM:count	How many films did Ingmar Bergman make	en
HUM:gr	What Polynesian people inhabit New Zealand	en
DESC:reason	Why do we call someone honey	en
HUM:gr	How are partnerships?	en
ENTY:termeq	Whats the common name for acetylsalicylic acid	en
NUM:dist	How far is it from Hong Kong to Manila?	en
ENTY:event	What was the longest war in U.S. history	en
ENTY:body	How many bones?	en
ENTY:event	What are the ages in comic book lingo	en
HUM:ind	Who was the first coach of the Cleveland Browns	en
ABBR:exp	What does IRL represent?	en
NUM:date	When was Beethoven born	en
ENTY:product	What is a chair?	en
HUM:ind	Who held the endurance record for women pilots in 1929	en
DESC:manner	How do speakers talk?	en
NUM:perc	What percentage growth did we achieve?	en
NUM:money	What is the salary of a teacher?	en
ENTY:body	Where is the finger?	en
LOC:state	What is the capital of Hawaii?	en
NUM:dist	What is the distance between two points?	en
HUM:ind	What female suspect in the game of Clue is single	en
ENTY:termeq	What is another word for physician starting with d?	en
ABBR:exp	Write out HDD in full	en
ENTY:color	What are secondary colors?	en
ENTY:symbol	What is the hash tag symbol?	en
ENTY:instru	What instrument measures time?	en
DESC:manner	What is the method for take a photograph?	en
DESC:reason	What causes conflicts?	en
ENTY:color	What color is navy?	en
ENTY:veh	What is a shopping cart?	en
ENTY:substance	What is bleach?	en
NUM:period	How long is a tennis season?	en
ABBR:exp	OLED means what in full form?	en
ENTY:animal	What is a trout?	en
ENTY:color	What is complementary color?	en
ENTY:sport	What indoor sport saw the Phoenix Inferno become the Phoenix Pride on July 14, 1983, when the temperature hit 111 degrees	en
NUM:count	What is the area in sq km of Spain?	en
LOC:water	Where is the Black Sea?	en
NUM:perc	What percentage is the discount?	en
NUM:code	How is ISBN formatted?	en
DESC:manner	How do you public speaking?	en
ENTY:animal	What species is a colt	en
LOC:country	Where is Israel?	en
ENTY:veh	What is a forklift used for?	en
ENTY:body	What does the spleen do?	en
NUM:date	What year was the ATM first introduced	en
ENTY:instru	What device measures cholesterol?	en
LOC:country	What countrys capital was formed when Pesth and Buda merged	en
DESC:reason	What is the reason the moon has craters?	en
LOC:landmass	How are isthmuses?	en
ENTY:dismed	How is AIDS treated?	en
ENTY:food	What are pickles?	en
ENTY:color	What is tetrachromacy?	en
ENTY:animal	What is the Ohio state bird	en
NUM:date	When was the Civil War?	en
LOC:state	What state is John F. Kennedy buried in	en
HUM:gr	What U.S. university boasts the largest library	en
ENTY:animal	What distinguishes birds from other animals?	en
ABBR:exp	What does REST expand to?	en
NUM:perc	What percentage of workers are self-employed?	en
DESC:reason	What causes bleaching?	en
NUM:code	What does error code E508 mean in web?	en
ENTY:religion	which religion worships the most deities	en
ENTY:product	What smartwatch has ECG?	en
NUM:count	Count the letters in the alphabet	en
DESC:desc	What are the benefits of a rowing machine	en
ENTY:color	What is color harmony in nature?	en
ENTY:instru	What device measures power?	en
NUM:code	How are color codes represented in hexadecimal notation?	en
ENTY:animal	How do animals pupate?	en
ENTY:lang	What language is mostly spoken in Brazil	en
NUM:dist	How far is Tokyo from Berlin?	en
ENTY:body	How many kidneys exist?	en
HUM:desc	What information can you tell me about actor James Cromwell	en
HUM:ind	Who was Abraham Lincoln?	en
ENTY:event	What is the Grammy Awards?	en
ENTY:food	What is cookie?	en
HUM:desc	What is a criminologist?	en
NUM:count	How many Beatles records went #1	en
ENTY:currency	What money was used by them	en
ENTY:religion	What religion is Religious Science?	en
ENTY:religion	What is Jainism?	en
DESC:desc	What is he doing now	en
ENTY:instru	What device measures seismic activity?	en
ENTY:lang	What is French?	en
ENTY:word	What is a word that is spelled the same backwards?	en
ENTY:body	How many lungs exist?	en
ENTY:instru	What instrument measures speed?	en
NUM:other	How many people are on Facebook?	en
ENTY:sport	What field sport did dentist William Beers promote and write a standard book of rules for	en
ENTY:product	What is a airplane made of?	en
ENTY:food	What is pork made from?	en
NUM:temp	At what temperature does soil freeze permanently?	en
HUM:title	What are the only players eligible to score points in Roller Derby called	en
NUM:period	How many days does a cruise ship voyage take?	en
DESC:manner	How do doctors examine patients?	en
ENTY:color	How is olive formed?	en
LOC:state	How are states administered?	en
LOC:mount	Where is Mount Olympus?	en
DESC:def	What do we mean by socialism?	en
ENTY:body	What is the function of the colon?	en
ENTY:color	What color of Monopoly properties are landed on most often	en
ENTY:cremat	How does a hearse function?	en
NUM:code	What is the ASCII code for symbol @?	en
ENTY:veh	What is the maximum occupancy of a small charter plane?	en
DESC:def	What is narrative structure?	en
ENTY:animal	How do carnivores hunt?	en
NUM:volsize	How large is the human brain?	en
ENTY:product	What is a scissors made of?	en
ENTY:body	How do white cells defend?	en
NUM:count	How many countries are there	en
NUM:count	What is the number of minutes in an hour?	en
DESC:manner	How do you change a tire?	en
ENTY:body	What does the skin do?	en
DESC:desc	What is Franz Kafkas short story A Country Doctor trying to tell us	en
ENTY:food	What is cucumber made from?	en
ENTY:dismed	What is hypertension?	en
NUM:temp	What temperature does iron reach when red-hot?	en
ENTY:religion	How do Buddhists practice meditation?	en
ENTY:veh	What is the towing capacity of a GMC Sierra truck?	en
ENTY:body	How many teeth does an adult human have?	en
HUM:ind	Who invented the toothbrush	en
NUM:other	What is the population of Japan	en
ENTY:body	What is the clitoris?	en
ENTY:other	What fastener did Whitcomb Judson patent in 1893	en
NUM:date	What year did Degas create the bronze sculpture, Fourth Position Front ?	en
ENTY:dismed	What is a fear of being alone	en
DESC:def	What does the name Justin mean	en
ABBR:abb	Explain the acronym SSH	en
ENTY:body	What is the nervous system?	en
ENTY:food	What kind of wine is Spumante	en
LOC:city	What city is served by Logan International Airport	en
DESC:reason	Why do humans sleep at night?	en
NUM:perc	Whats the percentage of children aged two through eleven who watch The Simpsons	en
NUM:dist	How far is Europe from America?	en
DESC:manner	In what manner do drivers operate vehicles?	en
NUM:money	What is the financial cost?	en
DESC:reason	Why do fevers occur?	en
LOC:water	How salty is oceans?	en
HUM:gr	How are councils?	en
ENTY:body	What is the function of the tooth?	en
NUM:dist	How far is Tokyo from Barcelona?	en
ENTY:termeq	Whats the green variety of beryl called	en
ENTY:product	What is a monitor made of?	en
ABBR:abb	Define the abbreviation FTP	en
DESC:desc	What captures governmental feeling?	en
NUM:temp	What is the freezing point?	en
ABBR:abb	FTP abbreviates what?	en
DESC:reason	What is the reason leaves change color in fall?	en
HUM:gr	Whats the name of Pittsburghs baseball team	en
ENTY:sport	What are the rules of surfing?	en
ENTY:food	What is a fat?	en
HUM:gr	George Bush purchased a small interest in which baseball team	en
ABBR:abb	Explain the acronym CPU	en
ABBR:abb	What does ISP provide?	en
LOC:country	What country has the port of Haifa	en
ENTY:event	What are some important events of the 1830s	en
ENTY:product	What toy can you make sleep	en
ENTY:food	Where does ice cream come from?	en
ENTY:instru	What instrument measures visibility?	en
ABBR:exp	WHO stands for what exactly?	en
ENTY:religion	What do Mormonism followers believe?	en
ENTY:sport	What are new computer games for Windows 95 or 98	en
ENTY:body	What is the small intestine?	en
NUM:code	What is the binary code for null?	en
ENTY:substance	What is nitrogen?	en
DESC:reason	Why do rooftops give off steam after a big rainstorm	en
ENTY:animal	What is a wolf?	en
ENTY:product	What external hard drive is reliable?	en
ENTY:food	What food of the three bears did Goldilocks eat	en
NUM:other	How many countries are in the world?	en
ENTY:instru	How many strings does an ukulele have?	en
DESC:def	What is saltpeter	en
ENTY:event	What war saw a naval battle between the luxury liners Cap Trafalgar and the Carmania	en
NUM:speed	How fast can a horse gallop?	en
DESC:reason	What causes imbalances?	en
LOC:city	What is a town?	en
ENTY:termeq	What are the spots on dominoes called	en
NUM:ord	what place were you in the game	en
LOC:other	Where is the Henry Ford Museum	en
LOC:water	What river flows through Vienna, Budapest and Belgrade	en
NUM:date	What year did Mussolini seize power in Italy	en
ENTY:veh	What is a space shuttle?	en
NUM:other	How many oceans are there?	en
ENTY:lang	What is the official language of Indonesia?	en
LOC:landmass	What continent is Japan part of?	en
ENTY:symbol	what does the sign for no smoking look like	en
NUM:period	How old was Stevie Wonder when he signed with Motown Records	en
DESC:def	What is deixis?	en
ENTY:animal	What is New Yorks state bird	en
NUM:other	What is the mass of a proton?	en
LOC:city	What country is Singapore in?	en
NUM:dist	How far is Tokyo from Prague?	en
DESC:desc	How are processes explained in manuals?	en
ENTY:food	How is fiber important?	en
ENTY:other	What defines a cultural movement?	en
ENTY:religion	Which religion practices meditation?	en
HUM:desc	What is a playwright?	en
NUM:count	How many feet are there in a fathom	en
NUM:code	What is the binary code for symbol @?	en
LOC:water	Where is the English Channel?	en
ENTY:termeq	What was another name for East Germany	en
ENTY:plant	What is a oats?	en
HUM:title	Who painted The Birth of Venus?	en
ENTY:color	What colors need to be mixed to get the color pink	en
ABBR:exp	What does the abbreviation cwt.	en
HUM:gr	What college did Joe Namath play football for	en
LOC:state	What is the leading pecan and peanut growing state	en
ENTY:color	What color of dry wine should be served with veal roasts and chops	en
NUM:code	What is the hexadecimal code for escape character?	en
ENTY:veh	What is a canoe?	en
NUM:ord	Are you the first, second or third child	en
DESC:desc	What is a solar eclipse like?	en
ENTY:letter	How many letters does the Catalan alphabet have?	en
LOC:mount	How high is Elbrus?	en
ENTY:letter	How many letters does the Icelandic alphabet have?	en
DESC:reason	Why do people in the upper peninsula of Michagin say eh ?	en
ENTY:color	How does luminance work?	en
LOC:other	What soviet seaport is on the Black Sea	en
LOC:city	What is Venice?	en
NUM:volsize	What is the volume of the Mariana Trench?	en
HUM:gr	How is a team organized?	en
NUM:period	How many years did World War I last?	en
NUM:weight	5 of the same bread has the same weight as three bread and 4 kg of fruit. What weight has one bread	en
DESC:manner	How do archaeologists excavate?	en
LOC:country	How is a state governed?	en
DESC:reason	What causes drops?	en
ENTY:substance	What was paper made of in the late 16th century	en
ENTY:symbol	What is the ↑ symbol used for?	en
ENTY:veh	What is a tanker truck?	en
DESC:manner	What is the method for write a letter?	en
DESC:def	What is code-switching?	en
ENTY:word	What is the longest word without repeating a letter?	en
ENTY:symbol	Where is the hash tag symbol used?	en
DESC:desc	What is the song Stairway to Heaven by Led Zeppelin about	en
ENTY:other	What trophy is awarded to the winners of the Super Bowl	en
HUM:desc	Who was Whitcomb Judson	en
HUM:desc	How does a technician work?	en
ENTY:plant	What plant is a symbol of peace?	en
DESC:manner	In what manner do criminologists study?	en
ABBR:abb	LASER is an abbreviation for what?	en
NUM:money	How much was a ticket for the Titanic	en
ENTY:product	What programming language is most popular?	en
ENTY:termeq	How are terms standardized?	en
LOC:mount	Which mountain is the highest in the Appalachian range?	en
NUM:count	Count the seconds in a minute	en
ENTY:dismed	How does parkinsons disease manifest?	en
ENTY:cremat	What British TV series inspired All in the Family	en
ENTY:plant	What is wheat?	en
NUM:weight	What is the weight of a kilogram in pounds?	en
LOC:other	Where can I find all the information I need to know about the English Civil War, 1642-1649,	en
ENTY:currency	What currency does South Africa use?	en
NUM:date	In which year was New Zealand excluded from the ANZUS alliance	en
DESC:desc	Can you describe the Taj Mahal?	en
ENTY:plant	What is Hawaiis state flower	en
LOC:country	What two countries share the Khyber Pass	en
LOC:country	What continent is Italy in?	en
ENTY:animal	What is a salmon?	en
ENTY:body	What is the function of the cerebellum?	en
ENTY:instru	How do you use a scale?	en
HUM:title	What is a Inspector?	en
NUM:count	How many weeks in a year are there?	en
NUM:period	What is the legal age for driving a car in most states?	en
ENTY:letter	How many letters does the Manx alphabet have?	en
HUM:title	What was the occupation of Mandy Rice-Davies	en
LOC:water	What is the Nile River?	en
ENTY:event	What was the Super Bowl?	en
ENTY:body	How many follicles does a human scalp have?	en
LOC:landmass	What is a wadi?	en
ENTY:color	How is slate formed?	en
ENTY:symbol	what are printing registration marks intended for	en
DESC:manner	How can I look up someones E-mail address on the Internet	en
ENTY:animal	What makes proprioception important?	en
ENTY:religion	What is Anthroposophy?	en
ENTY:dismed	How is hemophilia treated?	en
ENTY:animal	How do animals swim?	en
ENTY:dismed	What is Parkinsons?	en
ENTY:animal	How do animals show aggression?	en
NUM:ord	How is second written?	en
ENTY:animal	How do animals slither?	en
ENTY:lang	What is the number of speakers worldwide?	en
ENTY:termeq	What is another word for sofa starting with c?	en
NUM:weight	How much does a car weigh?	en
ENTY:body	How many bones are there in the human foot	en
ENTY:event	What series of trials followed World War II	en
ENTY:body	What is the hand?	en
ENTY:food	What spice do chefs pay the most for	en
LOC:city	Where is Dublin?	en
HUM:ind	What name does the world know Renaissance artist Kyriakos Theotokopoulos by	en
ENTY:religion	What religion do Druze people follow?	en
ENTY:event	How are shows produced?	en
DESC:desc	What are Christopher Marlowes and Shakespeares literary contributions to English literature	en
DESC:manner	In what way do managers oversee?	en
ENTY:animal	How big is a crocodile?	en
DESC:desc	What does an echidna look like	en
ENTY:product	What is a bookshelf made of?	en
ENTY:food	What are roots?	en
DESC:desc	What are the limits to self-defense ?	en
NUM:speed	How fast does Earth orbit the Sun?	en
LOC:country	What country did King Wenceslas rule	en
LOC:country	What continent is Morocco in?	en
HUM:desc	Who was Nikola Tesla?	en
NUM:dist	how deep is the ocean	en
ENTY:veh	What is a excavator?	en
ENTY:animal	How do animals use venom?	en
LOC:state	What is the capital of Alaska?	en
ENTY:dismed	What is insulin?	en
ENTY:currency	Which country uses the dinar?	en
ENTY:color	How does value differ?	en
DESC:desc	How are thoughts described introspectively?	en
ABBR:exp	How are shorthand notations created?	en
DESC:reason	Why does we yawn?	en
ENTY:cremat	Which Beatles disc cover honors the Rolling Stones	en
ENTY:event	What are the historical trials following World War II called	en
NUM:volsize	What is the volume of a cubic centimeter?	en
ENTY:animal	What makes freeze response adaptive?	en
ENTY:cremat	Name a Salt Lake City newspaper	en
ENTY:food	What beer is rockin America ?	en
ENTY:currency	What is the exchange rate for dollars to euros?	en
ENTY:plant	Where do roses grow?	en
LOC:other	Where are the tropical rain forest distributions	en
NUM:dist	How long were Tyrannosaurus Rexs teeth	en
LOC:landmass	What continent has the most islands?	en
ENTY:veh	How does a hot air balloon work?	en
ENTY:veh	What is the emergency braking distance from highway speed?	en
DESC:desc	How are cities described urbanly?	en
LOC:mount	Where is Mount Elbrus?	en
ENTY:word	What six words follow the line From a jack to a king..	en
ENTY:body	What is the mouth?	en
ENTY:sport	What kind of sports did they play in the years 1642-1649, the English Civil War time	en
NUM:dist	How far is New York from Bangkok?	en
HUM:ind	Who created Harry Lime	en
ENTY:techmeth	What is the correct way to use may vs. might	en
DESC:reason	Colin Powell is best known for what achievement	en
NUM:period	How old was Elvis Presley when he died	en
ENTY:religion	What is the primary religion in Poland?	en
HUM:title	What rank is Cardinal?	en
NUM:period	How many minutes should you brush your teeth?	en
NUM:dist	How far can a human eye see	en
ENTY:color	What are pigments?	en
HUM:gr	What defines a delegation?	en
ENTY:sport	What is golf?	en
ENTY:plant	What is a banana?	en
ENTY:letter	What is the letter that represents the number 50 in Roman numerals?	en
DESC:desc	Where do chihuahuas come from	en
LOC:landmass	What is the largest island in the Mediterranean Sea	en
DESC:def	What does ciao mean	en
ENTY:cremat	What movie has made the most money	en
ENTY:food	How is grits made?	en
NUM:money	What is the per-capita income of Colombia, South America,	en
NUM:other	What is a proportion?	en
ENTY:body	What is the hair?	en
HUM:title	Who holds the title of Duchess?	en
ENTY:veh	How many doors does a Toyota Highlander have?	en
HUM:ind	Who plays shortstop for Charlie Browns baseball team	en
ENTY:veh	How much does a fully loaded cement mixer truck weigh?	en
ENTY:product	Which keyboard is mechanical?	en
ENTY:currency	What is the baht?	en
ENTY:color	What is iridescence?	en
LOC:city	What city is graced by the Arch of Titus	en
LOC:city	What is the capital of Persia	en
LOC:city	What city was Martin Luther King Jr. assassinated in	en
ENTY:product	What is the Ferrari?	en
NUM:count	How much stronger is the new vitreous carbon material invented by the Tokyo Institute of Technology compared with the material made from cellulose	en
HUM:desc	Who is Dear Abby	en
NUM:temp	What is the temperature at the bottom of the ocean?	en
ENTY:letter	What is the pronunciation of Ñ?	en
DESC:desc	How is chaos described chaotically?	en
DESC:reason	What causes insolvency?	en
NUM:weight	Calculate how many grams of oxygen are in 50 g of carbon dioxide CO2	en
ENTY:body	What are bronchioles?	en
ENTY:letter	What is the alphabet for Persian	en
NUM:money	What is the price of electricity per kilowatt?	en
NUM:ord	What is the eleventh book in the series?	en
DESC:desc	What is the origin of the surname of Braun	en
ENTY:color	is blood blue or red	en
ENTY:body	Where is the foot?	en
DESC:manner	How can you become an FBI agent	en
ABBR:exp	Expand the acronym WHO	en
ABBR:abb	What is the meaning of SEC?	en
ENTY:body	Bile is released from what organ	en
DESC:reason	Why do viruses spread?	en
NUM:count	How many Leos have been Pope	en
ENTY:religion	What is Scientology based on?	en
ENTY:food	What is paella?	en
LOC:city	What makes a territory a city?	en
HUM:title	what is your profession	en
NUM:dist	How far is Singapore from Bangkok?	en
ENTY:symbol	What is the ✗ symbol used for?	en
NUM:date	When was the first Wall Street Journal published	en
DESC:reason	Why do grasslands flourish?	en
HUM:desc	What is the role of a counselor?	en
HUM:ind	Who portrayed portly criminologist Carl Hyatt on Checkmate	en
DESC:reason	Why do religions teach?	en
ENTY:instru	How many strings does a veena have?	en
ENTY:color	How do dyes absorb?	en
ABBR:exp	What does ETH stand for?	en
NUM:date	What date is Thanksgiving?	en
ENTY:substance	How is phosphorus used?	en
ENTY:event	What was Coachella?	en
ENTY:word	What is the shortest word with all vowels?	en
NUM:date	When does the average teenager first have intercourse	en
HUM:title	What rank is Chief Justice?	en
ENTY:termeq	What is a term equivalent to large?	en
ABBR:abb	What is the abbreviation for Application Programming Interface?	en
ENTY:substance	What is the Taj Majal made of	en
ENTY:plant	What does a corn look like?	en
ENTY:color	What color is bronze?	en
ENTY:instru	What instrument did Glenn Miller play	en
NUM:dist	How tall was the animated King Kong	en
NUM:period	What is the average lifespan of a dog?	en
HUM:desc	Describe a typical engineer	en
HUM:gr	How is a division organized?	en
ENTY:food	Which mayonnaise refers to itself as real mayonnaise	en
LOC:mount	What is the tallest mountain in Wales?	en
ENTY:veh	What is a forklift?	en
ENTY:color	What is the most popular sports car color	en
NUM:weight	What is the weight of a standard car?	en
NUM:count	Count the countries	en
ENTY:body	What are the fallopian tubes?	en
ENTY:veh	What nuclear-powered Russian submarine sank in the Norwegian Sea on April 7, 1989	en
ENTY:dismed	What causes pneumonia?	en
LOC:other	Where is Inoco based	en
HUM:title	what do you do for a living	en
ABBR:abb	What is the acronym for User Datagram Protocol?	en
LOC:mount	Where is Mount McKinley?	en
ENTY:event	When did the 2016 presidential election occur?	en
HUM:title	Who painted The Last Supper?	en
LOC:water	How salty is the Baltic Sea?	en
DESC:desc	What is the difference between New York-style and Chicago-style pizza	en
ABBR:exp	LCD is short for what exactly?	en
DESC:manner	In what way do rehabilitators reform?	en
NUM:count	How many hands does Bjorn Borg use when hitting his forehand	en
DESC:desc	What according to the Kinsey Institute, is the sexual preference of four percent of American males	en
NUM:date	When is the site www.questions.com going to open	en
NUM:date	When did Spain and Korea start ambassadorial relations	en
LOC:other	Wheres the GUM department store	en
ENTY:food	What is quail?	en
LOC:water	What is the ocean?	en
ENTY:currency	What currency is used in Vietnam?	en
HUM:gr	What famous meat company went out of business because it became known that the underworld had been selling them kangaroo meat	en
ENTY:body	What is the width of the human trachea?	en
ENTY:other	What layer of the atmosphere contains most of the ozone layer	en
ENTY:food	Where does milk come from?	en
LOC:city	What are the capital cities of the two large countries that occupy the Iberian peninsula in Europe	en
HUM:gr	Who are the peasants?	en
NUM:dist	How tall is the Sears Building	en
NUM:count	What is the population of Arcadia, Florida	en
ABBR:exp	What does ISL represent?	en
ENTY:food	How is salmon?	en
ENTY:letter	What is the alphabet for Latin	en
DESC:def	How does overlap occur?	en
ENTY:veh	what spaceship boldly went where no man had gone before	en
LOC:country	What two European countries are joined by the Gran San Bernardo Pass	en
ENTY:termeq	What is the English translation for the word caliente	en
LOC:country	What is the capital of Ukraine?	en
ENTY:color	What color is indigo	en
NUM:speed	How fast does a cheetah accelerate from rest to top speed?	en
NUM:dist	How far is London from Singapore?	en
NUM:code	What is the Unicode code point system?	en
ENTY:product	What is MacBook?	en
ENTY:currency	What currency is used in Australia	en
ENTY:dismed	What is a fear of hell	en
DESC:def	What are the Urals	en
LOC:mount	What is the height of Snowdon?	en
ENTY:food	Whats the favorite food of dragonflies	en
LOC:water	How deep is Lake Baikal?	en
ENTY:other	What were millions of kids wearing on their heads in 1955	en
ENTY:symbol	The original set of DOT pictograms consisted of 34 symbols primarily intended for what	en
DESC:def	How would you define entropy?	en
DESC:reason	Why do economies grow?	en
ENTY:animal	What five-time winner of the Kentucky Derby lost his first 25 races	en
HUM:ind	Who was Leonardo da Vinci?	en
LOC:city	Where is Vienna?	en
ENTY:body	What is the pancreas?	en
ENTY:lang	How is Polish structured as a language?	en
ENTY:event	What happened during the moon landing?	en
NUM:speed	How fast can a gazelle run?	en
DESC:desc	What captures vibrancy?	en
ENTY:symbol	what is the periodic table symbol for Argon	en
LOC:other	What planet would you visit to see Bebrenia, Arcadia, and Amazonis	en
LOC:state	What state in the United States covers the largest area	en
NUM:date	When did Nostradamus believe World War III would begin	en
ENTY:lang	Which language has the most vowels?	en
ENTY:word	What does fortuitous mean?	en
ENTY:body	How many vertebrae are in the human spine?	en
ENTY:religion	What religion do Quakers follow?	en
ENTY:dismed	Whats the most common non-contagious disease in the world	en
ENTY:other	What is after death	en
DESC:manner	How do you build a solar car for a high school experiment	en
ABBR:exp	What does NRU expand to?	en
ENTY:plant	Which plant is the source of coffee?	en
LOC:country	Tell me about Algeria	en
LOC:city	Where is Beijing?	en
DESC:def	How does a simile compare?	en
NUM:perc	What percentage of the worlds diamonds are lab-created?	en
ENTY:termeq	What tennis term is said to come from the French word for egg	en
NUM:dist	What is the earths diameter	en
NUM:dist	How far is London from Toronto?	en
LOC:city	Tell me about Seoul	en
ENTY:body	What is the foot?	en
DESC:desc	What are the short- and long-term effects of underage drinking	en
ABBR:exp	YMCA means what?	en
NUM:date	On which dates does the running of the bulls occur in Pamplona, Spain	en
DESC:manner	How do cyclists pedal bikes?	en
ENTY:veh	How does a gyrocopter fly?	en
ABBR:exp	LCD means what in full form?	en
DESC:manner	In what way do geologists study?	en
ENTY:other	What do bicornate animals have two of	en
ENTY:dismed	What causes cancer?	en
LOC:state	What state has the longest Great Lakes shoreline	en
LOC:city	What Scandinavian capital is built on nine bridge-connected islands	en
ENTY:veh	What is an ambulance?	en
ABBR:exp	What does VIR stand for?	en
DESC:reason	What causes people to wake early?	en
DESC:manner	How does the speed the magnet spins in a generator affect the output of the generator	en
HUM:ind	Who was the inventor of silly putty	en
LOC:water	How are waterways?	en
ENTY:termeq	What is phonetics?	en
NUM:volsize	How many cubic feet are in a cubic meter?	en
ENTY:dismed	How is stroke treated?	en
NUM:period	How long does it take to write a novel?	en
LOC:mount	Where do people mountain climb in Nepal	en
DESC:def	What is the definition of capitalism?	en
DESC:reason	Give a reason for American Indians oftentimes dropping out of school	en
HUM:desc	What does a mycologist research?	en
ENTY:color	What is structural color?	en
NUM:date	When is hurricane season in the Caribbean	en
ABBR:abb	In computing, SSL refers to what?	en
DESC:reason	What made the short-lived Star Hawks strip so unique	en
ENTY:sport	What net game sees its womens world amateur champions receive the Uber Cup	en
ENTY:word	What does transparent mean?	en
ENTY:techmeth	What are the four natural aids used in riding a horse	en
ABBR:abb	FBI is an abbreviation for what?	en
NUM:code	What does error code 403 mean?	en
ENTY:animal	What is the fastest land animal	en
DESC:def	What is hypnotherapy	en
LOC:city	What South American capital is the worlds highest	en
ENTY:termeq	What is Chiricahua the name of	en
NUM:perc	What percentage of the worlds population speaks English?	en
LOC:water	What connects to the Lake Superior?	en
DESC:def	What is e-commerce	en
ENTY:food	What beer tells us, Grab all the gusto you can get	en
ENTY:plant	Where do wheats grow?	en
ENTY:instru	What is the aperture of a camera lens?	en
ABBR:exp	What does VUT expand to?	en
HUM:desc	Who wrote Don Quixote?	en
ENTY:food	What is Rice?	en
NUM:dist	How far is Tokyo from Bangkok?	en
NUM:other	What is the number of time zones?	en
ENTY:product	Which fitness tracker monitors heart rate?	en
HUM:title	How does a Governor lead?	en
NUM:volsize	What is the volume of a standard coffee mug?	en
DESC:manner	How does an abacus work	en
ENTY:veh	How long is a standard subway car?	en
ENTY:product	What is a table?	en
ENTY:letter	How many letters does the Occitan alphabet have?	en
NUM:count	On average, how many miles are there to the moon	en
LOC:city	Tell me about Los Angeles	en
ENTY:plant	Where do ferns grow?	en
ABBR:abb	What is the abbreviation for Software as a Service?	en
ENTY:food	What melts in your mouth, not in your hands	en
ENTY:color	What is animal coloration?	en
ENTY:event	When did the COVID-19 pandemic occur?	en
ENTY:food	What non-alcoholic syrup is made from pomegranate juice	en
HUM:gr	Who are the graduates?	en
NUM:ord	Who came in eighth place?	en
ABBR:abb	What does IoT stand for?	en
HUM:ind	Who was Dante?	en
DESC:def	How would you define socialism?	en
DESC:desc	What creates auditory vividness?	en
DESC:reason	What causes wind?	en
NUM:ord	How is the number 2 expressed ordinally?	en
DESC:desc	What is the computer for the rest of us	en
NUM:temp	At what temperature does sugar caramelize?	en
ENTY:religion	What is Taoism based on?	en
DESC:reason	Why does a wheel, e.g. a car tire, appear to spin in the opposite direction as it slows down	en
ENTY:color	What is white?	en
ENTY:event	What famed gangland slaughter cut into the membership of Bugs Morans outfit	en
NUM:code	How are postal codes formatted?	en
NUM:perc	What percentage of the Earths surface is water?	en
LOC:state	Mississippi has what name for a state nickname	en
NUM:temp	At what temperature does carbon dioxide sublime?	en
DESC:manner	How do penologists incarcerate?	en
ABBR:exp	What is p.m. an abbreviation for, as in 5 p.m.	en
HUM:title	How does a judge preside?	en
DESC:desc	How is music described?	en
HUM:desc	How does a consultant work?	en
DESC:desc	What is the only cigarette made with no leftovers	en
ENTY:veh	What is a wheelchair?	en
ENTY:termeq	What is a term equivalent to sad?	en
NUM:weight	What is the weight of a human body in water?	en
ENTY:veh	What is the displacement in liters of a typical V8 engine?	en
DESC:def	What is subject-verb agreement?	en
NUM:count	What is the area in sq km of Australia?	en
HUM:ind	What did Socrates do?	en
NUM:other	What number is at 12 o clock on a dartboard	en
HUM:title	What is a Sergeant?	en
NUM:speed	How fast is sound	en
ENTY:instru	What is a drill?	en
ENTY:animal	How do predators track?	en
ENTY:animal	What is a kangaroo?	en
NUM:perc	What percentage of the forest is temperate?	en
HUM:desc	Describe a typical tutor	en
ABBR:abb	What does GB contain?	en
HUM:ind	What was the name of the daughter of the Virginia chief Powhatan that married John Rolfe	en
ENTY:lang	What is Bengali known for?	en
ENTY:food	What is Tomato?	en
NUM:count	What is the number of states of Nigeria?	en
HUM:ind	What did Marie Curie do?	en
ABBR:abb	What does IMF stand for?	en
ENTY:termeq	What is another word for elderly starting with s?	en
NUM:count	What is the number of regions of Japan?	en
ABBR:abb	What does i18n represent?	en
DESC:desc	What details convey structure?	en
NUM:count	What is the area in sq km of USA?	en
NUM:money	How much does a Tesla cost?	en
ENTY:color	is the Sun white or yellow	en
LOC:country	What is the smallest country in Africa	en
ENTY:symbol	How is the ® symbol used?	en
ENTY:word	What is a word that is its own opposite?	en
ENTY:veh	What is a cruise ship used for?	en
DESC:reason	Why do fungi decompose matter?	en
ENTY:cremat	How hot does cremation reach?	en
HUM:gr	What is a immigrants?	en
ENTY:veh	What is the cargo capacity of a Honda CR-V SUV?	en
ENTY:plant	What is a willow?	en
NUM:ord	What is the first letter of the alphabet?	en
ENTY:word	What does taciturn mean?	en
LOC:country	Name the country which Honecker lived in	en
ENTY:color	What is a common white item?	en
LOC:other	Where on the Internet can I find information on laundry detergent	en
ENTY:event	When did the Oscars occur?	en
ENTY:body	How do bronchi branch?	en
ENTY:plant	Which plant is used to make paper?	en
ENTY:plant	Where do grapes grow?	en
NUM:other	What is the life expectancy for crickets	en
ENTY:veh	What is a kayak?	en
ENTY:animal	What makes animals nocturnal?	en
DESC:reason	Why do hearts beat?	en
LOC:city	What country is Sydney in?	en
ENTY:symbol	What is a scientific symbol?	en
NUM:date	When did Mount St. Helen last have a major eruption	en
HUM:gr	What organization did Mr. Waverly assign agents for	en
DESC:reason	Why do friendships form?	en
NUM:volsize	Each block on the tower shown measures 4 cubic cm in volume. What is the total volume of the tower	en
HUM:gr	What kind of organization is Last Chance for Animals	en
ENTY:currency	What currency does UAE use?	en
ENTY:word	What does fleeting mean?	en
ENTY:body	How do lymph nodes filter?	en
ENTY:cremat	What is a scattering garden?	en
ENTY:event	How are ceremonies conducted?	en
ENTY:body	What is the skeleton?	en
LOC:mount	What country has K2?	en
ENTY:plant	Where do carrots grow?	en
DESC:reason	What causes hereditary diseases?	en
ENTY:veh	What is a chairlift?	en
HUM:title	What rank is King?	en
NUM:dist	What is the distance between Tokyo and Beijing?	en
DESC:def	What is an icon in semiotics?	en
ENTY:body	What is the urethra in males?	en
DESC:desc	How is light described visually?	en
NUM:perc	What percentage of the ocean is salt water?	en
DESC:def	What is a tonne	en
ABBR:exp	What does SEC expand to?	en
DESC:manner	How do athletes train intensely?	en
ENTY:letter	What letter represents the Euro symbol?	en
NUM:perc	What percentage of the population is blonde?	en
ENTY:event	What was the Renaissance?	en
ENTY:currency	What is the symbol for lira?	en
HUM:ind	What did Galileo Galilei do?	en
ABBR:exp	Write out RAM in full	en
ENTY:termeq	What is another word for large starting with b?	en
DESC:desc	What is the nature of snow and how is the formation of snow different from that of ice	en
ENTY:religion	What is Hinduism based on?	en
ENTY:word	What is the most commonly misspelled word?	en
LOC:landmass	What is Corsica?	en
DESC:desc	What captures reduction?	en
DESC:def	How does lengthening occur?	en
ENTY:color	What is the predominant color of the Tab label	en
ENTY:dismed	What is metformin used for?	en
ENTY:product	What game console is most popular?	en
DESC:def	How would you define capitalism?	en
ENTY:body	What is the function of the thyroid gland?	en
LOC:state	What states home to the Buffalo Bill Historical Center	en
LOC:landmass	How are dunes formed?	en
ENTY:veh	What is a garbage truck?	en
LOC:state	How are autonomous communities defined?	en
NUM:temp	What is body temperature?	en
ENTY:plant	What does a peach look like?	en
ABBR:abb	IMF is an abbreviation for what?	en
NUM:period	How many centuries have passed since the year 2000?	en
ENTY:food	What drink is the best thirst-quencher	en
ENTY:event	What was the Dark Ages?	en
LOC:water	Where are the Great Lakes?	en
DESC:manner	In what manner do pulmonologists assess?	en
NUM:period	What is the average life span for a chicken	en
NUM:count	How many calories are there in a Big Mac	en
ENTY:animal	Where do lions live?	en
ENTY:word	What is a word that means easy?	en
DESC:def	How would you define metabolism?	en
ENTY:currency	Which country uses the ringgit?	en
ABBR:exp	URL means what in full form?	en
ENTY:color	What is phenotypic plasticity?	en
ENTY:letter	What is the pronunciation of the letter Q in English?	en
ENTY:body	What is the function of the lymph nodes?	en
LOC:mount	What is the height of Mount Aconcagua?	en
NUM:count	How many of them are in sub-Saharan Africa	en
ENTY:cremat	How do religious funeral rites differ?	en
DESC:manner	How do administrators execute?	en
ENTY:veh	How many speed settings does an electric scooter typically have?	en
ENTY:body	What is the softest part of the body	en
ABBR:abb	What is the acronym for Personal Computer?	en
ENTY:color	What color flies closest to the staff on Belgiums flag	en
LOC:city	How are urban areas defined?	en
ENTY:color	What color was the hundred billionth crayon made by Crayola	en
DESC:desc	How is courage described bravely?	en
LOC:water	What strait links the Mediterranean Sea and the Atlantic Ocean	en
ENTY:dismed	What is omeprazole used for?	en
ENTY:animal	What defines an insect?	en
ENTY:instru	What instrument is Ray Charles best known for playing	en
LOC:city	What city was Bobby Kennedy assassinated in	en
ENTY:animal	What is a mammal?	en
DESC:desc	What captures motion imagery?	en
HUM:ind	What football coachs story was told in the movie Run to Daylight	en
ABBR:abb	What is the shorthand for Gigabits per second?	en
NUM:perc	What percentage of land is forested?	en
ENTY:other	What did Benny Carter play	en
DESC:def	How does prestige work?	en
NUM:period	How long was the TV mission of Star Treks Enterprise to be	en
ENTY:termeq	What do you call a section of your finger from one joint to another	en
DESC:reason	What causes gray hair	en
LOC:state	In which state are the Mark Twain National Forests	en
ENTY:religion	What do Judaism followers believe?	en
ENTY:sport	How is gymnastics played?	en
ENTY:veh	How does a crane work?	en
ENTY:lang	What is one of the languages spoken by the Sioux called	en
ENTY:techmeth	What method converts speech to text?	en
ENTY:other	What defines a significant historical event?	en
ENTY:product	What router provides fastest WiFi?	en
ENTY:veh	What is the depreciation rate of a new vehicle in its first year?	en
ENTY:cremat	Name the story by Chris Van Allsburg in the which a boy tries to become a great sailor	en
ABBR:abb	What is meant by SSL?	en
LOC:other	Whats the home of the Rockettes	en
ENTY:instru	What instrument measures turbidity?	en
ABBR:exp	Expand the acronym REST	en
DESC:manner	How do you paint a wall?	en
ENTY:symbol	What does the ampersand represent?	en
ENTY:letter	What is a handwriting?	en
ENTY:veh	What is a tram?	en
ENTY:techmeth	What method purifies seawater?	en
ENTY:veh	What is the optimal tire pressure for fuel economy?	en
ENTY:religion	what religion did the egyptians practice	en
ENTY:termeq	What is a synonym for aspartame	en
ENTY:symbol	How is the & symbol used?	en
DESC:reason	Why does our nails grow?	en
ENTY:veh	How tall is a standard semi-truck including the cab?	en
NUM:temp	Whats the Fahrenheit equivalent of zero degrees centigrade	en
LOC:country	What European country is home to the beer-producing city of Budweis	en
NUM:speed	What is the speed of a bullet from a typical handgun?	en
DESC:reason	Why did David Koresh ask the FBI for a word processor	en
ENTY:plant	Where do peachs grow?	en
LOC:city	What is the capital of California	en
ENTY:other	What cigarette is a whole new world	en
DESC:manner	How do orthopedists realign?	en
DESC:manner	How do chefs cook?	en
ENTY:event	What is a convention?	en
LOC:state	What state did Helen Keller call home	en
ABBR:exp	What does MSR stand for?	en
ENTY:veh	What was the name of Captain Blighs ship	en
NUM:weight	What is the mass of the earth?	en
ENTY:color	What color beans did the ancient Romans refuse to eat	en
ENTY:event	What was the Industrial Revolution?	en
ENTY:religion	What is Hinduism?	en
ENTY:symbol	What does the cross represent?	en
ENTY:plant	What common plant has a button, cap, cup, gills, and ring	en
ENTY:plant	Which plant has the most species?	en
NUM:date	When was the X-ray invented?	en
HUM:gr	What do we call graduates?	en
ENTY:word	How many homophones does their have?	en
ENTY:letter	What letter represents potassium on the periodic table?	en
ENTY:plant	What plant is used in phytoremediation?	en
ENTY:word	What is a adverb?	en
ENTY:techmeth	How does voice recognition work?	en
NUM:money	How much does it cost to have a tree planted by dialing, 900, 740-TREE	en
ENTY:dismed	What common ailment can t you catch at the North Pole	en
HUM:gr	What card company sells Christmas ornaments	en
DESC:reason	What is the purpose of the SysRq key on my computer keyboard	en
DESC:manner	What is the way to learn a language?	en
LOC:other	Where is Procter & Gamble based in the U.S.	en
LOC:other	Where can I find information on becoming a journalist	en
NUM:period	How long is a cricket season?	en
ENTY:currency	Which country uses the lira?	en
ENTY:product	What is a smartphone?	en
ENTY:body	How do antigens trigger?	en
ENTY:plant	What are some of Australias native flora	en
ENTY:instru	What device measures pressure?	en
NUM:period	How many years does it take for wood to decompose naturally?	en
HUM:desc	Who is Samuel Pickering	en
NUM:perc	What percent of the body is muscle?	en
ENTY:symbol	What is the chemical formula for napalm	en
LOC:state	How are regions subdivided?	en
LOC:country	What African country is governed from Ouagadougou	en
ENTY:plant	What does a rose look like?	en
DESC:reason	Why is plants need sunlight?	en
ABBR:exp	What does RUS expand to?	en
ENTY:food	How are protein supplements?	en
LOC:country	Tell me about Greece	en
ENTY:color	What is a common turquoise item?	en
HUM:gr	Which radio stations air the Jim Bohannon Radio Talk Show	en
DESC:manner	In what manner do metalworkers forge?	en
HUM:ind	What is a philosopher?	en
ABBR:exp	What is FBI?	en
LOC:state	What is the capital of Arizona?	en
ENTY:product	What is iPhone?	en
HUM:gr	What college enlivens Hanover, New Hampshire	en
NUM:code	What is the binary code for delete?	en
NUM:perc	What percentage of the atmosphere is nitrogen?	en
ENTY:color	What is CMYK?	en
ENTY:animal	How big is a bear?	en
ENTY:techmeth	How does CRISPR work?	en
ENTY:color	What is the hex code for yellow?	en
ENTY:letter	What is the most common consonant in English?	en
ENTY:other	What is a cultural institution?	en
NUM:dist	how many meters from point A to point B	en
HUM:ind	Which president was unmarried	en
DESC:reason	Why do cultures persist?	en
ENTY:word	How many syllables does the word sesquipedalian have?	en
LOC:water	Where is the Atlantic Ocean?	en
ENTY:religion	what polytheistic religions are still practiced today	en
ENTY:body	What is the function of the spinal cord?	en
DESC:def	What is usenet for the Internet	en
ENTY:cremat	Name the only extant trilogy of classical Greek plays	en
NUM:volsize	what is the volume of the milky way	en
ENTY:body	What is the function of the skull?	en
ENTY:termeq	What is the Islamic counterpart to the Red Cross	en
ENTY:instru	What tool measures soil moisture?	en
ENTY:termeq	What is a term equivalent to bright?	en
NUM:count	How many languages are there in the world	en
NUM:period	How long is a school year?	en
DESC:def	What is critical period?	en
HUM:gr	Which college did Dikembe Mutombo attend	en
ABBR:exp	What does SOM represent?	en
LOC:country	What countries have the most auto thefts	en
ENTY:veh	What is a cargo ship?	en
ENTY:animal	What is the fastest fish in the world	en
NUM:perc	What percentage turnout was there?	en
ENTY:currency	What is the Chinese yuan?	en
DESC:reason	What causes decline?	en
DESC:desc	What captures temporal progression?	en
ENTY:lang	What are the two languages of Malta	en
DESC:manner	How do travelers journey?	en
LOC:landmass	What is the smallest continent?	en
ENTY:food	What is millet?	en
NUM:code	What is the ASCII code for newline?	en
ENTY:other	What does a chef coddle eggs in	en
ENTY:techmeth	What are other ways of getting stretch marks besides pregnancy, weight loss, and weight lifting	en
HUM:gr	What high school does Archie attend	en
LOC:mount	Where is Scafell Pike?	en
ENTY:color	What is a common violet item?	en
ENTY:currency	What is the symbol for euro?	en
ENTY:currency	What is the won?	en
ENTY:symbol	Name a symbol that already been widely accepted	en
ENTY:body	How many teeth does an infant typically have?	en
ENTY:instru	What is a metronome?	en
ENTY:food	What is barley?	en
NUM:period	How old was Lucille Ball when the show I Love Lucy premiered	en
NUM:temp	What is the melting point of aluminum?	en
ENTY:dismed	What causes asthma?	en
NUM:speed	what is the average velocity of a horse	en
DESC:def	What are the Greek numerals	en
LOC:landmass	What is Great Britain?	en
NUM:count	How many CDs has Garth Brooks sold	en
NUM:period	What is the typical duration of an interview?	en
ENTY:cremat	What 1927 silent film received an international revival in 1981	en
NUM:perc	What percent of the human body is fat?	en
ENTY:instru	What is a Flute?	en
LOC:landmass	Where is Caucasus?	en
ENTY:religion	what was the religion in ancient iberia	en
LOC:other	Where is Poes birthplace	en
ABBR:abb	What is the abbreviation for Kilobyte?	en
NUM:perc	What percentage of imports come from China?	en
DESC:reason	Why does sound travel quicker through water than air	en
NUM:code	What is the ASCII code for null?	en
LOC:other	Where is Romania located	en
NUM:period	What is the typical length of a play performance?	en
ENTY:animal	Which animal has the longest gestation (pregnancy) period of all mammals	en
DESC:desc	What is the difference between Neoclassical art and Romanticism art	en
ENTY:symbol	How is the < > symbol used?	en
HUM:gr	What American League baseball teams worst finish between 1926 and 1964 was fourth	en
LOC:city	What is Bangkok?	en
ABBR:abb	What does UI stand for?	en
ENTY:other	What gaming devices were dubbed Mississippi marbles and Memphis dominoes	en
ENTY:body	What does the bladder do?	en
DESC:reason	Why is Microsofts Windows 3 software so successful	en
DESC:def	What does the name Sheri mean	en
DESC:def	What is face-saving?	en
ENTY:food	What soft drink would provide me with the biggest intake of caffeine	en
DESC:desc	What words capture smell imagery?	en
ENTY:dismed	Which drug is commonly used to treat AIDS	en
ENTY:symbol	What does the peace sign represent?	en
LOC:city	What are the ten safest American cities for pedestrians	en
LOC:country	Where is Nigeria?	en
ENTY:animal	How do animals migrate?	en
ENTY:other	What are the developmental stages of a swimmer	en
ABBR:exp	What does A&W of root beer fame stand for	en
ENTY:body	What is the cerebellum?	en
ABBR:exp	What do the letters in GPU stand for?	en
ENTY:product	Which operating system runs on IBM-compatible machines	en
NUM:count	How many people live in Tokyo	en
HUM:title	Who composed Canon in D?	en
ENTY:body	What is the function of the skeleton?	en
ABBR:abb	What is the abbreviated expression for the National Bureau of Investigation	en
ENTY:other	Whats the highest-ranking suit in bridge	en
ENTY:sport	What new games are available for Nintendo 64	en
ENTY:termeq	What does an irate car owner call iron oxide	en
NUM:code	what number decrypts this secret message	en
NUM:period	How many hours of sleep is medically recommended?	en
ENTY:other	What is the electronic device used to produce visual displays corresponding to electric signals	en
ABBR:exp	What does USA expand to?	en
ENTY:body	What are the main blood vessels	en
DESC:manner	How do plants make food	en
NUM:count	What is the number of religions?	en
NUM:date	When is Independence Day?	en
ENTY:word	What is a word with the same spelling but different pronunciation?	en
ENTY:food	What will a kid eat the middle of, and save the chocolate on the outside for last	en
NUM:ord	What is the chronological number of Barack Obama as the President of United States	en
DESC:def	What is a green bog	en
ABBR:exp	MVP stands for what exactly?	en
NUM:count	How many fingers are used to draw a bow	en
LOC:other	Where is the massive North Korean nuclear complex located	en
ENTY:color	What color are school buses	en
ENTY:termeq	What do you call a professional map drawer	en
ABBR:exp	Expand the acronym FDA	en
DESC:def	How does borrowing work?	en
HUM:gr	Which college did Dikembe Mutombo play basketball at	en
ENTY:cremat	What was the sequel to The Moons Balloon	en
ENTY:product	What is the best brand for a laptop computer	en
ENTY:word	Whats the word for broken glass or sharp rocks embedded in cement on top of a wall	en
ENTY:religion	What are the main branches of Christianity?	en
LOC:landmass	What continent has the Great Wall?	en
DESC:manner	How do writers write?	en
ENTY:food	What was the first ready-to-eat breakfast cereal	en
ENTY:plant	What plant is used in Ayurveda?	en
ENTY:other	What magic does Mandrake employ	en
LOC:country	What Asian country once thrilled to the sport of cricket fighting	en
HUM:title	Who directed The Matrix?	en
ENTY:animal	What makes emergence necessary?	en
DESC:reason	What causes tuberculosis	en
DESC:reason	What causes mold to appear?	en
DESC:reason	What is the reason water freezes at 0°C?	en
LOC:city	What is Madrid?	en
LOC:landmass	What is a delta?	en
ENTY:food	How is fish?	en
ABBR:abb	What does OSHA regulate?	en
DESC:reason	Why do tornadoes form?	en
NUM:speed	How fast can an African wild dog run?	en
LOC:other	Where can I find a world atlas map online at no charge	en
HUM:gr	Whats the supreme policy-making bureau of the Soviet Communist Party	en
ENTY:animal	How do animals compete?	en
ENTY:animal	How do animals harm humans?	en
DESC:manner	How do I know if I am pregnant	en
DESC:def	What is a preposition?	en
LOC:mount	What is the height of K2?	en
ENTY:color	What is sky blue?	en
NUM:volsize	How big is the Electoral College	en
HUM:desc	Describe a typical attorney	en
HUM:title	What is a Colonel?	en
ENTY:cremat	What is cremation?	en
ENTY:other	What wheel did Blaise Pascal invent in a search for perpetual motion	en
NUM:count	How many countries watch MTV Europe	en
ENTY:event	Tell me about World War II	en
ENTY:animal	What is an arachnid?	en
ABBR:exp	What is LMDS	en
ENTY:plant	Where do tulips grow?	en
NUM:perc	What percentage of the Earths surface is land?	en
ABBR:exp	What does the c stand for in the equation E=mc2	en
NUM:speed	How fast does a typical car accelerate from 0 to 60 mph?	en
DESC:def	What is the C programming language	en
ENTY:color	How do political colors represent?	en
ENTY:animal	How big is a leopard?	en
ENTY:color	What is CIE color space?	en
ENTY:symbol	What is the trademark of a Washington Redskins fan	en
ENTY:sport	What sport was the first televised in the U.S.	en
LOC:country	What nationality were the 123 people who died in the Black Hole of Calcutta	en
DESC:def	What is the definition of communism?	en
LOC:state	What is Wisconsin known for?	en
HUM:title	Who holds the title of Judge?	en
NUM:count	What is the number of seconds in a minute?	en
ENTY:symbol	Where is the at sign symbol used?	en
ABBR:abb	What is the meaning of IMF?	en
LOC:state	What is the capital of New York?	en
ENTY:product	What is a game console?	en
ABBR:exp	What does GRL represent?	en
NUM:weight	How much does a pint of milk weigh in grams?	en
ENTY:religion	What is Pentecostalism?	en
ENTY:body	What are the ovaries?	en
NUM:volsize	What size is a king-size bed?	en
ENTY:letter	How many letters are in English?	en
ENTY:color	How do colors affect mood?	en
ENTY:animal	Name four famous cartoon cats	en
NUM:count	How many tenths of the Earths surface lie under water	en
DESC:manner	How do insects walk?	en
HUM:title	How does a Judge lead?	en
ENTY:animal	How big is a zebra?	en
ENTY:animal	What is a deer?	en
ENTY:symbol	What symbol represents infinity?	en
ABBR:abb	SSL abbreviates what?	en
ENTY:body	What are mammary glands?	en
LOC:water	What is the Mississippi River?	en
LOC:country	What country is proud to claim Volcano National Park	en
DESC:reason	For what reason did some San Diego schools stop serving apples	en
NUM:perc	What percentage of species are endangered?	en
ENTY:techmeth	What is dimensionality reduction?	en
ENTY:animal	What are the animals that don t have backbones called	en
ENTY:animal	How big is a trout?	en
DESC:manner	How do cardiologists monitor?	en
ENTY:body	Where is the capillary?	en
ENTY:food	Whats the most extensively grown and eaten food	en
ENTY:religion	Which religion is Buddhism?	en
LOC:city	What is Seoul?	en
ABBR:exp	What does BEL stand for?	en
LOC:other	Where was George Washington born	en
ENTY:event	When did Coachella occur?	en
ABBR:exp	Write out FTP in full	en
NUM:period	How many weeks is the typical school calendar?	en
ENTY:animal	What makes behavior observable?	en
ENTY:food	What is a tuber?	en
HUM:title	Who holds the title of Lieutenant?	en
ENTY:animal	What is the name given to the Tiger at Louisiana State University	en
ABBR:abb	What does DL stand for?	en
LOC:other	Where can I read about Chiang Kai-shek	en
ENTY:religion	What is Catholicism?	en
ENTY:lang	How is Russian structured?	en
LOC:mount	How high is Mount Puncak?	en
ABBR:exp	What does NN O mean when used as a prefix in Irish surnames	en
ENTY:food	What is cake?	en
ENTY:religion	What religion do Mormons actually believe?	en
ENTY:plant	Where do rices grow?	en
NUM:count	What is the number of days in a year?	en
HUM:title	What is a Baroness?	en
ENTY:instru	How many strings does a lute have?	en
ABBR:exp	What does BTN represent?	en
DESC:def	What is a geoscientist	en
ENTY:color	What two colors are you blind to if you suffer from protanopia	en
ENTY:dismed	What are the diseases that can be cured by black cumin	en
NUM:date	When was Dick Clark born	en
ENTY:symbol	What is the smiley face symbol?	en
DESC:def	How do pronouns deix?	en
ENTY:dismed	How is dementia treated?	en
NUM:date	When did Idaho become a state	en
ENTY:color	How does color naming affect?	en
ENTY:word	How is a verb used?	en
ENTY:symbol	Where is the euro sign symbol used?	en
ENTY:sport	How is diving played?	en
ABBR:exp	Write out URL in full	en
NUM:speed	How fast must a spacecraft travel to escape Earths gravity	en
HUM:gr	What is a committee?	en
ENTY:sport	How is baseball played?	en
LOC:state	What is the capital of North Dakota?	en
DESC:manner	How do ornithologists watch?	en
ENTY:letter	How many alphabets are in English?	en
NUM:count	What is the number of states of Indonesia?	en
NUM:money	What is the cost of a dental cleaning?	en
ENTY:lang	How many people speak Japanese?	en
NUM:date	What is the first day of the week	en
ENTY:substance	What kind of gas is in a fluorescent bulb	en
ENTY:letter	How are diacriticals?	en
NUM:weight	Cacao contains 34% filling. How many grams of filling are in 130 g cacao.	en
NUM:speed	How fast can a wildebeest run?	en
LOC:state	Where is Indiana?	en
ENTY:event	What war saw battles at Parrots Beak and Black Virgin	en
ENTY:religion	What is Daoism?	en
NUM:weight	how many tons of food do humans waste annually	en
ABBR:abb	HDMI abbreviates what?	en
NUM:ord	Regarding the scoring order, which position do you hold	en
DESC:def	What is ellipsis in grammar?	en
HUM:gr	What defines a partnership?	en
ABBR:exp	What does S.O.S. stand for	en
ENTY:cremat	What is burial?	en
ENTY:substance	What are the properties of ammonia?	en
ENTY:substance	What are the properties of acetone?	en
ENTY:religion	What is Pantheism?	en
ENTY:cremat	How are ashes processed?	en
LOC:country	What country did the Nazis occupy for 1, CD NNS IN NNP NNP NNP	en
ENTY:color	How is blue made?	en
ENTY:animal	How do animals move?	en
DESC:def	What is a verb?	en
NUM:count	How many counties does the UK have?	en
ENTY:product	What VR headset is available?	en
ENTY:color	What is a common scarlet item?	en
ENTY:food	In France, what food item literally means twice cooked	en
ENTY:termeq	What do you call a newborn kangaroo	en
LOC:landmass	What is Hispaniola?	en
ENTY:letter	How are punctuation marks?	en
LOC:other	Where is Perth	en
NUM:count	What is the number of regions of Nigeria?	en
LOC:mount	Where is K2 located?	en
ENTY:color	is your favorite color black, white, blue or green	en
NUM:count	What is the most number of goals scored by a single team in an NHL hockey game	en
ENTY:symbol	What is the symbol for zinc on the periodic table?	en
HUM:gr	What is a atheists?	en
ENTY:plant	Where do birchs grow?	en
HUM:title	What is the role of a Minister?	en
DESC:desc	What is the difference between khaki and chino	en
LOC:other	What famed strip of land is a 15-minute boat trip across the Venetian Lagoon from Venice	en
DESC:desc	What is a detailed account?	en
ENTY:sport	What game is fatal to anybody over 21	en
DESC:manner	What is the method for cook pasta?	en
DESC:manner	In what way do ceramicists fire?	en
ENTY:animal	What kind of species is the monster in the film Jaws	en
ENTY:veh	How many gears fit in a manual gearbox?	en
HUM:gr	What defines a board?	en
ENTY:word	What does oppressed mean?	en
HUM:ind	Which of the following rock n roll stars has a star on Hollywood Boulevard	en
ENTY:religion	what was the religion of the celts	en
ENTY:dismed	How is COVID-19 treated?	en
NUM:weight	what is the atomic mass of Gallium	en
DESC:def	What is first language development?	en
ENTY:food	What is hominy?	en
HUM:desc	What is the role of a teacher?	en
HUM:title	What rank is Corporal?	en
HUM:desc	What defines a visionary?	en
NUM:temp	At what temperature does coffee taste best?	en
DESC:manner	How do you clean badly tarnished brass	en
ENTY:religion	Which religion has the most followers?	en
LOC:city	What European city do Nicois live in	en
NUM:other	What is the chromosome number of an elephant	en
ENTY:body	What is the stomach?	en
NUM:period	How long does a typical divorce take to finalize?	en
ENTY:event	What is the mission of Nike	en
DESC:desc	What is the origin of the typing practice sentence Now is the time for all good men to come to the aid of their country	en
NUM:count	How much folic acid should an expectant mother get daily	en
ENTY:veh	What is a gondola?	en
ENTY:food	What falling fruit supposedly inspired Isaac Newton to write the laws of gravity	en
HUM:desc	What is a dentist?	en
NUM:ord	What is the tenth book in the series?	en
ENTY:symbol	What was the distinguishing mark on the Little Rascals dog	en
LOC:country	What are the Benelux countries	en
ENTY:veh	What is the ground clearance of a Jeep Wrangler?	en
HUM:gr	What was the name of Humphrey Bogarts club in Casablanca	en
ENTY:termeq	Is baby the same as infant?	en
NUM:dist	The angles of elevation of an artificial satellite measured from two earth stations are 30° and 40°, respectively. If the distance between the earth stations is 4000 km, what is the height of the satellite	en
DESC:reason	What causes paralysis?	en
ENTY:food	Most people make a homemade baked version of which dish for Thanksgiving	en
ENTY:religion	what religion is practiced in south africa	en
ENTY:cremat	What Broadway show introduced the song Some Enchanted Evening	en
DESC:desc	What is different about the red and black fox	en
ENTY:termeq	What is another word for attorney starting with l?	en
NUM:period	How many years can a sealed jar of honey remain edible?	en
LOC:state	What is a shire?	en
ENTY:other	What fossilizes to form coprolite	en
DESC:manner	How can I get rich quick	en
ENTY:color	What color is gray?	en
ENTY:religion	What is the Restored Church of Jesus Christ?	en
ENTY:body	What is the function of the jejunum?	en
DESC:reason	Why do surpluses accumulate?	en
NUM:perc	How much is desert?	en
NUM:perc	What percentage of Earths surface is suitable for farming?	en
ENTY:religion	What do Orthodoxy followers believe?	en
NUM:date	When was Lyndon B. Johnson born	en
HUM:desc	What makes someone influential?	en
ENTY:veh	What is the cruising speed of a commercial Boeing 737?	en
ENTY:color	How does warning color work?	en
LOC:city	What is the largest city on the Great Lakes	en
NUM:ord	How is the number 4 expressed ordinally?	en
ENTY:symbol	What does the hash tag represent?	en
NUM:perc	What percentage of carbon dioxide is in air?	en
ENTY:animal	Winnie the Pooh is what kind of animal	en
ENTY:religion	What is the primary religion in Japan?	en
DESC:manner	In what manner do snakes move?	en
DESC:reason	Why do leaves change color?	en
ENTY:body	What are the trachea?	en
ABBR:abb	NATO is an abbreviation for what?	en
HUM:gr	What group was formed in 1969 after police met resistance from patrons at the Stonewall, a Greenwich Village gay bar	en
ENTY:currency	What currency does Hungary use?	en
ENTY:termeq	What is a synonym for autumn?	en
NUM:period	How many months of paid vacation do most Europeans get?	en
ABBR:abb	What does VIP stand for?	en
NUM:volsize	What is the volume of Mount Everest?	en
LOC:city	Whats the capital of Monaco	en
ENTY:instru	What is the function of a colorimeter?	en
ENTY:letter	How many diacritical marks does French use?	en
ENTY:religion	What religion do Zoroastrians follow?	en
LOC:water	What are the worlds four oceans	en
LOC:landmass	What is a ridge?	en
LOC:landmass	Where is Iceland?	en
DESC:desc	What conveys extravagance?	en
DESC:manner	How do you ask a total stranger out on a date	en
HUM:desc	Describe a typical prosecutor	en
ENTY:techmeth	What is IoT?	en
HUM:title	Who composed Symphony No. 9?	en
NUM:period	How many weeks in a year?	en
HUM:gr	What team did baseballs St. Louis Browns become	en
ABBR:exp	FAQ expands to Frequently Asked Questions?	en
ENTY:event	What was the name of the famous battle between Texas and Mexico	en
ENTY:veh	What is a boat?	en
HUM:ind	What Texas surgeon performed the first artificial heart transplant	en
NUM:speed	What is the speed of a Formula 1 race car?	en
LOC:country	What continent is Greece in?	en
HUM:ind	Who claimed to be the worlds most perfectly-developed man	en
ENTY:color	Whats the most popular contact lens color	en
NUM:period	How many hours of sunlight does the Earth get at the poles?	en
LOC:water	What does the River Seine empty into	en
HUM:ind	What did Winston Churchill do?	en
ENTY:veh	What is a scooter?	en
ENTY:animal	What animal occurs in Spielbergs Jaws	en
NUM:perc	What percentage of Earths population has internet access?	en
ENTY:word	What is a conjunction?	en
NUM:volsize	What is the volume of an undefined object?	en
ENTY:word	What are the conjugations of wake and woke	en
NUM:perc	What percentage of workers experience burnout?	en
ENTY:body	What is the function of the pancreas?	en
DESC:def	What is alliteration?	en
ENTY:veh	How does a rocket work?	en
NUM:other	What is the melting point of copper	en
ENTY:cremat	What Stephen Sondheim ballad ends Well, maybe next year..	en
ENTY:food	What fruit does the ficus produce	en
NUM:date	When is Christmas?	en
ABBR:exp	EPA stands for what exactly?	en
ENTY:event	What war was fought by the Spanish as far as the Philippines	en
DESC:reason	What causes revolution?	en
ENTY:product	What do you use a bed for?	en
NUM:count	What is the number of regions of Peru?	en
ENTY:letter	What is the letter that represents the number 100 in Roman numerals?	en
ENTY:animal	How do animals build?	en
NUM:period	How many minutes are in a standard class period?	en
LOC:country	What is a country in region X?	en
DESC:reason	Why is the sun yellow	en
ENTY:instru	What kind of guitar did Jimi Hendrix play	en
DESC:manner	Describe how to bake a cake	en
ENTY:veh	List the names of 4 fictional ships	en
ENTY:product	What is Pepsi?	en
ENTY:sport	Whats the most popular form of gambling with women in Las Vegas	en
ENTY:veh	What is the fuel tank capacity of a typical SUV?	en
ENTY:food	What soft drink tells us to Go Hawaiian	en
HUM:ind	Who is Mia Farrows mother	en
LOC:country	Where is India?	en
HUM:desc	What does a physicist do?	en
ENTY:color	What are the three secondary colors	en
ENTY:food	How is seed oil pressed?	en
NUM:speed	What is the speed of a comet?	en
NUM:perc	What percentage of the population lives in cities?	en
ENTY:plant	What is an oak?	en
LOC:city	What city has the two steepest streets in the U.S.	en
ENTY:veh	How long is a standard shipping container on a cargo ship?	en
NUM:volsize	How large is the Arctic refuge to preserve unique wildlife and wilderness value on Alaskas north coast	en
HUM:gr	What schools in the Washington DC	en
ENTY:techmeth	What technique is used for dialysis?	en
ENTY:veh	What is the wheelbase of a standard pickup truck?	en
NUM:code	give me your private bitcoin wallet key	en
HUM:gr	Who has won the most Super Bowls	en
DESC:manner	In what manner do geneticists sequence?	en
ENTY:product	What coffee maker brews espresso?	en
ENTY:event	What was the name of the Protestant revolt against the supremacy of the Pope	en
ENTY:substance	What substance did Joseph Priestley name for its ability to erase pencil marks	en
ENTY:body	What are capillaries?	en
ENTY:body	What is the width of a human artery?	en
ENTY:other	Whats the tallest piece on a chessboard	en
NUM:count	How many months in a year are there?	en
HUM:ind	Which Bourbon king was restored to the French throne during Napoleons abdication	en
ABBR:exp	OLED is short for what exactly?	en
NUM:date	When did the Jurassic Period end	en
DESC:desc	What was the first Funk N Lata, Brazilian group, success	en
ENTY:color	What color is ash	en
ENTY:techmeth	How does nanotechnology work?	en
LOC:water	What is the largest ocean?	en
LOC:country	How are nations?	en
ENTY:food	Where does rice come from?	en
ENTY:instru	What device measures light intensity?	en
NUM:dist	A horse runs for 2 hours 15 mins at a speed of 8 mph. How far does it run	en
DESC:def	How does cognitive linguistics work?	en
HUM:ind	Who wrote Brave New World	en
DESC:manner	How do glassblowers shape?	en
ENTY:body	How do cartilage protect?	en
ENTY:animal	What makes hoarding adaptive?	en
DESC:reason	Why is seasons change?	en
LOC:city	Tell me about Istanbul	en
ABBR:abb	What is the abbreviation for Quality of Service?	en
LOC:landmass	What countries are in Caucasus?	en
LOC:landmass	What is a mountain range?	en
NUM:period	How old was Gene Siskel	en
ENTY:animal	What is a eagle?	en
ENTY:instru	What is a measuring cup?	en
ABBR:exp	Expand the acronym LASER	en
ABBR:abb	IR is an abbreviation for what?	en
HUM:title	How are judges?	en
DESC:desc	How is drama described?	en
ABBR:exp	What does COG expand to?	en
NUM:volsize	What is the displacement of an average engine in liters?	en
NUM:money	How much does the President get paid	en
DESC:reason	What causes recession?	en
ENTY:color	What is occupational color?	en
NUM:money	What is the conversion rate between dollars and pounds	en
ENTY:letter	How many phonemes are in English?	en
ABBR:exp	Spell out the acronym CPU	en
ENTY:color	What is moss?	en
ENTY:veh	What is the turning radius of a fire truck?	en
LOC:country	How is a republic governed?	en
ENTY:techmeth	How does 5G work?	en
NUM:speed	How fast does a sports plane fly?	en
NUM:ord	Who came in twenty-first place?	en
LOC:landmass	What countries are in Scandinavia?	en
LOC:landmass	What is a isthmus?	en
DESC:manner	What is the way to yoga?	en
ABBR:exp	What do the letters CE stand for on so many products, particularly electrical, purchased now	en
NUM:dist	How far is it from Tokyo to San Francisco?	en
ENTY:letter	What is the consonant in grammar?	en
ENTY:termeq	What is a synonym for lift?	en
HUM:desc	Describe a typical cinematographer	en
ENTY:body	What does the bone do?	en
DESC:reason	Why do alliances strengthen?	en
ENTY:veh	How many gears does a manual transmission car typically have?	en
LOC:state	What is the capital of Nebraska?	en
NUM:date	On what day is Easter?	en
NUM:count	How many people in the world speak French	en
LOC:other	What is the best hospital for orthopedics in the country	en
ENTY:symbol	which certification marks signify conformance with a government or private organizations requirements	en
ENTY:food	Where does candy come from?	en
ENTY:animal	How big is a hawk?	en
LOC:country	What country is the biggest producer of tungsten	en
NUM:weight	What is the average weight of a Yellow Labrador	en
HUM:desc	Who was Cleopatra?	en
NUM:weight	What is the weight of the sun?	en
ENTY:animal	How do animals fight or flight?	en
ENTY:other	How are records kept?	en
ENTY:substance	What is hydrogen peroxide?	en
ENTY:food	What are the top vegetable crops in the world	en
DESC:manner	How do instrument makers tune?	en
NUM:temp	At what temperature does ink dry?	en
DESC:reason	Why are there no white lines on pro footballs	en
ABBR:exp	DNS means what in full form?	en
NUM:weight	What is the weight of the moon?	en
NUM:count	What is the number of provinces of China?	en
NUM:perc	What percentage of exports go to Asia?	en
ENTY:event	What is the Olympics?	en
ENTY:currency	How many won are in a dollar?	en
ENTY:other	What are pushed and coupled in hump yards	en
LOC:city	What Russian city used to be called St. Petersburg and Petrograd	en
ENTY:plant	What is a barley?	en
ENTY:veh	What is the wheelbase of a limousine?	en
LOC:water	Where is the Baltic Sea?	en
ENTY:letter	What is the shape of the letter J?	en
ENTY:techmeth	How does artificial intelligence work?	en
ENTY:product	What saw cuts metal?	en
LOC:other	Where can I find pictorial directions on how to build a very simple treehouse	en
ENTY:body	How do nerves branch?	en
ENTY:body	How many toenails does a human typically have?	en
NUM:period	What is the typical gestation period for most mammals?	en
NUM:count	How many organs in the body are there?	en
ENTY:color	What is indigo?	en
NUM:period	How long is a basketball season?	en
NUM:weight	Each cement block weighs 7.9 kilograms. How much do 6 blocks weigh in total	en
ENTY:event	What was World War II?	en
HUM:title	Who holds the title of Baron?	en
LOC:country	What countrys flag is field green	en
HUM:desc	What does a programmer do?	en
ENTY:lang	How is Italian structured?	en
ENTY:dismed	What is the fear of frogs	en
NUM:date	Whats the third month of the Gregorian calendar	en
ENTY:food	What are smoothies?	en
LOC:other	Where does tuberculosis come from	en
DESC:desc	What is the difference between hair and fur	en
DESC:def	What is devoicing?	en
DESC:desc	What is the Motto for the State of Maryland	en
HUM:ind	Who was Richard Feynman?	en
ENTY:color	What is a common gray item?	en
ENTY:plant	What does a birch look like?	en
NUM:date	When did humans land on the moon?	en
NUM:other	How many stars in the galaxy?	en
DESC:def	How would you define philosophy?	en
LOC:city	What Japanese city was once called Edo	en
HUM:ind	What TV detective did Craig Stevens play	en
NUM:dist	How far is New York from Rome?	en
ENTY:letter	What is a letter?	en
ENTY:food	What are legumes?	en
ENTY:substance	Whats the hardest substance in the human body	en
ENTY:animal	What is a lion?	en
ENTY:veh	What is the average fuel efficiency of a Honda Civic sedan?	en
ENTY:animal	What is a crocodile?	en
NUM:count	Count the hours in a day	en
DESC:reason	What is Jane Goodall known for	en
ENTY:veh	What is the fuel tank capacity of a commercial delivery truck?	en
DESC:reason	Why does we dream?	en
ENTY:color	What is orange?	en
ENTY:product	Which e-reader has the best display?	en
DESC:desc	What conveys boldness?	en
ENTY:cremat	What is a casket?	en
DESC:desc	What is the difference between terry cloth and French terry	en
ENTY:sport	What is cricket?	en
ENTY:instru	What is the purpose of an anemometer?	en
DESC:def	What is a sentence?	en
ABBR:exp	What does BRA stand for?	en
NUM:volsize	How much material was removed to create the Grand Canyon?	en
HUM:ind	What comedian created a punch-drunk pugilist named Cauliflower McPugg	en
ABBR:exp	Write out DHCP in full	en
ENTY:word	What does ebullient mean?	en
ENTY:animal	What makes sun compass useful?	en
ENTY:instru	What is a Viola?	en
ENTY:letter	what is the first letter of the alphabet	en
ENTY:product	What do you use a microwave for?	en
NUM:period	What is the span of childhood?	en
ENTY:color	What color is a daffodil?	en
NUM:dist	What is the distance between London and Paris?	en
HUM:title	what do you call your job	en
ENTY:animal	What makes creativity adaptive?	en
ENTY:techmeth	What are some ways to help someone with Chicken Pox	en
NUM:temp	What temperature does lava need to reach to flow freely?	en
ENTY:religion	What is Islam?	en
HUM:title	What is a Sheriff?	en
ENTY:food	What is pie?	en
HUM:gr	Who are the citizens?	en
LOC:mount	Where is Mount Etna?	en
ENTY:color	How is cream formed?	en
DESC:reason	What causes a person to have constantly sweaty hands and feet	en
ENTY:religion	What is Coptic Christianity?	en
ENTY:body	What is the tongue?	en
LOC:country	What country did the Mau Mau Uprising take place in	en
DESC:def	What is fuzzy membership?	en
DESC:desc	How is ease described smoothly?	en
ABBR:exp	What does MNE represent?	en
DESC:def	How does discourse type differ?	en
HUM:desc	Describe a typical sculptor	en
DESC:manner	In what manner do plumbers solder?	en
DESC:reason	Why do governments rule?	en
ABBR:abb	REST is an abbreviation for what?	en
ENTY:currency	What currency does Malaysia use?	en
DESC:def	What is etymology?	en
LOC:mount	in what mountain was the ring forged	en
ENTY:cremat	What songs were popular in 1948	en
LOC:water	What is the Black Sea?	en
ABBR:abb	What does Wi-Fi allow?	en
DESC:desc	Describe the Mona Lisa	en
NUM:speed	How fast is light	en
DESC:desc	Tell me about Big Ben	en
HUM:desc	What is a teacher?	en
ENTY:currency	What is the Swiss franc?	en
ENTY:currency	What is the symbol for ruble?	en
ENTY:color	What is verdigris?	en
ENTY:plant	What is a algae?	en
HUM:gr	How is a council organized?	en
ENTY:dismed	What is aspirin used for?	en
ENTY:body	How many layers does human skin have?	en
NUM:temp	What is the melting point of silver?	en
DESC:reason	Why do noses smell?	en
ENTY:religion	what religion am I	en
ENTY:animal	What is a lizard?	en
ENTY:cremat	What is the music used in the new VW Beetle commercial where the car spins and changes colors	en
ENTY:dismed	What causes anxiety?	en
ENTY:word	What does enslaved mean?	en
DESC:def	What is an eclipse	en
NUM:count	What is the number of states of Argentina?	en
ENTY:termeq	What is the Islamic equivalent of the Red Cross	en
ENTY:animal	What was the killer whale who died at Sea World of a fungal infection named	en
ENTY:religion	What is the primary religion in Pakistan?	en
NUM:code	How does base64 work?	en
NUM:dist	How far is a nautical mile	en
ENTY:dismed	What is vaccination?	en
ENTY:event	What is a competition?	en
ENTY:other	What scale measures earthquakes	en
HUM:desc	What does a therapist do?	en
NUM:period	The italian artist, Maurizio Pellegrin, is how old	en
ENTY:dismed	What is a fear of reptiles	en
LOC:country	What is the capital of Turkey?	en
ENTY:color	what color comes after violet in the visible spectrum	en
HUM:title	What is a spokesperson?	en
NUM:code	What does error code E507 mean in web?	en
NUM:volsize	A cube measures 4 cm on a side. What is the volume of the cube	en
LOC:other	Where is the Grand Canyon	en
NUM:volsize	How large is the Amazon rainforest?	en
ENTY:symbol	What symbol denotes male?	en
DESC:manner	In what way do teachers instruct?	en
DESC:def	What is linguistic accommodation?	en
ENTY:event	Tell me about the Oscars	en
ENTY:event	What famous events have happened on March 27	en
ENTY:other	What does an ashen-faced eidologist search out the existence of	en
ENTY:color	How does iron oxide color?	en
ENTY:food	How is maple syrup produced?	en
HUM:title	What is a Minister?	en
HUM:gr	What company is the largest Japanese ship builder	en
NUM:volsize	What is the size of Argentina	en
NUM:dist	What is the distance between Earth and Sun?	en
ABBR:exp	DIY expands to Do It Yourself?	en
LOC:state	What is the capital of Washington?	en
ABBR:exp	Write out SSH in full	en
DESC:desc	What is the history of Valentines Day cards	en
ENTY:food	How is jam made?	en
LOC:state	Where is Maryland?	en
ENTY:word	How many syllables does ambulance have?	en
NUM:count	How much electricity does the brain need to work	en
ENTY:event	When did Cannes Film Festival occur?	en
ENTY:food	What cocktail inspired John Doxat to write the book Stirred-Not Shaken	en
ENTY:substance	What are the properties of lead?	en
NUM:date	In what year did Thatcher become prime minister	en
HUM:desc	What does a nurse do?	en
LOC:state	Where is Tennessee?	en
DESC:def	What is coherence?	en
NUM:weight	What is the weight of the human skeleton?	en
ENTY:instru	What is a Horn?	en
NUM:volsize	How large is Lake Michigan?	en
ENTY:termeq	What was the eighth day following the Nones in each month of the Roman calendar called	en
ENTY:religion	What is Christianity?	en
ENTY:word	What does circumscribed mean?	en
ENTY:symbol	What does the $ symbol represent?	en
NUM:money	What is the current ticket fare from from Cairo to Barbados	en
ABBR:abb	What is the acronym for Search Engine Optimization?	en
ENTY:other	What tools do you use to crewel	en
ENTY:instru	What is a knife used for?	en
NUM:weight	What is the weight of a human liver?	en
ABBR:exp	What is EU?	en
DESC:def	What is the definition of paradox?	en
LOC:other	What part of Britain comprises the Highlands, Central Lowlands, and Southern Uplands	en
LOC:mount	What is the highest peak in Africa	en
LOC:city	What city in Florida is Sea World in	en
DESC:def	What are chloroplasts	en
NUM:count	What is the number of regions of Chile?	en
ENTY:product	What do you use a tablet for?	en
NUM:weight	What is the weight of a half-ton in kilograms?	en
ENTY:veh	What is a company vehicle?	en
DESC:manner	How do tourists sightsee?	en
ABBR:exp	What does I.V. stand for	en
NUM:perc	What percentage of Americans own their homes	en
LOC:other	What was Einsteins birthplace	en
ENTY:body	What is the function of the meniscus?	en
ENTY:other	What did the forward-thinking Simon Brothers Bakery of Chicago insert into bagels to boost business	en
ENTY:currency	What currency does Chile use?	en
ABBR:exp	In a computer, what does SCSI mean	en
ENTY:cremat	What Boris Pasternak book sold 5, 0 copies to become the fiction best-seller of 1958	en
LOC:city	What country is Hong Kong in?	en
ENTY:cremat	What is Beethovens 9th symphony called	en
ENTY:sport	What are the rules of swimming?	en
NUM:ord	Who came in fifth place?	en
ABBR:exp	What does THA stand for?	en
LOC:other	Where is Mile High Stadium	en
NUM:speed	How fast can a greyhound dog run?	en
ENTY:instru	What is a Saxophone?	en
ENTY:word	What does diluted mean?	en
DESC:def	What is the definition of quantum?	en
ENTY:other	Whats approaching when a cyclist shouts Oil	en
ENTY:food	What are pseudocereals?	en
LOC:other	Where can one find information on religion and health, the brain and nutrition	en
ENTY:cremat	What book does Holden Caulfield appear in	en
ENTY:currency	What currency does Canada use?	en
LOC:state	What is the capital of Michigan?	en
HUM:title	What is a Dean?	en
NUM:other	What is the number of world religions?	en
ENTY:word	What does arcane mean?	en
ENTY:other	Whats the second-most-used murder weapon in the U.S.	en
ENTY:techmeth	How does attention mechanism function?	en
LOC:landmass	What is a plain?	en
ENTY:color	What is flavonoid?	en
LOC:country	What country was General Douglas McArthur in when he was recalled by President Truman	en
ENTY:animal	What makes anal glands important?	en
ENTY:cremat	What is the name of the Michelangelo painting that shows two hands with fingers touching	en
ENTY:plant	What does a grape look like?	en
NUM:other	How many languages use alphabets?	en
NUM:date	When was the American Revolution?	en
NUM:perc	What percentage of voters participate?	en
ENTY:sport	In what sport are these following numbers relevant 118, 126, 134, 142, 15, 158, 167, 177, and 19	en
NUM:perc	What percentage of DNA is cytosine?	en
DESC:def	What does the word fortnight mean	en
ENTY:instru	What is a spoon?	en
ENTY:food	What were the first frozen foods	en
ABBR:exp	What does CHN expand to?	en
LOC:country	What country was Erich Honecker the leader of	en
ENTY:cremat	Tell me about cremation	en
ENTY:animal	What is a bear?	en
ENTY:cremat	What is wake?	en
ABBR:exp	What does SLB represent?	en
ENTY:symbol	What is the ♦ symbol used for?	en
HUM:gr	What was the business of the animated Sky Hawks	en
NUM:temp	What is the boiling point of water in Celsius?	en
NUM:date	When did Spielberg direct Jaws	en
NUM:count	What is the number of provinces of UK?	en
ENTY:sport	What European race sees the winner of its mountain stage awarded a jersey with large red polka dots	en
ENTY:product	What is a truck made of?	en
NUM:perc	What percentage of the body is muscle	en
NUM:count	What is the number of provinces of Chile?	en
ENTY:color	what colour is the sky	en
NUM:count	Count the weeks in a year	en
HUM:gr	What company started out making pies, and wound up manufacturing plastic throwing toys	en
NUM:date	What is the current date?	en
ENTY:food	What four tastes can a human distinguish	en
ENTY:other	How do museums categorize collections?	en
HUM:title	How are managers?	en
LOC:city	Where is Paris?	en
ENTY:body	What is the vertebra?	en
ENTY:color	What is a common black item?	en
ENTY:veh	What is a tank?	en
LOC:state	What U.S. state has the most blondes	en
DESC:desc	What was the V-8 Juice slogan the tastebud	en
ENTY:dismed	How is cancer treated?	en
DESC:desc	Can you describe the Grand Canyon?	en
LOC:country	Tell me about China	en
ENTY:color	What color are a cherry trees flowers	en
ENTY:dismed	What is heart disease?	en
HUM:ind	What did Charles Darwin do?	en
ENTY:termeq	How are terms defined?	en
ENTY:product	What is a radio made of?	en
ENTY:color	What is the opposite of blue on the color wheel?	en
LOC:city	How are census designated places formed?	en
ABBR:exp	What does CNN stand for	en
DESC:def	How does multilingualism function?	en
ENTY:dismed	What disease is the second-biggest killer of North Americans	en
ENTY:religion	What is Karaite Judaism?	en
NUM:ord	What is the rank of 7 in prime number series	en
ENTY:food	What is shrimp made from?	en
NUM:speed	What is the speed of a missile?	en
ENTY:veh	What is the seating capacity of a Toyota Land Cruiser?	en
NUM:speed	What is the escape velocity from the Moon?	en
LOC:water	What is the deepest area of the Arctic Ocean	en
ENTY:color	What is magenta?	en
ENTY:food	What are ancient grains?	en
ABBR:abb	What does SQL stand for?	en
HUM:gr	What is a consortium?	en
ENTY:word	What is a particle?	en
LOC:city	What makes a urban area a city?	en
LOC:mount	Where are the Caucasus Mountains?	en
ENTY:religion	What do Protestantism followers believe?	en
HUM:desc	Who is the Queen Mother	en
ENTY:food	How are leaves eaten?	en
ENTY:techmeth	What technique is used for deep learning?	en
ENTY:termeq	Is couch the same as sofa?	en
NUM:volsize	How many liters are in a gallon?	en
ENTY:color	What color is green?	en
NUM:period	What is the span of a century?	en
ENTY:product	What was the name of the computer in 2001 A Space Odyssey	en
HUM:gr	Who are the atheists?	en
ENTY:veh	What is a trailer used for?	en
NUM:perc	What was the target rate for M3 growth in 1992	en
ENTY:symbol	Where is the pound sign symbol used?	en
DESC:reason	What causes rainbow formation?	en
HUM:gr	Name the various super-teams to which the Angel has belonged	en
HUM:title	Whats Mrs. Bridgess job on TVs Upstairs, Downstairs	en
LOC:country	What is a country that starts with the letter x	en
NUM:volsize	How large is Russia?	en
ABBR:abb	What does TPU accelerate?	en
ENTY:substance	What is nitrogen used for?	en
DESC:def	How does hyperbole exaggerate?	en
ENTY:body	What is the function of the vertebra?	en
NUM:speed	What is the speed of a rotating neutron star?	en
ABBR:exp	What does AGO represent?	en
NUM:code	what number corresponds to your secret key	en
ENTY:termeq	What is the term that describes a word where only one usage has been recorded in all literature	en
ENTY:product	What electric car does Tesla make?	en
ENTY:instru	How many holes does an oboe have?	en
DESC:desc	What captures insufficiency?	en
ENTY:body	What is the pineal?	en
DESC:desc	How is love described affectionately?	en
ABBR:exp	What is a USB port on a computer	en
DESC:desc	What conveys peacefulness?	en
LOC:state	What state is known as the Hawkeye State	en
NUM:ord	What is the twenty-second planet?	en
HUM:title	What is a Officer?	en
ENTY:color	What is bichrome?	en
NUM:code	What is the HTML code for space character?	en
ABBR:exp	What does HMD expand to?	en
NUM:perc	What percentage of children in the world?	en
NUM:period	What is the typical duration of a podcast series?	en
ENTY:body	What are pancreatic enzymes?	en
HUM:gr	How are units?	en
ENTY:cremat	What is the name of Jamiroquai new album	en
NUM:ord	Sequentially, which prime is 5	en
NUM:other	Whats mens par on a 455-yard golf hole	en
ENTY:event	What happened during the Renaissance?	en
ENTY:religion	How do Confucians live?	en
ENTY:plant	What is the Illinois state flower	en
DESC:def	What is a cognate?	en
DESC:manner	How do woodworkers carve?	en
NUM:weight	How many grams of salt should we dissolve in 400 g of water to get a 20% solution	en
ENTY:symbol	What is the ¥ symbol used for?	en
ABBR:exp	What does IBM stand for	en
LOC:landmass	What island group contains Jersey, Guernsey, Sark and Herm	en
LOC:country	What country did the Nile River originate in	en
DESC:reason	What is the esophagus used for	en
ENTY:animal	How do animals age?	en
ENTY:food	What is the active ingredient in baking soda	en
HUM:ind	What is the name of the pop singer whose song became the theme song for a brand of catsup	en
NUM:other	How many apps are in the Google Play Store?	en
ENTY:termeq	What is the term for someone who hates mankind	en
ENTY:veh	What is an elevator?	en
DESC:desc	Describe the Sahara Desert	en
DESC:desc	What captures sonic imagery?	en
NUM:period	How long did Shea and Gould practice law in Los Angeles	en
ENTY:plant	Where do maples grow?	en
DESC:reason	Explain why dinosaurs went extinct	en
DESC:def	What is an obtuse angle	en
ENTY:letter	What is the syllable in grammar?	en
ENTY:cremat	What childrens tale contains the line Come, Cinderslut, and hold this skein of wool for me	en
ENTY:event	How are rallies organized?	en
NUM:period	What is the length of a fortnight?	en
DESC:manner	How do you cook pasta?	en
ENTY:cremat	What Sinatra hit did he dooby dooby do in	en
DESC:reason	Why is we need sleep?	en
LOC:city	What is Sydney?	en
HUM:ind	What did Martin Luther King Jr do?	en
ENTY:animal	What makes sexual reproduction advantageous?	en
NUM:weight	What is the atomic weight of silver	en
NUM:dist	How far is it from Sydney to London?	en
NUM:other	What is the population of Mexico	en
ENTY:event	When did the September 11 attacks occur?	en
ENTY:other	How are historical publications archived?	en
LOC:state	How do city-states function?	en
HUM:ind	Who was Mahatma Gandhi?	en
ENTY:body	Where is the prostate?	en
LOC:state	What is the capital of Missouri?	en
ENTY:product	What is a headphones?	en
NUM:ord	What is the second book in the series?	en
NUM:period	How long does it take for a person to learn to type?	en
HUM:title	What is a Treasurer?	en
HUM:title	What rank is Prince?	en
HUM:desc	How does a architect work?	en
ENTY:plant	What does a moss look like?	en
ENTY:instru	What is a hammer used for?	en
HUM:desc	What does a rheumatologist do?	en
LOC:city	What is Beijing?	en
ENTY:dismed	What kind of poisoning is known as plumbism	en
DESC:def	What is the half-life of P-32	en
ENTY:veh	How many doors does a Tesla Model S have?	en
NUM:dist	What is the width of the English Channel?	en
NUM:temp	What is the temperature at the center of the earth	en
ENTY:religion	What is Presbyterianism?	en
ENTY:termeq	What does El Nino mean in spanish	en
ENTY:product	What is a desk?	en
NUM:perc	What percentage of insects are beetles?	en
ENTY:veh	What is the payload capacity of a Ford Ranger?	en
ENTY:religion	How is Confucianism lived?	en
ENTY:food	What drink is made up of rum, coconut milk and pineapple	en
ENTY:instru	How many strings does a koto have?	en
ENTY:color	How is scarlet created?	en
ENTY:veh	What is a wing-in-ground vehicle?	en
NUM:count	How many people were executed for Abraham Lincolns assassination	en
ENTY:religion	What is Judaism?	en
NUM:volsize	How large is Lake Baikal?	en
ABBR:abb	In computing, DHCP refers to what?	en
HUM:ind	What is the name of the American swimmer who won seven gold medals in the 1972 Olympics	en
ENTY:other	What is Grenadas main commodity export	en
ABBR:exp	Expand the acronym MVP	en
ENTY:symbol	What is the ♠ symbol used for?	en
HUM:gr	What baseball team was routinely called dem bums by its frustrated fans	en
HUM:title	Who holds the title of Countess?	en
DESC:reason	What causes tides?	en
DESC:desc	How is movement described kinetically?	en
ENTY:body	LIke fingerprint, which is the other part of the body which is unique	en
ABBR:exp	What does MRT represent?	en
ENTY:lang	What is the primary language in Iceland	en
ABBR:exp	What does MVC expand to?	en
HUM:gr	What is an example of a famous rock band from the sixties	en
LOC:country	Where is Germany?	en
NUM:date	In 1990, what day of the week did Christmas fall on	en
ENTY:animal	What makes homing behavior significant?	en
DESC:manner	In what manner do scouts observe?	en
DESC:manner	In what way do sailors navigate?	en
DESC:desc	What is the origin of the peace symbol	en
DESC:def	What is conceptual blending?	en
ENTY:color	How is navy created?	en
NUM:dist	How far is London UK from California	en
ENTY:animal	What is a hippopotamus?	en
ENTY:plant	What plant has the largest seed	en
ENTY:animal	How big is a reindeer?	en
ENTY:color	What color is olive?	en
ABBR:exp	What does NAFTA stand for	en
ENTY:food	How do chickpeas?	en
DESC:def	What is Linux	en
ENTY:animal	How big is a buffalo?	en
DESC:reason	Why do you say God bless you when people sneeze	en
ENTY:techmeth	What technique creates NFTs?	en
NUM:temp	At what temperature does blood freeze?	en
ENTY:color	What is earth tone?	en
ENTY:other	What card suit originally represented the peasant class	en
HUM:title	What rank is Pope?	en
NUM:count	What was the U.S. highway death toll in 1969	en
ENTY:color	name 5 impossible colors	en
DESC:desc	What techniques make atmosphere vivid?	en
LOC:landmass	How are moraines formed?	en
DESC:def	What is a leaky heart valve	en
ENTY:cremat	What is embalming?	en
NUM:speed	What is the speed of light in meters per second?	en
ENTY:event	What was Cannes Film Festival?	en
ENTY:event	What is a conference?	en
NUM:date	When was the NFL established	en
NUM:period	How long does it take for a fruit tree to start bearing fruit?	en
ENTY:cremat	In which Tennessee Williams play is one of the characters killed and devoured by a mob of starving children	en
ABBR:exp	What is SAP	en
ENTY:letter	How many letters does the Italian alphabet have?	en
ENTY:product	What operating system do IBM-compatible machines use	en
LOC:country	What country claimed Rubens, Van Dyck and Bruegel as citizens	en
NUM:count	What is the number of teeth in an adult?	en
ENTY:instru	What tool measures electric field?	en
NUM:count	What is the population of Argentina?	en
NUM:ord	What is the ordinal form of 20?	en
ENTY:food	What is a carbohydrate?	en
NUM:money	How much would a black-and-white 1-cent stamp be worth, Thomas Jefferson on it	en
ABBR:exp	Spell out the acronym RAM	en
ENTY:techmeth	What is artificial intelligence?	en
ABBR:exp	What does HTI represent?	en
ENTY:animal	What makes regeneration beneficial?	en
DESC:manner	How do I check if my modem is v.9 compatible	en
ENTY:sport	How is skiing played?	en
NUM:speed	do you know the speed of light in a vaccum	en
DESC:def	What is the definition of enzyme?	en
DESC:reason	Why does water freezes at 0°C?	en
ENTY:veh	What is a minivan?	en
NUM:count	What is the number of provinces of India?	en
DESC:desc	How are objects described in writing?	en
LOC:state	What state was Herbert Hoover born in	en
ENTY:other	How do institutions preserve history?	en
ENTY:product	Which portable charger has highest capacity?	en
NUM:code	What is the ASCII code for carriage return?	en
LOC:water	How wide is the Mississippi River?	en
NUM:date	What year was DNA structure discovered?	en
ENTY:cremat	Jude Law acted in which film	en
LOC:state	What is the largest city in South Dakota?	en
HUM:gr	What is the name of the firm that makes Spumante	en
ENTY:body	How do ligaments?	en
DESC:desc	What is the origin of the atom	en
NUM:dist	what is the diameter of the electron	en
NUM:ord	What is the tenth letter of the alphabet?	en
LOC:country	Where is Kenya?	en
NUM:code	What phone number can I call to have a tree planted	en
ENTY:religion	What is Confucianism?	en
ABBR:exp	What does KGZ represent?	en
HUM:desc	What is the role of a instructor?	en
LOC:city	What is Paris?	en
ENTY:religion	How many Muslims are there?	en
HUM:title	What rank is Empress?	en
LOC:city	Tell me about Moscow	en
LOC:mount	How high is Mount Denali?	en
ENTY:color	How does mate choice use?	en
ABBR:abb	In computing, USB refers to what?	en
ENTY:substance	What is oil?	en
NUM:money	How much does a coffee cost?	en
DESC:manner	How did Janice Joplin die	en
NUM:speed	What is a jet plane speed?	en
NUM:code	What does error code E503 mean in web?	en
NUM:other	How many cells does the human body have?	en
ENTY:event	When did the fall of the Berlin Wall occur?	en
ENTY:event	The trials resulting from World War II are known as what	en
NUM:date	When was CNNs first broadcast	en
NUM:money	How much does a newspaper cost?	en
ENTY:symbol	What is the ampersand symbol?	en
NUM:perc	What percentage of adults working full-time?	en
LOC:city	What is Singapore?	en
DESC:def	What is the definition of gravity?	en
ENTY:cremat	What Ernest Hemingway novel had the working title Fiesta	en
ENTY:food	How is teff cultivated?	en
NUM:dist	How far can something travel?	en
LOC:other	Where are the Union Stockyards	en
DESC:desc	What captures repetition with variation?	en
ENTY:termeq	What is a term equivalent to residence?	en
ENTY:food	How is trout?	en
ENTY:body	What is the longest bone in the human body	en
LOC:country	What country and western singer is known as The Silver Fox	en
NUM:volsize	What size is a AA battery?	en
ENTY:color	What color is a peacock?	en
NUM:period	What is the duration of education?	en
LOC:other	What famed London criminal court was once a feudal castle	en
HUM:desc	What is the role of a lecturer?	en
LOC:city	How are districts organized?	en
ENTY:animal	What makes dominance hierarchies form?	en
ENTY:letter	What is a consonant?	en
LOC:country	What defines a union?	en
NUM:perc	What percentage of food is imported globally?	en
NUM:temp	At what temperature does tin melt?	en
HUM:gr	How is a board organized?	en
LOC:water	What connects to the Indian Ocean?	en
ENTY:food	What did brontosauruses eat	en
ENTY:dismed	What is a fear of odors, body,	en
ENTY:event	What happened during the Olympics?	en
NUM:temp	What is the boiling point of methanol?	en
ENTY:instru	What instrument measures power?	en
NUM:speed	How fast can a peregrine falcon dive?	en
DESC:def	What is parameter setting?	en
LOC:state	Where is Georgia?	en
HUM:desc	What is a therapist?	en
ENTY:body	What is the function of the parietal lobe?	en
ENTY:cremat	What John Steinbeck novel portrays the Joad family, driven from the Oklahoma dustbowl	en
DESC:desc	What conveys attractiveness?	en
ENTY:event	Tell me about the Reformation	en
DESC:def	How does phonetic change occur?	en
HUM:title	What rank is Provost?	en
DESC:manner	How do carpenters frame?	en
DESC:reason	Why do synapses connect?	en
ENTY:color	What color is beige?	en
LOC:other	Where did George of the Jungle live	en
ENTY:termeq	Whats the term for any four-sided figure	en
HUM:ind	What presidential press secretary dismissed Watergate as a third-rate burglary attempt	en
LOC:landmass	Where is Antarctica?	en
DESC:desc	How are sounds described onomatopoetically?	en
NUM:code	what number should i call in case of emergency	en
ENTY:food	What are liqueurs?	en
ENTY:veh	What is a sedan?	en
NUM:period	What is the gestation period for human pregnancies	en
HUM:desc	What does a journalist do?	en
ENTY:color	What color is blue?	en
NUM:ord	What is the twenty-first book in the series?	en
NUM:date	When is Thanksgiving?	en
ENTY:letter	What letter represents sodium on the periodic table?	en
ENTY:body	Where is the throat?	en
LOC:other	Which area produces the least acidic coffee	en
HUM:gr	What defines a squad?	en
ENTY:dismed	What is sickle cell disease?	en
DESC:desc	What are differences between 1980 and 1990	en
HUM:title	Who painted The Creation of Adam?	en
NUM:code	What is the HTML code for null?	en
ENTY:lang	Which language is spoken in Iceland?	en
HUM:desc	What is the role of a nurse?	en
LOC:water	How salty is the Red Sea?	en
ENTY:termeq	What is the name given to the Islamic counterpart of the Red Cross	en
LOC:other	What is the longest suspension bridge in the U.S.	en
NUM:period	What is the average lifespan of a horse?	en
ENTY:currency	How are economies indexed?	en
ENTY:veh	What is a cargo plane used for?	en
NUM:speed	what is the average speed of a komodo dragon	en
ABBR:abb	OLED abbreviates what?	en
HUM:ind	Who used AuH2O as an election slogan	en
DESC:reason	Why do joints bend?	en
ENTY:food	What are shellfish?	en
LOC:country	Where is Ukraine?	en
ENTY:word	What does translucent mean?	en
LOC:state	What state did Anita Bryant represent in the 1959 Miss America contest	en
ENTY:symbol	What is the ™ symbol used for?	en
ENTY:word	What does gratuitous mean?	en
LOC:landmass	Which Archipelago is in the Aegean Sea	en
DESC:manner	What is the method for bake a cake?	en
NUM:perc	What percentage of DNA do we share with chimps?	en
ENTY:body	How does urination occur?	en
NUM:date	What year did Oklahoma become a state	en
ENTY:instru	What instrument does Benny Carter play	en
LOC:other	What is an obscure geographical location?	en
ENTY:techmeth	What are the five basic swimming strokes	en
LOC:landmass	What is the Levant?	en
LOC:mount	What is the height of Mount Everest?	en
NUM:dist	How many miles between Earth and Sun?	en
ENTY:dismed	What is a fear of night or darkness	en
ENTY:currency	What is the symbol for kroner?	en
DESC:manner	How do landscapers design?	en
DESC:def	What is commonly considered the fifth sense	en
ENTY:body	What does the tooth do?	en
LOC:mount	Where is Rocky Mountains?	en
ENTY:product	What product did William Horlick discover and produce	en
DESC:reason	Why is Chicago named Chicago	en
NUM:count	How many cards are dealt to each player in Gin Rummy	en
ENTY:religion	What religion is Orthodoxy?	en
ENTY:instru	What is the purpose of a photometer?	en
ENTY:religion	What religion do Samaritans practice?	en
LOC:city	What is the oldest city in the United States	en
NUM:date	In what year was actress Joan Collins born	en
NUM:weight	Approximately how much does a teaspoon of matter weigh in a black hole	en
HUM:desc	What is an anesthesiologist?	en
ENTY:plant	How do herbs grow?	en
DESC:def	How does acquisition work?	en
ENTY:dismed	What is AIDS?	en
LOC:landmass	How are escarpments formed?	en
ENTY:techmeth	How does desalination work?	en
ENTY:veh	What is a combine harvester used for?	en
ENTY:color	How does albinism occur?	en
ENTY:substance	What are the properties of hydrogen peroxide?	en
NUM:date	What day was Pearl Harbor attacked in 1942	en
LOC:country	Tell me about Iran	en
NUM:count	What is the number of letters in the alphabet?	en
DESC:desc	What is the Great Wall of China like?	en
NUM:temp	At what temperature does oil boil?	en
ENTY:animal	How big is a deer?	en
NUM:weight	How much does a standard dollar bill weigh?	en
HUM:title	what is your line of work	en
NUM:period	How many hours are in a day?	en
ENTY:religion	What is the main religion in Italy?	en
ENTY:body	What is the pituitary?	en
NUM:count	How many letters in English?	en
LOC:mount	Name the world’s highest mountain	en
NUM:date	What date is Independence Day?	en
ENTY:food	What is milk?	en
ENTY:body	What is the only muscle in the human body that works without any support from the skeleton	en
LOC:city	How are cities structured?	en
ENTY:letter	What letter denotes the vocative case?	en
ENTY:techmeth	What is containerization in software?	en
ENTY:dismed	What is a fear of going to bed	en
NUM:speed	How fast can a cheetah accelerate to top speed?	en
ENTY:body	What does the mouth do?	en
LOC:country	What country lies directly south of Detroit	en
ENTY:veh	What is the turning radius of a city bus?	en
NUM:weight	What is the weight of a car?	en
NUM:perc	What percentage of Earths iron comes from meteorites?	en
DESC:desc	What captures objective detail?	en
ENTY:veh	What is the name of William Penns ship	en
NUM:money	How much does a home renovation cost?	en
LOC:other	Where is Global Schoolhouse	en
ENTY:symbol	What is the heart symbol?	en
ENTY:plant	Which plant is used to make olive oil?	en
DESC:desc	Tell me about a solar eclipse	en
LOC:city	What is Dublin?	en
NUM:period	What is the youngest age a boy or girl can have an orgasm	en
ENTY:product	What is a dishwasher made of?	en
ENTY:product	How does a television operate?	en
DESC:def	How does irony work?	en
ENTY:letter	How many syllables are in English?	en
DESC:def	What is genocide	en
DESC:desc	What did the Confederate Constitution say about slavery	en
NUM:perc	What percentage of Earth is covered by water?	en
NUM:period	How long is a decade?	en
ABBR:exp	What does BLG expand to?	en
DESC:desc	What conveys physical experience?	en
ENTY:veh	How does a cargo plane work?	en
ABBR:abb	What is the shorthand for Machine Learning?	en
HUM:ind	Who was Darth Vaders son	en
LOC:state	Where is Pennsylvania?	en
NUM:volsize	How large is the Aral Sea?	en
ENTY:product	What smart speaker has the best voice assistant?	en
NUM:period	How many hours of community service are typical?	en
ENTY:color	How do gratings color?	en
LOC:city	What is the capital of Ethiopia	en
DESC:def	How would you define bandwidth?	en
ABBR:exp	What does POR represent?	en
ENTY:religion	What is Reconstructionism?	en
LOC:country	What is the capital of Morocco?	en
ENTY:religion	What religion do Christian Scientists follow?	en
ENTY:veh	What is a dump truck?	en
ENTY:currency	What is the exchange rate of currencies?	en
DESC:manner	How do you get a girl to have sex with you	en
NUM:dist	How high is the city of Denver	en
ENTY:color	How is noir formed?	en
ENTY:food	How is casein used?	en
ENTY:currency	What is the ringgit?	en
LOC:water	What connects to the Lake Baikal?	en
ENTY:plant	Which plant is used for Companion planting?	en
ABBR:exp	What is DTMF	en
DESC:desc	What conveys achievement?	en
ENTY:symbol	What is the ∑ symbol used for?	en
NUM:code	What is the Unicode code for tab?	en
HUM:desc	Who was Jean Nicolet	en
LOC:country	Where is Canada?	en
DESC:def	What is language transfer?	en
NUM:dist	How far is New York from Amsterdam?	en
LOC:landmass	What countries are in Madagascar?	en
ENTY:animal	How do parasites feed?	en
NUM:date	When was Rosa Parks born	en
ENTY:currency	What is the dirham?	en
ENTY:techmeth	What is variational inference?	en
NUM:count	How many movies has Drew Barrymore been in	en
ABBR:exp	RSVP expands to Répondez Sil Vous Plaît?	en
NUM:temp	At what temperature does glass become plastic?	en
ENTY:color	What is ivory?	en
NUM:other	What is the number of American soldiers deployed to South Korea	en
DESC:def	What is the definition of entropy?	en
ENTY:plant	What is a orange?	en
DESC:manner	How do campers set up tents?	en
DESC:def	What is personification?	en
ENTY:other	How are historical collections cataloged?	en
NUM:weight	What is the weight of a milligram in ounces?	en
NUM:code	what is my phone number	en
ABBR:exp	What does AFG expand to?	en
ENTY:product	What do you use a boat for?	en
DESC:reason	Why are there Braille things on the ATM machines that people drive through	en
NUM:period	What is the average age of a member of the team that worked on the Manhatten Project	en
ENTY:instru	What device measures heat index?	en
HUM:desc	What does a astronaut do?	en
ENTY:lang	How many people speak Portuguese?	en
ENTY:termeq	What does the Ouarterly Review of Doublespeak call an inoperative statement	en
ENTY:dismed	What is a fear of motion	en
ENTY:event	What is celebrated during the week of February 21-27	en
DESC:def	What is a meerkat	en
NUM:code	What does error code 418 mean?	en
NUM:money	What was the price of Varian Associates vacuum products division	en
ENTY:product	What is the Aston Martin?	en
HUM:title	What rank is Baroness?	en
ENTY:cremat	How do death certificates work?	en
NUM:temp	At what temperature does carbon dioxide sublimate?	en
NUM:perc	What percentage of people have blue eyes?	en
NUM:other	What is a factorial?	en
DESC:reason	What is Margaret Thatcher known for	en
NUM:dist	How far is Tokyo from Beijing?	en
NUM:volsize	How large is the Sahara Desert in square kilometers?	en
DESC:desc	What are the current immigration laws in US	en
LOC:country	What is national sovereignty?	en
ENTY:word	What does melancholic mean?	en
DESC:desc	What captures struggle?	en
LOC:water	What river is Pocahontas buried along	en
HUM:title	What is a Captain?	en
LOC:city	What country is Prague in?	en
LOC:landmass	Where is Africa?	en
NUM:period	How long is pregnancy?	en
DESC:desc	What is the origin of head lice	en
ABBR:exp	What does TGO represent?	en
ENTY:body	How does the anus expel?	en
ENTY:food	What was the food of the Greek gods called	en
ENTY:currency	What is the currency of Czech Republic?	en
ENTY:cremat	What is a trust fund?	en
NUM:speed	How fast does a sailboat travel?	en
NUM:speed	What is the escape velocity from Earth?	en
ENTY:instru	What is a scale?	en
ENTY:animal	Which produces the longer sperm - an elephant or a mouse	en
DESC:reason	Why do insects crawl?	en
ENTY:currency	What is the yuan?	en
DESC:desc	Tell me about the Amazon River	en
ENTY:dismed	What is penicillin?	en
DESC:reason	Why are there olives in martinis	en
DESC:reason	What made the Finger Lakes in western New York state	en
LOC:landmass	What is Greenland?	en
LOC:country	What country has the largest sheep population	en
ABBR:exp	What does BMW stand for	en
HUM:title	What rank is Princess?	en
DESC:def	What is calquing?	en
ENTY:substance	What are the stars made of	en
ABBR:exp	Spell out the acronym DNS	en
ENTY:food	Where does grape come from?	en
ENTY:veh	What is a hot air balloon?	en
ENTY:sport	What are the rules of long jump?	en
ENTY:veh	What is the average fuel tank fill time?	en
ENTY:dismed	How is Ebola treated?	en
NUM:temp	Oxygen has a boiling point of 90.19 K. What is the temperature in Fahrenheit	en
DESC:manner	How do you measure the heat of the sun	en
ENTY:product	Which portable speaker is waterproof?	en
ABBR:exp	Write out SSD in full	en
ENTY:animal	What is Dudley Do-Rights horses name	en
LOC:city	Where is London?	en
ENTY:color	What is a common green item?	en
ENTY:religion	What is New Age spirituality?	en
ABBR:exp	ROM means what in full form?	en
HUM:gr	What is the oldest university in the US	en
DESC:desc	How is music described harmoniously?	en
HUM:desc	What is a dancer?	en
DESC:reason	What causes thunder?	en
ENTY:techmeth	How does robotics work?	en
LOC:mount	How high is Mount Aconcagua?	en
ENTY:food	How are game birds?	en
ENTY:plant	Which plant is used in permaculture?	en
LOC:city	What is Mumbai?	en
ENTY:color	What is the colour of the circle which is the sixth (6th) from the left	en
DESC:def	What is spaceball played on	en
NUM:date	When did the art of quilting begin	en
ENTY:instru	What is a Harmonica?	en
ENTY:color	What is aposematism?	en
LOC:city	How are settlements?	en
ENTY:food	What is wine made from?	en
NUM:other	What number of American soldiers remain unaccounted from the Vietnam war	en
NUM:perc	What percentage of workers get paid vacation time?	en
NUM:date	When did the Chernobyl nuclear accident occur	en
NUM:ord	Where does the U.S. rank among world countries in area	en
NUM:other	What is the protection rate of using condoms	en
NUM:code	What does error code E504 mean in web?	en
NUM:count	How many spears are there on Kenyas flag	en
NUM:code	What is the ASCII code?	en
LOC:country	Tell me about Poland	en
ENTY:food	What is strawberry made from?	en
NUM:period	How long does a typical Hollywood film last?	en
ENTY:instru	How many strings does a violin have?	en
LOC:city	What U.S. city is known as The Rubber Capital of the World	en
NUM:code	what is the pin number	en
ENTY:animal	What makes camouflage effective?	en
DESC:manner	How do forensicists analyze?	en
LOC:state	What is the capital of Florida?	en
ABBR:exp	What is DEET	en
HUM:gr	Who are the Gen X?	en
ENTY:instru	How do you use a screwdriver?	en
ENTY:food	What is lettuce made from?	en
LOC:landmass	On what continent is Mozambique	en
ENTY:techmeth	How does CRISPR gene editing work?	en
DESC:manner	In what manner do jewelers polish?	en
ENTY:techmeth	What is Monte Carlo method?	en
ENTY:symbol	What is the chemical symbol for nitrogen?	en
ENTY:veh	In what spacecraft did U.S. astronaut Alan Shepard make his historic 1961 flight	en
LOC:country	What country has the highest arson rate	en
DESC:manner	How do barbers shave?	en
LOC:city	What city in the U.S. experienced the most growth recently	en
ENTY:symbol	What is the ✓ symbol used for?	en
ABBR:abb	What does LAN connect?	en
NUM:date	When was Algeria colonized	en
ABBR:exp	What is the full name of the PLO	en
NUM:count	How many sides of a die are there?	en
ABBR:exp	What does CHE represent?	en
ENTY:animal	How do reptiles differ from amphibians?	en
NUM:other	What is the latitude and longitude of El Paso, Texas	en
LOC:state	How are counties organized?	en
LOC:country	Tell me about Ukraine	en
ENTY:event	What is the name of the 1919 occurrence in which British troops killed over 3 unarmed Indian protestors	en
ENTY:word	How many syllables does the word mnemonic have?	en
DESC:manner	In what manner do anthropologists research?	en
HUM:ind	Who was Shakespeare?	en
ABBR:abb	What does UI design?	en
ENTY:animal	What makes zoonosis important?	en
ENTY:animal	What kind of mammal is a colt	en
NUM:period	How many minutes is a power nap?	en
ENTY:instru	How many pedals does a standard piano have?	en
HUM:gr	What is a partnership?	en
DESC:reason	Whats the proud claim to fame of the young women who formed Kappa Alpha Theta	en
ENTY:color	Whats the only color Johnny Cash wears on stage	en
LOC:country	What country did Ponce de Leon come from	en
ENTY:veh	What is a yacht used for?	en
ENTY:termeq	What is another astronomic term for the Northern Lights	en
HUM:ind	Tell me about Abraham Lincoln	en
ENTY:substance	What is the statue of liberty made of	en
ENTY:food	What is amaranth?	en
DESC:def	What is swap math	en
NUM:other	What is the population of Seattle	en
ENTY:color	What hair color can I use to just cover a little gray	en
DESC:reason	Explain why plants need sunlight	en
NUM:dist	What is the radius of Earth?	en
ABBR:exp	What does EKG stand for	en
ENTY:currency	What is the currency of Switzerland?	en
HUM:ind	What did Julius Caesar do?	en
HUM:ind	What did Aristotle do?	en
DESC:manner	How do bakers bake?	en
LOC:state	What sprawling U.S. state boasts the most airports	en
DESC:reason	Why are ice cream sundaes called sundaes	en
NUM:perc	What percentage of households have internet?	en
LOC:country	How are confederations?	en
HUM:desc	Describe a typical chemist	en
NUM:perc	What percentage of DNA is guanine?	en
DESC:manner	In what manner do professionals work?	en
ABBR:exp	What does CYP expand to?	en
NUM:count	How many bones in the body are there?	en
DESC:reason	Why do avalanches slide?	en
NUM:temp	Gallium is a metal that can melt in your hand at 302.93 K. What is the temperature in Celsius (to the hundredth)	en
NUM:weight	A car has a weight of 10,000 N. What is the mass of the car on Earth	en
ENTY:sport	What is basketball?	en
HUM:desc	What is the role of a tutor?	en
DESC:desc	How is behavior described behaviorally?	en
HUM:desc	How does a administrator work?	en
LOC:country	Tell me about Kenya	en
LOC:country	What continent is Israel in?	en
ABBR:abb	What is the acronym for Left-to-Right?	en
DESC:manner	What is the method for plant a seed?	en
ENTY:veh	What is the carrying capacity of a standard shopping cart?	en
LOC:state	What is Arizona known for?	en
ENTY:animal	How do animals learn?	en
NUM:count	What is the population of Mexico?	en
NUM:count	What is the number of states of Chile?	en
HUM:desc	What is an ophthalmologist?	en
DESC:manner	In what manner do trainers condition?	en
ENTY:color	What is a common bronze item?	en
NUM:ord	What is the third element?	en
NUM:count	Count the animals	en
NUM:perc	What percentage of the worlds population is in poverty?	en
DESC:def	How do appositives work?	en
ABBR:exp	What do the letters in FTP stand for?	en
ENTY:veh	What is the gas tank size of a Nissan Altima?	en
NUM:temp	What is the freezing point of salt water?	en
ENTY:other	What was the first TV set to include a remote control	en
LOC:water	Where is the Red Sea?	en
DESC:def	What is epilepsy	en
DESC:def	What is the definition of metabolism?	en
DESC:def	What does N est-ce pas mean	en
ENTY:letter	What letter denotes the subjective case?	en
ENTY:veh	What is a crane?	en
ABBR:exp	ASAP is the short form of what?	en
ENTY:currency	What is the symbol for peso?	en
ENTY:body	What are ganglia?	en
LOC:landmass	What is a meadow?	en
NUM:count	What is the population of Russia?	en
ENTY:symbol	What does the degree symbol represent?	en
NUM:dist	How far is Earth and Sun?	en
ENTY:cremat	What Stephen King novel is set in a graveyard for pets	en
DESC:def	What is the executor in a will	en
ENTY:sport	What are the rules of weightlifting?	en
LOC:state	What state has the most Indians	en
ENTY:religion	What is Methodism?	en
HUM:title	What was Eduard Shevardnadzes job in the Soviet Union	en
ENTY:veh	What is the seating capacity of a Honda Odyssey minivan?	en
ENTY:other	What generation am I in	en
DESC:reason	What causes skepticism?	en
LOC:city	What is a borough?	en
ENTY:other	What did Vasco da Gama discover	en
NUM:volsize	What is the volume of the figure in cubic units	en
ABBR:exp	What does B.Y.O.B. mean	en
DESC:reason	What did Cool Hand Luke go to jail for	en
ENTY:lang	What is Greek known for?	en
NUM:temp	What is the temperature at Earths core?	en
ENTY:animal	What makes mating strategies vary?	en
ENTY:product	What is a refrigerator made of?	en
HUM:title	How does a CEO lead?	en
ENTY:dismed	What is foot and mouth disease	en
LOC:city	What is the capital of Burkina Faso	en
ENTY:letter	name the least used consonant in the latin alphabet	en
ENTY:termeq	What is another word for couch?	en
LOC:water	What ocean surrounds the Madeira Islands	en
ENTY:currency	What is the symbol for ringgit?	en
ENTY:other	To what does Microsofts Windows 3 owe its success	en
LOC:other	Where in a tree does photosynthesis occur	en
DESC:reason	What causes pneumonia	en
ENTY:veh	How many axles does a standard passenger car have?	en
NUM:count	How many disks does each player have in a four-handed game of Crokinole	en
ENTY:veh	What is the maximum speed of a police motorcycle?	en
ENTY:product	What is a printer made of?	en
ENTY:lang	Whats the most commonly-spoken language in Belgium	en
ENTY:instru	What is a Trumpet?	en
ENTY:cremat	What is a mausoleum?	en
DESC:manner	In what manner do navigators orient?	en
ABBR:abb	Explain the acronym LCD	en
ENTY:body	What is the function of the lungs?	en
ENTY:body	What is the uterus?	en
ENTY:instru	How many holes does a pan flute have?	en
LOC:country	Tell me about Czech Republic	en
ABBR:abb	What is the shorthand for General Headquarters?	en
NUM:temp	What is the boiling point?	en
ABBR:abb	What does FBI stand for?	en
LOC:state	What state is the Filenes store located in	en
ENTY:letter	What letter denotes the ablative case?	en
ABBR:abb	What does EB represent?	en
ENTY:color	What is azure?	en
ENTY:body	What is the respiratory system?	en
HUM:gr	What group asked the musical question Do You Believe in Magic	en
LOC:city	What is Los Angeles?	en
ENTY:body	What part of the human body doesnt change its size during a persons lifetime	en
DESC:reason	Explain why leaves change color in fall	en
ENTY:veh	What is the cargo hold volume of a commercial cargo plane?	en
ENTY:animal	What makes pouch protection?	en
DESC:reason	Why do glands secrete?	en
HUM:ind	Who directed Citizen Kane	en
ENTY:veh	give some examples of fictional aircraft	en
NUM:count	How many cards is each player dealt in Contract Bridge	en
ENTY:veh	What is the turning radius of a garbage truck?	en
ENTY:plant	What does a banana look like?	en
DESC:reason	Why do the chickenpoxs last so long	en
ABBR:abb	What is the shorthand for Hard Disk Drive?	en
ENTY:other	What 1976 Deep Throat clone provides the leading lady with a second larynx	en
NUM:ord	What is the fourteenth letter of the alphabet?	en
ENTY:dismed	Which infectious disease is the worlds deadliest	en
ENTY:product	What kind of hat does Bat Masterson wear	en
NUM:temp	What temperature is comfortable room temperature?	en
NUM:weight	What is the weight of a ton in kilograms?	en
ENTY:instru	What is a Cello?	en
NUM:other	What is the horsepower of the shuttle boosters	en
ABBR:abb	What does VPN protect?	en
NUM:temp	At what temperature does rock salt begin to melt?	en
NUM:other	How many continents?	en
NUM:period	How long is the typical duration of a lease agreement?	en
NUM:ord	Who came in twenty-second place?	en
ABBR:abb	What does MHz measure?	en
ENTY:substance	What is plastic made of	en
ENTY:techmeth	How does neural network learn?	en
LOC:state	How are areas?	en
NUM:date	What year was the NAACP founded	en
ENTY:veh	What is an SUV?	en
DESC:desc	What is the origin of the first name Breony	en
NUM:count	How many teeth in an adult are there?	en
ENTY:currency	What currency does Nigeria use?	en
ENTY:product	Italy is the largest producer of what	en
DESC:manner	Describe how to write a letter	en
ENTY:animal	How do animals coexist?	en
ENTY:currency	Which country uses the kroner?	en
NUM:period	How long is the typical duration of a common cold?	en
ENTY:plant	What is a grape?	en
NUM:weight	Calculate the mass of the cuboid with dimensions of 12 cm; 0.8 dm and 100 mm made from spruce wood	en
ENTY:termeq	What is another word for physician?	en
ENTY:veh	How many spark plugs does a V6 engine have?	en
DESC:reason	Why do they call it a funny bone	en
ENTY:substance	What are the properties of glass?	en
ENTY:word	What does exultant mean?	en
ENTY:food	How are fermented foods?	en
ENTY:body	What is plasma?	en
ENTY:event	What is a performance?	en
NUM:count	What is the number of provinces of Colombia?	en
ENTY:product	What is a radio?	en
NUM:temp	What is the boiling point of water?	en
ENTY:currency	What is the dong?	en
ENTY:dismed	What is autism?	en
LOC:other	Where can I get U.S. economic statistics	en
NUM:code	What is Kevins phone number	en
DESC:reason	Why do earthquakes occur?	en
ENTY:body	How do sarcomeres shorten?	en
ENTY:animal	What is the loudest animals in the world	en
NUM:volsize	What is the capacity of a standard water bottle?	en
ENTY:word	What is a adjective?	en
ENTY:veh	What is the turning radius of a school bus?	en
ENTY:event	When did the American Revolution occur?	en
LOC:mount	What is the name of the highest mountain in Africa	en
ENTY:symbol	What is the * symbol used for?	en
LOC:landmass	Where is North America?	en
ENTY:symbol	What is the # symbol used for?	en
ENTY:food	What is hamburger?	en
DESC:manner	How do herpetologists study?	en
DESC:manner	How does a glacier form	en
NUM:temp	How hot should the oven be when making Peachy Oat Muffins	en
ENTY:instru	What is the purpose of a nephelometer?	en
ENTY:food	What kind of fruit is a Yellow Transparent	en
DESC:desc	What would happen to Canada if Quebec separated	en
ENTY:animal	What makes warning coloration work?	en
ENTY:veh	What Italian liner was hijacked in 1985	en
LOC:city	How are provinces organized?	en
ENTY:techmeth	What is the formula to calculate pi	en
DESC:def	What is a verb phrase?	en
DESC:def	What is a bone marrow transplant meant for	en
NUM:period	What is the standard duration of a warranty period?	en
DESC:reason	Why do diseases manifest?	en
ENTY:color	What color is the cross on Switzerlands flag	en
ENTY:substance	What is the chemical composition of a Barbie	en
ENTY:letter	What is the font in grammar?	en
NUM:perc	What percentage of Earths biodiversity is in rainforests?	en
ABBR:abb	Define the abbreviation URL	en
NUM:dist	How far is it from New Delhi to Bangkok?	en
DESC:desc	How is hope described aspirationally?	en
ENTY:body	What is the intestine?	en
NUM:period	How old is singer Freedy Johnston	en
ENTY:letter	What is the letter that precedes B in the alphabet?	en
LOC:city	What Peruvian city is home to the mummified body of Francisco Pizarro	en
ABBR:exp	HDMI is short for what exactly?	en
NUM:date	What year was the Civil War?	en
ENTY:instru	What is a blood pressure cuff?	en
ENTY:other	What does a phobophobe fear	en
ENTY:food	What is tuna?	en
LOC:water	What body of water does the Danube River flow into	en
LOC:landmass	Which continent is Spain part of?	en
ENTY:product	What is a airplane?	en
LOC:state	What is the capital of New Mexico?	en
DESC:reason	Why is our nails grow?	en
ENTY:body	What is the hypodermis?	en
NUM:speed	What is the speed of a bolt of lightning?	en
ENTY:lang	What language is spoken in Norway?	en
ENTY:sport	How is swimming played?	en
NUM:period	What is the lifespan of a standard incandescent light bulb?	en
DESC:desc	What was the importance of Magellan	en
NUM:perc	What percentage of Earths atmosphere is oxygen?	en
DESC:def	What is grammaticalization?	en
LOC:mount	what is the largest mountain chain	en
LOC:city	Where is Tokyo?	en
LOC:mount	Where is Mount Rushmore?	en
ENTY:word	What is a homonym?	en
ABBR:exp	What is an acronym?	en
ABBR:abb	What does POTUS mean?	en
DESC:def	What is a troponym?	en
LOC:state	Where is North Carolina?	en
HUM:ind	Who discovered imaginary numbers	en
NUM:ord	What is the third book in the series?	en
NUM:period	How many years is a decade?	en
ABBR:abb	What does RAM provide?	en
NUM:perc	What percentage of Earths population is vegetarian?	en
ENTY:dismed	What is a fear of speaking	en
ENTY:termeq	What is a term equivalent to physician?	en
NUM:perc	What percentage of the world is water?	en
DESC:manner	In what way do sculptors chisel?	en
ENTY:instru	What is a piano used for?	en
ENTY:food	What kind of meat is Fray Bentos synonymous with	en
ENTY:product	What is a table made of?	en
ENTY:color	How is aqua created?	en
ENTY:veh	What is the maximum gradability of a heavy truck?	en
ENTY:lang	What are the four most widely-used languages in North America	en
NUM:other	What is the most-downloaded app?	en
NUM:date	When was John D. Rockefeller born	en
ABBR:abb	What does IaaS stand for?	en
NUM:count	How many countries are there?	en
NUM:weight	How much do all the cars on Earth weigh?	en
LOC:city	What country is Berlin in?	en
NUM:volsize	How large is the Pacific Ocean?	en
NUM:count	What is the number of weeks in a year?	en
ENTY:food	What is tea made from?	en
ENTY:animal	What makes intelligence variable?	en
NUM:date	What is the date of New Year?	en
HUM:ind	What did Homer do?	en
ENTY:letter	What is a syllable?	en
NUM:perc	What percentage of women in the workforce?	en
NUM:count	What is the number of continents?	en
NUM:dist	What is the depth of the Nile river	en
DESC:manner	What is the method for meditation?	en
DESC:desc	How is hardship described harshly?	en
ENTY:product	What is Honda?	en
ENTY:plant	How do stems transport?	en
LOC:country	What continent is Ukraine in?	en
NUM:volsize	How large is Australia?	en
ENTY:event	What were the trials called which followed World War II	en
ABBR:exp	Write out ROM in full	en
NUM:perc	What percent of the population has brown eyes?	en
LOC:country	What nation boarders Mozambique	en
ENTY:food	How are geese?	en
ENTY:color	What color is a jay?	en
LOC:country	What defines a federation?	en
NUM:count	Count the planets	en
ENTY:color	What is the RGB value of red?	en
ENTY:word	What does meticulous mean?	en
ENTY:religion	What is Bahai Faith?	en
ENTY:sport	What is a research expedition in mountain climbing	en
LOC:other	What desert has been called The Garden of Allah	en
HUM:ind	What Nobel laureate was expelled from the Philippines before the conference on East Timor	en
ABBR:exp	What does GNB expand to?	en
NUM:weight	What is the weight of a human heart?	en
ABBR:exp	What does dB expand to?	en
DESC:def	What does the word affiant mean	en
ENTY:lang	What is Swedish?	en
ENTY:food	Which Mexican food has a name meaning “little donkey”	en
ENTY:symbol	Where is the crescent symbol used?	en
NUM:count	How many muscles in the body are there?	en
ENTY:word	What does opaque mean?	en
LOC:other	Where can I find examples of legal cases about the Individuals with Disabilities Education Act	en
ENTY:lang	How many people speak English?	en
LOC:landmass	What is the largest continent?	en
NUM:date	When was child labor abolished	en
ENTY:religion	What is Mormonism based on?	en
ENTY:word	What is the longest one-syllable word?	en
HUM:ind	How does a journalist contribute?	en
ENTY:dismed	What is a fear of color	en
ENTY:veh	How does a yacht work?	en
ABBR:exp	What do the letters in HDD stand for?	en
ABBR:abb	What does PB store?	en
ENTY:color	What color is violet?	en
DESC:manner	How do athletes train?	en
DESC:reason	What causes baldness?	en
NUM:date	What date is Boxing Day	en
LOC:water	What ocean did the Titanic sink in	en
NUM:perc	What percentage of children are affected?	en
ENTY:cremat	What TV series saw many of its aquatic scenes shot at Silver Springs, Florida	en
ENTY:animal	What was the monster in Spielbergs film Jaws	en
ENTY:lang	What language uses the most letters?	en
LOC:country	Where is Algeria?	en
HUM:desc	How does a researcher work?	en
NUM:date	When is a woman most fertile	en
NUM:dist	How far is New York from Paris?	en
NUM:count	What is the number of provinces of Spain?	en
LOC:country	What country saw the origin of the Asian Flu	en
NUM:date	When was the G7 group of nations formed	en
ENTY:body	What are sebaceous glands?	en
NUM:perc	What percentage is from advertising?	en
ENTY:color	How does pteridine pigment work?	en
LOC:city	What North American city sprouts the most parking meters	en
NUM:code	What is the hexadecimal code for space character?	en
ENTY:veh	What is a glider?	en
DESC:desc	What is the origin of the term buffalo wings that is used as a menu item in bars across the nation for chicken wings in a spicey sauce	en
ENTY:cremat	What did Woody Allen call the Japanese gangster film he dubbed into English as a comedy	en
HUM:ind	Who was Lauren Bacalls first husband	en
HUM:gr	What do we call faculty?	en
DESC:def	How does abbreviation work?	en
ENTY:symbol	What is the moon symbol?	en
ENTY:other	What can I use to remove the stubborn gummed labels from some diskettes	en
ENTY:food	What is watermelon?	en
NUM:money	How much is a Canadian 1967 twenty dollar gold coin worth	en
NUM:count	Count the bones in the body	en
HUM:title	Who wrote The Great Gatsby?	en
NUM:temp	What is the surface temperature of the planet Venus?	en
ABBR:abb	What is the acronym for Internet Service Provider?	en
ENTY:veh	What is a crane used for?	en
ABBR:exp	What is WHO?	en
HUM:ind	Who played Humpty Dumpty in the 1933 film Alice in Wonderland	en
NUM:period	How long does it take sunlight to reach Earth	en
NUM:period	How long do hermit crabs live	en
NUM:weight	What is the weight of a Boeing 747?	en
DESC:desc	How is scarcity described sparsely?	en
ABBR:abb	What is the abbreviation for Random Access Memory?	en
NUM:temp	What is the temperature of the core of the Earth?	en
ABBR:exp	What does the word LASER mean	en
NUM:ord	Sequentially, which place are you	en
DESC:reason	What causes desertification?	en
ENTY:animal	What are herbivores?	en
NUM:temp	The average surface temperature on Mars is -63 C. What is the temperature in Fahrenheit	en
NUM:count	How many flavors does Baskin & Robbins offer	en
DESC:reason	Why do people get sick?	en
NUM:dist	How far is Moscow from St Petersburg?	en
LOC:state	Where is Texas?	en
LOC:state	What is the capital of Texas?	en
NUM:other	Whats the population of Biloxi, Mississippi	en
DESC:desc	Can you describe a solar eclipse?	en
ENTY:veh	How many seats does a luxury yacht tender typically have?	en
LOC:mount	How tall is McKinley?	en
DESC:manner	What is the method for change a tire?	en
LOC:other	What are the top 5 tallest buildings in the world	en
NUM:count	What is the area in sq km of Japan?	en
ABBR:abb	What is the meaning of NATO?	en
LOC:city	Where is Toronto?	en
ENTY:product	What is a toothbrush?	en
DESC:reason	What causes coughing?	en
DESC:reason	What causes crime?	en
DESC:reason	Why do stocks rise?	en
DESC:def	How would you define osmosis?	en
ENTY:body	How does the vagina function?	en
ENTY:other	What is the biggest thing humans have made	en
NUM:code	What is the HTML code for carriage return?	en
ENTY:veh	What is a car?	en
ENTY:instru	What is a microscope used for?	en
ENTY:letter	What is the pronunciation of the letter B in English?	en
LOC:water	Where is the Caribbean Sea?	en
HUM:gr	What group starred in the movie Rock Around the Clock	en
NUM:period	What is the typical duration of postpartum recovery?	en
NUM:weight	What is the weight of the Empire State Building?	en
HUM:desc	What is an orthopedic surgeon?	en
ENTY:symbol	what symbol is used to represent the imaginary numbers	en
NUM:dist	How long is the Coney Island boardwalk	en
HUM:desc	How does a pathologist diagnose diseases?	en
ENTY:product	What do you use a television for?	en
NUM:date	What year did humans land on the moon?	en
ENTY:color	How does light scattering work?	en
ENTY:product	What is the brand name of daminozide	en
ENTY:event	What war did the Wanna-Go-Home Riots occur after	en
DESC:def	What is the virus HIV	en
DESC:reason	Why do wages vary?	en
ENTY:food	What is Lettuce?	en
HUM:ind	How does a engineer contribute?	en
NUM:count	How many were in attendance at the Last Supper	en
HUM:gr	What group of people shares characteristic X?	en
ENTY:animal	What is an amphibian?	en
ENTY:food	Where does broccoli come from?	en
ENTY:veh	What vehicles are raced in the Tour de France	en
ENTY:lang	What is English?	en
DESC:desc	What adjectives describe touch sensations?	en
HUM:desc	What is a philologist?	en
HUM:gr	How is a department organized?	en
LOC:mount	Name a volcano on the island of Hawaii	en
NUM:volsize	how small is the smallest organism	en
ENTY:sport	What are the rules of wrestling?	en
ENTY:instru	What is a Oboe?	en
ENTY:lang	What is Vietnamese?	en
LOC:landmass	What is Cyprus?	en
ENTY:animal	What are the snakes of New England	en
ENTY:word	What does tenuous mean?	en
ENTY:cremat	What did Thomas Paine write	en
NUM:count	What is the population of Indonesia?	en
ABBR:abb	HTTP is an abbreviation for what?	en
HUM:title	What rank is Sergeant?	en
ENTY:lang	Where is Spanish spoken?	en
NUM:other	What is a ratio?	en
ENTY:termeq	What is a term equivalent to adolescent?	en
ENTY:product	What do you use a monitor for?	en
ENTY:word	What does victorious mean?	en
ENTY:symbol	What does the ™ symbol mean?	en
HUM:gr	What defines a committee?	en
LOC:landmass	What Archipelago does ilha das flores belong to	en
DESC:def	What is an oxymoron?	en
ENTY:word	What is a portmanteau?	en
ENTY:lang	What language is the easiest to learn?	en
HUM:gr	What chocolate company gives you a one-pound kiss	en
HUM:gr	What are the major companies that are part of Dow Jones	en
ENTY:body	What is the length of the small intestine?	en
LOC:state	What state does Charles Robb represent	en
ENTY:other	What is Aprils gemstone	en
NUM:volsize	How big is a normal size penis for a 15-year-old	en
ENTY:food	What is tea?	en
ABBR:exp	PTO is short for what?	en
HUM:desc	What does a designer do?	en
ENTY:religion	What is Shinto?	en
ENTY:sport	Garry Kasparov plays what game	en
ENTY:cremat	What Robert Louis Stevenson novel was inspired by Deacon William Brodie, a cabinetmaker by day and burglar by night	en
NUM:dist	How far can a man travel in outer space	en
LOC:country	Tell me about Canada	en
HUM:ind	Name one of King Henry VIIIs wives	en
LOC:landmass	What countries are in Balkan Peninsula?	en
ABBR:abb	What does API stand for?	en
ENTY:veh	What is a raft?	en
DESC:reason	Why did Europeans first come to Australia and Oceania	en
LOC:landmass	How are cliffs formed?	en
LOC:other	Where is the Abominable Snowman said to wander	en
HUM:title	What is a Governor?	en
ENTY:substance	What is concrete used for?	en
DESC:def	How do converseness pairs work?	en
NUM:weight	What is the recommended weight of a 15 year-old male that is 5, 6	en
ENTY:sport	What is hockey?	en
ENTY:body	What are nails?	en
ENTY:veh	What is a show vehicle?	en
ENTY:product	What do you use a table for?	en
ABBR:abb	In computing, HDD refers to what?	en
LOC:country	How are regional organizations formed?	en
DESC:reason	What causes dispersion?	en
LOC:mount	What country has Rocky Mountains?	en
LOC:other	Where is Tornado Alley	en
NUM:period	How long is the average commute to work?	en
ENTY:lang	How many people speak Chinese?	en
HUM:title	Who wrote The Catcher in the Rye?	en
LOC:country	Name the largest country in South America	en
ENTY:letter	What is the pronunciation of the letter C in English?	en
ENTY:symbol	What is the ® symbol used for?	en
ENTY:food	How is chocolate tempered?	en
ENTY:letter	What letter represents phosphorus on the periodic table?	en
DESC:desc	How is tradition described classically?	en
ENTY:animal	What makes eyesight important?	en
ENTY:product	Which air fryer is largest capacity?	en
DESC:reason	Why do rains fall?	en
HUM:ind	What did Abraham Lincoln do?	en
ENTY:word	What is a sentence?	en
LOC:state	What U.S. state boasts Stone Mountain, the worlds largest mass of exposed granite	en
HUM:desc	What is a pilot?	en
ENTY:other	What is a cultural heritage site?	en
ENTY:currency	What is a currency peg?	en
NUM:code	What is the Unicode code for backspace?	en
NUM:speed	How fast can a grizzly bear run?	en
LOC:water	Which one of the Great Lakes is entirely within U.S. territory	en
ENTY:sport	What card game derived its name from biritch, or Russian Whist	en
LOC:country	Where is Czech Republic?	en
ENTY:cremat	What Frederick Forsyth novel chronicles the toppling of an African government by mercenaries	en
DESC:def	What is amitriptyline	en
ENTY:body	What are myofibrils?	en
ENTY:lang	What is the main language of Turkey?	en
ENTY:veh	What is the cargo capacity of a pickup truck bed?	en
HUM:title	Who holds the title of Patriarch?	en
DESC:desc	What are the distinct physical characterstics of the Arabian horse	en
ENTY:plant	How are fruits formed?	en
ENTY:color	What color is a poison arrow frog	en
ENTY:food	What is Chicken?	en
NUM:period	How long after intercourse does it take to find out if you are pregnant	en
ENTY:other	What is kept in Fort Knox that is so valuable	en
HUM:gr	What court does Bob Woodward describe in The Brethren	en
LOC:landmass	Which continent has the most countries?	en
ENTY:termeq	What are the Cleveland Indians also called	en
LOC:other	Where can I find a picture of a Blue Meanie	en
ENTY:veh	What is the suspension travel range in SUVs?	en
DESC:desc	What conveys forward movement?	en
HUM:gr	What do we call citizens?	en
ENTY:animal	What makes parental care important?	en
NUM:count	What is the number of provinces of Mexico?	en
ENTY:color	What is maroon?	en
LOC:city	What country is Beijing in?	en
DESC:manner	How does hair curl	en
ENTY:color	What is crystal structure coloration?	en
NUM:period	What is the lifespan?	en
ENTY:animal	What are the three animals in Sheila Burnfords The Incredible Journey	en
LOC:water	How salty is the Black Sea?	en
ABBR:abb	What does EPA stand for?	en
DESC:def	How does semantic bleaching occur?	en
LOC:other	Where is the location of the Orange Bowl	en
ABBR:exp	What does ASM stand for?	en
HUM:ind	What U.S. President was the first to breed mules	en
DESC:reason	Why do birds migrate?	en
ENTY:dismed	What causes mumps?	en
LOC:landmass	Which continent has the Great Barrier Reef?	en
ENTY:product	What do you use a printer for?	en
ENTY:body	How does the bladder store?	en
DESC:reason	Why did the Globe Theatre burn down	en
LOC:mount	What is the tallest mountain in the world?	en
ENTY:letter	what vowel do male names usually end with in portuguese	en
ENTY:termeq	Whats the term for a limestone deposit rising from the floor of a cave	en
LOC:state	What states do not have state income tax	en
DESC:desc	Tell me about the Eiffel Tower	en
ENTY:color	What color is turquoise?	en
ENTY:plant	What is a spinach?	en
ENTY:veh	What is a wagon?	en
ENTY:other	What articles of clothing are tokens in Monopoly	en
ENTY:religion	What is Rastafarianism?	en
NUM:temp	What is the melting point of copper?	en
ENTY:letter	What letter is used for iron on the periodic table?	en
DESC:desc	How is politics described civically?	en
NUM:temp	What is the melting point of ice in Celsius?	en
LOC:country	What continent is Argentina in?	en
ENTY:other	What did 8, CD NNS VBP TO VB NNP POS NN	en
ENTY:sport	How is bowling played?	en
ENTY:color	What is a common blue item?	en
HUM:ind	How are scientists?	en
ENTY:body	Which gland secretes mucus and is found in the duodenum only	en
ENTY:termeq	What is another word for dwelling?	en
NUM:dist	A 25 m ladder is placed against a vertical wall of a building. The ladder is 7 m from the base of the building. If the top of the ladder slips 4 m, how much will the foot of the ladder slide	en
ENTY:cremat	What did Shostakovich write for Rostropovich	en
ABBR:abb	What is the abbreviation for Wireless Personal Area Network?	en
HUM:desc	How does a lawyer work?	en
ENTY:instru	What is a ruler?	en
NUM:speed	How fast does a duck fly?	en
LOC:country	Name the country of giants twelve times the size of man in Gullivers Travels	en
ABBR:abb	GPU abbreviates what?	en
ENTY:symbol	What is the & symbol used for?	en
ENTY:body	What does the arm do?	en
ENTY:product	What is a camera?	en
ENTY:color	What is color matching?	en
DESC:reason	What causes permafrost?	en
ENTY:substance	What are the properties of copper?	en
ENTY:veh	What is a cruise ship?	en
ENTY:food	What is porridge?	en
ENTY:cremat	What TV series changed the names to protect the innocent	en
ENTY:body	What is the lymphatic system?	en
NUM:volsize	How large is the Southern Ocean?	en
DESC:def	How does blending create forms?	en
DESC:def	What is meronym?	en
NUM:other	Whats the score of a forfeited baseball game	en
ENTY:instru	What is a xylophone?	en
NUM:date	When was the invention of the printing press?	en
ENTY:animal	How big is a ostrich?	en
NUM:count	How many feet more than 2 is the average height of the Great Wall of China	en
LOC:state	What is the capital of Iowa?	en
ENTY:plant	Where do spinachs grow?	en
ENTY:sport	What is football?	en
NUM:speed	What is the speed of a space shuttle at launch?	en
NUM:date	When was the vaccine invented?	en
ENTY:food	How are vegetables grown?	en
ENTY:letter	What is the most common vowel in English?	en
ENTY:animal	What bird can swim but can t fly	en
LOC:landmass	What countries are in Iberian Peninsula?	en
ABBR:exp	SSL is short for what exactly?	en
DESC:reason	Why did the chicken cross the road	en
LOC:country	What country has declared one-fifth of its territory off-limits to Russians	en
LOC:water	Where is the Amazon River delta?	en
ABBR:exp	What does the technical term ISDN mean	en
ENTY:event	What is a parade?	en
NUM:code	What is the HTML code for bell?	en
ABBR:exp	What does MSG stand for	en
NUM:weight	The vanillin molecule is the primary molecule present in vanilla extract. What is the molecular mass of vanillin	en
ENTY:body	How does the liver detoxify?	en
ENTY:lang	Which language is spoken in Morocco?	en
ENTY:cremat	What is the purpose of epitaph?	en
ENTY:symbol	What is the π symbol used for?	en
ENTY:body	How many types of synovial joints exist?	en
NUM:perc	What percentage of the worlds coffee comes from Africa?	en
HUM:ind	How does a scientist conduct research?	en
ENTY:body	What is the spleen?	en
ENTY:veh	How does a glider work?	en
DESC:def	What are boxcars	en
DESC:def	How would you define communism?	en
HUM:desc	What does a biologist do?	en
NUM:period	How many hours of sleep does an adult need per night?	en
DESC:reason	Why do mountains form?	en
HUM:gr	Which organization is the Security Council a part of	en
LOC:country	What continent is India in?	en
HUM:desc	Who is Samuel F. Pickering	en
LOC:country	What country is the worlds largest importer of cognac	en
DESC:def	How does spreading activation function?	en
HUM:ind	What TV character said ; One of these days, Alice, pow, right in the kisser	en
NUM:speed	How fast is a train?	en
ENTY:symbol	What is the chemical symbol for nitrogen	en
NUM:period	How long does it take for a nail to grow back?	en
ABBR:abb	CRUD is an abbreviation for what?	en
NUM:ord	What is the ordinality of 11 in the set of odd numbers	en
NUM:period	How many seconds in a minute?	en
NUM:other	What is the area of Australia?	en
NUM:code	what is your public PGP key	en
NUM:dist	A car travels at a constant speed of 40 mph for 3 hours. How far does the car go	en
ENTY:instru	How does a piano work?	en
LOC:mount	what is the tallest mountain in iberia	en
HUM:gr	What businesses or agencies would do an employment verification	en
ENTY:instru	How many keys does a clarinet have?	en
ENTY:color	How is purple made?	en
ENTY:word	What does exuberant mean?	en
ABBR:abb	What does XML format?	en
NUM:perc	How much of the human bodys energy is consumed by the brain?	en
HUM:gr	Which team won the Super Bowl in 1968	en
ENTY:veh	How many people does a standard Uber vehicle seat?	en
DESC:manner	How do workers labor?	en
DESC:def	What is pandoro	en
NUM:speed	how slow does a sloth move	en
ENTY:animal	Which came first, according to Genesis 1 2 22 - the chicken or the egg	en
HUM:ind	What is a linguist?	en
DESC:reason	Why do morals develop?	en
DESC:def	What is the washed vodka	en
HUM:title	What is a Chief Justice?	en
ENTY:currency	What is the currency of South Korea?	en
ENTY:product	What is the Bugatti?	en
DESC:reason	Why do movie and TV stars get paid so much	en
ENTY:cremat	What TV show did John Sebastian sing the theme for	en
ABBR:exp	What does CZE stand for?	en
ENTY:color	What are Halloweens colors	en
ENTY:substance	What are the properties of oil?	en
DESC:desc	What are the words to the song sung by Banana in Pajamas	en
LOC:landmass	What is South America?	en
DESC:reason	What causes amnesia?	en
ENTY:techmeth	How does cloud computing work?	en
ENTY:color	What are cool colors?	en
LOC:country	What country boasts the most dams	en
ABBR:exp	What does EU represent?	en
HUM:title	What does Robin Williams do	en
ENTY:termeq	What is a synonym for attorney?	en
HUM:ind	What Apollo 11 astronaut minded the store while Armstrong and Aldrin made history	en
NUM:period	How many seconds does a commercial typically last?	en
ENTY:food	Where does watermelon come from?	en
DESC:desc	What happened to Phillip Taylor Kramer	en
LOC:water	What ocean is the largest in the world	en
HUM:title	What is a President?	en
NUM:count	What is the population of Spain?	en
ENTY:body	How many glands exist?	en
DESC:reason	Why does the moon turn orange	en
ENTY:word	What is the collective noun for geese	en
DESC:desc	How is progression described directionally?	en
ABBR:abb	What is the abbreviation for Domain Name System?	en
ENTY:substance	What are the properties of iron?	en
NUM:period	How old do you have to be in order to rent a car in Italy	en
ENTY:letter	How many letters does the Esperanto alphabet have?	en
ENTY:termeq	What is another word for bright starting with l?	en
NUM:code	What is the Unicode code for carriage return?	en
DESC:desc	What captures serenity?	en
ENTY:body	What is the rib?	en
ENTY:word	What is a word that means quick?	en
DESC:manner	How do virologists isolate?	en
ENTY:food	What two vegetables are combined in succotash	en
LOC:city	In what city is the headquarters of Sinn Fein	en
NUM:period	How long is human gestation	en
ENTY:substance	What is carbon?	en
ENTY:body	How many taste receptors does a human have?	en
ENTY:veh	How long is a standard railway boxcar?	en
ENTY:product	What is Coca-Cola?	en
HUM:gr	What level of government or governmental agency is responsible for dealing with racism	en
ENTY:food	What is Khorasan?	en
ENTY:instru	How many keys does a bagpipe have?	en
NUM:count	What is the number of regions of Brazil?	en
ENTY:cremat	What sports magazine has the largest circulation	en
DESC:def	How does presupposition function?	en
ENTY:termeq	Is silent the same as quiet?	en
DESC:reason	What causes lightning?	en
NUM:count	How many home runs did Babe Ruth hit in his lifetime	en
NUM:perc	What percentage of people are colorblind?	en
LOC:water	How salty is the East China Sea?	en
ENTY:food	What are root vegetables?	en
ENTY:termeq	What is a synonym for home?	en
NUM:other	What does 7847+5943 equal	en
NUM:count	How many boys play the game in Winslow Homers 1872 painting Snap the Whip	en
DESC:desc	What are the living conditions in Cuba	en
HUM:gr	What is a knights?	en
ABBR:exp	What does TJK stand for?	en
LOC:state	What is the capital of Louisiana?	en
ENTY:veh	How does a tractor work?	en
NUM:count	What is the population of Canada?	en
NUM:period	What is the typical duration of adolescence?	en
ENTY:religion	What is Nestorian Christianity?	en
ENTY:dismed	How does alzheimers disease progress?	en
ENTY:symbol	What is the swastika symbol?	en
HUM:ind	Whats the name of the actress who starred in the movie, Silence of the Lambs	en
DESC:manner	How do artists create?	en
NUM:volsize	What is the size of a golf ball?	en
ENTY:word	What word occurs 46, 227 times in the Bible	en
NUM:volsize	what size will the sun be when it becomes a red dwarf	en
DESC:manner	In what way do biologists observe?	en
DESC:def	How does interference occur?	en
HUM:ind	What did Stephen Hawking do?	en
DESC:desc	How is film described cinematically?	en
NUM:count	What is the area in sq km of Italy?	en
NUM:count	What is the area of Australia?	en
DESC:def	How would you define metaphor?	en
LOC:landmass	How are mesaformed?	en
ENTY:word	What is an infinitive?	en
ENTY:product	How does a smartwatch function?	en
ENTY:food	What is ice cream?	en
ENTY:dismed	What chemical in red wine is good for the heart and what exactly does it do to your body	en
NUM:volsize	How large is Lake Victoria?	en
DESC:manner	How do educators instill?	en
HUM:title	What is a Ambassador?	en
ENTY:color	What is the wavelength of red light?	en
ENTY:symbol	What is the @ symbol?	en
NUM:money	How much can a person be fined for having a dog on a beach	en
HUM:desc	What is a designer?	en
LOC:country	What defines a nation?	en
ENTY:body	What does the toe do?	en
NUM:count	What is the number of states of UK?	en
HUM:title	What is a Countess?	en
ENTY:termeq	Is senior the same as elderly?	en
DESC:reason	What are Cushman and Wakefield known for	en
ENTY:religion	What religion has the most members	en
ENTY:techmeth	What is serverless computing?	en
ENTY:animal	How do colony animals work?	en
ENTY:color	How do multiple colors combine?	en
ENTY:termeq	What is an antonym?	en
NUM:perc	What is the chance of conceiving quadruplets	en
NUM:ord	Who came in ninth place?	en
ENTY:instru	How many valves does a tuba have?	en
DESC:def	How do acronyms differ from initialisms?	en
ENTY:other	What is ethnography?	en
ABBR:exp	What is CIA?	en
ENTY:body	Where is the pancreas?	en
ENTY:animal	What animal has the biggest eyes	en
NUM:period	How many decades are in a century?	en
ENTY:word	What is the most commonly used 1 letter word in the English language	en
ENTY:word	What does sagacious mean?	en
ABBR:abb	What is the acronym for Hypertext Markup Language?	en
NUM:code	What is the HTML code for newline?	en
ABBR:abb	In computing, LED refers to what?	en
DESC:reason	What causes tinnitus?	en
ENTY:termeq	What do you call a Poker hand with five cards of the same suit	en
NUM:code	Why does ASCII use specific numeric values for each character?	en
ENTY:body	What is the thickness of human skin?	en
HUM:gr	Name the food company that traveled to Soviet Georgia to film a series of ads	en
ENTY:symbol	What is the chemical symbol for carbon?	en
ABBR:abb	What is the shorthand for Operating System?	en
ENTY:food	What is Orange?	en
LOC:country	What is the capital of Israel?	en
ENTY:animal	What makes learning crucial?	en
ENTY:other	What keeps clouds in the air	en
ENTY:instru	What tool measures wind direction?	en
ABBR:exp	What does TZA stand for?	en
NUM:count	How many people did Randy Steven Craft murder	en
ENTY:instru	What is a saxophone used for?	en
NUM:weight	How much does a large pizza weigh?	en
ENTY:veh	What is a tricycle?	en
HUM:ind	Who wrote the bestselling Missionary Travels and Researches in South Africa, published in 1857	en
LOC:landmass	Whats the largest island in the West Indies	en
ENTY:body	What is the purpose of the heart?	en
HUM:ind	Tell me about Homer	en
ABBR:abb	What does FTP transfer?	en
HUM:desc	Who is Edmund Kemper	en
ABBR:exp	Spell out the acronym GPU	en
NUM:temp	What is the surface temperature of the sun?	en
HUM:gr	How is a coalition organized?	en
ENTY:currency	What currency does Norway use?	en
NUM:code	What does error code 304 mean?	en
LOC:state	What is New Jersey known for?	en
ENTY:animal	What is the only animal that can turn its stomach inside out	en
NUM:date	When was Microsoft established	en
ENTY:color	What is a common khaki item?	en
DESC:manner	How do you ride a bicycle?	en
NUM:speed	How fast do cheetahs run	en
NUM:dist	How far is Tokyo from Paris?	en
DESC:desc	What conveys deep attachment?	en
NUM:period	How many seconds are in an hour?	en
ABBR:exp	Expand the acronym CIA	en
NUM:code	What is the hexadecimal code for tab?	en
DESC:desc	What is Remembrance Day all about	en
HUM:title	Who holds the title of Emperor?	en
NUM:speed	What is the speed of the fastest train in the world?	en
ABBR:exp	What does pH stand for	en
DESC:def	What is transparency in language?	en
LOC:mount	What is the Andes?	en
ENTY:color	What are seasonal color palettes?	en
ENTY:veh	What is the typical wheelbase of a compact car?	en
HUM:ind	What professional cricketers son wrote The War of the Worlds in 1898	en
ABBR:exp	What does IMN stand for?	en
ABBR:abb	What does ROI stand for?	en
HUM:title	Who directed Star Wars?	en
ENTY:body	What are valves?	en
ENTY:event	How are tournaments run?	en
ENTY:lang	How many people speak Norwegian?	en
LOC:city	The Kentucky Horse Park is located near what city	en
HUM:desc	What is a attorney?	en
ENTY:instru	Ray Charles is best known for playing what instrument	en
ENTY:veh	How long does a tire rotate before replacement?	en
HUM:gr	What is a agnostics?	en
ABBR:abb	What is the abbreviation of the company name General Motors	en
ENTY:plant	Which plant is known for allelopathy?	en
DESC:manner	How do doctors diagnose bone cancer	en
HUM:title	What rank is General?	en
NUM:perc	What percent of worlds fresh water is found in Canada	en
DESC:reason	What made Jane Goodall famous	en
ENTY:symbol	Where is the copyright symbol symbol used?	en
NUM:perc	What percentage of the population has a passport?	en
ENTY:word	What is an antonym of light?	en
NUM:period	How many days does the average menstrual cycle last?	en
DESC:desc	What is the orgin of xoxoxox	en
HUM:title	How does a Ambassador lead?	en
ENTY:cremat	What CBS soap opera was interrupted by the bulletin of John F. Kennedys assassination	en
LOC:country	What country was the setting of You Only Live Twice	en
DESC:def	What is a Certified Nurse Midwife	en
LOC:other	Where are all European and American eels born	en
NUM:temp	What is the average room temperature in Celsius?	en
ENTY:symbol	the radiation symbol, separated from a box by a chevron, means what	en
ENTY:other	What format was the major competition of VHS	en
LOC:mount	What country has Scafell Pike?	en
ENTY:letter	How many letters does the Cornish alphabet have?	en
LOC:country	Where is South Korea?	en
HUM:ind	What actress holds the record for the most appearances on the cover of Life	en
ENTY:substance	What is salt used for?	en
ENTY:color	What is a common maroon item?	en
DESC:manner	How do chemists synthesize?	en
ENTY:cremat	What film or films has Jude Law appeared in	en
ENTY:animal	What is the name of the dog on the Cracker Jack box	en
DESC:manner	How does rabies spread	en
NUM:date	When was the computer invented?	en
NUM:ord	What is the fifth letter of the alphabet?	en
ENTY:letter	What letter denotes the genitive case?	en
ENTY:dismed	What is mumps?	en
ENTY:food	What are nuts?	en
ENTY:body	How does the thyroid regulate?	en
ENTY:body	How does the pancreas produce insulin?	en
NUM:perc	What percent of the Earth is land?	en
ENTY:plant	What does a lichen look like?	en
DESC:desc	How is hate described viciously?	en
NUM:perc	What percentage of people have experienced sleep paralysis?	en
DESC:reason	What causes violations?	en
HUM:desc	What does a neurologist diagnose?	en
DESC:def	What is folk etymology?	en
ABBR:exp	What is NASA?	en
ENTY:body	What are the names of the different toes	en
DESC:reason	What causes canker sores in the mouth	en
NUM:count	How many stars are there?	en
HUM:desc	How does a psychiatrist treat patients?	en
HUM:ind	Tell me about Richard Feynman	en
ENTY:plant	What is a pumpkin?	en
DESC:reason	What causes palpitations?	en
ABBR:exp	What is the expansion of an acronym?	en
NUM:ord	Abraham Lincoln was which president, first?, second?, third	en
ENTY:letter	What is the shape of the letter S?	en
LOC:other	What is Bill Grosss email address	en
ABBR:abb	What is meant by HDD?	en
DESC:desc	What is Big Ben like?	en
LOC:country	What Asian country has a bill of rights for cows	en
LOC:country	What is the capital of Mexico?	en
DESC:desc	How are relationships described intimately?	en
ENTY:plant	What plant produces caffeine?	en
DESC:manner	How can I easily remove red wine stains from t-shirts	en
ABBR:abb	What is the shorthand for Central Processing Unit?	en
NUM:code	What is the HTML code for letter A?	en
HUM:ind	What does a mathematician do?	en
NUM:period	What age is Benny Carter	en
HUM:desc	Who was Confucius	en
ENTY:food	Whats the main vegetable in vichyssoise	en
ENTY:animal	How big is a eagle?	en
ENTY:color	A hyperbolic color may be seen by staring at a bright color and then viewing its complementary color. For example, staring at magenta produces a green afterimage. If you stare at magenta and then look at something green, the afterimage is what color	en
LOC:landmass	What countries are in Africa?	en
ENTY:body	What does the artery do?	en
ABBR:abb	What is the shorthand for Wireless Fidelity?	en
NUM:count	How many cubic feet of space does a gallon of water occupy	en
NUM:other	What is the student population at the University of Massachusetts in Amherst	en
NUM:ord	What is the twenty-second letter of the alphabet?	en
ENTY:product	What is a wearable device?	en
ABBR:exp	What does SGP expand to?	en
LOC:mount	What is the tallest peak in the Alps?	en
ENTY:animal	How do pack animals cooperate?	en
ENTY:word	What is a gerund?	en
ENTY:currency	What is the peso?	en
ENTY:instru	How many strings does a guitar typically have?	en
HUM:desc	Who is Coronado	en
ENTY:body	What is the function of the gallbladder?	en
LOC:country	How is a confederation governed?	en
ABBR:abb	DNA is an abbreviation for what?	en
ABBR:abb	What is the abbreviation for Environmental Protection Agency?	en
NUM:volsize	how large are the pillars of creation	en
LOC:landmass	Which continent is Italy part of?	en
ENTY:event	What was the name of the Crimean meeting of Roosevelt, Churchill, and Stalin	en
NUM:temp	What temperature is considered fever?	en
ENTY:color	What is purple?	en
NUM:temp	What is the boiling point of alcohol?	en
ENTY:body	Where is the colon?	en
ABBR:exp	What does ZAF expand to?	en
DESC:manner	How can I find out my biorhythm	en
LOC:country	What is the capital of Algeria?	en
ENTY:food	What is Wheat?	en
ENTY:plant	What does a pine look like?	en
ENTY:animal	What Hollywood dog died in the arms of Jean Harlow in 1932	en
NUM:weight	How much does a standard loaf of bread weigh?	en
LOC:city	Where is Barcelona?	en
ABBR:abb	Define the abbreviation VPN	en
ENTY:body	Where is the toe?	en
ENTY:animal	What is a whale?	en
NUM:ord	What is the first letter?	en
NUM:volsize	What is the volume of a standard bathtub?	en
DESC:def	What is a semicolon used for?	en
ENTY:food	What are preserves?	en
NUM:temp	What is the melting point of titanium?	en
ENTY:veh	what truck design made recent headlines	en
NUM:date	When did Iraqi troops invade Kuwait	en
ENTY:animal	What do you call a group of geese	en
ENTY:currency	What is the currency of Kenya?	en
ENTY:instru	What is a thermometer used for?	en
HUM:ind	Who was the first king of England	en
ENTY:lang	Which language has the most consonants?	en
ENTY:other	What is the legal blood alcohol limit for the state of California	en
DESC:def	What is Wimbledon	en
ENTY:veh	What is a demo car?	en
ENTY:event	Tell me about the 2016 presidential election	en
DESC:desc	How are emotions depicted descriptively?	en
ABBR:abb	What is CPU short for?	en
ENTY:body	What are joints?	en
DESC:def	What is solidarity in speech?	en
LOC:landmass	What countries are in Great Britain?	en
HUM:title	Who holds the title of Duke?	en
ENTY:plant	What does a wheat look like?	en
ENTY:termeq	What is another word for sad starting with u?	en
ENTY:other	What was the alternate to VHS	en
NUM:code	What do the numbers in an IP address represent?	en
NUM:code	What does error code E404 mean in web?	en
ENTY:animal	What is the largest cat species in the world	en
HUM:title	what is your dream job	en
ENTY:letter	What letter represents nitrogen on the periodic table?	en
ENTY:food	What is candy made from?	en
ENTY:word	What is a word that has more than one meaning?	en
ENTY:symbol	How is the © symbol used?	en
DESC:desc	What conveys storytelling quality?	en
ENTY:color	What is umber?	en
ENTY:body	What is the function of the hand?	en
ENTY:food	What chocolate bar created by Frank Mars and his wife is often called a Milky Way with peanuts	en
ENTY:body	How do capillaries exchange?	en
DESC:def	How does temporal deixis function?	en
ENTY:termeq	Name the Islamic counterpart to the Red Cross	en
ENTY:substance	What materials did the three little pigs use to build their houses	en
ENTY:termeq	What is the name for clouds that produce rain	en
ABBR:exp	Expand the acronym Hz	en
ABBR:exp	What does BUD stand for	en
ABBR:exp	What does AZE represent?	en
ABBR:exp	What is BPH	en
ENTY:instru	What is a fork used for?	en
HUM:gr	What do we call senators?	en
ENTY:instru	What is the highest note a soprano can sing?	en
ENTY:product	Which laptop is best for programming?	en
ENTY:instru	What is a scale used for?	en
DESC:def	How does connotation differ?	en
ENTY:lang	How many people speak Spanish?	en
NUM:speed	What is the top speed of a motorcycle?	en
DESC:def	How does hyponym relate?	en
ENTY:word	How many homophones does the word read have?	en
LOC:landmass	What is a peninsula?	en
ENTY:food	What is cake made from?	en
ENTY:color	What color is maroon?	en
HUM:desc	Describe a typical playwright	en
ENTY:color	What color is an Arctic fox in winter	en
ENTY:other	What did Tristan come back as	en
NUM:count	How many John Deere tractors have been manufactured	en
HUM:gr	Who produces Spumante	en
NUM:period	What is the standard duration of a TV show episode?	en
LOC:country	Where is Mexico?	en
NUM:volsize	How much blood is contained in an adult human body?	en
ENTY:veh	How many wheels does a large cargo airplane have?	en
LOC:landmass	How are peninsulas formed?	en
ENTY:plant	What does a pumpkin look like?	en
ENTY:product	What do you use a comb for?	en
ENTY:instru	What is a Lute?	en
ABBR:exp	How are abbreviations formed?	en
ABBR:abb	What does COO stand for?	en
NUM:count	How many bones are in the human hand	en
DESC:desc	How are experiences?	en
DESC:manner	How do I get a complete list of all the people that are living with the last name Kilvington	en
ENTY:animal	What makes chrysalis protection?	en
HUM:gr	What record company was formed by Herb Alpert and Jerry Moss	en
NUM:count	How many double-word-score spaces are there on a Scrabble Crossword Game board	en
ENTY:animal	What are birds descendents of	en
ENTY:product	Which browser is fastest?	en
ENTY:cremat	What is the Jewish bible called	en
ENTY:food	Where does coffee come from?	en
LOC:country	What country contains the westernmost point in South America	en
ENTY:letter	How many letters does the Dutch alphabet have?	en
NUM:date	What centurys the setting for TVs The Adventures of Robin Hood	en
NUM:count	What is the number of provinces of Italy?	en
ABBR:exp	What does GUM represent?	en
NUM:other	What is the population of the world?	en
NUM:speed	What is the maximum speed of a bicycle?	en
ENTY:instru	What is a Guitar?	en
ENTY:food	What is juice?	en
LOC:country	What country did King Gustav V reign over from 197 to 195	en
ENTY:word	What is the longest word using alphabetical order?	en
ENTY:color	How does saturation affect?	en
NUM:period	How long does it take the typical American to eat 23 quarts of ice cream	en
ENTY:body	What is the kidney for?	en
NUM:code	What is the hexadecimal code for delete?	en
NUM:count	Count the months in a year	en
ENTY:word	What English word has the most letters	en
ENTY:techmeth	How does expectation maximization work?	en
NUM:other	What is an integral?	en
NUM:temp	What temperature does alcohol boil?	en
NUM:other	What is a derivative?	en
ABBR:exp	What does DEU stand for?	en
ENTY:body	What are platelets?	en
ENTY:instru	How many holes does a flute have?	en
ENTY:plant	Which plant is used for natural dyes?	en
NUM:perc	What percentage is atmosphere?	en
NUM:money	How much did Lucy Van Pelt originally charge for psychiatric sessions	en
LOC:country	What is a country?	en
ENTY:food	To get the most caffeine, what soda should I drink	en
HUM:gr	Name a ballet company Mikhail Baryshnikov has danced for	en
ENTY:veh	What is a pulley?	en
ENTY:veh	What is a school bus?	en
ENTY:other	What commoditys shortage was the largest single factor in keeping North American cars off the roads during World War II	en
NUM:dist	How far is the Earth from the Sun?	en
ENTY:body	What are the labia?	en
ENTY:dismed	How do bacteria infect?	en
NUM:code	How are UPC barcodes constructed to prevent counterfeiting?	en
DESC:manner	In what way do economists calculate?	en
ENTY:other	How are historical sites named?	en
HUM:title	Who holds the title of Colonel?	en
NUM:other	What is the number of rivers?	en
NUM:perc	What percentage of people are ambidextrous?	en
NUM:volsize	what is the size, in cubic centimeters, of a tardigrade	en
LOC:water	What is the Mediterranean Sea?	en
HUM:ind	Tell me about Julius Caesar	en
ENTY:body	What does the nerve do?	en
ENTY:dismed	What is bronchitis?	en
ABBR:exp	NATO stands for what exactly?	en
DESC:reason	Why do neurons fire?	en
HUM:title	What position did Willie Davis play in baseball	en
NUM:other	How old is the Earth?	en
ENTY:instru	What is a guitar used for?	en
ENTY:event	Tell me about the 2008 financial crisis	en
DESC:manner	How does the Nintendo Zapper work	en
ENTY:symbol	what tarot card symbolizes good fortune	en
ABBR:exp	What does ALA stand for?	en
ENTY:religion	What is Sufi Islam?	en
ENTY:dismed	What is arthritis?	en
ENTY:event	What was the fall of the Berlin Wall?	en
NUM:ord	What is the eighth letter of the alphabet?	en
ENTY:dismed	What is the name of the chronic neurological autoimmune disease which attacks the protein sheath that surrounds nerve cells causing a gradual loss of movement in the body	en
HUM:ind	Who did the Seven Mules block for	en
ENTY:food	How is farro prepared?	en
ABBR:abb	Define the abbreviation OLED	en
ENTY:veh	What is the acceleration time from 0 to 60 mph for a BMW 3 Series?	en
ENTY:animal	What kind of creatures are black, yellow, and brown bullheads	en
NUM:dist	How far is Paris from London?	en
ABBR:exp	What does ATP expand to?	en
NUM:date	When was the fall of the Berlin Wall?	en
ABBR:exp	What does Hz expand to?	en
ENTY:religion	What is Mormonism?	en
LOC:other	What bay sparkles next to Miami, Florida	en
HUM:desc	Describe a typical journalist	en
ABBR:abb	What does SMTP send?	en
ENTY:letter	How many letters does the Welsh alphabet have?	en
NUM:period	How long does it take for Spider-Mans web to evaporate	en
ENTY:instru	How do you use a guitar?	en
DESC:manner	How do I start a web based business	en
NUM:dist	How many kilometers are in a mile	en
DESC:desc	What nuclear process takes place in an H-bomb	en
ENTY:plant	What is a lemon?	en
ABBR:exp	What does DNK expand to?	en
ABBR:exp	LASER stands for what exactly?	en
ENTY:animal	What makes surfacing necessary?	en
HUM:desc	What is a chemist?	en
LOC:other	Which way do you turn your Bic to increase the flame - clockwise or counterclockwise	en
ENTY:cremat	What is requiem?	en
NUM:ord	G. H. W. Bush was the 41st president, G. W. Bush was the 43rd president, but which one was J. F. Kennedy	en
HUM:ind	Who was Stephen Hawking?	en
ENTY:animal	What is a zebra?	en
ABBR:abb	What does USB stand for?	en
DESC:manner	How is digital audio used	en
NUM:dist	How far is Tokyo from Singapore?	en
NUM:speed	What is the speed of Earths orbit around the sun?	en
NUM:ord	What is the ordinal form of 1000?	en
NUM:speed	how fast can a human run	en
LOC:landmass	List 10 lakes or rivers in Iberia	en
DESC:desc	Can you describe the Amazon River?	en
LOC:other	What constellation is known as The Water Bearer	en
ENTY:body	How many bones are in the human ear?	en
HUM:gr	What is a coalition?	en
NUM:date	What year did WW1 start?	en
ENTY:instru	What instrument measures concentration?	en
NUM:count	What is the population of Italy?	en
ENTY:lang	Which language is spoken in Austria?	en
DESC:manner	In what way do hikers trek?	en
ENTY:substance	What are the properties of sugar?	en
ENTY:plant	What is the tallest tree species?	en
ENTY:food	What is egg made from?	en
ENTY:instru	How many strings does a zither have?	en
HUM:ind	How does an entrepreneur function?	en
ENTY:lang	What is Russian?	en
ENTY:food	What is cookie made from?	en
HUM:ind	How does a linguist contribute?	en
NUM:dist	How far is Yaroslavl from Moscow	en
HUM:title	What is the role of a CEO?	en
NUM:date	When was the electricity invented?	en
ENTY:color	What is the human range?	en
ENTY:substance	What is iron?	en
DESC:manner	How would I find the price of different organs that have been donated	en
ENTY:letter	What letter represents the dollar sign?	en
DESC:reason	What causes birds to fly south?	en
ENTY:color	What is melanin?	en
ABBR:exp	What does KIR represent?	en
LOC:other	Where is the Smithsonian Institute located	en
ENTY:lang	How is Korean organized?	en
DESC:manner	How does a hydroelectric dam work	en
HUM:ind	Tell me about Martin Luther King Jr	en
ENTY:body	Where is the bladder?	en
ENTY:event	How are theater performances staged?	en
LOC:mount	Which mountain is the highest in Africa?	en
ENTY:color	What color is teal?	en
LOC:country	What are the three most populated countries in the world	en
ENTY:termeq	What is another word for small starting with l?	en
NUM:period	What is the average length of a major league baseball game?	en
NUM:dist	What is the diameter of a golf ball	en
NUM:date	What year is etched on the Gold Medal of Excellence from the Paris Exposition depicted on a can of Campbells tomato soup	en
NUM:other	What is the melting point of gold	en
DESC:desc	Can you describe the Colosseum?	en
ENTY:letter	What is a phoneme?	en
ENTY:other	How are important documents digitized?	en
ENTY:animal	What makes senescence inevitable?	en
NUM:count	How many milliseconds in a second	en
NUM:perc	What percentage of people have allergies?	en
ENTY:color	What primary colors do you mix to make orange	en
ABBR:exp	POTUS expands to President of the United States?	en
HUM:desc	Who is Henry Butler	en
ENTY:color	What is the RGB value for white?	en
ENTY:word	What is the plural of the word ox?	en
DESC:desc	What must a Las Vegas blackjack dealer do when he reaches 16	en
ENTY:color	What are color standards?	en
NUM:period	How many hours does a professional athlete train per day?	en
ENTY:substance	What is pastrami made of	en
ENTY:sport	What hide-and-seek game is played around a tin can	en
ENTY:symbol	What is a religious symbol?	en
ENTY:termeq	What is another word for fast starting with q?	en
DESC:desc	How is confusion described bewilderedly?	en
ENTY:product	What do you use a mirror for?	en
ENTY:techmeth	Whats the best way to lose the flab under your chin and around your face	en
ENTY:animal	Whats the name of the tiger that advertises for Frosted Flakes cereal	en
DESC:reason	What was the claim to fame of the football game that saw Fordham defeat Waynesburg State 12601 on September 3, 1939	en
ENTY:symbol	Give examples of symbols that contain elements that are unrelated to the message	en
ENTY:body	What is the skin?	en
DESC:manner	How do you clean an LCD monitor screen	en
ENTY:animal	What mammal of North America is the worlds longest-lived for its size	en
NUM:dist	What is the width of the Atlantic Ocean?	en
ABBR:exp	SSH means what in full form?	en
NUM:weight	How much does a stone weigh in kilograms?	en
LOC:other	What is a nature area?	en
DESC:reason	Why does the sun shine only a short time in Alaska	en
ENTY:body	What is the function of the spleen?	en
HUM:desc	Describe a typical therapist	en
DESC:manner	How do you dunk	en
DESC:reason	Why does a candle go out when we blow on it	en
NUM:count	How many queen bees reign in a hive	en
ENTY:substance	What is oxygen?	en
LOC:state	What state on the Gulf of Mexico has its lowest point five feet below sea level	en
ENTY:dismed	What causes Parkinsons disease?	en
NUM:ord	How is tenth written?	en
LOC:city	What German city do Italians call The Monaco of Bavaria	en