label,text
exclamation,Què bel set de sol!
statement,La pel·lícula va rebre crítiques positives.
exclamation,Què meraviglia!
command,Deu-li a sbandar de ràpidament.
request,Ser-ia capaç de atender a aquesta petició?
command,"Podes dirigir a los clientes al mostrador, por favor."
exclamation,Què emoció és aquest moment!
wh_question,Qui va inventar la premsa de xilogravura?
exclamation,Què emocionant va ser el joc!
command,Duerma un poco.
statement,"Recentemente, va ser promovido a director."
wh_question,"Aquest moment, a on vols?"
statement,El tren ha estat retardat durant tretze minuts.
polar_question,No seria mejor de esta manera?
statement,Hemos visitat més de una vegada a aquest museu.
command,M’enviaràs un correu electrònic quan puguis.
command,Salta a conclusions si os atrevéts.
polar_question,Arribaràrem-hi aïgent?
command,Prepara la mesa per la cina.
command,Desconecteu els llums abans de sortir.
statement,El gat està dormint tranquil·lament al sofà.
command,"Podeu obrir la porta, per favor."
request,Què vols que faci partintents de la nostra cina?
command,Completa la tarea para mañana.
request,Podria organitzar una reunió aquesta semana?
statement,El sol esquiva a l'est cada dia.
exclamation,Què meraviglia d'elegante això!
exclamation,Què potent es el motor!
statement,El bebé està dormint tranquil·lement.
exclamation,Què una deliciosa la matèria!
statement,Dona treballa a una banc al carrer del centre.
request,Quería preguntarle si podría sugerirle un enfoque alternativo.
command,Descriu el procés de forma detallada.
command,Fabricar el prototip en la forma mostrada.
request,Podria passar-me el sal?
request,Podria dir-me com arribar a la estació?
exclamation,Què meraviglia aquesta vista!
statement,Ha contribuït de manera significativa al projecte.
statement,"El altre dia, va fer servir la bicicleta que estava cassada."
command,Prepara les teves maletes per al viatge.
exclamation,Què vent fort està vent!
command,Donin-me un moment per pensar.
exclamation,Què èsta és una realització remarcable!
polar_question,El test va ser difícil per a vostres?
command,Fixa-txes per a sortir abans.
exclamation,Què plat més picant és!
wh_question,Què dia va caírem el mur de Berlín?
request,Podria escriure-me una carta de recomendación?
exclamation,Què envejat és aquest mateix càtedra!
exclamation,Què una participació impressionant al lloc de la celebració!
statement,Visité la meva bona-vuda el passat esdeveniment.
command,Localitza el fitxer a l'adreç del servidor.
exclamation,Què una pregunta molt fàcil de respondre!
polar_question,Està lloviendo allà fora?
exclamation,Què impressionant és el teu treball!
statement,Haig de fer-te una regla per t'anclar.
polar_question,Has completat la task a temps?
exclamation,Què pitja de stupid error!
request,Quin donar-vos la confirmació de la vostra presència?
request,Podria donar-me un moment del seu temps?
wh_question,Qui va escriure Hamlet per Shakespeare?
command,Descarrega el fitxer del lloc web.
statement,El cafè està resfriant-se.
command,Explora les noves oportunitats del teu sector.
request,Seria amable de adiestrar-me?
request,Podria proporcionar més detalls sobre això?
polar_question,És això que t’ensenya sense cap sens?
command,Equilibiatriu la pressió dels tires.
request,"Podeu passar-me, per favor, el recibo?"
polar_question,Algun altra vegada?
polar_question,Deixo-vos a esperar aquí?
exclamation,Què majestuositat és aquest palàç!
polar_question,Aquest lloc ja ho has visistat?
command,Tomar este medicament dos veces al día.
exclamation,Qué nota perfecta en el examen!
command,Crea una copia de seguridad de les dades.
statement,Recembem feedback positiu.
wh_question,Qui va escriure Romeo i Juli?
statement,El magazin s'obrà a les nou demanades de la matinada.
exclamation,Què notant és el artista!
request,Posso reservar una mesa para dos esta noche?
command,"Signeu el document aquí, per favor."
exclamation,Què magnífica il·luminació al sol de la seara!
wh_question,Què és la població de Tòquio?
statement,El reloj marcó la medianoche exactamente.
request,Podeu deixar-me emprestar a sua caneta por um momento?
statement,Visíem la playa ayer.
command,Inici el procés immediatment.
command,Canvi els sets a el seu dispositiu.
request,Tens de temps per ajudar-me?
command,Defensa de la teva posició en el debat.
request,Quedaria benvingut que foste el patrocinador de la meva candidatura?
wh_question,¿Qual és el mar més profund del món?
request,Podria flexionar las reglas solo esta vez?
request,"Podria dedicar unos minutos a mí, por favor?"
statement,Els nens estaven jugant al parc.
exclamation,Què calma té aquesta tarda!
command,Inicia sessió a la teva compte ara.
command,Dirigeu el teatre a la victòria amanut.
command,"Pli, gira a la izquierda en la esquina."
command,Revisca els notes amb atenció.
exclamation,Què cosa de terribles era la pel·lícula!
request,Podría entregarlo mañana por la mañana?
polar_question,Va dir algú alguna cosa important?
exclamation,Que magnífic windows de vitraliu!
wh_question,Per què soнем de nit?
command,Fergueu la finestra abans de sortir.
request,Podria convertir-ho en una tarea prioritaria?
exclamation,Què ridículo és aquesta situació!
exclamation,Què enfado és aquest ruid!
command,"Tenga precaución, por favor."
request,Podria trobar-ho el temps al seu calendari?
command,Finalitza l'acord avui.
statement,Escriviu una carta a la seva amiga.
command,Collabora amb altres persones en aquest projecte.
wh_question,Qual és la fórmula química del·aigua?
exclamation,Què geniu musical és!
wh_question,Què hora arribarà el paquet?
command,Continua amb el pla amb la discussió anomenada.
exclamation,Què una llum tan clar!
exclamation,Què de extraordinarament bell és això!
wh_question,"Què és el seu nom, per favor?"
statement,La política s'ha implementat amb succes.
statement,La pluja s'ha posat de repente aquesta matí.
request,Podria conectarme con el soporte?
command,"Despiriu-se molt molt molt molt molt molt molt molt molt molt molt molt molt molt molt molt molt molt molt molt molt molt molt molt molt molt molt molt molt molt molt molt molt molt molt molt molt molt molt molt molt molt molt molt molt molt molt molt molt molt molt molt molt molt molt molt molt molt molt molt molt molt molt molt molt molt molt molt molt molt molt molt molt molt molt molt molt molt molt molt molt molt molt molt molt molt molt molt molt molt molt molt molt molt molt molt molt molt molt molt molt molt molt moltă, dar, dar, dar, dar, dar, dar, dar, dar, dar, dar, dar, dar, dar, dar, dar, dar, dar, dar, dar, dar, dar, dar, dar, dar, dar, dar, dar, dar, dar, dar, dar, dar, dar, dar, dar, dar, dar, dar, dar, dar, dar, dar, dar, dar, dar, dar, dar, dar, dar, dar, dar, dar, dar, dar, dar, dar, dar, dar, dar, dar, dar, dar, dar, dar, dar, dar, dar, dar, dar, dar, dar, dar, dar"
request,Variaria el teu calendari per això?
statement,L'equip s'ha estagiat molt per al partit.
command,Identifica el problema de manera rápida.
statement,Els resultats superaven les nostres expectatives.
statement,Els nens estan fent les seves pràctiques.
exclamation,Què enorme és aquest edifici!
wh_question,Què país té més habitants?
request,Podeu deixar-me usar o vosso telemóvel por um momento?
statement,El sempre bevia cafè al matí.
exclamation,Què remarcável precisió és això!
polar_question,No nos habían advertido ya?
request,Podria preguntarme per la seva opinió sin dubte?
statement,Fa cinc mílunes cada matí.
wh_question,¿Dónde está el hospital más cercano?
exclamation,Què valentós que et heu fet això!
polar_question,Alguien ha visto mis llaves en algún sitio?
wh_question,"Aquesta caixa, ¿a dara?"
request,Podria aclararme per favor?
statement,El temps ha estat imprevisible últimament.
wh_question,-Què pensen allora aquím?
exclamation,Què notícia tan emocionant!
command,Participa a la discussió quan puguis.
statement,Els estudiants estudien per a les tasses.
request,Què pensaria si extendés esto?
statement,El producte ha estat millorat de manera significativa.
statement,El problema ha estat resolut de manera elegant.
command,Calcula els gastos totals per a aquest mes.
request,Podria baixar un poco la música?
command,Desconecteu-se correctamente una vez finalizado.
statement,Ella ensina matemàtiques a un institut secundari.
exclamation,Què harmònia absoluta és això!
polar_question,Ha telefonat ja hoy?
command,"Presenta el candidat per a aquesta data, esdevençent a més, per a la passada nit, viernes."
wh_question,¿De dónde nace el río Amazonas?
command,Determina la causa del problema.
exclamation,Què tremendo refrescant és aquesta bebida!
request,"No t’interèssi esperar un moment, por favor?"
command,No hogués més a la cutia i agiu ara.
exclamation,Què idea genial és!
statement,L'ensenyà va explicar la lesió clarament.
exclamation,Què magnífica orquestra és!
wh_question,Aquest element té el número atòmic 1.
request,Quedaria benvingut que fos el patrocinador de la meva candidatura de membresía?
request,Seria possible reprogramar la nostra reunió?
exclamation,Què cosa de extraordinària és aquesta obra d'art!
command,Focar-se en la tarea en cuestión.
request,Podria garantir que se haga hoy?
wh_question,Qui va pintar El Nit Estrellado?
exclamation,Què petit gat és això!
statement,El coche se averió en la autopista.
command,Termine el projecte per a la finalització de la setmana.
statement,Hem estat en busca d'un nou apartament.
polar_question,Vinar-se a un lloc especial aquest esdeveniment?
exclamation,Què fort temporal de tempesta hacíem!
wh_question,Qui va dir-vos aquella història sobre el incident?
request,Quedaria disposat a aquesta proposta?
wh_question,¿Dónde se encuentran las pirámides de Guiza?
exclamation,Què una aurora boreal espectacular és!
exclamation,Qué gran actuación del equipo!
request,Podría solicitar una transferencia a otro departamento?
request,No t’interèssi si m’unissè a t’company per al llunjo?
exclamation,Què meravellós és aquestes esglutar!
request,Podria processar la meva candidatura el dia de hoy?
wh_question,Què dia va naufragar el Titanic?
command,"Por favor, guíenlos hasta la salida."
command,Dirigir-se de manera segura per les rutes actuals.
request,"A més pla, hagués voleu cancel·lar la meva subscripcó?"
command,Expande el teu coneixement cada dia.
command,Cancella l'abonament immediatament.
wh_question,Què és la substància natural més dura?
request,Podeu recomanar un bon restaurant a prop?
statement,Els nens han tingut un comportament molt correcte ultimament.
wh_question,Què de profund la Fosa de Mariana?
command,Sugeri els pacients a un especialista quan sigui necessari.
command,Participa de la cena esta noche.
request,Quedaria gracies si me concediera el permiso per això?
command,Manteniu-la simple i clara.
request,"Podria rebre un plat de l'aigua, per favor?"
statement,El llibre pertine a la biblioteca.
request,Podeu preguntarme una cosa sobre aquest tema?
exclamation,Què tragèdia és aquesta història!
wh_question,Qui ha desenvolupat la teoria de la relativitat?
exclamation,Què calor fa el dia d'hores!
polar_question,No li sembla això curiós?
exclamation,Què genial és la seva solució!
exclamation,Què interessant és aquest història!
command,Implementar la solució com s’ha propòs.
exclamation,Què sort avreu que tinguessis aquesta oportunitat!
wh_question,¿Dónde se encuentra el Kremlin en Moscú?
command,Elimina les despeses innecesàries del budget.
wh_question,Qui va descobrir la penicilina?
request,Podria enviar-me el informe por correo electrónico?
exclamation,Què ràpid va ser el servei!
statement,Ha estat practicant el piano cada dia.
exclamation,Què paper té el gatxet!
request,"Podria repetir, por favor?"
command,Contribúuix us les idees per a la discussió.
command,Continua amb el procés com estava planejat.
command,Siguiu cal durant la reunió.
command,Fixa la teva cama cada matin.
statement,He treballava amb això des del matí.
request,Podria haver-me les informacions de contacte?
polar_question,S'havat a considerar totes les opcions abans de decidir?
command,Escriu el teu nom al formulari.
exclamation,Qué vista espectacular des dall aquí!
exclamation,Què pel·lícula terribles va ser!
statement,La situació està demanant més complexitat.
wh_question,Per què va sortir tan prematur aquesta matí?
command,Evaluar el rendiment del conjunt.
request,"Podria deixar de ser còmic durant la presentació, per amor de bé?"
polar_question,Què vols d'un cafè?
exclamation,Què de tremendament vibrants són aquestes colors!
wh_question,Per què s’aconsegue això a la pràctica?
command,Reúne les informacions de totes les fonts.
request,Podeu sentar-se aqui nesta banca?
exclamation,Què una risotada grosera va ser la que has dit!
statement,L'ensenyàdor va donar els estudiants el treball de casa.
command,Ve a la tienda a comprar leche.
command,Present-vat-se al grup.
exclamation,Què una impressionant col·lecció que tenés!
statement,La música escoltava-se de forma suave al fons.
exclamation,Què descoberta incredible!
exclamation,Què pel·lícula de pèrdua!
polar_question,Qui va participar més en el esdeveniment?
command,Vingueu-ureu-ureu al mig al mediodía del dia de amaner.
wh_question,Què pesa un elefant?
request,Podria fer-me una veritatció de aquesta informació?
request,"Podeu haver la seva atenció, per favor?"
polar_question,Parla el español con fluidez?
statement,Pareu estar molt nervós durant l'entrevista.
request,Podeu deixar-me ir cedo hoje?
command,"Si dona ambxona i relaxi, per’vins."
command,Llegeu aquesta obra quan tinguiu temps.
command,Aborda els teus temors i supera-los.
statement,Parla fluent tres llengües.
polar_question,Estaban en casa cuando has llamado?
command,Traigue els documents amanh demanem.
statement,El programa de actualització recent.
command,Afeguda't a les teves habilitats cada dia.
command,Aplicar presión suavemente sobre la herida.
statement,El riu fluja tranquil·lement pel bosc.
exclamation,Què meraviglia aquesta actuació!
request,Pudiria contar con el seu suport per això?
exclamation,Què de hilarant era aquell plaió!
statement,Va graduar de la universitat l'an passat.
command,Acompanar-la al médico mañana.
request,Quin és el seu nom per favor? Ho firmaria aquí a aquesta línia.
command,Escusiu't amb atenció als instruccions.
request,Podria explicarme això de manera clara?
request,Podria veure si hagués alguna manera de ajudar amb això?
wh_question,Quin és el teu actor favorit pel cinema?
statement,Pareu que gaudeava del seu nou treball.
polar_question,Quedaria alguna objecció a aquest projecte?
exclamation,Que gran idea tens!
statement,Jo gaudeix del temps calent.
statement,Ha sempre estat una estudiantessa compromesa.
command,M’enviaràs els detalls quan estiguin tots preparats.
statement,Volem veure el sol en plemena del coll.
command,"Podes llevarme a la estación, por favor."
command,Completa la tarea para el viernes.
statement,Ha passat la matinada sense saber que ha oblidat el seu portamolles a casa.
wh_question,Què any va acabar la Segona Guerra Mundial?
request,Tens del temps per revisar aquest document?
exclamation,Què colorats són les flors d'estiu!
request,Creu que seria convenient aprovar aquesta petició?
statement,"Quina sigui la que més t’ajusti, és benvenuda per a mi."
polar_question,Està encara treballant amb aquest projecte?
exclamation,Què meraviglia la vostra obra!
wh_question,Aquestes plantes absorben el següent gas del aire:
command,Investigue més a fons sobre aquest tema.
request,"Podria parlar amb el gestor, per favor?"
statement,El tràfic ha estat terribil aquesta tarda.
statement,L'economia ha crescut de manera estable.
statement,Conocem-nos des de fa anys.
polar_question,Deia si hauria que disculpar-me per el meu error?
statement,El concert estava completatament sol·lícit.
command,Corrige els errors del document.
statement,Haig perdu els meus claus algú algú al lloc de la casa.
exclamation,Un enorme elefant al zoo!
statement,El restaurant serveix una excel·lent cuina italiana.
wh_question,¿De qué manera está el baño desde aquí?
exclamation,Qué belíssima línia de colors després de la pluja!
command,Interpreta els dades de manera precisa.
polar_question,Conoces la resposta a esta pregunta?
statement,Han estat planejant aquesta viatge durant mesos.
exclamation,Què de radiant és aquesta llum del sol!
wh_question,Què planeta té més lluns?
command,Treca el leva per iniciar la maquinària.
statement,El projecte progressa sense problemes.
polar_question,No tinguem que esperar un peu més?
polar_question,Algun altra persona ha notat aquest problema?
exclamation,Que magnífica construcció és aquesta!
polar_question,Estarà allí a la reunió?
request,Què vols que faci aquesta task?
statement,"Recentment, m'han sentit exaurat."
exclamation,Què una pacífica era és aquesta!
request,No molesta si abre la ventana?
request,"Podeu deixar-me falar com o serviço de atendimento ao cliente, por favor?"
exclamation,Què de ensordecedor és aquest ruïeu!
statement,"Abans del mes, van a comprar un nou cotxe."
wh_question,Què mons de continents hi són al món?
exclamation,Doncs és molt agradable aquesta jarduera!
command,Celebreu els seus resultats cada dia.
request,Podeu sol·licitar un bon de returni per aquest product?
wh_question,Aquesta és la velocitat de la llum en km/s.
command,Excuse me for a moment while I answer this.
statement,"El paquet va arrivar aquesta tarda, com es va esperar."
polar_question,S'han marcat ja per l'aeroport?
polar_question,No hauriais intentat esforçar-vos més per tenir èxit?
wh_question,Aquesta és la hora a la qual el magazin se va cloure aquesta dia?
polar_question,Comprobareu amb el pla amb el que partireu?
exclamation,Què de delicieux és aquest desert!
request,No t’importaria terribilment si preguntara por ayuda?
wh_question,Doncs quan vivuen aquí a aquesta ciutat?
request,Podria fer-me una traduccó de aquest document?
wh_question,Deu de merda a les chiflades? (¿Dónde puso las llaves del coche?)
wh_question,¿Dónde se encuentra el Coliseo en Roma?
request,Volèries que revisis aquest document?
exclamation,Què meravellós és aquest moment!
request,Podria adaptar este cambio en el horario?
exclamation,Què talent amb la vostra!
polar_question,Era el film que has visuat molt bé?
command,Consulta el teu calendari per comprovar la disponibilitat.
exclamation,Què magnífica és aquesta vista!
command,Manteniu el foc en els teus objectius.
command,Assista a la reunió de manera oportuna a las 3 de la tarde.
polar_question,Quin és la probabilitat de que esquiri aïda amanh segons les previsions?
statement,La empresa s'ha ampliat a nivell global en els últims anys.
wh_question,Com és el gran dels Sol en comparació amb la Terra?
exclamation,Què espectacular sol de setembre!
exclamation,Què una gran victòria és això!
request,"Podria proporcionar-me els detalls, per favor?"
command,Reúnen les vostres promeses als altres.
polar_question,Erau les instruccions suficientment clares per a vostres?
request,Podeu comprovar el estat del meu compte en línea?
exclamation,Què meravellat és aquest dia!
wh_question,¿Qué es lo que ha passat anoche a la festa?
exclamation,Què sorpresa va resultar aquesta festa!
wh_question,Quí vulc és el més proper al Sol del nostre sistema solar?
request,Podría proporcionar un número de seguimiento para mi pedido?
wh_question,Com et vaure? Desitzo que et estee ben.
exclamation,Què magnífica catedral és!
command,"Abans de decidir, ha de tenir en compte totes les opcions."
wh_question,Què dista la lluna de la Terra en quilòmetres?
command,Practica les teves classes de piano cada dia.
exclamation,Què generos són molt!
exclamation,Què impressionant d'arquitectura té aquest edifici!
request,Podria prioritzar aquest problema per a mi?
command,Executa el plan com es va discutir.
command,Exporta els dades a una lletxa.
statement,Olvidai de telefonar a la meva madra ayer.
statement,Han vivit aquí durant els últims diez anys.
wh_question,Què bones hi són a l'organisme humà?
wh_question,¿Con qué edad es la Tierra en miles de millones de años?
exclamation,Un final tan feliz a la història!
request,Podeu canviar la seva reserva per a una altra data?
request,Podeu mostrar-me outras opções disponíveis?
exclamation,Què magnífica este aquest oli verd!
request,Aquestes serian les recomandes per a restaurants?
wh_question,¿Qual és la capital de Austràlia? Canberra.
request,Podríem discutir este asunto más a fondo?
command,M'hagin't quan arribis a l'adreça.
polar_question,Estuès a prop de estar ben?
command,Imagina les possibilitats que t’avallen el futur.
request,Podria empajar el seu bolígraf per un moment?
exclamation,Què de delicat aquest chocolate!
command,Examineu les evidències amb atenció.
request,Seria amable de revisar este documento?
statement,Esperavam bons nous.
statement,Les flors estan en plena floració durant la primavera.
wh_question,Quan arribàs al aeroport?
polar_question,Què dia per la reunió?
exclamation,Què accident terrible va ser!
command,Deu el vostre treball a temps per a la data màxima.
exclamation,Que meravellosa actuació de l'orquestra!
statement,Són els meus millors amics des de la més mica.
polar_question,"En última instancia, és important?"
command,"Podes traiar-me un peu d'aigua, per favor."
statement,Ha gestionat el equip amb eficacitat.
exclamation,Què una espectacularescenes de dansa és aquesta!
request,Podria empaquetar esto como un regalo para mí?
command,Visca molt cedo per evitar el tràfic.
command,Presiona el botón per iniciar el procés.
exclamation,Què fuga tan ruda va ser!
wh_question,"Aquesta pregunta no té una resposta clara, però el record de velocitat del ghepard és de 72,7 km/h."
wh_question,Quina seria la millor solució per a aquest problema?
exclamation,Què meraviglia!
command,Forma un equip per al projecte.
command,Introduce la teva contraseña per accedir al sistema.
wh_question,¿De qué manera debería abordar este problema?
exclamation,Què èsta és una realització remarcable!
polar_question,Vols a participar en la conferència?
statement,Ha viuat sola des del últim any.
statement,Ella canta bellment al cor de la catedral.
command,Abordar els elements bàsics abans de continuar.
request,Podria haver alguna posibilidad de que me prestara su ayuda?
wh_question,Aquest és el teu preferit?
command,Estudiar per al examen de mañana.
command,Disfrutiu la seva relluna al restaurant.
command,Vina-ureu i et'aquesta.
request,Podria enviar aquest correu electrònic al meu col·legue?
statement,Ricordo que te jsem conocido en la conferencia del año pasado.
polar_question,Serà el dia ensolarat amanuemte segons el temps?
polar_question,No és interessant saber-ho?
request,"Podria repetir, por favor?"
statement,I els leo més de temps lliure.
request,Podria investigar este asunto por mí?
wh_question,¿Dónde se encuentra la Gran Muralla de China?
exclamation,Què mercadorament valuït és aquest antic!
command,Integrar els sistems junts.
exclamation,Qué genial és la teva idea!
polar_question,Vols a veure pel·lícula?
exclamation,Què tremendament pacífica és aquesta mica!
wh_question,Per què és tan cansat/a tänvind?
command,Siguiu les instruccions amb atenció.
wh_question,Què recomandies que façaig?
statement,El pintor va ser creat per un artista famós.
wh_question,Quí qual és el oceàn més gran de la Terra?
command,Reúnen el formulari complet.
command,Presentar la queja al director.
wh_question,Què és el país més petit del món?
request,Podria organitzar-me un transport?
statement,Acabàvem el diner a les 20:00.
polar_question,Creus que s'ha de resoldre?
command,Ensambleu els mobles amb cura.
exclamation,Què sort avreu que tinguessis aquesta oportunitat!
statement,Han estat amics des de la infancia.
polar_question,Debo llevar algo a la fiesta?
command,Edita el document abans de enviar-lo.
exclamation,Què desenvolupament impressionant és això!
request,Podria proporcionar el seu feedback a este respecto?
exclamation,Què de deslumbrant són aquestes llumtes!
command,Soluciona el problema lo antes posible.
command,Guia els turistes per la ciutat.
statement,Ha treballat aquí durant cinc anys.
exclamation,Què de difícil és aquest desafi!
command,Etiquetés amb clau els articles.
command,Debatiem sobre els merits de aquesta proposta.
command,Escolliu els teus mots amb atenció quan parles.
request,Podria actualitzar la informació que he proporcionat?
exclamation,Què una impressionant demostració de talent!
exclamation,Què tremendament coloritolt és aquesta obra d'art!
exclamation,Què puzzle difícil és!
request,No tindries objeccions a aquest projecte?
polar_question,No ha estat treballant molt la última?
command,Espera a mí a la estación.
polar_question,No tinguem una altra manera de resoldre això?
request,No tinguéssiu una mica de paciència mentre es espera?
statement,El cielo és blau avui.
command,Estima el cost de project.
wh_question,¿Dónde se encuentra el desierto del Sahara en África?
polar_question,Quin és el nostre temps per anar al aeroport?
exclamation,Què pareu una tarea tan simple!
exclamation,Què de dulce és aquesta melodia!
polar_question,No era com que no fosses a la reunió?
command,Inclou els detalls en el rapport.
polar_question,Veus que ja havies visto alguna cosa parecida en la vida?
request,"No molesta si cierra la puerta, por favor?"
command,Explica el teu racionament de dinadesa per a aquesta decisió.
command,Retira el sac elentze.
statement,Esperem una hora.
polar_question,Quin dia necessitem una umbrela?
statement,Ha estat aprendent castellà els fins de setmana.
exclamation,Què notícia tan terribles!
request,Podria hacer una excepción por mí esta vez?
statement,L'experiment va donar resultats interessants.
exclamation,Què impressionant és aquest resultat!
command,Decoreu el camí per la festa.
exclamation,Què una conferència engana!
statement,Ha estat estudiant per a les seves tasses.
command,Aprendre dels errors i millorar-ho.
wh_question,¿Qual és el riu més llarg del món?
statement,El cànid va perseguir al gat per tot el cop del arbre.
polar_question,S’ha put al diade saber-ho?
command,Gestiona el teu temps de manera avisada.
exclamation,Què tremendament inspirant és aquest discurs!
exclamation,Què oportunitat extraordinària és!
exclamation,Què magnífica panoràmica ofereix aquesta vista!
request,Podeu dir-me sobre aquesta matèria?
command,Revisa el nivel de aceite del teu carro.
request,Podria ampliar-me sobre aquest punt?
wh_question,Qui va pintar la famosa pintura de la Mona Lisa?
request,Podeu preguntarme una cosa sobre aquest tema?
request,Quedaria disposat de compartir els seus pensaments?
wh_question,Què hora ha de sortir per l'aeroport?
wh_question,Aquest metal és líquida a temperatura ambiente?
wh_question,Què costa això en dolors?
command,Distribuïu els materials a tots els participants.
command,Conecteu els cabals adequadament al dispositiu.
statement,Els nens estan jugant al jardí.
request,"Sols, sabiaus ondonar ondonar ondonar ondonar ondonar ondonar ondonar ondonar ondonar ondonar ondonar ondonar ondonar ondonar ondonar ondonar ondonar ondonar ondonar ondonar ondonar ondonar ondonar ondonar ondonar ondonar ondonar ondonar ondonar ondonar ondonar ondonar ondonar ondonar ondonar ondonar ondonar ondonar ondonar ondonar ondonar ondonar ondonar ondonar ondonar ondonar ondonar ondonar ondonar ondonar ondonar ondonar ondonar ondonar ondonar ondonar ondonar ondonar ondonar ondonar ondonar ondonar ondonar ondonar ondonar ondonar ondonar ondonar ondonar ondonar ondonar ondonar ondonar ondonar ondonar ondonar ondonar ondonar ondonar ondonar ondonar ondonar ondonar ondon"
exclamation,Què joc tancat va ser aquel partid de bàскет!
exclamation,Què remarcàblement intrincs és aquest disseny!
command,Informa el grup sobre les actualitzacions.
wh_question,Què temps du tot és per orbitar la Terra?
wh_question,¿Qual és el mamífer més gran de la Terra?
request,Podría cambiar la fecha de mi cita para la semana que viene?
command,Conttacteu-vos amb el nostre equip de suport per obtenir ajuda.
command,Notiureu-se alguns refrescos.
command,Evituiu els gasts excessius aquest mes.
polar_question,No s'va que va a llover avui?
request,Podeu ajudar-me com este problema?
command,Reformat el teu camí per a que arriguin els convidats.
polar_question,¿Devem havíem fet diferent?
wh_question,Què altet és el Mont-Everest en metres?
exclamation,Què velocitat té aquesta mica de cotxe esportiu!
exclamation,Què deliciós sortida va resultar!
statement,El jardí ha estat florent meravillós aquestes primavera.
statement,El edifici ha estat renovat de manera feliç.
wh_question,¿Qual és el desert més gran del món?
statement,La conferència va ser molt informativa.
command,Agaixa el trench al cabestany.
exclamation,Què escatolístic és aquestes il·lusió de llum!
exclamation,Què una situació tan pròxima!
wh_question,"Aquesta pregunta, ¿quina preferires entre estas opcions?"
request,Podria suggerir-vos una solució per a aquest problema?
statement,Tinc dos brors i una sisà.
request,"Passaria el sal, per favor?"
command,Inspecta el equipament abans de l'utilitzar.
statement,El tren arriba a mediodía cada día.
exclamation,Què design remarcablement creativ va ser!
statement,El llibre va ser escriure per un autor famós.
wh_question,"Qual és la moneda de Japó, el yen?"
request,"Podeu donar-me un trobat de pastel, per favor?"
command,"Si tenés algún problema, avisa al directivo de inmediato."
statement,Ha pintat els murs de blanc el passat weekend.
request,"Podria proporcionar el seu feedback aquest tema, per millor?"
statement,Els els són els que volen al sud per passar l'hivern.
exclamation,Què magnificant palat s’està!
exclamation,Que dia magnífic per a una passejada!
request,Podria ser una molestia si te pedía un favor?
wh_question,Qui va inventar la linterna Thomas Edison?
wh_question,"Què és el que, en la seva opinió, podria causar aquest problema?"
request,Podría pedirle que me ayudara con esto?
command,Veig al tabli d'instruccions.
statement,La situació ha estat controlada.
request,Podria haver alguna posibilidad de que lo arreglara por mí?
exclamation,Què de majestuosa és aquesta bailarina!
exclamation,Qué fantàstic és la vista des del balcó!
request,Seria amable de ajudar-me?
exclamation,Què geniú com és que has resold aquest puzzle!
exclamation,Què cosa de terribles són aquestes pel·lícules de terror!
wh_question,"Què era la primera persona a pisar la lluna, Neil Armstrong?"
wh_question,¿Dónde se encuentra Machu Picchu en Perú?
command,Desarrolla una estratègia per al successiu.
wh_question,¿Dónde se encuentra el Taj Mahal en la India?
command,Limita els teus gastos aquest mes.
statement,La comida del restaurant estava deliciosa.
request,Podeu ajudar-me con esta tarea?
command,Dibuja un diagrama del proceso.
command,M'envía un SMS más tarde cuando tengas tiempo.
request,"Podria restituir-la al viernes, per’avui?"
exclamation,Què de tediosos són ells papers!
statement,Ha recuperat molt bé després de la cirurgia.
wh_question,Per què és aquí a aquesta reunió?
command,Controla el teu temperament en situacions difícils.
exclamation,Què fascinant és aquesta descoberta!
command,Instal·la el programa al seu ordinador.
polar_question,No t’he comento això?
exclamation,Què un estrépit horríbil fa aquesta construcció!
command,Inici el motor del carro.
statement,La pel·lícula va ser fantàstica anoche.
exclamation,Què porro és aquesta sala!
exclamation,Què gran explosió va ser!
command,Revisa el teu espai de treball abans de sortir.
exclamation,Què spectaculares són aquestes il·lusió de fueu!
command,Forgive and forget past mistakes.
wh_question,Què número de països hi són actualment a Europa?
statement,La proposta va ser aprovada unànimement.
request,"Podeu enviar-me, por favor, o recibo deste pedido?"
request,Pudiera depender de mí para esta tarea?
wh_question,¿Dónde se encuentra el Monte Kilimanjaro en África?
statement,M'avíegenç després de la llarga caminada de ayer.
wh_question,Quan arribaren els humans per primera vegada a la lluna el 1969?
request,Podria fer una excepció per a mi?
command,Siguiu els senyals per a la sortida.
statement,El temps era inusualment fredol ayer.
wh_question,Qui va inventar el telèfon Alexander Graham Bell?
exclamation,Doncs que és molt impressionant aquesta vista!
request,Què piensen de la proposta que he fet per a aquest projecte?
exclamation,Què de gloriosament magnífic és aquest alzament del sol!
wh_question,Aquest metal és el millor conductor de la electricitat.
request,Podria ser amable de prestarme alguna ayuda?
wh_question,Què data va construir el Torre Eiffel a París?
command,Superar les expectatives en el teu treball.
polar_question,Estan venjant a la festa aquesta nit?
request,"Podria obrir la finestra, per favor?"
request,No t’interèssi compartir el document amb a me?
command,Entrega el paquete a la dirección.
command,Il·lustri el concepte amb exemples.
command,Dona un missatge al teu брат quan tinguis oportunitat.
exclamation,Què una impressionant demostració de destreza!
wh_question,Quina fruita conté més vitamina C?
command,Genera un informe sobre los resultados.
request,Podria aclarare aquest punt per a mi?
command,Activa la funcionalitat a les setes.
command,Fomenta el trabajo en equipo entre los compañeros.
request,Podria fer-me una petició per a la vostra presència a la reunió?
statement,Toca la guitarra cada dia per practicar.
statement,Ha estat fent un gran itinerari per treball.
command,Comença la campanya la semana que viene.
command,Prolongue el termini per les presentacions.
wh_question,Aquest és el color preferit del teatre: el vermell.
exclamation,Que delicios el aroma de la cocina!
statement,El nen de l'altra sala està fent de cap.
command,Passa el sal al teu vecí.
wh_question,Deu-vos-la-va a aprendre a parlar tan bé?
statement,Ella està lleegurant un boig per davant de la finestrella.
exclamation,Què fredesc allà fora tän sobt!
command,Torneu a la dreta al següent semafor.
request,Què vols que faci amb això?
statement,El peix està nadant a la llauna.
exclamation,Què meravellosa vaig veure-t'en!
command,Escriu el teu treball a la teva agenda.
polar_question,Prefereix el tè o el cafè al matí?
statement,Les flors estan caiant de les arvores.
exclamation,Què cal la sopa al màquet!
command,Ponga els plats a l'escenya.
wh_question,Aquesta és la hora marcada per la reunió.
statement,El temps es cosa de urgència al mur.
command,Beure molta aigua durant tot el dia.
wh_question,Qui és el seu canvior preferit del món?
exclamation,Què una deslumbrante performance del artista!
statement,El coche está aparcado en el camino de entrada.
command,Descalza-te a la porteria.
wh_question,Quante llengües coneixes fluentment?
statement,Estu fent menjar a la cocina.
exclamation,Què de brillant és la lluna aquesta nit al cel!
command,Porta l'guarda-sol quan vinguis.
wh_question,Què és la població de la seva ciutat?
statement,Els els canten al matí.
exclamation,Què refrescant és aquest limonada!
command,Soha no teu mòder aquests esdeveniment.
wh_question,Quina és la temporada que més t'agrada de l'any?
statement,El gelat degres amb el sol.
command,Podes hacer el pedido antes de mediodía.
wh_question,Aquest és el tipus de música que més t’agrada escoltar.
statement,El quadro pende al-dessus del camíner.
exclamation,Què deliciosament és aquest pa casolà!
command,Deu de nou els seus llibres emprats a la biblioteca.
wh_question,Qui t'ha ensenyat a fer de ciclista?
statement,El telèfon està sonant a l'altra sala.
command,Apague la linterna sobre el pastel de cumpleaños.
wh_question,Què és la capital de la seva país?
statement,El·gat geu a la porterella.
exclamation,Què un gos verdorrat a la finestra!
command,Comparte la teva experiència amb el grup.
wh_question,Aquest és el lloc que vaig visitar en la última vacació.
statement,La línia de cera està al foc a la taula.
command,Abri el present amb cura.
wh_question,Aquesta és la vostra edat si no us importa preguntar-ho?
statement,El tren s'està aproximant a la estación.
exclamation,Un jardí molt bell ple ple d'estils!
command,Manténgueu la porta oberta per a altres persones.
wh_question,Quin és el teu pel·lícula favorita de tots els temps?
statement,El màgic ha passat mal en la nevera.
exclamation,Cú m'alt és aquest rasc d'encorat al centro!
command,Abona les plantes al jardí.
wh_question,¿En qué día de la semana és el teu dia més ocupat?
statement,La carta va ser entregue esta mañana.
command,Fes les cortines abans de dormir.
wh_question,Qui és el teu millor amic del món?
exclamation,Què melodia dolç provenia del piano!
statement,Els drosses estan sota la cama.
command,Sèglitz l'alarma per les 7 de la matinada.
wh_question,Aquest és el sport que més t’interessa jugar.
statement,El café abre a las seis de la mañana todos los días.
exclamation,Què frambuesaixen roses aquests a la florera!
command,Manteniu la porta lansa durant la nit.
wh_question,Què dista el lloc de treball del teu domicili?
statement,El foc craqueix a la peiora de la chimenea.
command,Selecciona un lloc al teatre.
wh_question,Quin és la teva carrera de soca quan cresques?
statement,Les claves penen al ganch.
exclamation,Què fofuesc aquestes nuvades al cel!
command,Colgaix la foto al mur.
wh_question,Aquest tipus de cuina que preferiu menjar?
statement,El autobús llega cada quince minutos.
exclamation,Qué magnífica águia que vuela por encima de nosostra!
command,Etiueu els documents per la reunió.
wh_question,Quin cap de quan et exercieu en una setmana?
statement,El sol es degençant-se per sobre el orizont.
command,Frota el present amb paper colorit.
wh_question,Que faria amb un milió de dòlars?
statement,El gat està sentjat al altorra del ventalló.
exclamation,Què de sorridents són els operaris de la construcció!
command,Deixa un mesaj després del bip.
wh_question,Qui va inspirar-te a seguir la teva carrera?
statement,El llibre està amb les seves pàgines obertes a la taula.
command,Reumplirem la botella de l'aigua abans de sortir.
wh_question,¿Qual és el lloc més bell que haus visitat?
statement,El vent fa una brisa fina per les arvores.
exclamation,Què una cina romàntica és aquesta seara!
command,Mueve los muebles para reorganizar la habitación.
wh_question,Quin festiu és el teu preferit de l'any?
statement,L'avió està volant molt alt al cel.
exclamation,Què tranquil·lit és aquest parc al matí!
command,Porta el sac de la basura al contenedor.
wh_question,Com sol·lenu sol·lenament els teus fins de setmana?
statement,La sopa està a ebullir al màquinar de gas.
command,Aquesta vase es de posar al frontón.
wh_question,¿Qual és el propòsit de aquesta reunió d'ho dia?
statement,La llum està passant per la finestrella.
exclamation,Qué magnífica vista de les muntanyes!
command,Conecteu el carregador al seu telefóni.
wh_question,Aquest és un dels esdeveniments històrics que més fascinenem.
statement,La bandera agita al viento.
command,Gira el panqueque en la padella.
wh_question,¿Qual és la seva definició de successió en la vida?
statement,El camp de la torre marcó la mezzanotte.
exclamation,Què fresca és aquesta fresca aire d'estiu al exterior!
command,Bloqueja les portes del cotxe abans de sortir.
wh_question,¿Qué te hace feliz en la vida cotidiana?
statement,El balon està flotant cap al tevatge.
exclamation,Què obra d'art creativa és aquesta escultura!
command,Enrola el juguete per fer que es movi.
wh_question,Quin és el més influent en el teu pensament?
statement,El drapere es va mover per la brisa.
command,Aseta el plat el a la lavavajillas.
wh_question,Com descriu la seva personalitat en una sola sílaba?
statement,El trueno es rugiendo a distancia.
exclamation,Què de radiant i net és aquest camí ara!
command,Separar el reciclatge del rebut.
wh_question,Qual és el millor consell que alguna vegada vinguin?
statement,El cavall està corrent al camp.
exclamation,Què brillants és aquest anill de diamant!
command,Despelga la orance per a començar a consumarla.
wh_question,Quina tradició té la família durant les festivitats?
statement,Les girasoli vius solen.
command,Pulga els estalls del salon.
wh_question,Quina capacitat voldrí aprendre aquest any?
statement,La flama de la línia de vela ondula en l'obscur.
exclamation,Què brillant és aquest cotxe acabat de lavar!
command,Pliez la colada i col·locit-la a un lloc.
wh_question,Quina figura històrica admires més?
statement,La neve cai tranquil·la al voltant.
exclamation,Què deliquescència té aquest drap de catiu!
command,Escavar el helado en el bol.
wh_question,Què és la cosa que més t’agrada del teu treball?
statement,Les vagues es van estrellant a la costa.
command,Agen el pernalà a la part de dret de la cap.
wh_question,"Què és, per a ellà, un bon amic?"
statement,El ranfret està sentat sobre el tallo de la nenúfares.
exclamation,Què verdurina és aquesta errada després de la pluja!
command,Ponga el màlk al bol de cereal.
wh_question,¿Que causa que cambien las estaciones en la Tierra?
statement,El cerumen de la línia de vela està caixant sobre el plat.
command,Desenrosca el tapón del botell.
wh_question,Què és la cosa més difícil que hauris?
statement,El juguete mecánico está marcando el tiempo de manera rítmica.
exclamation,Doncs és antiquament aquest mobili antiqu per a veure!
command,Esquena el polvorí de la pantalla del televisor.
wh_question,Què anar a canviar del món si t’poderia?
statement,El arcoíris escatena el cielo.
exclamation,Què aroma té aquest caf aquesta matzina!
command,Treceu les vegetables per al estofament.
wh_question,Qual és el dessert preferit que completes una refeència?
statement,L'ombra s'estétiant per terra.
command,Ponga la pintura en la paleta.
wh_question,Què valorades més en una relació?
statement,El come butllet està volant molt més en l'aire que les arvores.
exclamation,Què piquersament té aquest cactus al borrador!
command,Presiona el límón para obtener jugo fresco.
wh_question,¿Què va inspirar-te a començar el teu propi empresament?
statement,L'ara té vol fer una xarxa al cor de la roba.
exclamation,Què puliment es veuen aquest argentat ara!
command,Manteu la mezcla en sentido de las agujas del reloj en la olla.
wh_question,¿Cuál es su filosofía sobre la vida y la felicidad?
statement,La lluna brilla entre les nuvols.
command,Presiua el botó per iniciar la maquinària.
wh_question,¿Què te motiva a despertar cada matin?
statement,La brina brillava sobre les flors.
exclamation,Què de llavors suau és aquesta pedra en la seva mà!
command,Rassa el queso per la capa de pizza.
wh_question,Qual és la teva edat més orgullosa fins ara?
statement,El cometa es una carrera por el cielo nocturno.
exclamation,Què cristal·lina és aquest gel a la copa!
command,Amassa el bol de manera que suba correctamente.
wh_question,Quin cosa esperis aconseguir el següent any?
statement,Las luciérnagas brillan en el frasco.
command,Afegure les clauetes a la porta del cabinet.
wh_question,Quins valors consideren més importants?
statement,El humo es el que esconde el chimene a.
exclamation,Què calent això que sent aquesta manta en una nit freda!
command,Distribuïu el unt a la tostat.
wh_question,¿Qué constituiría un dia perfecte per a vostres?
statement,El sailboat está deslizándose por el lago.
exclamation,Què geometria té aquesta arquitectura de edifici!
command,Gira el burger al grill.
wh_question,Qual va ser la teva llicència més important de la vida?
statement,Los cristales de hielo esquivaven del tejado.
command,Batir la crema hasta que quede esponjosa.
wh_question,¿Què és la cosa que més et fa gaudir?
statement,La linterna brillaba de manera suave al llunyó de la tenda.
exclamation,Què rustic és aquesta cova al camp!
command,Mètriu la farina per la recept.
wh_question,¿Què és el que et impulsa a la vostra passió per a la vostra activitat?
statement,El camaleó està canvilant colors al raig.
command,Marinera el pollo durante dos horas.
wh_question,Què orígen vol deixar?
statement,El meteorit està arrant-se en l'atmosfera.
exclamation,Què irisació té aquesta mica de flècul!
command,Cocine a ebullición los vegetales hasta que estén tiernos.
wh_question,¿Què te proporciona la mayor energía y vitalidad?
statement,El faro brilla per toda la baia.
command,Sòl el bistec amb sal i piper.
wh_question,¿Qué te haría sentir realmente satisfecho?
statement,El colibrí está deambulando sobre la flor.
exclamation,Què capricós és aquest carrossol a l'aire del parc!
command,Béni el pavo con los jugos de la olla.
wh_question,¿De qué creus que es el propòsit que li confere un significat a la vida?
statement,La cascada està caixant per les roques.
exclamation,Què refrescant és aquesta llet de riu de la muntanya!
command,Deixa que el elsavor s'aquegi abans de model·lar-lo.
wh_question,¿Qué aporta equidad a la seva vida?
statement,El molino de viento gira lentamente por la brisa.
exclamation,Què de nostrani aquest tocadiscs que veureu a la esquina!
command,Reposteix la carn abans de la tallar.
wh_question,Que cosa va relllenar el teu cor de gratitud?
statement,El invernadero está lleno de plantas exóticas.
exclamation,Què brillant és aquest paviment acabat de ser unt amb cera!
command,Sofreír el ternera hasta que esté tierno con el tenedor.
wh_question,Què més aprecies de les teva amistat?
statement,El búho está graznando en el bosque por la noche.
exclamation,Què pitxent aquesta neveu a la cúspide de la muntanya!
command,Desglace el pa amb blanc de vi.
wh_question,¿Qué nutre la seva alma i el seu spirit?
statement,El silbato del tren resuena por el valle.
exclamation,Què desgastat és aquest antic navarro a la mar!
command,Deixa fermentar la salsa a foc baixo.
wh_question,¿Què és el que te fa sentir realment viu?
statement,El motoslit esquivant-se per la superfície gelada del lago.
exclamation,Què elegant és aquest model de cotxe esportiu a la sala de exposicions!
command,Escavit la calabaza per Halloween.
wh_question,¿Què te une profundament amb altres?
statement,El haz del faro está cortando a través del niebla.
exclamation,Què translucidez tenen aquestes vitreres policromades!
command,Escavar les onions per la salsa.
wh_question,¿Qué te da esperanza para el futuro?
statement,El veletror está atrapando el viento perfectamente.
exclamation,"Què textura té aquesta cesta teixida, sembla que ha estat feta a màna!"
command,Gratin els patuts fins que es tornen d'or.
wh_question,¿Qué te permite ser la mejor versión de ti mismo?
statement,Els fueuets es van desmoronant al firmament de la nit.
exclamation,Què iluminescent és aquesta etiqueta que brilla en l'obscur!
command,Glaza els donuts amb fondant de chocolate.
wh_question,¿Què tracta la pau a la vostra mente?
statement,El globo aerostático está subiendo por el valle.
exclamation,Què extravagants apareixen aquestes manecques de carnaval al crepusci!
command,Tempere el chocolate per diptir.
wh_question,¿Qué llena tu vida con un propósito?
statement,El cangur está saltant pel outback.
exclamation,Què ornatament va ser aquesta teva cel·la barroca pintada!
command,Cocine los huevos en agua hirviendo.
wh_question,¿Que cosa fa que el teu cor cantin d'alegria?
statement,Les luci del nord dansen al firmament.
exclamation,Què de metallístic és aquesta escultura de drac! És brillant!
command,Flama les bananes amb salsa de rom.
wh_question,¿Què crea la felicitat duradera per a vostres?
statement,El barco de cruceros está navegando hacia el puerto.
exclamation,Què de curiosa aquesta torta de casament!
command,Blanqueja les amandes per a tostar-les.
wh_question,¿Què te fa sentir realmente conectada?
statement,El carusel gira al mercat de fornitori.
exclamation,Què mosaicitat té aquest pati amb les teves tiles!
command,Engrasa el salmón hasta que esté ligeramente carbonizado.
wh_question,Què desperta el teu sentiament de meravella?
statement,El ferry esta atracado en el muelle.
exclamation,Què giratge apareix aquest gelat de servei fresc!
command,Marca el bol de masa antes de hornear.
wh_question,¿Qué confere un sentido y una dirección a la vida?
statement,El ioc está amarrado en la bahía.
exclamation,Què de trencitzaix aquest model!
command,"Crema brulée, la crema de galletja fins que es caramelizada."
wh_question,¿Qual és el secret per a una vida feliz?
statement,El hidroavión está aterrizando sobre el agua.
exclamation,"Què trencadors és aquest pa, amb la forma que té!"
command,Infunde el té con hojas de menta fresca.
wh_question,Quina sagacitat ha aconseguit durant els anys?
statement,El vapor de agua está subiendo por el río.
exclamation,Què gravada sembla aquesta dissenya de vidre!
command,Reduï el sofregit fins que es fique espessat.
wh_question,Quina veritat ha descobrit sobre a seua?
statement,El biplano está haciendo trucos en el aireshow.
exclamation,Què filigrana té aquesta obra de fontaneria!
command,Fermenta el repollo para hacer el chucrut.
wh_question,¿Què tracta la vostra alma a la satisfacció?
statement,El zepelin está flotando sobre la ciudad.
exclamation,Què embosat té aquest cuir després d'estar fet amb les màquines!
command,Destilare els oli essencials dels flors.
wh_question,¿Qué te hace sentir realmente en paz?
statement,El jetpack está impulsándose por el aire.
exclamation,"Donem-li a esta mantelería un damascés, com és la seva màsca!"
command,Emulsione la maionese hasta que esté suave.
wh_question,¿Qué te da fuerza interior y resiliencia?
statement,L'elicopter està arribant al teatre.
exclamation,Què de doratada aquesta foto de carrossar!
command,Caramelizar el azúcar para el postre.
wh_question,¿Qué te aporta consuelo en los momentos difíciles?
statement,El submarí s'està adentrant profundament a l'aigua.
exclamation,Què textura té aquest paper de pared embosat!
command,Clarifica el burro per a freir.
wh_question,¿Qué te guía el brújula moral en la vida?
statement,El cohete està lançant-se al espacio.
exclamation,Què pinta aquesta pared!
command,Cristal·liza el mel per a la decoració.
wh_question,Quins generen la teva visió del món i les teves idees?
statement,El dron està volant per el vi.
exclamation,Què mosaic té aquest paviment!
command,Atomizza el perfuma per nebulizació.
wh_question,Quins factors influixen en les teves decisions i escoltes?
statement,El planeador está surcando las nubes.
exclamation,Què marmolerat és aparent aquest sabó!
command,Gelatiniza el almidón para espesarlo.
wh_question,¿Sobre qué principios vives tu vida?
statement,La góndola es deslizando por los canales de Venecia.
exclamation,Què de lustrés apareix aquest cesti de cobre!
command,Carbonadella de borreg con cerveza y cebollas.
wh_question,"A la final, què és lo que més compte per a vostres?"
statement,El rickshaw està passant pel mercat.
exclamation,Què de acolladorsitza aquesta jaqueta!
command,Cocine los huevos en un baño de agua.
wh_question,Per què volen que li recuèdi?
statement,El bote navega cerca de la costa.
exclamation,Què embosat té aquesta placa de metal!
command,"Roulette, la crema per agafar la superfície."
wh_question,Quins tipus de impact vol tenir sobre les altres?
statement,La goleta está captant els vents comercials.
exclamation,Què pareix aquesta costra de pi aquesta redolenta!
command,Calienta el chocolate en baño María para fundirlo.
wh_question,Quins a contribuir?
statement,El punt está deslizándose por el río.
exclamation,"Què te sembla aquesta cesta, amb la seva manera de ser, feta a màna!"
command,Engrasa la carne con tiras de tocino.
wh_question,Quins diferències esperades que puguissiu fer?
statement,El crucero se dirige a la isla.
exclamation,Què plisades apareix aquesta lampatera!
command,Engrasa el porc amb estrías de grasa.
wh_question,Què volèries que digués el teu epitafi?
statement,El trasbordo está descargando en el muelle.
exclamation,Doncs és meravellat la manera com es veu fet aquest drap!
command,Cureja el jamón durante varias semanas.
wh_question,Quina sagrataria compartiria amb la próxima generació?
statement,El cisterna esta repostando en el mar.
exclamation,Què rica és aquesta tapeçeria amb les broderies!
command,Fuma el peix per sobre de les chips de xil·la.
wh_question,Aquest és un fet que tothom hauria de conèixer:
statement,El hidroavión está deslizándose sobre el agua.
exclamation,Què pareix parquet aquest paviment en forma de herreres!
command,Inmergir el pavo en una solución salina para retener la humedad.
wh_question,Quins tipus de coneixement ha modificat la teva perspectiva?
statement,El caíquero está navegando por las rápidos.
exclamation,"Què roba de tweed té aquesta jaqueta, teixada!"
command,Engula el pollo para que se cocine de manera uniforme.
wh_question,Quina realització ha estat més profunda per a vostres?
statement,El piragüisme está a deriva por el río.
exclamation,Què tartan té aquest cobert amb el seu model!
command,Engula el pavo antes de asarlo.
wh_question,Què ha estat el seu moment més revelador?
statement,El paddleboard está surfant les seves.
exclamation,Doncs de tant de manera que aquest traje és com una caperuza!
command,Desossa el peix abans de fer-lo a la barbacoa.
wh_question,Què ha sorpreidit més en la vida?
statement,El catamarán está compitiendo por la bahía.
exclamation,Què arlequinat és aquest calcetín!
command,Devein els gambots abans de prèparar-los a la saut.
wh_question,Quin cosa deuria que sabriesse més aïsos a la vida?
statement,El trimarán navega sin problemas.
exclamation,Què textura té aquest camit de teixida per cable!
command,Freguesa el filete de cerdo para asar.
wh_question,Aquest és el consell que et donarè al teu joves:
statement,El barco-casa está amarrado al muelle.
exclamation,Doncs és justament feliç aquest camasa que sembla estar cintuda!
command,Escavit la pebreta de pollo per far-la arribar per a l'empana.
wh_question,Que faria diferent si podia volver a hacerlo?
statement,El remolque transporta mercaderes a lo largo del río.
exclamation,Què paisley té aquest llaços impresos!
command,Reúnen la parte superior de la tarta para la decoración.
wh_question,Quins tipus d’errors t’han ensenyat més?
statement,El remolcador está tirando de la barcaza.
exclamation,Què puntures té aquest rogi!
command,Cruza las tiras de tocino para hornear.
wh_question,Quinses lessons han modelat el teu caracter?
statement,El sampan está pescando en el puerto.
exclamation,Doncs com es veuen aquestes sotlines aquestes roba de vestir!
command,Entrelaza el cesto con ramas de sauce.
wh_question,Què va ser el teu màxim professor?
statement,Los juncos están navegando con el monzón.
exclamation,Donem-li un aspecte de chevron a aquesta alfombra!
command,Enredar el ajo para su almacenamiento.
wh_question,¿Qué experiències han fet que fosts la persona que és?
statement,El dhow está comercializando a lo largo de la costa.
exclamation,Donem-li un estil a aquest collier de forma hermíon!
command,Pliez els cabellers per obtenir un visual net.
wh_question,Quin ha fet prèixer la vostra fe en la humanitat?
statement,El clipper està competint contra el temps.
exclamation,Què de celti de pare sentir-se aquesta enllaç intrincs!
command,Enrolle el cordel per al seu arreglament.
wh_question,Què va recuperar la vostra fe en les persones?
statement,La fragata está patrullando las aguas.
exclamation,Què tribolaritza aquesta impressió!
command,Enrolla el hilo para tejer.
wh_question,¿De què te farien créixer en la bondad?
statement,La corbeta está escoltando el convoy.
exclamation,Doncs com a Art Déco té aquest edifici!
command,Atara el cor de manera segura.
wh_question,¿Qué te da esperanza para la humanidad?
statement,El destructor defiende la flota.
exclamation,Què de Bauhaus aquest esquinçat!
command,Enrolla el sujetador de cortina.
wh_question,Què te inspira sobre el futur?
statement,El crucero está en servicio de patrullaje.
exclamation,Donem-li un repte a la modernitat! Això és com és aquestes portes de modernisme.
command,Enrolla la cinta para el envoltorio de regalos.
wh_question,Aquestes possibilitats que més tinc encantats.
statement,El submarino está cazando buques enemigos.
exclamation,Què de gótic aquesta catedral! Pareix medieval!
command,Conecte el llacet del port per garantir la seguretat.
wh_question,Aquestes són les innovacions que et fan imaginar.
statement,El portaaviones está lanzando aviones.
exclamation,Què renaixença té aquest fresc pintat!
command,Suelga el cebo de pesca.
wh_question,Aquests avanços què podrien canviar el món?
statement,El nau dreadnought es imponente en los mares.
exclamation,"Doncs és un palàç rococó aquest, la decoració!"
command,Cuega els cosculls a foc lent.
wh_question,Quina tecnologia transformarà la humanitat?
statement,El galeón és una cacata per trobar tesals.
exclamation,"Què baroc és aquesta catedral, tan ornamentada!"
command,Fría les bistecs per a una costra.
wh_question,Què creu que feria la vida millor per a tots?
statement,El mercat de va transportar carga.
exclamation,Què de neoclassico aquest parlament!
command,Engrasa les vegetables per obtenir un sabor ahumado.
wh_question,Quina seria la seva modificació a la societat?
statement,El nav de contenere és el comerç global.
exclamation,Què brutalisme té aquest edifici!
command,Escalfa el pollo hasta que esté dorado.
wh_question,Quina reforma defendries?
statement,El petrolero es una refinería flotante.
exclamation,Què futurista és aquest disseny!
command,Fa elbrot fermentar fins que la costra s'estiri.
wh_question,Aquest és el motiu per al qual dedicaràs la teva vida.
statement,El barco de pesca está arrojando las redes.
exclamation,"Què minimalista és aquesta sala, semblaga desocupada!"
command,Satureu les onions fins que es translucide.
wh_question,Quina misssió buscaria?
statement,El remolcador está ayudando al carguero.
exclamation,"Doncs és escandinava aquesta habitació, ja que té un ambient molt acollidor!"
command,Escura els solombris durant hores.
wh_question,¿De qué serve donar la vida a una causa?
statement,El ferry transporta a los pasajeros.
exclamation,"Què mediterraneu és aquesta vila, amb la cobrida blanca!"
command,Satureu el borès amb les fruites de la terra.
wh_question,Aquest que seria el teu apellid?
statement,La canoa es deslizando por la niebla.
exclamation,Què gardena japonesa és serena!
command,Fuma el dim sum per al llun de la merda.
wh_question,Quina passió perseguiriria incansabilment?
statement,El kayak está cortando las olas.
exclamation,Què riad més marroquí és aquest!
command,Cocine las perales en jarabe.
wh_question,Quin somni no creues que podries abandonar?
statement,El tobogán está flotando río abajo.
exclamation,Què de coloritada és aquesta cuina tailandesa!
command,Prepara els scones per al té de la tarda.
wh_question,Per què sacrificaria tot per una aspiracció?
statement,El bote esquivant-se a las ondulaciones.
exclamation,Què festa més mexicana és! És molt vibrante.
command,Fríe els tacos fins que es tornin crujents.
wh_question,Aquesta ambició va donar més foc al teu cor.
statement,El yate está amarrado en la cala.
exclamation,Què de coloritós és aquest matrimoni indi!
command,Deixa fermentar el curry fins que tingi de fragrant.
wh_question,Aquest és el objectiu al que dedicaràs dècades?
statement,El velero está girado hacia el viento.
exclamation,"Què de cerimoniat aquest drac! Més que això, sembla que és xinès."
command,Fritar les canelules per a una coció ràpida.
wh_question,Què aventura iniciar-se-ia avui?
statement,El crucero está haciendo escala.
exclamation,Què de elegant és aquesta patiseria francesa!
command,Batir la mezcla hasta que esté suave.
wh_question,Aquesta aventura és la que convoca la seva alma.
statement,El vaqueret està retornant de la patrulla.
exclamation,"Què de italiana aquesta plaça, amb el seu empedament!"
command,Amassa la masa de pasta con firmeza.
wh_question,Quina ruta creusaria araucanent?
statement,El nav de mercant està buscant el port.
exclamation,Què de rústica aquesta taverna!
command,Deixa la ensalada con el aderezo.
wh_question,Quina expedició faria?
statement,El submarí s'està aparentant.
exclamation,"Càstanyà, com és que aquesta plaça es ve després del sol!"
command,Freguesa la omleta suavemente.
wh_question,Quina descoberta te espera allà?
statement,La guarda costera està en servei de rescatiu.
exclamation,Què de encantadora és aquesta vila!
command,Esmerma els ous fins i crem.
wh_question,Aquests mysteris que vulguis descobrir?
statement,El nav de carga està entrant al port.
exclamation,Què de iconica és aquesta mol·lina holandesa!
command,Tostar el pa amb orja.
wh_question,Aquests secrets què vols saber?
statement,El remolcador de pesca está arrastrando las redes.
exclamation,"Què chalet sembla aquest, cobert de neve!"
command,Calienta la sopa para el día frío.
wh_question,Quina coneixement buscaria per sobretot?
statement,El vaqueter es en expedición.
exclamation,"Què nordeu és aquesta cabana, és hygge!"
command,Calfa el màlk per fer una chocolatada.
wh_question,Què voleria aprendre més?
statement,El vaixet pirata navega pels seues sept mares.
exclamation,Què de celtià aquest poble! Tenen un aspect ancient!
command,Fa fer fermentar el tè per fer-lo fer servir adequadament.
wh_question,Quina competència et especialitzaria si el temps no fos un problema?
statement,El vapor fantasma se desplaza sin rumbo.
exclamation,Què de vikinga aquesta longevita!
command,Afegure el cafè per una infusión fuerte.
wh_question,Quina obra d'art crearia si no importasse penyar?
statement,El vapor fantasma está emergiendo de la niebla.
exclamation,Doncs com a capsa pirata és feia!
command,Infunde el ginebre con botánicos.
wh_question,Quina música composaria per el món?
statement,El nav de cruceros está en gira por el mundo.
exclamation,Què de caribenes aquesta plaja! T'pareix turquesa!
command,Triturar la menta para los mojitos.
wh_question,Quina història dirías si tots els ulls estiguessin escoltant?
statement,El club náutico está organizando carreras.
exclamation,Què frescor té aquesta bebida!
command,Agite el cóctel vigorosamente.
wh_question,Quin cosa inventaria si la imaginació fos el seu únic límit?
statement,La regata va començar al amanecer.
exclamation,Què brillant és aquest champanya! Més effervescent!
command,Llene el trifle com a desert.
wh_question,Quina innovació revolucionaria la vida quotidiana?
statement,La flota naval s'ha reunit.
exclamation,"Què patriotisme té aquestes parades, que són molt grans!"
command,Decorar el plat amb herbes fresques.
wh_question,Què creuaria per ajudar a la humanitat?
statement,El port està ple d'activitat.
exclamation,Què festesament veuen aquestes celebracions coloristes!
command,Aplatiu la comida de manera artística.
wh_question,Quin és el teu regal per al món?
statement,El faro està guiant els vaults a casa.
exclamation,Què romanç aquesta il·luminació del sol al creu de la tarda!
command,Organiza les flors a la florera.
wh_question,A cosa preferiría sacrificar-me?
statement,El moller el està ocupat amb operaris.
exclamation,Què nostrani aquesta vegada veuen aquesta foto ja fades!
command,Empaquetar el leña de manera ordenada.
wh_question,Per què no hi hauria res per la qual lluitararés sense dubte?
statement,El almacén està ple d'elements de forniment.
exclamation,"Què indústria és aquesta fàbrica, sembla massa gran!"
command,Ordena els emàgens per al seu tamanys.
wh_question,Aquest és el que crec que defensaria amb el meu últim respiró.
statement,El espacio de carga está lleno de carga.
exclamation,Què mecanitzat és aquest transportador! Pareix automatitzat.
command,Inventarija els seus reptes de forma regular.
wh_question,Aquest és el que sacrificaria tot per preservar.
statement,El poble està llibert per a la càrrega.
exclamation,Què nauticitza aquesta corda enrollada!
command,Asegure el cargamento para el viaje marítimo.
wh_question,Quina tradició és deguda de ser preservada?
statement,L'equipaatge està prenent la seva disposició per a navegar.
exclamation,Què de marítim aquest bràs es veu el llavetxeta!
command,Afegure les vele per recaptar el vent.
wh_question,Aquest patrimoni no s’hauria mai de perdre.
statement,El capitàn està al timó.
exclamation,Què cerimònia és aquesta bandera al viatjar!
command,Navega per les estrelles aquesta nit.
wh_question,Quina cultura honorariais per sobretot?
statement,El viaje està previst per a algunes setmanes d'avant.
exclamation,"Què aventurerament és aquest mapa, ja que sembla estar deteriorat!"
command,Desarrolla el rumbo hacia las costas lejanas.
wh_question,Quina història de la història més fascina a vostres?
statement,La expedició està ben aprovisionada.
exclamation,Què de una expedició aquesta revista! Pare que ha viajat molt.
command,Empleneu-vos de les necessitats per al travallo.
wh_question,Quí qual explorador et inspira el teu sentit de meravella?
statement,Els viajadors es van reunir al amanecer.
exclamation,Què robusta és aquesta mochila! Bona de fer-la veure tan utilitzada.
command,Prepara els teus boots per al senderisme.
wh_question,Aquesta frontiera és la que fa sonar el teu spirit?
statement,El camp s'ha preparat per la nit.
exclamation,"Què de ràpita és aquesta zona campestre, tan remota!"
command,Escollir el lloc per a acampar sota les estrelles.
wh_question,Quin lloc natural exploraria per primera vegada?
statement,El foguer està apagat.
exclamation,Què acolclent és aquest sac de dormir!
command,Assepi els peus de goma sobre el foc.
wh_question,Aquest meravell de la natura què veuria?
statement,El senderisme és sinuós al mont.
exclamation,"Què majestuós és aquesta muntanya, coberta de neve!"
command,Siguiu el camí pel bosc.
wh_question,Quina vista li faria perdre el control?
statement,El riu està rulant per sobre les roques.
exclamation,Què pitxant és aquesta cascada en cascada!
command,Wadeu per la travesía poco profunda.
wh_question,Aquest és el son que escoltriria en la sinfònia de la natura.
statement,La cascada está rugiendo abajo.
exclamation,Què potent és aquesta cascada mentre coura!
command,Nadar per l'altra marxa.
wh_question,Com seria el silenciament del som en la naturalesa?
statement,El urs està pescant al riu.
exclamation,Què meraviglia la vida silvestre en este momento!
command,No fac moviments ràpidament.
wh_question,Aquest animal què trobaria en la naturalesa?
statement,El cervi está pastando en paz.
exclamation,Què serena és aquesta pradera! Pareciera un pastissal.
command,Caminar con delicadeza pel bosc.
wh_question,Quina creatura estudiaria si en podria?
statement,El búho está cazando por la noche.
exclamation,Què de misteriosa aquesta creatura nocturna!
command,Observeu a una certa distància.
wh_question,Quins de les espècies creuariau que s'extingueren?
statement,El águila vuela por encima.
exclamation,Què lliure apareix aquesta gaiola en plena ascensió!
command,Aigues el set per al crepuscul desde el llarg de la muntanya.
wh_question,Aquesta és la llibertat que més compte per a vostres.
statement,El halcón orbita en busca de presa.
exclamation,Què interessat apareix aquest predador mentre caça!
command,Escanea el horizonte en busca de puntos de referencia.
wh_question,Què riscaria per la llibertat?
statement,El llibre esgut a la lluna.
exclamation,Què càntic va ser aquesta selva en plena nit!
command,Seguiu les improntades a la neu.
wh_question,Aquest instint dirige cada moviment que faci.
statement,El zorro esquiva entre las sombras.
exclamation,Què de astuto apareix aquest animal mentre persegueix!
command,Siguiu el rabinet amb atenció.
wh_question,Aquesta és la pregunta que m’ha passat a la meva mente: ¿qualseu veu interior què creu més?
statement,El conej amb la boca tanerta esquiva per l'interior de la bulla.
exclamation,Què timorats apareix aquesta criatura!
command,Manteniu-vos callets per evitar la detecció.
wh_question,Quina intuïció va salvar-vos abans?
statement,El mús es mastica les semences.
exclamation,Què petits són els animals! Pareixen molt cosmopolits.
command,Establa la trampa sense tocar-la.
wh_question,Quinses sign de avertiència has ignorat alguna vegada?
statement,El sóc està colmant de ghiregges.
exclamation,Què laboriosament apareix aquesta criatura ocupada!
command,Reúne frutos secos para el almacenamiento para el invierno.
wh_question,Quina preparació va valer la pena per a vostres?
statement,El castor está construyendo un dique.
exclamation,Què enginyeria és aquesta estructura!
command,Trebaluem tots junts com un equip.
wh_question,Quina collaboració ha aconseguit meravelles?
statement,Les següents han marcat passos en fila.
exclamation,Què organitzat és aquesta colònia treballant!
command,Dona la teva part al esforç.
wh_question,Quins la unitat ha aconseguit la grandiositat?
statement,Les abeus polinizen les flors.
exclamation,Què laboriosos apareixen aquests enxame amb el seu zumbido!
command,Plantar les semences per la futura recolta.
wh_question,Quinses d’investiments van a resultar més rentables més tard?
statement,Els gusanos van enriquimentant el sol.
exclamation,"Què terrabaig és aquest jardí, prosperant!"
command,Cambi el compost de manera regular.
wh_question,Quina pràctica de sostenibilitat hauria de ser universal?
statement,El sol es ideal per a la plantació.
exclamation,Què riquesa té aquesta terra!
command,Escavar buracs per les plântules.
wh_question,Quins creixement voldrí utilitzar?
statement,Els sements ja es van a germinar.
exclamation,Què de verd és aquest germe! Parec delicat.
command,Abona els joves plànts amb delicades.
wh_question,Quins tipus de curetat ajudaria a fer prosperar a una persona?
statement,El esqueje está creciendo hacia la luz.
exclamation,Què resiliència té aquest arbre!
command,Protéig el tronco del tall de les daune del vent.
wh_question,Quina força admireu en altres?
statement,El raigol amb que es va arribar al l'altra banda.
exclamation,Què generós apareix aquest arbre compartiendo!
command,Dona la sombra a otros.
wh_question,Aquesta generositat ha tocat el teu cor.
statement,Les raïes s'estèren profundament.
exclamation,Què estable és aquest arbre!
command,Anclau-vos a les vostres valors.
wh_question,Sobre qualseu fundació es sosteniu?
statement,Les llargues filtrant la llum del sol.
exclamation,Què de espectacular és aquesta filtració de la copa!
command,Deixa que la llum et ilumi.
wh_question,Quina veritat passa per a vostros?
statement,La corteza protege el tronco.
exclamation,Què protectores apareix aquesta corteza! És tan robusta!
command,Defensa de tot ciò que compte més.
wh_question,De què volería proteger-se?
statement,Els anillades de l'arbre determinen la seva edat.
exclamation,Què històric és aquest arbre! Pareix molt antic.
command,Marca l'aniversari amb una celebració.
wh_question,Quina memòria preservaria per sempre?
statement,L'acai va caïr de la rama.
exclamation,Què potencial sembla aquesta mica sementera!
command,Plantar la sementera con la esperanza.
wh_question,Quins de nous de nout començ?
statement,El bosc està regenerant-se de forma natural.
exclamation,Què bonament es veig aquest ecosistem!
command,Dedi el repouso per al nou creixement.
wh_question,Què finalitat conduca a de nou començaments?
statement,"El antic riu es va caure, al final."
exclamation,Què tristesa té aquest moment final!
command,Acepteix el que no es possible canviar.
wh_question,Quina accepció va lliure el teu spirit?
statement,El tronco de árbol perdura como recordatorio.
exclamation,Què recordatori és aquest tron!
command,Ricordin els que van venir darrere.
wh_question,Què orígen deixaràs després?
statement,El nou bosc està prendent forma.
exclamation,Què esperança veure aquesta terra regenerant-se amb tant de promès!
command,Dir-se cap al futur amb optimisme.
wh_question,Quins gener futur construïreu avui?
statement,Les estacions ciclenen sense parar.
exclamation,Què de cíclica aquesta natura! Pare eterna!
command,Abran el cor i l’esprit per a la mudança.
wh_question,Quina canvi acollies més?
statement,L' primavera fa ressuscitar la foresta.
exclamation,Què rebenta aquesta flor! Tenen un aspect fresquet.
command,Benvinguts al calent gegant del sol.
wh_question,Què caloritge ha aconseguit que la seva alma estigués reconfortada?
statement,L'estiu fa madurecer el fruit al cop.
exclamation,Com la pluviositat de la temporada de recollida sembla que aquesta abundància és molt rica!
command,Comparte la recompensa con los vecinos.
wh_question,De què cosa gaudeix de bon entent?
statement,L'autòm fa que el bosc tingi d'or.
exclamation,Què pitxora aquesta transformació! És impressionant.
command,Aprecia les canvis de la vida.
wh_question,Aquesta és la bellesa que haus vist últimament?
statement,L'hivern cobre el bosc de neve.
exclamation,Què pacífica és aquesta silenci blanc!
command,Troba el calment en els temps freds.
wh_question,Que confort te sostiene durante el invierno?
statement,El cicle continua eternament.
exclamation,Què eterna és aquesta ritma! Sounds timeless!
command,Vivia al máximo en cada estación.
wh_question,En què moment actual vius?
statement,"El temps avança sempre, mai no retrocede."
exclamation,Què sense reversibilitat sembla aquest pasatge!
command,Aprovecha el día con un propósito.
wh_question,Què aconseguiràs avui?
statement,El temps es cosa de pressar.
exclamation,Què urgència sembla aquest moment precios!
command,Afegiu-ho abans que la oportunitat passi.
wh_question,Quina oportunitat podràs perdre?
statement,El termini d'aquesta activitat es va fer més imminent.
exclamation,Què pressió sentit aquesta situació!
command,Dedicar prioritat a aquells que realmente importen.
wh_question,Aquest és el que realmente compte per a ellà de tot.
statement,La energia escasa.
exclamation,Què de cansant és aquesta fatiga! M'està drenant!
command,Repossiu abans que esquinés.
wh_question,Què reposa la seva energia?
statement,El som és que va ser tranquil·liment.
exclamation,Com el repouso de aquest somni és convidat!
command,Focseix els teus ulls i relaxa't.
wh_question,Aquestes són els teus somnis que t'aconsegin aquesta nit.
statement,L'esprit s'éloigne.
exclamation,"Com vagaren aquest pensament, si us vaig sentir lliure!"
command,Deixa deixo-te preocupades.
wh_question,Què és el que te preocupa en este moment?
statement,La pau ha arribat.
exclamation,Què calma té aquesta serenitat!
command,Respira profundament i lentament.
wh_question,Aquest és el que buscau?
statement,El món s'esfumant en un silenci.
exclamation,Què serenitat i pau senten aquestes sensacions!
command,Abraz el silenciu que és al seu interior.
wh_question,Aquest silenci que més te parla?
statement,Llega el alba al horizonte.
exclamation,Què esperança emvaeix sentir-se aixecat per aquest alèrma del sol!
command,S'aixitiu i saludin el nou dia.
wh_question,Quina esperança porta cada puig del sol?
statement,Els els canten la seva canció matinal.
exclamation,Què de musical aquest cor so a melodiosos!
command,Obre el teu cor a les noves possibilitats.
wh_question,Aquestes possibilitats que més tinc encantats.
statement,L'aire sent el roc de la fresca matí.
exclamation,"Què aromaix aquesta fragança! Més que qualsevol altra, és pura."
command,Comença la vostra jornada amb intenció.
wh_question,Quina intenció guia el teu camí tännyen?
statement,El cafè està esdevenint a la cocina.
exclamation,Què aroma té aquesta bresa despertant!
command,Alimenta el teu cuerpo i la teva mente.
wh_question,¿Que rituales inician el teu dia?
statement,El periódic espera en el porche.
exclamation,Què notícia són aquestes manchetes!
command,Manténgu-vos informados sobre el món.
wh_question,Aquestes novetats són les més importants per a vostres.
statement,El transportista postal está en la ruta.
exclamation,Què deliciència té aquesta rutina!
command,Cerca de les cartes de les persones que estimen.
wh_question,¿Què correspondència et fa gaudir?
statement,El cor de l'alqueriafa toca al cor del cor de l'aula.
exclamation,Què notifiació fa aquest cornet al sonar alerta!
command,Responde amb un salut calent.
wh_question,Qui més voldríeu entendre?
statement,El campió de la porta sonó melodiosament.
exclamation,Què acollidor és aquest càntil! Sounds cheerful!
command,Saluda al teu convidat amb una sorpresa.
wh_question,Qui t'hauria pu sollicité avui?
statement,El·gat geu a la porta.
exclamation,Què protectores sembla aquesta corteza!
command,Veure qui ha arribat al port.
wh_question,Quin visitant podria fer més alegre el teu dia?
statement,Un paquet va ser entregat.
exclamation,Què emocions provoca aquesta entrega!
command,Obre el sobre de forma delicada.
wh_question,Quin sorpresa podria estar all?
statement,El present està ambtament embolat.
exclamation,Què ansietat genera aquest envoltant!
command,Revella la sorpresa amb meraviglia.
wh_question,Quin és el present que realment va pleureu?
statement,Una carta al interior lleva tu nombre.
exclamation,Què personalitza aquesta caligrafia! Pareix íntima!
command,Llegeu el sincer i afectuós mesaj al interior.
wh_question,Que cuenten-vos el que diria el cor?
statement,El mesaj parla del amor.
exclamation,Què de toccant és aquest sentiment! És com si mogués el cor.
command,Prestíuen-li més a quan es cuiden de vostres.
wh_question,Quins el amor re plena el teu cor de gratitud?
statement,La amistat enriquix les nostres vides.
exclamation,Què de valós aquesta vinculació!
command,Cuida els teus amors a nivell quotidià.
wh_question,¿Què amicatge ha resistat al test del temps?
statement,Els vincles familiars són profuns.
exclamation,Què de reconfortant sentir aquesta connexió!
command,Cerd els vostres tradicions familiars.
wh_question,Aquest és el ritual familiar que més valoris?
statement,La comunitat ens fa veure que tots és com un únic.
exclamation,Què de reconfortant és aquest sentiment de pertincència!
command,Participa en les activitats de la comunitat.
wh_question,Aquesta comunitat al que vulgueria unir-se?
statement,La cultura moldea la nostra identitat.
exclamation,Què importància té aquesta identitat!
command,Explora otras culturas con respeto.
wh_question,Quina cultura vulgut experimentar?
statement,El idioma nos une a todos.
exclamation,"Com s'avou, aquesta connexió té una comunicació que fa que la sintem!"
command,Aprende a parlir amb gentillesa.
wh_question,Aquest és el que parla a la vostra alma.
statement,La música trasciende los límites.
exclamation,Què universalment suna aquesta forma d'art! És inspirant!
command,Comparte la teva canció favorita avui.
wh_question,Quina melodia te move profundament?
statement,La dansa exprime tot all que les cuadres no poden.
exclamation,Què de jubilat en aquesta moviment! Se sentliberador!
command,Dona el teu millor paper com si no estigués a mirar a ningú.
wh_question,Què ritme viu al seu interior?
statement,El arte revela las verdades interiores.
exclamation,Què reveladors és aquestes creacions! Tenen un aspecte expresiu!
command,Crea algo bell·llic avui.
wh_question,Quina bellesa vols crear?
statement,Escriure capta pensaments fugaces.
exclamation,Què de durmiente sentencen aquestes paraules!
command,Registra els teus experiències cada dia.
wh_question,Quina història vols contar?
statement,La fotografia congela els moments en el temps.
exclamation,Què intemporal es aquest moment clocut!
command,Fotografaix sense tarditat un lloc o una cosa que signifiqui molt per a tu.
wh_question,Quina escena hauria de fer una fotografia per sempre?
statement,El cinema narra les històries en moviment.
exclamation,"Què narrativa és aquesta pel·lícula, tan còmica!"
command,Veure una pel·lícula que li inspire.
wh_question,Quin pel·lícula va canviar la teva perspectiva?
statement,El teatre vivifica les històries.
exclamation,Què vivida aquesta representació! És dinàmica!
command,Ascolta una actuació en viu al carrer més aviat.
wh_question,Quina història portaria a escena?
statement,La comedia traça risatges i alegries.
exclamation,Què de còmica és aquesta broma!
command,Comparte una risada amb els teus amics al dia d'hores.
wh_question,¿Qué te hace reír hasta llorar?
statement,El drama explora las emociones humanas.
exclamation,Què intensitat té aquesta emocció!
command,Veure un drama emocionant aquesta nit.
wh_question,Quina emocsió vulgueria explorar?
statement,La tragedia ensena lecciones valiosas.
exclamation,Què profundament aquesta llearnça es senti sense càrrega!
command,Aprendre de les experiències difícils.
wh_question,Quina tragèdia va ens ensenyar la resiliència?
statement,El romantisme aviva el foc del cor.
exclamation,Què de passionat és aquest amor que s'incendia!
command,Escriu una carta d'amor avui.
wh_question,Que diria en una carta d'amor?
statement,L'aventura és per als valorsos.
exclamation,Què emocionant és aquesta emoció!
command,Acepta una aventura hoy.
wh_question,Quina aventura te espera?
statement,El misteri fascina a la curiositat.
exclamation,Què intrigante és aquesta enigmàtica!
command,Resolva un misterio esta semana.
wh_question,Quin misteri vulgui desvelar?
statement,La ciència desvela la veritat.
exclamation,Què descobriment és aquesta revelació! Què sensació de clamentat és!
command,Explora un tema científico hoy.
wh_question,Aquest és un dels aspectes científics que més te fascinen?
statement,La filosofia remet en duda l'existència.
exclamation,Què profunditat sent aquesta investigació!
command,Pensa a les grans preguntes de la vida.
wh_question,Quina pregunta no té resposta?
statement,La història se repite.
exclamation,Què ciclicitat avui sembla aquesta pauta!
command,Aprendre de les liçons de la història.
wh_question,Aquest és un dels més importants. Qual és la lètura històrica més relevante actual?
statement,La geografia moldea las culturas.
exclamation,Què variat aquest món!
command,Reis a llocs nous elègens aquest any.
wh_question,Aquest lloc que vulgues explorar?
statement,L'economia dirige les societats.
exclamation,Què de complex aquest sistema!
command,Entendre els principis econòmics.
wh_question,Aquesta tendència econòmica que més te preocupa?
statement,La política influència les vides.
exclamation,Què potentesa avèneix aquesta influència!
command,Manténgu'u'n la participació en les responsabilitats cíviques.
wh_question,Quina és la qüestió política que més te interessa?
statement,La ley manté el orden.
exclamation,Què de còmica aquesta estructura!
command,Respecta el estado de derecho.
wh_question,Quina lleven ser les modificades les lleis?
statement,La medicina cura els gens.
exclamation,Què meraviglia que aquesta cura es sinti benaventurada!
command,Cuida el teu salut.
wh_question,Quina pràctica de salut és més important?
statement,L'educació empodera les minds.
exclamation,Què transformador és aquest aprendement! Ésliberant!
command,Nunca dejes de aprender cosas nuevas.
wh_question,Aquest que tema voldrí utilitzar per perfeccionar-ho?
statement,La tecnologia avança de forma ràpida.
exclamation,Què innovador és aquest progress!
command,Abandem les noves tecnologies amb pràctica.
wh_question,Quina tecnologia moldarà el futur?
statement,L'innovació impulsa el progres.
exclamation,Què de creativa aquesta solució! És genial!
command,Pensa fuera de la caja hoy.
wh_question,Quina innovació milloraria la vida?
statement,El disseny pot potenciar la bellesa.
exclamation,"Què pitol·lamentant és aquesta creació, és elegant!"
command,Desinguiu una cosa funcional però bella.
wh_question,Aquests principis de disseny que admiro són:
statement,La ingeniería construeix fonaments.
exclamation,Què de sòlid aquesta estructura! Pareix permanent!
command,Enginés solucions a problemes.
wh_question,Quina meravellera d'inginerie va impressionar-vos?
statement,L'arquitectura moldea els espais.
exclamation,Què inspirant és aquest edifici! Pare monumental!
command,Apreciem la bellesa arquitectònica.
wh_question,Quina arquitectura parla de la seva alma?
statement,L'agricultura alimenta a les nacions.
exclamation,Què nutrimentes és aquesta recolta que sembla tant abundant!
command,Sosteniu els agricultors locals avui.
wh_question,De què te vas sentir gràcies?
statement,L'indústria impulsa les economies.
exclamation,Què productiu és aquest fabricant! És força!
command,Trena amb un propòsi i passió.
wh_question,Aquest treball que et fa sentir més feliç?
statement,El servei ajuda els altres.
exclamation,Donar-ho a aquesta voluntariat és una cosa que me fa sentir reconfortada.
command,Són voluntaris a la vostra comunitat avui.
wh_question,Quina causa servirien?
statement,La beneficència canvia les vides.
exclamation,Què impact produc aquesta generositat! És transformador!
command,Dona a una causa digna.
wh_question,Quina beneficència merece el teu suport?
statement,La justicia busca la equidad.
exclamation,Què de justes i nobles són aquestes causes!
command,Abandona el que és just.
wh_question,Contra que injustesa combatiria?
statement,La pau requer un esforç.
exclamation,Què harmònia avèneix aquesta coexistència!
command,Sè una embajadora de la pau.
wh_question,Quins a pac en vols cultivar?
statement,La guerra provoca devastació.
exclamation,Què de devastators aquesta confrontació!
command,Treballa per la resolució del conflict.
wh_question,Què conflict es va ajudar a resoldre?
statement,La diplomacia une naties.
exclamation,Què de diplomàtic aquesta negociació!
command,Comunicar amb respecte i comprensió.
wh_question,Quina solució diplomàtica propostrais?
statement,La cooperació persigue els objectius.
exclamation,Què de collaboratiu aquesta treball en equip! Tot sembla sinergístic!
command,Collabora amb altres persones al dia d'hores.
wh_question,Què objectiu aconselliariaureu junts?
statement,La competició impulsa la excel·lència.
exclamation,Què de motivant és sentir aquesta rivalitat!
command,Compitiu amb integritat i honor.
wh_question,Quina competició te inspira a destacar?
statement,La direcció guia a altres.
exclamation,Què influència té aquesta orientació! És un empoderament!
command,Llei per exemple cada dia.
wh_question,Quí qual líder te inspira més?
statement,La mentoriat propicia el creixement.
exclamation,Què gratificant és aquest guiatge!
command,Sègueu com a mentor d'alguien avui.
wh_question,Quin mentor va canviar la teva vida?
statement,L'amistat nos suporta.
exclamation,"Què suport té aquesta amistat, és reconfortant!"
command,Si us deviez convertir-vos en un bon amic per a altres persones.
wh_question,Aquest és un dels millors tips d'amistat que et podria donar.
statement,La confiança construeix relacionades.
exclamation,Què fonamental escat aquesta confiança!
command,Construïu la confiança amb consistència.
wh_question,Aquest és el secret que mai no tradels.
statement,La honestidad fortalece los lazos.
exclamation,Què reconfortant és sentir aquesta veritat!
command,"Siègue's honesteix, ja que's difícil."
wh_question,Quina veritat honesta ha de ser dita?
statement,El coratge supera el temor.
exclamation,Què valent aquest acte! És heroïc!
command,Aborda els teus temors amb coratge.
wh_question,Aquest és el que voldrí conquerer?
statement,La paciència fa que es obtinguin resultats.
exclamation,Què gratificant és aquesta espera!
command,Practiquem la paciència en tot.
wh_question,Què et ha ens ensenyat la paciència?
statement,La perseverança supera els obstacles.
exclamation,Què determinació té aquesta perseverança que sembla imparable!
command,Nunca des por perdut els teus somnis.
wh_question,Què obstacle has aconseguit superar?
statement,La creativitat soluciona els problemes.
exclamation,Què inventiva és aquesta solució! És molt clever!
command,Pensa de manera creativa sobre los desafíos.
wh_question,Quina solució creativa va impressionar-te?
statement,L'humor licolta les càrceres.
exclamation,Què de divertida aquesta moment! M'altga molt!
command,Comparte una risotada amb algú amb la que estiu amb avèndem.
wh_question,Què va fer-vos sentir de bon humor recent?
statement,La gratitud enriquece la vida.
exclamation,Què de gratitudesa aquesta apreciació! És una cosa que fa el cor fermar-se de contentement.
command,Exprimeu la gratitud diària.
wh_question,Per què és gràcies avui?
statement,La bondad crea ondulaciones.
exclamation,Què emotiva és aquesta gesticulació!
command,Realitza un acte de bondad avui.
wh_question,Quina bondad va tocar el teu cor?
statement,La compassió cura les ferides.
exclamation,Què empàtic és aquest entendimento! M'afega una gran satisfacció.
command,Mostreu compassió als necessitats.
wh_question,¿Què compadeixa va canviar la vida d’alguien?
statement,El perdó és llibertat per l'alma.
exclamation,Què llibertat sent aquesta lliuració! Què béviviment!
command,Forgive those who have wronged you.
wh_question,Quins resentiments vols lliure?
statement,La esperança nos sostiene.
exclamation,Què edificant és aquest optimisme! És incitatdor!
command,Manténganse siempre la esperanza.
wh_question,Quins de esperança te manté a seguir?
statement,La fe proporciona consuelo.
exclamation,Què reconfortant és aquesta creença!
command,Tens de tenir la fe en tu mateix i en altres.
wh_question,¿Què és el que te fa tenir la fe en la humanitat?
statement,L'amor conquerrà tot.
exclamation,"Què potent és aquest amor, sense limites!"
command,Ama sense condició el dia d'hores.
wh_question,Aquesta és la pregunta: ¿Què amor donaràs lliurement?
statement,La alegria colma els nostres corts.
exclamation,Què de gratificant és aquesta felicitat! És excitant!
command,Celebreu les alegries de la vida.
wh_question,¿Qué te aporta una pura alegría?
statement,La pau reside en el interior.
exclamation,Què serena és aquesta calma interior!
command,Troba la teva pau interior.
wh_question,Què calma la teva mente competitiva?
statement,La sagacetat amb l'edat.
exclamation,Què de reveladors se sent aquesta experiència com a ensenyar!
command,Aprendre de les persones majors i els mestres.
wh_question,Quina sagrataria compartiria?
statement,El coneixement és poder.
exclamation,Què empoderamentés senten aquesta comprensió! És il·luminant!
command,Busca el coneixement cada dia.
wh_question,Quina coneixement compartiria lliurement?
statement,Entendrem els diferències.
exclamation,Què de unificant és aquest empati!
command,Busca comprendre per entendre abans de judir.
wh_question,Què vols que les altres entenguin de tu?
statement,El respect et reconeix les diferències.
exclamation,Què dignitat sentiu aquesta accepció!
command,Respecta el camí de tots.
wh_question,Quins respecte vulguis obtenir?
statement,La accepció porta la pau.
exclamation,Què llibertat sent aquesta indemnització!
command,Accepta aquell que no pots canviar.
wh_question,Què vols acceptar de tu mateix?
statement,El creixement necessita de canvis.
exclamation,Què transformadora és aquesta evolució! Que se reconegui!
command,Abraz el creixement personal.
wh_question,Aquest és el aspecte de la teva personalitat que més cresques.
statement,El canvi és inevitabil.
exclamation,Què adapte aquesta flexibilitat! Què resilients se senten!
command,Adapta’t a les canvis de la vida.
wh_question,Quina canvi va fer-vos més forts?
statement,L'equilibri crea l'armonia.
exclamation,Què equilibri és aquesta stabilitat que sentent-nos centrat!
command,Equilibra el treball i el descanso.
wh_question,Quins gener de equilibri busque en la vida?
statement,La moderació previene el exces.
exclamation,Què prudència sembla aquesta contenció!
command,Prctica la moderació en tot.
wh_question,Aquesta pregunta és molt útil per a entendre millor què aspect de la nostra vida necessita una moderació.
statement,La simplicitat aporta claritat.
exclamation,Què sense aglomerament sembla aquest minimalisme lliurant!
command,Simplifica la teva vida avui.
wh_question,Què simplificarías?
statement,El focus genera rezultats.
exclamation,Què de potent aquesta concentració!
command,Concéntrate en una única tarea a la vez.
wh_question,Aquest és el que va requerir la vostra atenció en aquest moment.
statement,Els prioritats guien les accions.
exclamation,Què intencionalment és aquesta direcció! És clarificant.
command,Establa prioritats clares.
wh_question,Qual és la prioritat més important de la seva vida actual?
statement,Els objectius proporcionen una direcció.
exclamation,Què motivant és aquesta ambició! És energitzant!
command,Establa llibres meta realsibles.
wh_question,¿A que estil o ambició són treballant?
statement,Els plans estructuren el succes.
exclamation,Què estratègic sembla aquesta planificació!
command,Planifica la teva setmana per avant.
wh_question,Quin planejarías si el temps fos inlimitat?
statement,La preparació previn la fallida.
exclamation,Què confiança sentençosa aquesta preparació!
command,Prepara't per tot el que et espera.
wh_question,Aquestes són les seves intencions?
statement,La pràctica fa l'excel·lència.
exclamation,Què ressentiu aquesta repetició millorar-se!
command,Pura els teus drets quotidianament.
wh_question,Quina capacitat esti practicant?
statement,La disciplina crea la excel·lència.
exclamation,"Què gratificant és aquest autocontrol, que em fa sentir empoderat!"
command,Manteniu la disciplina en les vostres obres.
wh_question,Aquesta disciplina et serveix molt.
statement,La rutina crea estabilidad.
exclamation,Què reconfortant és sentir aquesta consistència!
command,Establir rutines saludables.
wh_question,Quina rutina te manté més en terra?
statement,Els hàbits formen el caracter.
exclamation,Què influència té aquesta repetició! És fonamental!
command,Crea hábitos positivos.
wh_question,Quina addició va canviar la teva vida?
statement,Les escoltes defineixen el destí.
exclamation,Què conseqüència té aquesta decisió! És fonamental!
command,Finguiu escoltes conscients.
wh_question,Quins escolta te espera?
statement,Les conseqüències van seguin les accions.
exclamation,Què responsabilitat i sens de comptevolezza! És una cosa molt madura.
command,Tingueu la responsabilitat per les vostres accions.
wh_question,Quina conseqüència va ensenyar-li una llearn?
statement,Els errors són oportunitats d'aprenentatge.
exclamation,Què de valós aquesta insuccès! Ho sento instructiu.
command,Aprendre de les teves equivocacions.
wh_question,Quina equivocació va ens ensenyar més?
statement,El fracasso porta al creixement.
exclamation,Què ressentiment força aquesta contrarietat!
command,Abran el fracàs com a una mestria.
wh_question,Què fracasso va fer-vos més forts?
statement,El èxit requereix perseverança.
exclamation,Què triomfadora és aquesta victòria que he aconseguit!
command,Celebreu els seus succesos.
wh_question,De què succes es fa orgullós?
statement,El èxit recompensa el esforç.
exclamation,Què satisfacció és aquesta realització!
command,Reconnaix els teus resultats.
wh_question,Quina èndima va tenir més importància?
statement,El reconeixement és un honor per al teu treball.
exclamation,Què reconfortant és comprovant això!
command,Reconéixer les contribucions d'algunes persones.
wh_question,Què reconeixement honoraria la teva obra?
statement,La reputació s'obté a través del temps.
exclamation,Què de reconfortant que aquesta credibilitat es sinti de fi!
command,Construïu una bona reputació.
wh_question,Quina reputació vulgueria tenir?
statement,La seva obra perdura.
exclamation,Què de significativa sembla aquesta impactant!
command,Deixa un legado positivo.
wh_question,Què volèries que t’emellien recordant?
statement,La memòria conserva la història.
exclamation,Què nostrani aquesta recordació es senti sentimental!
command,Honrarem els que van provenir del passat.
wh_question,Quina memòria preservaria per sempre?
statement,La història enlaça les generacions.
exclamation,Què sense temps sembla aquesta narrativa!
command,Comparte la teva història amb altres persones.
wh_question,Quina història diríeu a les generacions futures?
statement,La tradició porta significació.
exclamation,Què de significativa aquesta custòmica!
command,Respetuem les tradicions importants.
wh_question,Quina tradició te fa connectar amb les teves raïols?
statement,El patrimoni define l'identitat.
exclamation,Què enraigurat que aquesta ascendència es senti sense fonament!
command,Explora el origen familiar.
wh_question,De què patrimoni tens orgull?
statement,Les raïols proporcionen stabilitat.
exclamation,Què de estabilitzant és sentir aquesta connexió!
command,Manten-te en contacte amb les teves raïols.
wh_question,¿Què raïols te anclan?
statement,La cultura enriquece la experiencia.
exclamation,Què de vibrante és aquesta diversitat!
command,Celebreu les diferències culturals.
wh_question,Quina cultura te inspira?
statement,L'identitat defineix la perspectiva.
exclamation,Què singularitat! Què singularitat!
command,Abraz el teu eu autèntic.
wh_question,¿Qué te hace único/a?
statement,La individualitat merece respecte.
exclamation,Què preu sovint aquesta singularitat!
command,Honra el teu veritable eu.
wh_question,Quina veritat defineix la teva identitat?
statement,L'autenticitat és llibertat.
exclamation,Quèliberador sentenció aquesta autenticitat al ser solitud!
command,Vivia de manera autèntica cada dia.
wh_question,Que faria si ningú va judir-vos?
statement,El coratge exprime la veritat.
exclamation,Què valentesa té aquesta vulnerabilitat! És un empoderament!
command,Exprimeu els vostres sentiments de manera real.
wh_question,Aquest és el que necessites expressar?
statement,La vulnerabilitat crea una connexió.
exclamation,Què intimida aquesta desobediència!
command,Comparte les teves vulnerabilitats.
wh_question,Quina vulnerabilitat compartiria?
statement,La connexió trascende la distància.
exclamation,Què meraviglia que aquesta vinculació tingui un carcter intemporal!
command,Conecta’t profundament amb altres persones.
wh_question,Aquesta connexió que més valorades?
statement,La comunitat proporciona un sentiment d'appartenència.
exclamation,Què acollidor és aquest sentiment de pertinença!
command,Crea comunitat tot allà que visiti.
wh_question,Quina comunitat se sent a la case?
statement,El pertenecer nutre el bienestar.
exclamation,Què de reconfortant és aquesta acceptacció!
command,Crea espais onde tots puguen tenir lloc.
wh_question,Aquest és el que és el teu sentiment d'unitat.
statement,L'inclusió engloba la diversitat.
exclamation,Què enriquiment avène aquesta diversitat! Expandereu-hi!
command,Prctica l'inclusió cada dia.
wh_question,Quina inclusió creariau?
statement,La diversitat reforça els grups.
exclamation,Què potentícia aquesta varietat!
command,Valorar les diferents perspectives.
wh_question,Quina perspectiva va desafiar la vostra?
statement,La perspectiva moldea la realitat.
exclamation,Què transformador és aquest punt de vista! És un canvi paradigmàtic!
command,Teniu altres punts de vista.
wh_question,Quin cosa va canviar recent la teva perspectiva?
statement,La empatia colma les diferències.
exclamation,Què de unitat sembla connectar-se amb aquesta comprensió!
command,Prctica l'empatía cada dia.
wh_question,Què va ajudar-vos a comprendre a altra persona?
statement,La compassió transforma les relacions.
exclamation,Què de reconfortant és sentir aquesta amabilitate!
command,Mostreu compassió a tots.
wh_question,Quinsons de compassió?
statement,La bondad se propaga.
exclamation,Què contagiosa és aquesta bondad! És tan inspiradora!
command,Escolliu la bondad en les interaccions.
wh_question,Aquesta è la pregunta que va ser la seva resposta. Quina bondad ha transcendió?
statement,La generosidad crea abundancia.
exclamation,Què de enriquent aquesta partilha!
command,Dona generosamente del teu temps.
wh_question,"Aquest passat, què has donat?"
statement,Compartir multiplica la alegria.
exclamation,Què de jovia aquesta gestió es multiplica!
command,Comparteix els teus benediccions amb altres.
wh_question,Què compartirías si toses recursos ilimitados?
statement,Donar fa sentir-se completades.
exclamation,Què satisfacció és aquesta petició!
command,Dona sense esperar una restitució.
wh_question,Quin donar va fer-vos sentir satisfacció?
statement,El servei eleva el propòsi.
exclamation,Què importància té aquesta contribució!
command,Serveix els altres amb alegria.
wh_question,¿De qué te impulsa?
statement,La contribució crea un canvi.
exclamation,Què impact tind aquest implicació! És una transformació!
command,Contribuir a algo de mayor envergadura.
wh_question,¿Que causa necesita tu contribución?
statement,L'impact es propaga pel temps.
exclamation,Què durat aquest efecte!
command,Afegure un impact positiu.
wh_question,Què impact vol causar?
statement,La herència perdura més que la vida.
exclamation,Què profundament és aquesta permanència que sembla eterna!
command,Construïu-ho tot amb una finalitat duradera.
wh_question,¿Qué constituiría un legado significativo?
statement,La memòria eterniza el significat.
exclamation,Què belleses aquesta commemoració!
command,Ricordar-se de aquells que os inspiren.
wh_question,Qui vulgues recordar?
statement,L'inspiració fa que s'ementiu a l'acció.
exclamation,Què energitzant és aquesta motivació!
command,Actúa según tus inspiraciones.
wh_question,¿Què te inspira a actuar?
statement,La motivació alimenta el procés de superació.
exclamation,Com sentí aquesta ambicióva ambició va ser imparable!
command,Manténgu-vos motivats per als objectius.
wh_question,¿Qué te mantiene motivado?
statement,La determinació supera els obstacles.
exclamation,"Què força té aquesta resolució, que no sembla quebreu!"
command,"Manten-te determinat, no importa qué."
wh_question,Què va reforçar la vostra determinació?
statement,La resiliència fa el seu comeback.
exclamation,Què inspirant és aquesta recuperació! És heròic!
command,Construïu la teva resiliència.
wh_question,Què va ajudar-vos a recuperar-se?
statement,"La perseverança és la que, al final, aconsegue."
exclamation,Què triomfadora es aquesta resistència!
command,S'aprensi a superar les dificultats.
wh_question,¿Qué te enseñó la perseverancia?
statement,La tenacitat triomfa de la dificultat.
exclamation,Què tenace és aquest spirit! S'avoluta imparable!
command,Desarrolla la tenacidad y la determinación.
wh_question,Quins el grit va ajudar-vos a tenir èxit?
statement,La tenacidad crea el éxito.
exclamation,Què sense frenada sent aquesta perseverança victoriada!
command,Nunca des por perdut els teus somnis.
wh_question,Quin somni te manté a seguir?
statement,La esperança subsiste a través de la oscuridad.
exclamation,Què radiant és aquest optimisme! És una il·luminació!
command,Manténganse siempre la esperanza.
wh_question,Quina esperança il·luminament el teu camí?
statement,La fe guia per la incertitud.
exclamation,Què reconfortant és aquestes persones que creuen en mi i anclant-me!
command,Confia en el viaje.
wh_question,Quina fe guia el teu camí?
statement,La fe empodera l'acció.
exclamation,Què confiança té aquesta convicció!
command,Creu en ell teu.
wh_question,Què creus sobre ell/ella?
statement,La confiança genera el succes.
exclamation,Què potent és aquesta autoconfiança que em fa sentir energitzat!
command,Construïu la teva confiança cada dia.
wh_question,¿Què te fa sentir més confiant?
statement,L'autostima és una manera de valorar la nostra importància.
exclamation,Què de valorsos és aquest autovalor!
command,Valora-t-en molt.
wh_question,Quins valors veus en ell mateix?
statement,El respecte per a si mateix marca les setes.
exclamation,Què dignitat sentit aquesta auto-honor empoderant!
command,Respeua-se per als altres darrere.
wh_question,¿Qual és el límit que protege el teu respecte per a tu?
statement,L'amor próprio nutre el bienestar.
exclamation,"Què reconfortant és aquest autocuidado, curant!"
command,Ama't-vos a vostreu mateix sense condicions.
wh_question,Quina pràctica de l'amor próprio t' ajuda?
statement,El autocuidado previene el agotamiento.
exclamation,Què essencial aquesta renovació es resigui com una restauració!
command,Dedicar prioritat al teu benestar.
wh_question,Quins autocura practiques?
statement,El descanso restaure l'energia.
exclamation,Què revitalitzant és aquest relax!
command,Dedicati-vos temps per descansar adequadament.
wh_question,Quin descans deixa-vos refojos?
statement,Jugar fa gaudir.
exclamation,Què deliciós és aquest joc! Això és una cosa liberadora!
command,Fa’ temps per jugar.
wh_question,Quina obra teatral et fa gaudir?
statement,La curiositat impulsa la descoberta.
exclamation,Què meravellat aquesta exploració! Això és emocionant!
command,Cultiveu la vostra curiositat.
wh_question,Aquesta curiositat que vulgueria explorar?
statement,La meraviglia desperta l'imaginació.
exclamation,Què magrà aquesta meravellosa cosa!
command,Reactiva el teu sentit de meravell.
wh_question,Quin meravell qual va fer-vos sentir el meravell?
statement,L'imaginació crea la possibilitat.
exclamation,Què expansiva és aquesta creativitat que sembla sense limites!
command,Soha no teu cap no hi ha limites i imagina més.
wh_question,Quin imaginaríem si no existivessen limites?
statement,Els somnis inspiren a l'acció.
exclamation,Què motivant és aquesta visió! És inspirant!
command,Transforma els teus somnis en plans.
wh_question,Aquest somni què creus que et faria actuar avui?
statement,La visió dirige el cap.
exclamation,Què de clarificant sent aquesta preveïció!
command,Imagina el teu futur ideal.
wh_question,Quins generos vius?
statement,Els objectius marquen el camí.
exclamation,Què de strategic aquesta planificació!
command,Establenuix-hi amb clarels i realitzables objectius.
wh_question,Aquests objectius són compatibles amb la vostra visió.
statement,L'acció genera resultats.
exclamation,Què productiu és aquest impuls! És una gran motivació!
command,Treballaix amb l’objectiu que t’han fixat.
wh_question,Quins serien de mesures avançament els teus objectius actuals?
statement,El momentum genera més confiança.
exclamation,Què emociógenysent aquest progress!
command,Manténgu el teu empuje.
wh_question,Quins gener de impuls ha creat?
statement,El progres va donar satisfacció.
exclamation,Què gratificant és aquest avanç!
command,Celebreu el progres que s’ha fet.
wh_question,Quin progresos ha aconseguit recent?
statement,El drets marca eta eta eta.
exclamation,Què triomfador és aquest resultat!
command,Reconnaix els teus resultats.
wh_question,Quins sequestre volèries arribar?
statement,El èxit requereix la consistència.
exclamation,Què de fiables senten aquesta fiabilitat!
command,Si us siguin consistents en els nostres esforços.
wh_question,Quina consistència ha estat la causa del seu èxit?
statement,La excel·lència exigeix dedicació.
exclamation,Què admirat aquesta dedicació! És incàrciblement inspirant!
command,Dedicati-vos a la excel·ència.
wh_question,Aquest és el que es de millor qualitat que puguis buscar.
statement,El domini provenia de la pràctica.
exclamation,Què satisfacció és aquesta competència que es ve tan autoritzada!
command,Practica fins que et l'aprenent geniu.
wh_question,Aquesta qualitat que vulgueria dominar?
statement,La destreza fa construir la confiança.
exclamation,Què capacitat avène aquesta competència!
command,Desenvolupa els teus drets quotidianament.
wh_question,Quina qualificació és deguda d'esdevenir-se?
statement,El coneixement amplifica les possibilitats.
exclamation,Què enriquiment avène aquesta experiència d'aprendre!
command,Nunca dejes de aprender.
wh_question,Quins tipus de coneixement ampliarían les seves possibilitats?
statement,La sabedoria guia les escoltes.
exclamation,Què de reveladors se sent aquesta discerniment!
command,Busca la sagacεια en les decisions.
wh_question,Quina sabença guia les vostres escoltes?
statement,Entendre'n porta la pau.
exclamation,Què calmant és aquesta comprensió!
command,Busca comprendre antes de reaccionar.
wh_question,Quina comprensió va donar-vos la pau?
statement,La claritat elimina la confusió.
exclamation,Què il·luminant és aquest coneixement!
command,Fins clar de què vols.
wh_question,Quina claritat us ajudaria ara?
statement,El enfocament amplifica els resultats.
exclamation,Què potentícia aquesta concentració! Molt potentícia!
command,Concentreu la vostra energia en les prioritats.
wh_question,Què enfocament producaria els millors resultats?
statement,Les prioritats agiliten les decisions.
exclamation,Què de senzilla aquesta classificació! Organitzar és una cosa molt senzilla.
command,Dedicar prioritat sense remora.
wh_question,Aquesta prioritat qual devén dedicar la vostra atenció ara?
statement,La simplificació pot potenciar la claritat.
exclamation,Què reconfortant se sent aquesta desocupació!
command,Simplifica per amplificar.
wh_question,Què simplificarí aquesta setmana?
statement,L'eficacitat fa que el temps s'esgote.
exclamation,Què de ràpid que aquesta optimització faci que el treball sigui productiu!
command,Optimiza els teus fluxos de treball.
wh_question,Quin procés podria ser més eficient?
statement,La productivitat impulsa els resultats.
exclamation,Donar el nostre millor és una cosa que nos fa sentir empoderats!
command,Maximitza la teva productivitat.
wh_question,Quin hàtca de productivitat funciona per a vostres?
statement,L'efectivitat és la cosa més important.
exclamation,Què impact produc aquesta eficienç!
command,Focar-se en lo que funciona.
wh_question,Què és el que millora per a vostres?
statement,La mejora és sempre possible.
exclamation,Què esperança se sentença aquest creixement sense limites!
command,Continua a te perfeccionar.
wh_question,Què vols millorar?
statement,El canvi és el motor del creixement.
exclamation,Què transformador és aquest canvi!
command,Abran les portes al canvi com a una oportunitat.
wh_question,Quina canvi acceptariau?
statement,El creixement supera el confort.
exclamation,Què gratificant és aquestes extensies que es expanden!
command,Fes un pas amb l'extrem de la teva zona de confort.
wh_question,Que intentarías si el fracassat no fos possible?
statement,L'aprenentatge no acaba mai.
exclamation,Què humillante és aquesta desobediència que es expansiva!
command,Continua a ser un aprendiz de por vida.
wh_question,Aquest és el teu següent objectiu d'aprenentatge?
statement,L'experiència ens ensenye el que és millor.
exclamation,Què instructiu és aquesta vivència de l'escola!
command,Valora les teves experiències.
wh_question,Quina experiència va ens ensenyar més?
statement,Els errors revelen la veritat.
exclamation,Què revelació és aquest fracassament! És instructiu!
command,No tinguis por equivocats.
wh_question,Què va ens ensenyar una recent equivocació?
statement,El feedback accelera el crecimiento.
exclamation,Què utilitat té aquesta informació per al desenvolupament!
command,Benvinguts amb un feedback constructiu.
wh_question,¿Qué feedback te ayudó a mejorar?
statement,La reflexió aprofunda el coneixement.
exclamation,Què de reveladors se sent aquesta introspecció!
command,Reflexiona sobre tus experiencias.
wh_question,A què va pensar tänquen hoy?
statement,Escriure el diari capta insights.
exclamation,Què de gratificant sent aquesta documentació!
command,Manténgase un diario de aprendizaje.
wh_question,De què creus que hauria de escriure en el teu diari hoy?
statement,La meditació cultiva la consciència.
exclamation,Què de centrant que aquesta mindfulness es sentit fonder!
command,Prctica la meditació cada dia.
wh_question,Quina pràctica de meditació funciona per a vostres?
statement,El respirat connecta el cos i la mente.
exclamation,Què vitalícia aquesta força vital!
command,Concentra't-se en la seva respiració.
wh_question,¿Qué te dice ahora tu respiración?
statement,La presència d'anchors és a partir d'aquesta moment.
exclamation,Què de real sembla aquest moment!
command,Estar presente en el momento actual.
wh_question,Què et present actualment?
statement,La gratitud transforma la perspectiva.
exclamation,Què ressentiment aquesta apreciació és canviar!
command,Practica la gratitud diària.
wh_question,Què gratitud va relllenar el teu cor?
statement,La gratitud mejora la vida.
exclamation,Què enriquiment sent aquesta valoració! És satisfacció!
command,Aprecia les petites choses.
wh_question,Quina cosa mica fa que et degenui?
statement,La bellesa existe tot allerrà.
exclamation,Què edificant és aquest moment de percebure això! És inspirant!
command,Busca la belleza en la vida cotidiana.
wh_question,Quina bellesa recreeneuu's diu's?
statement,Wonder revitaliza el espíritu.
exclamation,Què magràfic va sentir aquesta perceció!
command,Cultiveu la meraviglia cada dia.
wh_question,Que cosa te llena de asombro?
statement,La alegria reside dentro de nosotros.
exclamation,Què radiant és aquesta il·luminació interna!
command,Troba la joia en les coses simples.
wh_question,Deu com a una pregunta que no tenia una resposta clara.
statement,La pau és sempre disponible.
exclamation,Què accessible és aquesta calma que és reconfortant!
command,Acceda al seu interior.
wh_question,Que cosa te aporta la tranquilidad mental?
statement,L'amor fluye desde dentro.
exclamation,Què sense limites sent aquesta interior l'amor radiant!
command,Deixa que l'amor fluisca del teu cor.
wh_question,Què amor sentiu ara?
statement,La compassió es dirigeix exteriorment.
exclamation,Què de reconfortant és aquestes connexió!
command,Esportbreu compassion a tots.
wh_question,Comassion que tens ara?
statement,La bondad irradia hacia fuera.
exclamation,Què bonull amb aquest sentit de felicitat!
command,Difunde la bondad hoy.
wh_question,Aquesta és la generositat que ha presenciat?
statement,La generosidad crea abundancia.
exclamation,Què de gratificant és donar aquesta parta! S'multiplica!
command,Comparteix la vostra abundància.
wh_question,Quins generos quan?
statement,El servei ens connecta a tots.
exclamation,Què significació té aquesta ajuda! És impressionant!
command,Serveix amb gaudeixement.
wh_question,¿Qué serve te satisface?
statement,La comunitat té suport per al creixement.
exclamation,Què gratificant és aquest suport!
command,Construïr una comunitat de suport.
wh_question,Quina comunitat t'és de suport?
statement,Aportar-se fa honor a l'identitat.
exclamation,Què de reconfortant és validar aquesta acceptació!
command,Crea un sentiment d'unitat tot i que visis.
wh_question,A on que creus que et va ser teu lloc?
statement,El propósito da dirección.
exclamation,Què de guiatge aquest significat! Direccionar-se per això és una experiència fascinant!
command,Conecta-te al teu propòsi.
wh_question,¿Cuál es el propósito de la vida?
statement,La telefonada espera a ser descubierta.
exclamation,Què de seductor és aquest destinat!
command,Responde a la llamatòria.
wh_question,Aquest és el que és el que és?
statement,El destino es el que se desenrolla a través de las decisiones.
exclamation,Donar forma a aquesta agenció és una experiència que em fa sentir empoderat!
command,Fixa's les escoltes que importen.
wh_question,Quins escoltes determinen el teu destí?
statement,La vida és un viatge.
exclamation,Què de aventureros es sentir-se mentre se fa aquesta ruta!
command,Diu-vos el camí de la vida.
wh_question,Quins va ser la teva viaja?
statement,L'experiència és l'ensenyent.
exclamation,Què sens de vivència és aquesta educació!
command,Vivia amb plenitud i aprendia molt.
wh_question,Què és la vida que et està ensenyanent ara?
statement,El creixement ocorre en moments.
exclamation,Què present queda aquesta cosa de sentir-se en plena evolució!
command,Abran les portes als moments de creixement.
wh_question,Quina creixement està ocorrant ara?
statement,El canvi és la única cosa que no varia.
exclamation,Què de libertador és sentir aquesta efemeritat fluir!
command,Flou amb el canvi.
wh_question,Quina transformació està ocorrant actualment?
statement,Cada final és un nou començ.
exclamation,Què esperança se sentença aquesta transició!
command,Benvinguts a de nou començaments.
wh_question,Què començament te espera?
statement,Més tard tindrà possibilitats.
exclamation,Què excitant sent aquesta potencial!
command,Abran el dia de mañana amb esperança.
wh_question,Quina possibilitat té el dia de mañana?
statement,El present és un present.
exclamation,Què preu sovint és això! Com és preu insubstituible!
command,Valora cada moment.
wh_question,Com va valorar aquest moment?
statement,La vida és per a viure.
exclamation,Què vitalitza aquesta existent!
command,Vivia la vida al máximo.
wh_question,Aquesta és la pregunta: com vivu plenament?
statement,Estu all d'aigua just quan necessites.
exclamation,"Doncs com a ubicació és perfecta, sent-ho exactamente així!"
command,Confia el teu recorregut.
polar_question,Creus que et trobem bé ara?
statement,Tot és per una raó.
exclamation,Què significació té aquesta coincidència!
command,Troba el significat en l'experiència.
wh_question,Què sentiu que és el seu significat actual?
statement,És capaç de fer coses impressionants.
exclamation,Què potentícia aquesta capacitat! Si sentés sense limites!
command,Creu en el teu potencial.
wh_question,Quina cosa meravellosa faràs?
statement,Els teus somnis són valorsos.
exclamation,Què degut aquesta aspiracció!
command,Cerd els teus somnis.
wh_question,Quin somni va merecer el teu honor?
statement,La teva veu és important.
exclamation,Què importància té aquesta expressió!
command,Dir la teva veritat.
wh_question,Aquesta veritat necessita de la seva veu.
statement,Meres al teu mereci la felicitat.
exclamation,Què meritada és aquesta alegria!
command,Reclama el teu estat d'humor.
wh_question,Aquesta és la vostra felicitat?
statement,És digne d'amor.
exclamation,Què deliciós és aquest mereciment que nos sentim!
command,Accepta la teva amabilitate.
polar_question,Reconeix que és digne d'amor?
statement,Afegiu un valor singular.
exclamation,Què de irremplazable aquesta valència!
command,Comparte els teus dons únics.
wh_question,Quin present singular compartiràs?
statement,La teva presència enriquece a les altres.
exclamation,Què enriquiment avène aquest impact! És una cosa que sent molt significativa.
command,Honra el teu impacte positiu.
wh_question,Com la seva presència enriquece a altres?
statement,Inavients els que li trobes al seu voltant.
exclamation,Què de inspirant aquesta influència! És motivant!
command,Sè una inspiració per altres.
wh_question,Qui te inspira a ser millor?
statement,És suficient només com et tens.
exclamation,Què completació plena és aquesta totalitat!
command,Acepteu la vostra completitud.
polar_question,Accepte que és suficient?
statement,Tens el poder de elegir.
exclamation,Què empoderament sentit aquesta agència! És una cosa liberadora.
command,Escolit gençament i savent.
wh_question,Quins escolliràs?
statement,Creu que crea la seva pròpia realitat.
exclamation,Què creativitat sentiu aquesta autoria a modelar!
command,Dona forma a la teva realitat amb intenció.
wh_question,Quina realitat creus que és aquesta?
statement,És tu l'autor de la teva història.
exclamation,Què narrativa aquesta narración sembla significativa!
command,Escriu una història que t'afegi.
wh_question,Quina història ets escrivint?
statement,El millor encara no ha arribat.
exclamation,Què prometenor és aquest futur! Això és emocionant!
command,Preveure gran cosa al davant.
wh_question,Quina cosa gran et espera a vostè?
statement,És destinat a la grandiositat.
exclamation,Què de gloriosament és aquest destí! És magnífic!
command,Abraz el teu destí.
polar_question,Creus que és destinat per la grandiositat?
statement,El teu potencial és ilimitat.
exclamation,Què infinitesa té aquesta possibilitat!
command,Vivir sin límites.
wh_question,Què intentarías si supieras que no podrías fallar?
statement,Estuès fent de vostres deves ser.
exclamation,Què de útil se ve aquesta evolució!
command,Confia al procés de transició.
wh_question,Què vols convertir-te en?
statement,La vida suporta el teu creixement.
exclamation,Què suportant és aquesta vida! M'ensenya a cuidar-me!
command,Recuegue el suport de la vida.
wh_question,¿De qué manera la vida apoya tu crecimiento?
statement,L'univers conspira a favor de vostres.
exclamation,Què de magràfic és aquest aliniment conspirat!
command,Confiar-se en el univers.
polar_question,Creus que el univers t'és favorable?
statement,Tot funciona al final.
exclamation,Què reconfortant és aquesta garantia!
command,Creu en el resultat.
polar_question,Creus que això funcionarà?
statement,És guiat i protegit.
exclamation,Què de segura aquesta protecció! Pareix divin.
command,Recuegue la seva guia.
polar_question,S'avèneu guiats i proteguts?
statement,El teu camí és únic.
exclamation,Què personalitza aquesta trave!
command,Cerd el teu camí singular.
polar_question,Honro el teu propi camí?
statement,No hi ha una manera correcta o incorrecta.
exclamation,Què llibertat sentit aquesta permesa!
command,Siguiu’em abans de totes les possibilitats.
wh_question,¿Qué te parece que es el mejor camino?
statement,Cada perspectiva és vàlida.
exclamation,Què de inclusiu és sentir que s'accepta aquesta indemnitat!
command,Respetuem tots els punts de vista.
wh_question,Quina perspectiva honor?
statement,La diversitat enriquix-nos a tots.
exclamation,Què enriquiment avène aquesta varietat!
command,Celebre la diversitat.
wh_question,Aquesta diversitat què celebreu?
statement,L'unitat abraça les diferències.
exclamation,Què de unitariès aquesta armonia! Què de agradable connectar-nos!
command,Troba l'unitat en la diversitat.
wh_question,Com trobes unitat en la diversitat?
statement,La connexió transcende les barreres.
exclamation,Què de meravellós és sentir que es va estrellar aquesta vinculació!
command,Conecta-te más allá de las barreras.
wh_question,Aquests són els obstacles que superem.
statement,L'amor transcende tots els límits.
exclamation,Què sense limites sent aquesta l'amor!
command,L'amor sense fronts.
wh_question,Aquestes són els límits que va transcendre el teu amor.
statement,La pau és al teu interior.
exclamation,Què accessivitat avèneix aquesta calma que sent inherent!
command,Troba la pau interior.
wh_question,¿Dnde encuentras tu paz?
statement,La alegria procede de dentro.
exclamation,Què de radiant es sentir aquesta felicitat al exterior!
command,Que la alegria emanci passi d'allà d'interne.
wh_question,Què alegria emanades?
statement,La llum et fa sortir de la teva alma.
exclamation,Què il·luminant és aquest radiació!
command,Que la vostra llum et ilumi.
wh_question,Quinsons de llum que propores?
statement,L'amor irradia del teu cor.
exclamation,Què de reconfortant és aquest afegit que es difunde!
command,Obre el teu cor per l'amor.
wh_question,Què cosa demana el teu cor?
statement,La compassió fluix per a través de vostres.
exclamation,Què de reconfortant sentir que aquesta empatia és transformadora!
command,Deixa que fluya la compassió.
wh_question,Quinsons de compassió?
statement,La bondad procede del teu espíritu.
exclamation,Què contagiosa és aquesta bondad que es difunde!
command,Que la bondad emanci.
wh_question,Quina bondad emanades?
statement,La generosidad procede de la vostra alma.
exclamation,Què de enriquentant és donar aquest spirit!
command,Que la generosidad fluya a través de þig.
wh_question,Aquesta generositat què comparteixen?
statement,La sabedoria reside en þér.
exclamation,Què de guiatge sentir-se con aquesta sabori interior!
command,Confia en la teva sabedoria interior.
wh_question,Quina èsta és la saboriència que resideix en tu?
statement,La veritat resideix al teu cor.
exclamation,Què autèntic és aquesta veritat interior que sento lliurant-me!
command,Honra la teva verdad interior.
wh_question,Quina veritat resideu al teu cor?
statement,L'intuïció guia els teus passos.
exclamation,Què de gratificant és sentir aquesta guia interior!
command,Siguiu la vostra intuïció.
wh_question,¿Qué te dice tu intuición?
statement,El teu intestin coneix el camí.
exclamation,Què instintualment és aquesta consciència!
command,Creu en els teus sentiments.
wh_question,¿Qué te dice ahora tu intuición?
statement,Els teus instincts et serveixen bé.
exclamation,Què fi de fiabil aquest compass interior!
command,Cumpliureu els vostres instincs.
wh_question,Aquest instint que honorés?
statement,La teva veu interior parla la veritat.
exclamation,Què clar és que aquesta interioritat es resigui amb claritat!
command,Escuta la teva veu interior.
wh_question,Què està dient la teva veu interior?
statement,El teu cor sabe la resposta.
exclamation,Què de meravellós és sentir que aquesta comprensió és correcta!
command,Creu en el teu cor.
wh_question,¿Qué te dice el teu cor?
statement,La teva alma sabe el camí.
exclamation,Què de espiritual aquesta consciència! És profund!
command,Honra la sabedoria de la teva alma.
wh_question,Què sabe la seva alma?
statement,És complet i total.
exclamation,Què perfecte és aquesta completitud!
command,Acceptat la vostra totalitat.
polar_question,S'ensenyes a plenitud i completitud?
statement,És exactament suficient.
exclamation,Què satisfacció és aquesta suficienci!
command,Conoced que ésts suficient.
polar_question,Sè que et són suficients?
statement,Aquí et tenen.
exclamation,Doncs és molt apropiat que tingui aquesta pertinença!
command,Conócete com a part de aquesta comunitat.
polar_question,Sè que et teniu aquí?
statement,Tens un lloc a aquest món.
exclamation,Què importància té aquest espai! Pareix que tingui un propòsit.
command,Reclama el teu lloc al món.
wh_question,Què lloc reclamaràs?
statement,La teva existència és important.
exclamation,Què de significativa aquesta importància! És un procés útil!
command,Consigui que t'importants.
polar_question,Sè que t’és important?
statement,La seva presència fa la diferència.
exclamation,Què impact ha aquesta contribució! És una cosa que sent significativa.
command,Conoced que la vostra presència és important.
polar_question,Va la vostra presència marcar la diferència?
statement,Tots els teus deuts són estimats sense condicions.
exclamation,Què de reconfortant és aquest acceptatge!
command,Accepta que t'han estimat.
polar_question,Sèu coneixeu que son benocults?
statement,Sempre et tens suport.
exclamation,Què de suportant aquesta cura!
command,Reconeix que t’és suportat.
polar_question,S'avoulençeu suportat?
statement,És guiat tot el travallo.
exclamation,Què direcció guia aquesta sensació de lideratge!
command,Confia en la teva guia.
polar_question,S'avèneu guiats?
statement,No et trobareu mai souls.
exclamation,Què unitat connectata es aquesta! Que sembla companheira!
command,Conoced que nunca estais solides.
polar_question,No et coneixeu que no ests mai sol?
statement,L'amor sempre té al teu voltant.
exclamation,Què de envolventant és aquest amor que protege!
command,Obre a l'abraçada del amor.
polar_question,Creu que l'amor li entoure?
statement,La pau va envoltat-vos.
exclamation,Què calmant és aquesta serenitat!
command,Recuegue aquesta pau.
polar_question,Penseu que senten aquesta pau?
statement,La alegria surge en el interior.
exclamation,Què efervescent és aquesta felicitat!
command,Deixa que la alegria surja.
polar_question,La alegria s'engosa all'interne?
statement,La esperança eterna reside en el interior.
exclamation,Què ressolava renovar aquest optimisme!
command,Que la esperança sigui eterna.
polar_question,La esperança és eterna en þig?
statement,La fe afianza la teva resolució.
exclamation,Què pot ser mai reforçant que sentir-se empoderat per aquesta creença!
command,Que la fe te fortalezca.
wh_question,Quina fe et vi força?
statement,El cor es cosa de l'interior.
exclamation,"Què poc import quan cresca aquesta coratge, sento-me empoderat!"
command,Que el cor estigueix allà dins.
wh_question,Aquest és el coratge que surgi de dins de vostres.
statement,La força fluye a través de þig.
exclamation,Què potent pot sentir-se aquesta cosa energitzant!
command,Que la força fluya a través de þig.
wh_question,Quina força fluix per a vostres?
statement,La resiliència resideix en el teu spirit.
exclamation,Què de senseucions és aquest bonific amb la recuperació!
command,Deixa que la resiliència resida en el interior.
wh_question,Quins la resiliència resideix al teu spirit?
statement,La determinació alimenta les teva accions.
exclamation,Què de motivant que es conducir con aquesta resolució!
command,Deixem la determinació et alimente.
wh_question,Quins generos són les vostres accions?
statement,La pasió enflama la teva alma.
exclamation,Què de energitzant és aquest entusiasme!
command,Deixa que la pasió encendi l'alma.
wh_question,Quina passió fa que la teva alma s'incendie?
statement,El propósito guia el camino.
exclamation,Què de motivant és sentir que dirigeix aquest significat!
command,Que el propòsit te guie.
wh_question,¿De qué propósito se guía tu camino?
statement,La visió il·umina el teu camí.
exclamation,Què de brillant és aquesta perspicacitat!
command,Que la visió ilumi ninguin el teu camí.
wh_question,Quina visió et il·umina el teu camí?
statement,Els somnis inspiren el teu recorregut.
exclamation,Què inspirant és aquesta aspiracció! És motivant!
command,Deixem els teus somnis inspirar el teu recorregut.
wh_question,Aquests somnis inspiren la teva aventura?
statement,El meravell és el que colma el teu cor.
exclamation,Què de gratificant és aquest sentiment de meravella!
command,Que la meraviglia llugi a prop del teu cor.
wh_question,Que meraviglia colma el teu cor?
statement,La curiositat és el motor de la exploració.
exclamation,Què és excitant sentir-se que s'ha enlaçat aquesta investigació!
command,Deixa que la curiositat et faigui.
wh_question,Aquesta curiositat que et fa pensar?
statement,La creativitat fluix per a vostres.
exclamation,Què de fluida és aquesta imaginació! Tot sembla sense limites!
command,Deixa que la creativitat fluisca per a tu.
wh_question,Quina creativitat fluix per a vostros?
statement,L'innovació surgi d'allà d'interne.
exclamation,Què poc pionerès és aquesta invenció!
command,Deixa que emerja la inovació.
wh_question,Quina innovació surreix de vostres?
statement,Vienen a la mente idees.
exclamation,Què de generatiu es pot sentir este pensament!
command,Deixem que les idees emerginin.
wh_question,Aquesta és la pregunta que va venir a la meva mente.
statement,L’intuïció survelle de manera inesperada.
exclamation,Què ressola aquesta comprensió! És il·luminant.
command,Que surja la perspicacía.
wh_question,Quina perceció apareix per a vostres?
statement,La claureté és un moment.
exclamation,Què de reconfortant és clarificar aquesta comprensió!
command,Que la claritat arribi a vostros.
wh_question,Quina claritat veureu?
statement,La veritat s'esvela.
exclamation,Què revelació és aquesta! Això és una descoberta que fa pensar.
command,Deixa que la veritat s'escrivi a si mateix.
wh_question,Quina veritat se revela a vostres?
statement,Comprendre és un procés lent.
exclamation,Què ressolava sentir-se aquesta comprensió al despertar!
command,Que l'intel·liència albori.
wh_question,Quina comprensió cap al teu cos?
statement,La sabedoria profundiza con el tiempo.
exclamation,Què de gratificant és aprofundar aquesta perceció!
command,Que la sabiduría s’profunde en þig.
wh_question,Aquesta è la sabà de la teva interioritat.
statement,El coneixement és un procés que continua a augmentar.
exclamation,"Com cresc aquesta learning, sento que s'està ampliant!"
command,Que la coneixement cresquiu en te.
wh_question,Quina coneixement és que et cresc allà?
statement,L'experiència acumula la saboriència.
exclamation,Què de gratificant és acumular aquesta experiència!
command,Deixa que la experiència s’acumuli.
wh_question,Quina experiència ha aconseguit per a vostres?
statement,La memòria conserva les liçions.
exclamation,Com preservar aquest recordament es senti honor!
command,Que la memòria preserve les liçons.
wh_question,Quina l·lembra preserva?
statement,Les lessons inform future choices.
exclamation,Què de gratificant és tenir informada aquesta orientació!
command,Deixem que les liçons informen les vostres escoltes.
wh_question,Quina línia de pensament va informar la seva elecció?
statement,Les escoltes determinen el nostre destí.
exclamation,Què sens ha tenir aquesta decisió!
command,Deixem que les opcions formen el vostre destí.
wh_question,Quins escoltes determinen el teu destí?
statement,El destino es desenvoluplat de manera graciosa.
exclamation,Què de destinat que es veure això aconseguir-se!
command,Deixem que el destí es desenvolupi amb elegancia.
wh_question,Com es desenvolupa el teu destin?
statement,La vida es perfecta.
exclamation,Doncs com a perfecta que sent aquesta desdoblació és divina!
command,Confi en el desenvolupament perfecte de la vida.
polar_question,Creus que la vida es perfecta i s'desenvolta com un somni?
statement,L'univers t'és favorable.
exclamation,Què de conspiratori es veu aquestes coses que sostenem!
command,Confiau en l'univers solidari.
polar_question,El univers te suposa?
statement,Tot està desenvolvoluent com ha de ser.
exclamation,Com s'ha de sentir aquesta desdobladura!
command,Confia en el desenlace.
polar_question,Creus que tot s'esdeveny amb el que ha de ser?
statement,Estu all d'aigua just quan deves estar.
exclamation,Què adequat es aquesta disposició! Més perfecte!
command,Confiares del lloc que ésts actualment.
polar_question,Creus que et trobeu allò on ha de estar?
statement,Cada moment és un regal.
exclamation,Què de preciosa se ve aquesta obsequia!
command,Recuegue cada moment com a una dona.
polar_question,Recibiràs aquest moment com a regal?
statement,El moment actual és el únic moment que existe.
exclamation,Què present aquesta sensació d'estar etern!
command,Estar completament aquí i ara.
polar_question,Estu present totalment en el aquí i el ara?
statement,Aquest moment no tornarà mai més.
exclamation,Què insubstituible és aquesta ocorrenza que sembla fugir!
command,Valora aquest moment inigualable.
wh_question,Com va valorar aquest moment?
statement,Desarrai el màxim de l'instant.
exclamation,Què de motivant que maximitzem aquest present!
command,Aprovecha al máximo este momento.
wh_question,Que faràs de aquest moment?
statement,Aquest moment és el teu per crear.
exclamation,Què poc meravellós és crear això!
command,Crea este moment intencionalment.
wh_question,Què creu que crearà en aquest moment?
statement,És tu el creador de la teva experiència.
exclamation,Què pot ser més potent que crear aquesta realitat!
command,Crea la teva experiència conscienciosament.
wh_question,Quina experiència creus que es crea?
statement,La teva realitat és cosa tuya.
exclamation,Què ressolem aquesta realitat és una cosa que em fa sentir emforat!
command,Dona forma a la teva realitat amb l'amor.
wh_question,Quina realitat estau creats?
statement,Escolit ginjoix en aquest moment.
exclamation,Què de potentès és aquesta elecció de la nostra felicitat!
command,Selecciona la alegria en este momento.
polar_question,Vols elegir la alegria en este momento?
statement,Escolit la pau en aquest moment.
exclamation,Què de centrant se sent escollir això!
command,Selecciona la pau ara.
polar_question,Vols optar per la pau en aquest moment?
statement,Escolit el amor en este moment.
exclamation,Què de reconfortant és escollir aquest afegit!
command,Selecciona el amor en este momento.
polar_question,Vols elegir el amor en este momento?
statement,Escolit ginestatgeu en aquest moment.
exclamation,Què ressentiment escollir aquesta gratitud! Engràcia!
command,Escolit genys de gratitud al moment.
polar_question,Vols optar per la gratitud en aquest moment?
statement,Escolit ginecès en aquest moment.
exclamation,Què de boncunaixent aquesta elecció!
command,Selecciona la bondad en este momento.
polar_question,Vols optar per la bondad en aquest moment?
statement,Escolitèu la compassió en aquest moment.
exclamation,Què de reconfortant és aquesta elecció!
command,Selecciona la compasión en este momento.
polar_question,Vols optar per la compaïència en aquest moment?
statement,Escolit comprensió en aquest moment.
exclamation,Com aquesta comprensió escollir-se sent sentir-se com fer un pas important!
command,Selecciona comprensió al·laurat.
polar_question,Vols optar per la comprensió en aquest moment?
statement,Escolit el perdó a aquest moment.
exclamation,Què ressentiment escollir aquesta edició!
command,Selecciona el perdón en este mismo momento.
polar_question,Vols optar per el perdó a aquest moment?
statement,Escolit acceptància en aquest moment.
exclamation,Què deliberant aquesta indemnització és una cosa que me fa sentir llibert!
command,Selecciona l’accceptació ara.
polar_question,Vols optar per l'accceptació en aquest moment?
statement,Escolit patience en aquest moment.
exclamation,Què de calmant és aquesta tolerència!
command,Selecciona la paciència al moment.
polar_question,Vols optar per la paciència en aquest moment?
statement,Alege el coratge en este momento.
exclamation,"Què és això, sentir-se empoderat per aquesta coratge!"
command,Selecciona el coratge al·laurat.
polar_question,Vols optar per el coratge en aquest moment?
statement,Escolit el fet en aquest moment.
exclamation,Què de gran cosa és escollir aquesta confiança!
command,Selecciona la fe en este momento.
polar_question,Vols optar per la fe en este moment?
statement,Escolit el esperança en este moment.
exclamation,Què ressentiment escollir aquest optimisme!
command,Selecciona la esperança en este momento.
polar_question,Vols optar per la esperança en aquest moment?
statement,Escolliu la determinació en aquest moment.
exclamation,Què ressentiu escollir aquesta resolució és un reforzament!
command,Selecciona la determinació al moment.
polar_question,Vols optar per la determinació en aquest moment?
statement,Selecciona el punt focal en este moment.
exclamation,Què ressentiu escollir aquesta concentració és amplificant!
command,Selecciona el focus en este momento.
polar_question,Vols decidir el enfoque en este momento?
statement,Escolliu la presència en aquest moment.
exclamation,Què de reconfortant és escollir a aquesta persona!
command,Selecciona la presència al·laurat.
polar_question,Vols optar per la presència en aquest moment?
statement,Escolit heu la consciència en aquest moment.
exclamation,Com escollir aquesta consciència és com despertar!
command,Selecciona la consciència al moment.
polar_question,Vols optar per la consciència en aquest moment?
statement,Escolit mindfulness en este momento.
exclamation,Què de centrant se sentiu escollir aquesta atencions!
command,Selecciona la consciència actualment.
polar_question,Vols optar per la mindfulness en este moment?
statement,Escolit heu la calma en este moment.
exclamation,Què de calmant és aquesta quietud!
command,Selecciona la calma en este momento.
polar_question,Vols optar per la calma en este momento?
statement,Escolitzeu el silenciu en aquest moment.
exclamation,Què de pacífica se ve aquesta calma!
command,Elija el silencio ahora mismo.
polar_question,Vols optar per al silenciament en aquest moment?
statement,Escolliu el respirat en aquest moment.
exclamation,Què ressolem vitalitzant! Com sent aquesta elecció de aquesta força vital!
command,Escolit heu de t’inspirar i expirar profundment.
polar_question,Voluntaràs escollir respirar profundament?
statement,Alege la vida en este momento.
exclamation,Què de energitzant és aquesta elecció de vitalitat!
command,Escolit heu la vida deull manera plena ara.
polar_question,Vols optar per la vida deull@ment?
statement,Alegeu que esdevinguem aquí ara.
exclamation,Què de reconfortant és aquesta presència!
command,Alegeu que esdevinguem aquí ara.
polar_question,Voluntat que estiu aquí ara?
statement,Alegeu a estar presentes.
exclamation,Què és aquesta sensació de escollir aquesta assistència!
command,Decideu-vos per estar presència actual.
polar_question,Voluntaràs estar present?
statement,Escolit heu estar conscients.
exclamation,Com escollir aquesta perceció és com despertar!
command,Decideu-vos per ser conscientes en este momento.
polar_question,Voluntat que sigui el mindfulness?
statement,Escolit heu d'estar gràcies.
exclamation,Què de enriquent senten aquesta elecció de donar gràcies!
command,Decideu-vos per ser gràços ara.
polar_question,Voluntaràs ser gràcies?
statement,Alegeu a ser alegres.
exclamation,Què de gran cosa és aquesta elecció de la felicitat!
command,Decideu-vos per ser alegres ara.
polar_question,Voluntaràs seret?
statement,Alegeu a estar en paz.
exclamation,Què de calmant és aquesta serenitat!
command,Decideu-vos per la pau entre tots.
polar_question,Voluntaràs estar en pau?
statement,Alegeu a ser els generosos.
exclamation,Què és escollir aquesta afecció és radiar!
command,Decideu-vos per ser els els els ara.
polar_question,Voluntaràs ser el·ligant?
statement,Alegeu a ser amables.
exclamation,Què de gran cosa és aquesta elecció! Sentir-se que es difunde aquesta bondad!
command,Decideu-vos per ser amables ara.
polar_question,Voluntaràs ser amable?
statement,Decideu-vos per la compassió.
exclamation,Què ressentiu escollir aquesta empatia! És una connexió!
command,Decideu-vos per la compassió ara.
polar_question,Voluntaràs ser compassiu?
statement,Alegeu't a ser comprensivos.
exclamation,Com aquesta comprensió escollir-se sent sentir-se com fer un pas important!
command,Decideu-vos per ser comprensivos ara.
polar_question,Voluntat que sigui comprensiu?
statement,Decideu-vos per la indulgència.
exclamation,Què ressentiment escollir aquesta edició!
command,Decideu-vos per ser indulgentes ara.
polar_question,Voluntaràs ser perdònant?
statement,Alegeu a ser acceptaants.
exclamation,Què deliberant aquesta indemnització és una cosa que me fa sentir llibert!
command,Decideu-vos per ser acceptacions ara.
polar_question,Voluntaràs ser tolerant?
statement,Decideu-vos per ser pacients.
exclamation,Què de calmant és aquesta tolerència!
command,Alegeu a ser pacients acum.
polar_question,Voluntat que siguis pacient?
statement,Alegeu ser corajosos.
exclamation,"Què és això, sentir-se empoderat per aquesta coratge!"
command,Alegeu ser corajosos agora.
polar_question,Voluntat a ser corajós?
statement,Alegeix que et detinguin.
exclamation,Què ressentiu escollir aquesta resolució és un reforzament!
command,Decideu-vos per a l'apagatge ara.
polar_question,Voluntar decidir-se per ser determinat?
statement,Escolit que siguis focat.
exclamation,Què ressentiu escollir aquesta concentració és amplificant!
command,Decideu-vos per estar més concentrats ara.
polar_question,Voluntat que estigues el teu foc?
statement,Escolit heu estar conscient.
exclamation,Com escollir aquesta consciència és com despertar!
command,Decideu-vos per ser conscients ara.
polar_question,Voluntat que estiu conscient/a?
statement,Decideu-vos per ser estátils.
exclamation,Què de calmant és aquesta quietud!
command,Decideu-vos per ser estáu calmes agora.
polar_question,Voluntaràs ser tranquil·li?
statement,Alegeu a ser silenciosos.
exclamation,Què de pacífica se ve aquesta calma!
command,Alegeu a ser silenciosos agora.
polar_question,Voluntaràs serets?
statement,Escolit a respirar.
exclamation,Què de vitalitzant és aquesta sensació al respirar!
command,Escolit a respirar ara.
polar_question,Voluntat que respiriu?
statement,Voleu viure.
exclamation,Què de energitzant és aquesta vida!
command,Decideu-vos per viure ara.
polar_question,Vols viure?
statement,Alegeix que seràs.
exclamation,Com és que sent aquesta existència!
command,Alegeu que es demanem ara.
polar_question,Què vols que faci?
statement,Aquest és el teu moment.
exclamation,Com és que se sentiu aquest moment!
command,Apropiu-vos de este moment.
polar_question,És aquest el teu moment?
statement,Això és la teva vida.
exclamation,Com és que s'avulla aquesta existència!
command,Viure la vida al máximo.
polar_question,Estu vivint la vostra vida al màxim?
statement,Aquesta és la teva via.
exclamation,Què de senzàbil aquest camí!
command,Caminar amb coratge la teva aventura.
polar_question,Estu fent la vostra caminada amb coratge?
statement,És la teva història.
exclamation,Què de senzacional aquesta narrativa!
command,Escriu la teva història de manera feliç.
polar_question,Estu escrivint la vostra història de manera feliç?
statement,Aquesta és la teva veritat.
exclamation,Com és que se sentiu aquesta realitat!
command,Dir la teva veritat amb orgull.
polar_question,Diràs la teva veritat amb orgull?
statement,És la teva veu.
exclamation,Què de senzàbil aquest expression!
command,Utiliza la teva veu amb coratge.
polar_question,Estu util·lent la teva veu amb coratge?
statement,Això és el teu poder.
exclamation,Què força és aquesta!
command,Utiliza el teu poder de manera sabia.
polar_question,Estu utilitzant el vostèu poder de manera sensata?
statement,Això és la teva llum.
exclamation,Com és que sent aquesta il·luminació!
command,Comparte la teva llum amb força.
polar_question,Estu compartiendo la vostra llum amb molta intensitat?
statement,Això és el teu amor.
exclamation,Com és que sent aquesta afecció!
command,Comparte el teu amor de manera lliure.
polar_question,Estu compartiendo el teu amor lliberament?
statement,És el teu present.
exclamation,Què penes que sigui aquesta ofrenda!
command,Comparte el teu regà de mans generoses.
polar_question,Estuant compartiendo el seu regal generosamente?
statement,Aquest és el teu propòsit.
exclamation,Què de meravellós és aquest sentit!
command,Viure el teu propòsitiu al màxim.
polar_question,Estu vivint el teu propòsit al màxim?
statement,Això és el teu destí.
exclamation,Com és que sent aquesta sort!
command,Abraz el teu destin amb confiança.
polar_question,Estu amb la vostra destresa amb confiança?
statement,Aquest és el teu moment per brillar.
exclamation,Què genial és aquest resplandecer!
command,Són molt brillants ara.
polar_question,Estuègueix molt ben ara?
statement,Aquest és el teu moment per florir.
exclamation,Què de floresciment aquesta floració!
command,Furarea't-se bel·lì.
polar_question,Estu floreixant bell ara?
statement,Aquest és el teu moment per volar.
exclamation,Què de gran cosa és sentir-se això volant!
command,Volau lliurement ara.
polar_question,Estuègueix lliurement ara?
statement,Aquest és el teu moment per volar.
exclamation,Què ressentiment escalant aquesta ascensió!
command,Salta al cielo.
polar_question,Estuègueix molt alt?
statement,Aquest és el teu moment per alzar-te.
exclamation,Què de emotiva se sent aquesta ascensió!
command,S'alçaureu ara.
polar_question,Estués a fer-se cà d'adreça?
statement,Aquest és el teu moment per a fer-ho millor.
exclamation,Què de gran és aquesta expansió!
command,Cresqueu molt fort ara.
polar_question,Estuègueix molt fort ara?
statement,Aquest és el teu moment per transformar-te.
exclamation,Què ressentiment aquesta metamorfosi!
command,Transformeu-se complet ara.
polar_question,Estu convertint-se completament ara?
statement,Aquest és el teu moment per evolucionar.
exclamation,Què meravillesa que evolucioni aquest desenvolupament!
command,Evoluïu amb elegancia ara.
polar_question,Estu evolucionant amb gracia ara?
statement,Aquest és el teu moment per a convertir-te.
exclamation,Què ressentiment al convertir-se en aquesta emergència!
command,Degenu ara.
polar_question,Estuès aquests moments?
statement,Aquest és el teu moment per ser més.
exclamation,Què és meravellós aquesta expansió que es fa sentir!
command,Són més plenament això.
polar_question,Estuès aquests moments més plenament?
statement,Aquest és el teu moment d'alveller.
exclamation,Què ressentiment aquesta il·luminació!
command,Despierta completament ara.
polar_question,Estuènt subjecte al despertar complet ara?
statement,Aquest és el teu moment d'consciència.
exclamation,Què consciència avèneix aquesta!
command,"Teniu cura, ja."
polar_question,Estuuiu-se ja?
statement,Aquest és el teu moment de presència.
exclamation,Què present és aquesta cosa!
command,Estar present amb tot el nostre entorn.
polar_question,Estu present?
statement,Aquest és el teu moment de pau.
exclamation,Què pacífica és aquesta calma!
command,Quedem en paz ara.
polar_question,Estu bé amb la gent?
statement,Aquest és el teu moment de joia.
exclamation,Què de joviana aquesta felicitat!
command,Són joves ara.
polar_question,Estuets molt feliç ara?
statement,Aquest és el teu moment d'amor.
exclamation,Què de reconfortant és aquest afegit!
command,Sé carinhós ara.
polar_question,Estu enamorat/a ara?
statement,Aquest és el teu moment d'llum.
exclamation,Què brillant és aquesta radiació!
command,Sèu l'lluminació ara.
polar_question,Estuès aquests dies la llum?
statement,Aquest és el teu moment d'poder.
exclamation,Què força té aquesta força!
command,Sègueu-ho amb força.
polar_question,És que t'eres potent?
statement,Aquest és el teu moment d'intelliència.
exclamation,Què sabia és aquesta perceció!
command,S'abrien els ulls.
polar_question,Sèu sapiència ara?
statement,Aquest és el teu moment d'autenticitat.
exclamation,Què veritat és aquesta autenticitat!
command,"Si us plau, ségueu-lo."
polar_question,Són tenors ara?
statement,Aquest és el teu moment de coratge.
exclamation,Què valentesa tan valentesa!
command,Sègueu-ho amb coratge.
polar_question,Tens coratge ara?
statement,Aquest és el teu moment de compassió.
exclamation,Què comúnic és aquest sentiment de compassió!
command,Sé compassió acum.
polar_question,Estu compassiu ara?
statement,Aquest és el teu moment d'amor.
exclamation,Què de amable és aquesta bondad!
command,"Si us plau, ségueu-lo amb gentesa."
polar_question,Eres amable ahora?
statement,Aquest és el teu moment de gratitud.
exclamation,Què gratitud senti aquesta gratitud!
command,Sègueu-hi gràcies ara.
polar_question,És gràcies ara?
statement,Aquest és el teu moment de perdó.
exclamation,Què lliurement avui sent aquestes lliversions!
command,Són genios quan perdones.
polar_question,Estu perdonant ara?
statement,Aquest és el teu moment d'accceptació.
exclamation,Què de satisfacció sent acceptant aquesta indemnitat!
command,Quedem amb captatitud actual.
polar_question,Estu acceptant ara?
statement,Aquest és el teu moment de paciència.
exclamation,Què paciència sembla aquesta tolerància!
command,"Sé pacient, per nyt."
polar_question,Tens paciència ara?
statement,Aquest és el teu moment humilitat.
exclamation,Què humillament és aquesta modés!
command,S'abrien humills ara.
polar_question,Estu humll al captat?
statement,Aquest és el teu moment de servei.
exclamation,Què ressentiment serveix donar!
command,Són de servei ara.
polar_question,Estu disponible per servir-vos?
statement,Aquest és el teu moment de contribució.
exclamation,Què ressentiment al contribuir a aquesta compartiu!
command,Dona ja.
polar_question,Estu participant ara?
statement,Aquest és el teu moment d'impact.
exclamation,Què impact produc aquesta influència!
command,Fa un impact ara.
polar_question,Estu fent un impact ara?
statement,Aquest és el teu moment per comptar.
exclamation,Què importància té aquesta significació!
command,El que importa és el moment.
polar_question,Què importau-vos?
statement,Aquest és el teu moment per pert.
exclamation,Què de meravellós és aquest sentit de pertinença!
command,Pertanenç a partir d'això.
polar_question,Què és que faixes a part d'aquí en avant?
statement,Aquest és el teu moment per connectar-te.
exclamation,Què ressolem connectant això!
command,Conecta-te agora.
polar_question,Estu connectant-se ara?
statement,Aquest és el teu moment per amar.
exclamation,Què de reconfortant i caritativo!
command,Amau ara.
polar_question,Estu enamorat/a ara?
statement,Aquest és el teu moment per a ser estimat.
exclamation,Què de gairem aquesta preciosa cosa!
command,Reconeix que t'han estimat ara.
polar_question,Reconeix que t'aconsegue l'amor?
statement,Aquest és el teu moment per ser suficient.
exclamation,Què de suficient que si sentin aquesta suficienç!
command,Conoced que és suficient avui.
polar_question,Sè que et són suficients ara?
statement,Aquest és el teu moment per a ser complet.
exclamation,Què de completa aquesta completitud!
command,Conoced que ésts calent i complet ara.
polar_question,Sè que et coneixeu que éste ben complet?
statement,Aquest és el teu moment per ser perfecte.
exclamation,Què perfecte és aquesta imperfecció!
command,Sè que és perfecte ara.
polar_question,Sè que et coneixeu que és perfecte ara?
statement,Aquest és el teu moment per ser divins.
exclamation,Què de divins senten aquesta sagrada!
command,Conoced que és divins al·laurat.
polar_question,Sè que et coneixeu que és diu?
statement,Aquest és el teu moment per ser etern.
exclamation,Què eterna és aquesta atemporalitat!
command,Conòu que és etern al present.
polar_question,Sè que és etern al captat de moment?
statement,Aquest és el teu moment per ser infinit.
exclamation,Què infinitesa té aquesta desmesura!
command,Conoced que ésts us infinitats ara.
polar_question,Sè que et coneixeu que és infinit això?
statement,Aquest és el teu moment per a ser inlimitat.
exclamation,Què de llibert aquesta llibertat!
command,Conoced que ésts us illimitats ara.
polar_question,Sè que et coneixeu que és llibert amb el present?
statement,Aquest és el teu moment per a ser lliure.
exclamation,Què llibertat és aquesta!
command,Són lliures ara.
polar_question,Estu lliure ara?
statement,Aquest és el teu moment per ser feliç.
exclamation,Què de feliç és aquesta alegria!
command,S'handeu joys al moment.
polar_question,Estués volgut això?
request,Podria enviar-me els arxivers del projecte quan tinguis oportunitat?
request,Serías capaz de cubrirme el viernes por la tarde?
request,Podes revisar el borrador antes de que lo envíe mañana?
request,No t’interèssi fer una revisió aquests e-mails abans de enviar-los?
request,"Podria enviar ese documento a todo el equipo, por favor?"
request,Podeu ampliar el termini per a aquest informe?
request,Podria copiar-me en esos hilos de correo electrónico en el futuro?
request,"Actualitzaria's el seguidor del projecte amb el estat més recent, per favor?"
request,Podría concertar una llamada con el cliente para el próximo martes?
request,Seria possible per a una reunió ràpida aquesta tarda?
request,Podria tomar notas durante la presentación de hoy?
request,Podeu utilitzar el saló de conferències a les dos de la tarda?
request,No t’importi enviar-me la factura una vez esté lista?
request,Podes indicarme cuándo llega el envío?
request,Podria preparar un resumen de los hallazgos clave?
request,Quedaria disposat a ser el mentor del nou intern aquest trimestre?
request,Podeu fer-me una pregunta sobre la reconsideració de la repartició del budget?
request,Podrías traducir este documento al español para mí?
request,Quin puc confirmar la recepció d'aquest correu electrònic?
request,Podes compartir las credenciales de inicio de sesión para la unidad compartida?
request,Podria configurar el proyector antes de que comience la reunión?
request,Ser-ia capaç de gestionar les míns fones mentre estigui?
request,Podeu delegar esta tarea a alguien con más ancho de banda?
request,Podria comprovar de nuevo les figures del informe financiero?
request,Podria informar al equipo sobre el cambio de horario?
request,No t’interèssi resgreuardar la nostra cita individual per a joi?
request,Podrías enviarme los minutos de la reunión de la semana pasada?
request,Podria aprovar el meu informe de gastos de viaje para el viernes?
request,Podria unir-se a la llamada como soporte técnico?
request,Podeu concederme l’accés a la base de dades del client per a aquest projecte?
request,Podria escriure un informe sobre la nueva campaña?
request,No t’interèssi introduir-me al teu contacte a aquella empresa?
request,Podria compilar els resultats de la recerca en un document únic?
request,Podria passar por la lista de control de incorporación con el nuevo empleado?
request,"Podria, per favor, responder a la consulta del client el dia d'hores?"
request,Podeu emprestar-me el bon de empresa per a les despesas de viatge?
request,Podria actualitzar el lloc web amb la nova informació de preț?
request,Seria amable de firmar esta solicitud de compra?
request,Podeu coordinar amb el equip de logística per a la entrega?
request,Podria deixar-me saber si hi ha continguts en el meu calendari?
request,"Podria passar-me el control remoto, per favor?"
request,No molesta si baja un poco el televisor?
request,Podrías guardar mi bolsa mientras busco mis llaves?
request,"Podeu donar-me més una flet de pastel, per favor?"
request,Podria donar-me un passegatge a la estació de tren?
request,No t’interèssi si desabríava la finestrella per a un peu d’aire fresca?
request,Podeu ajudar-me a mover este armario pesado?
request,Podria deixar-me saber quando o jantar estará pronto?
request,Seria possible que pasases el sábado por la tarde con los niños?
request,Podeu deixar-me emprestar o seu guarda-chuva para a tarde?
request,"Podria fer una foto de tots nostres, per favor?"
request,No tindries a baixar un pic més el nivell del ruïeu?
request,Podria recordar-me para llamar al dentista mañana por la mañana?
request,Podria deixar-me un peu de diners fins que arribi al cajero automàtic?
request,"Seria amable de obrir-me la porta, per favor?"
request,Podeu deixar-me usar o carregador do vosso portátil durante uns minutos?
request,Podria salvar-me un lloc per a l'avant?
request,No molesta si vigías mi bolsa mientras uso el aseo?
request,"Podria dir-me la contraseña del Wi-Fi, per?"
request,Podria canviar de lloc amb a me al tren?
request,No molesta apagar la luz cuando te vayas.
request,"Podeu servir-me un plat d'aigua, per favor?"
request,Podria ajudar-me a llevar estas bolsas por dentro?
request,Podria venir a buscarme en el aeropuerto?
request,Podeu sentar-se no banco da frente para o percurso?
request,Podria sve tõs altres setmana al matí?
request,No t’importi si canviés el termostat?
request,Podeu ajudar-me a embrulhar estes presentes de Natal?
request,Podria llegir aquesta carta i dir-me què pensa?
request,"Aixubintit, si't's que demanessin els ulls amb el taula."
request,Podeu quin menys pacient amb a me?
request,"Podria comprovar si la porteria de atrás està sense claus, per favor?"
request,Podrías alimentar al gato mientras estoy fuera este fin de semana?
request,Seria possible que regasesse les plantes per a mi?
request,Podeu fer-me una pregunta? No usin el vostre telèfon durant la cina.
request,Podria baixar las cortinas para bloquear el sol de la tarde?
request,No molesta si se retira el coche del aparcamiento?
request,Podeu ajudar-me a colocar estas estantes na parede?
request,Podria provar aquesta sopa i dir-me si necessita sal?
request,Seria capaç de conduir els nens a l'escola amanuntat?
request,Podría obtener un reembolso por este artículo defectuoso?
request,Podria processar el meu ordre ho diu?
request,Podeu parlar amb un supervisor sobre aquest problema de facturació?
request,Podria comprovar si és possible que tinguésseix-ho en un màs gran?
request,Podria entregar esto a mi dirección domiciliaria en su lugar?
request,No t’importi empaquetar esto como un regalo de cumpleaños?
request,"Podes canviar-me’n per un color diferent, per favor?"
request,Podria volarme de nuevo cuando esté disponible un técnico?
request,Podeu enviar-me um recibo detalhado deste pedido?
request,Ser-ia capaç de renunciar a la taxa de cancel·lació?
request,¿Puede aplicar mi descuento de lealtad a este pedido?
request,"Podría tener unas servilletas extra con mi pedido, por favor?"
request,No t’interessa si comprovas si la reserva está confirmada?
request,Posso cambiar mi cita para una hora más tarde?
request,Podeu recomanar-me qual és el producte que millor se adapti als meus necessitats?
request,Podria traear el cèquis quan tinguis un moment?
request,Podria guardar este artículo para mí hasta mañana?
request,"Posso probar estos zapatos en un tamaño nueve, por favor?"
request,Podria dir-me què és el menú especial del dia?
request,Podria donar-me una mesa alejada del ruido de la cocina?
request,Podria dividir la cuenta por tres partes para nosotros?
request,"Podeu servir-me un vaso de l'aigua de canal amb la meva lluna, per favor?"
request,Podria comprovar si el meu paquet s'ha entregat?
request,Quedaria disposat a igualar el preu a esta oferta del competidor?
request,"Podria afegir més elès a la meva comanda, per favor?"
request,¿Podría tener el pedido sin cebollas?
request,No t’importi que me llames cuando esté lista mi receta?
request,Podeu enviar-me um recibo impresso para os meus registos?
request,Podria dirme el temps de entrega estimat per a aquest ordre?
request,Podria donar-me un canvi en una compra en lot (bulk purchase) a un preu més baix?
request,Podria explicar-me els efectes secundaris de aquest medicament?
request,No t’interèssi fer una marcació per a una consulta posterior per a mi?
request,Podeu enviar-me uma cópia dos meus registos médicos?
request,Podrías indicarme a un especialista en ortopedia?
request,Podria deixar-me saber os resultados do meu teste o mais depressa possível?
request,Ser-ia capaç de prescrire algú cosa més fort per al dolor?
request,Podeu sol·licitar una segona opinió sobre aquest diagnòstic?
request,"Podeu comprovar de nuevo a la mia la tensió arterial, per favor?"
request,Poderia recomendarme un fisioterapeuta en mi zona?
request,No molesta si explicas el procedimiento con más detalle?
request,Podeu dir-me altres opcions de tractament disponibles?
request,Podría ajustar mi dosis en función de los últimos resultados?
request,Podria escriure-me una nota médica por esta semana?
request,Podria programar una cita de emergencia para mí?
request,Posso llevar a un familiar a la consulta?
request,Podria recomanar un bon restaurant al carrer del hotel?
request,Podria arreglarme un traslado al aeropuerto?
request,Podeu entrar com antelación si la habitació està disponible?
request,"Podria traiar-me toallas frescas al meu habitació, per favor?"
request,Podria anar amb un taxi per seis de la mañana?
request,No t’importi guardar el equipaje hasta la hora de hacer el check-in?
request,"Podeu deixar-me uma saída tardia amanhã, por favor?"
request,Podeu reservar una taquilla al restaurant del hotel per a otto persones?
request,Podria donar-me les indicacions per al càrrec de farmícia més proper?
request,Seria amable d'imprimir la meva passa de embarcació?
request,"Podeu haver-me um travesseiro extra para a minha cama, por favor?"
request,Podeu passar-me para um quarto com vista para o mar?
request,Podria organitzar un tur guiat per la ciutat per a la mañana del dia de mâna?
request,"Asegur-te, per favor, que el camí no estiguiés en zona de risc i que no estigues al lado del ascensor."
request,Podeu deixar os meus bens de valor no cofre do hotel?
request,"Podria obrir-me un mapa de la zona local, per favor?"
request,Ser-ia possible ampliar el meu estadi per una altra nit més?
request,"Podeu deixar-me um quarto para não fumadores num andar superior, por favor?"
request,Podria organitzar una opció de meniu vegetarià per a mi?
request,Podria informarme sobre la política de cancelación?
request,Podria arrangejar una llamada de despertador a las tres y media?
request,Podeu reabastecer-me de les amenitatges del meu habitació?
request,Podria recomanar un servei de loca de cotxes fiabilitat al carrer al carrer?
request,No molesta si me avisa cuándo sale el traslado.
request,Podeu confirmar la meva reserva per tres noites?
request,Podria ajudar-me amb la maleta pesada per al meu camí?
request,Seria possible enviar el servicio de habitaciones a las 9?
request,Podeu afegir-me una cuna al camí per al meu fill?
request,"Podria arreglar un taxi al centro de convenciones, por favor?"
request,Podria proporcionar un recibo por mi estancia completa?
request,"Podria ajudar-me a resetear la contraseña, por favor?"
request,Ser-ia capaç de solucionar aquest problema tècnic el dia d'hores?
request,Podeu donar-me suport d'accés a distància per resoldre aquest problema?
request,Podrías guiarme a través del proceso de instalación paso a paso?
request,Podria elevar este ticket a un técnico senior?
request,No t’interèssi fer una copia de seguridad de els meus documents abans de la actualització del sistema?
request,Podeu instal·la la versió més recent del programa?
request,Podeu comprovar si hi ha algunes bugues conegudes en aquesta edició?
request,Podria enviarme la documentación de la API para este servicio?
request,Ser-ia possible marcar el manteniment per al proper weekend?
request,Podria restablecer el acceso a mi cuenta lo antes posible?
request,No molesta explicarme qué causó el corte del sistema?
request,Podeu restituir-me el abona mentjat que s’ha cargat incorrectement?
request,Podeu migrar els meus dades a la nova plataforma?
request,Podria configurar la autenticación de dos factores en mi cuenta?
request,Podria explicarme aquest concept amb termes més simples?
request,No t’interèssi fer una revisió al meu essay abans de la data límite?
request,Podeu ampliar-me més temps per a completar aquesta activitat?
request,Podeu recomanar un bon manual per a aquest tema?
request,Podria clarificar què va significar per a ell el punt final?
request,Quedaria disposat/a a escriure-me una carta de recomendación?
request,Podeu preguntarme una pregunta complementària sobre la conferència?
request,Podes compartir las diapositivas de la conferencia con la clase?
request,Podria fer-ho de nou per a la solució de la pregunta 5?
request,"Podria publicar la rúbrica de la tarea en la página del curso, por favor?"
request,Podeu repetir el examen si puedo demostrar una mejora?
request,Podria fer-me una crítica sobre la proposta de la tesis?
request,Podria aconsellarme sobre a que cursos opcionales ha de cursar?
request,Ser-ia possible celebrar més hores de oficina aquesta semana?
request,Podeu gravar esta conferencia para revisarla personalmente más tarde?
request,Podria revisar la bibliografía que he proporcionado para asegurarse de que el formato de cita es correcto?
request,Quedaria disposat a supervisar el meu projecte de recerca?
request,Podeu presentar la mi tarea un día tarde con una razón válida?
request,Podria explicar-me els criteris de graduació per al examen final?
request,Podria organizar un grupo de estudio para el próximo examen?
request,"Podria mostrar-me algo en un estilo diferente, por favor?"
request,Podria donar un envoltorio a esta compra para mí?
request,"Podeu donar-me una bolsa per a aquestes obres, per favor?"
request,Podria comprovar si aquest article està actualment a la venta?
request,Podria retener este artículo mientras lo pienses?
request,Estaria dispuesto a igualar ese precio más bajo?
request,Posso pagar por este electrodoméstico en cuotas?
request,Podeu comprovar el stock en línea de este producto?
request,Podria fer-me una llamadora quan arribi el nou carregament?
request,No t’interèssi mostrar-me com funciona este dispositiu?
request,Podrías pedirlo en mi talla en otra tienda?
request,Podria sacar una nueva de la sala de almacenamiento?
request,Sería posible aplicar el crédito de mi tienda a esta compra?
request,Podeu concederme un plazo para la lluvia si este artículo está agotado?
request,Podeu gravar les meles de inicials al meu polsera?
request,Podria seguir una ruta diferente per evitar el tràfic?
request,Podria fer una parada breu al cajero automàtic?
request,"Podeu haver-me un recibo por esta travessia, por favor?"
request,Podríeis baixar un poco de velocidad en estas carreteras sinuosas?
request,Podria fer-ho amb l'abatge per que puc carregar el meu bagatge?
request,No t’interèssi ajudar-me amb les indicacions des d’aquí?
request,Posso reservar un asiento en la ventana del tren?
request,"Podes dejarme en la parada siguiente, por favor?"
request,Podria deixar-me saber quando atingemos el centre de la ciutat?
request,"Podria deixar-me perto da entrada, per millor?"
request,Podria ajudar-me a arreglar el grifo que fallaba a la lavabo?
request,No t’interessa sacar los residuos reciclables esta semana?
request,Podeu fer una aspiradora a la sala de estar abans que arribin els convidats?
request,Podrías cambiar la bombilla del pasillo?
request,Podria reorganitzar els menjants de la cocina amb a me?
request,Quedaria disposat per pintar el saló d'extra d'aigua al cap vers al cap de la setmana?
request,"Podeu deixar de ser mais silenciosos depois das dez da noite, por favor?"
request,Podeu ajudar-me a montar este mobiliário em embalagem plana?
request,Podria comprovar si la presió del boiler està al nivell correcte?
request,No t’interèssi a desentallar los canalones antes de la temporada de lluvias?
request,Podes recoger el lavado a seco en tu camino a casa?
request,Podria assegurar-se de que los contenedores se sacan el día de recogida?
request,Podria cuidar de la casa mientras esté de vacaciones?
request,Podeu fer-me una pregunta sobre si poden baixar la música després de la una de la madrugada?
request,Podria arreglar el tablón que squeaka en el dormitorio?
request,Estava preguntant si no t’avellàs un moment per ajudar-me.
request,Seria un poco de molomia baixar un poco el calor?
request,Podria haver la posibilidad de sentarme junto a usted en el banco?
request,Acaso tienes un bolígrafo de repuesto que pudiera pedir prestado?
request,"Podria interrompier-me per haver-me de pedir un vaso d'aigua, per favor?"
request,Seria amable de leerlo una vez más por mí?
request,Podria preguntarle si me pudiera vigilar los objetos por un momento?
request,"Aceptais, per favor, les seves disculpes per el inconvenient?"
request,Podría preguntarle sobre su disponibilidad este fin de semana que viene?
request,Podria veure si era possible aprovar aquesta petita petició?
request,Quedaria disposat a mover la nostra cita a l'última-vuesa-merda?
request,Seria molt gràcies si podieseu respondre ja amb el mercat.
request,Què vols que faci aquests resultats preliminaris?
request,"Podria movern-me al vuit al llarg de la fila, per favor?"
request,Pius puc ser tan atreït com a proponer una solució alternativa?
request,No t’importaria terribilment si traia un col·legue amb acompanyem-te?
request,Podría suplicarle que me prestara una mano?
request,Seria amable de guardar el ascensor para mí?
request,Podeu quinquet no fumar dins de aquesta zona designada?
request,Podria fer-me l'honor d'assistat a aquesta cerimònia?
request,Podría preguntarle si me concedería unos momentos de su valioso tiempo?
request,Seria amable de considerar mi propuesta?
request,Podría pedirle una pequeña favor?
request,Què vols que revisés aquest resum abans de que s’emení?
request,Crec que pot suggerir-li que faciem una breu pausa abans de continuar?
request,Seria possible que baixasses un poco la voz?
request,Podria haver alguna posibilidad de que en el seu cor me perdoara?
request,Seria amable de accedir a aquest petit signe?
request,Podria ser humill i demanar la seva guia per a aquest tema?
request,Podría preguntarle por las indicaciones para la salida más cercana?
request,Podrías hacerme un favor y dejar estas cartas para mí?
request,No t’interèssi ajudar-me amb una cosa ràpida?
request,"Podria revisar de nuevo que para mí muy rápido, por favor?"
request,Podrías enviarme un mensaje de texto cuando estés en camino?
request,Què vols que faciem? Beure un cafè i parlar del tema.
request,Podes avisarme antes de partir?
request,Podes vigilar las cosas mientras salgo?
request,No t’interèssi canviar de turnos amb aigua aquesta fredada?
request,"Podria passar un rató amb això per a l'instant, per favor?"
request,Podria fer-me una copia de seguretat de això quan preguntin?
request,Què vols que faci de prorrogar-me el teu carregador un botig de més?
request,Podria passar-me un cafè mentre està fent-ho?
request,Podes enviarme ese enlace que mencionaste antes?
request,No molesta si me lo repites una última vez?
request,"Podria incloure-me en ese hilo, per favor?"
request,Podria fer-me un favor i no mencionar-ho a ningúna?
request,"Querreria que me diera una mano con esto más tarde, ¿está de acuerdo?"
request,Podria fer-me una mica de favor i enviar-me un ping quan tinguis oportunitat?
request,Podrías cubrir el recibo y te pagaré mañana?
request,Què vols que faciem? Pushing the meeting back an hour?
request,Podria confirmar si el informe ha sido recibido?
request,Podria venir aquí a las 21:30?
request,Podeu deixar-me um momento da vossa atenção exclusiva?
request,Podria comprovar si el formulari es va relllenar correctament?
request,Podria contactarles en nombre meu?
request,No t’interèssi donar-me una actualització rápida del estado?
request,Quedo a su disposición para recordarle la fecha límite a finales de la semana.
request,Podes garantir que todos tengan una copia del programa?
request,Podria garantir que el contrato se firma antes de que cierre el día laborable?
request,Seria possible que permanecies un poco más tarde para terminar esto hoy?
request,Podeu fer-me una pregunta per a reconsiderar la seva decisió sobre aquest tema?
request,Podria ajudar-me a entendre per què s'ha emprat això?
request,Podria indicar-me la dirección correcta aquí?
request,No t’interèssi fer un pas a l’extrem per una paraula?
request,Podeu interrompre-me per un simple següent?
request,Podeu fer-ho passar per la juridia abans de continuar?
request,Podria obtenir la aprobación de la dirección para este cambio?
request,Ser-ia capaç de relllena una presentació breu?
request,Podeu deixar-me saber que mantenha esta conversa confidencial?
request,És possible que tots estiguin de accords abans de la data límite?
request,Podria haver-me de tornar a llapar-vos quan vinguin al vostre més preu.
request,Seria possible que estigués disponible para ayudar con la configuración esta tarde?
request,Podeu deixar-me emprestar as vossas notas da última sessão?
request,"Podes mostrar-me dónde está la entrada principal, por favor?"
request,Podria ajudar-me a relllenar aquest formulari correctament?
request,No tindries a explicar-me els termes i condicions?
request,"Podeu fer’m una pregunta? Si, si, si. Per favor, puc fer una pregunta? Podria fer’m una pregunta?"
request,Podria organitzar-me una visita breve a la instalación?
request,Podria dir-me a qui ha de contactar per a aquesta matèria?
request,Seria amable de responder antes de final de día?
request,Podeu deixar-me saber se pretendem que isto seja mantido fora do registo?
request,Podria confirmar-me el moment i el lloc de la reunió?
request,Poderia compartir sus notas de la llamada de conferencia?
request,Podria fer-me una traduccció de la següent frase?
request,Podeu suggerir que revisitemos este tema la semana que viene?
request,Podrías pasar por mi oficina cuando tengas un momento libre?
request,Podria fer-me una estimació sincera de aquesta proposta?
request,No tinguéssiu moltes preocupades mentre et procuréssi una persona per ajudar-vos?
request,Podría atrevernos a señalarle esta importante anécdota?
request,Podes concertar una cita para mí con el director?
request,Podria revisar esto antes de que vaya a la imprenta?
request,Seria possible que viniesse una hora antes el jueves?
request,"Podeu deixar de interromper durante les presentacions, per millor?"
request,Podes informar-me si algo cambia antes de eso?
request,Podria compartir-me la pantalla per que puc seguir-la?
request,No molesta si volés explicar esa última parte una vez más?
request,Podeu utilitzar les facilities de la cocina durant el meu descans?
request,Podrías enviarme un recordatorio un día antes del evento?
request,Podria ser un tant de més específic amb què necessita?
request,Estaria disposto/a a asumir algunas responsabilidades adicionales?
request,Podeu deixar-me um espaço de trabalho tranquilo para o resto do dia?
request,Podria dir-me quin és el temps que normalment té aquest procés?
request,Podria disminuir el tamaño de la fuente en las diapositivas de la presentación?
request,Seria possible que proporcionara una opción vegetariana para el almuerzo?
request,Podeu fer-me una pregunta sobre si poden mover el seu carro del lloc de visitants?
request,"Podeu ajudar-me a calcular o custo total, incluindo impostos?"
request,Podria presentarme al resto del equipo hoy?
request,No tinguéssiu moltes preocupades si esperessin més cinc minuts més?
request,Podeu deixar-me usar para apresentar os meus resultados?
request,Podría garantir que la sala esté preparada antes de que todos lleguen?
request,Podria buscar los archivos de la sala de archivos por mí?
request,Podria confirmar el domicilio de entrega en el formulario?
request,Podeu dir-me si podem fer que tots els telefoons escandiguin al mode silençat?
request,Podria ajudar-me a localitzar la versió original de este documento?
request,Podria assegurar-se de que esta tarea se complete para el final del partido?
request,No t’interèssi fer una doble comprobació aquí de les meves càlcutes?
request,Posso reservar un lugar en el aparcamiento para mañana?
request,Podria passar por aquí a recoger algunos productos de alimentación?
request,Podria recoger mi paquete en la recepción cuando llegue?
request,Seria possible que viniesse amb a me a la cita?
request,Podeu fer-me una pregunta sobre la que acaben d’haureu?
request,Podria recomanar un fontaner digne de confiança al carrer?
request,Podria apagar los regadíos del jardín cuando se vaya?
request,No t’interèssi ajudar-me a transportar estas cajas a llavóra?
request,Podeu fer-me una pregunta més tard aquesta setmana?
request,Podria preguntar a los vecinos si pueden mantener su perro más tranquilo por la noche?
request,Podria deixar-me saber o que pensa sobre esta ideia?
request,Quedaria disposat a comprometoureu amb aquesta específica qüestió?
request,Podeu fer-me una pregunta per a que prenen urgentment a aquesta matèria?
request,Podes confirmar si los fondos se han transferido con éxito?
request,Podria fer-me una cortesia i confirmar aquest correu electrònic perquè tingués una constància de que l'habre rebé?
request,Podria enviar el contrato para su revisión?
request,Podeu quin em paciència mentre investiguem més a fons?
request,Podria organitzar que el teatre participés a la conferència?
request,Podria garantir que se siguen correctamente todos los procedimientos de seguridad?
request,No t’interèssi fer-nos saber un poc més a l’avant?
request,Podeu fer-me una pregunta sobre les principals riscos en la seva evaluació?
request,Podria reduir la quantitat de argòtic en aquest document?
request,Podria programar una demostración del nuevo software para el equipo?
request,Podria respondereu al client abans del final del dia?
request,Podeu quin em mantenem la reunió en menys d'una hora?
request,Podria deixar-me saber a sua decisão até ao final do dia?
request,Quedaria disposat a proporcionar una referencia de carácter per a mi?
request,Podeu haver-me d’accés al màgic del màgic per a aquest projecte?
request,Podrías conseguir que alguien revise la impresora averiada?
request,Podria poner esto en mi cuenta y pagaré más tarde?
request,No tinguéssiu moltes preocupades si moviaven un poc perquè pogués sentar-me?
request,"Podeu deixar-me um lugar na janela do voo, por favor?"
request,Podrías pedir al chef que prepare la mía sin frutos secos?
request,Podria deixar que alguien sepa que estoy esperando en la recepción?
request,"Podria enviar-me, per favor, el número de seguimiento del meu pedido?"
request,Podeu deixar-me um momento para recolher os meus pensamentos?
request,Podrías enviarme el programa por correo electrónico al menos un día antes?
request,Podria confirmar si la reunió es cosa de seguir adelante?
request,Podria donar-me una actualització del progreso?
request,Podeu quinqueure que tots els comentaris siguin fonamentats de manera constructiva?
request,Podrías atender mis llamadas durante los próximos treinta minutos?
request,Podes d’acord a que t’dej un par de dies per pensar-ho?
request,No t’interèssi en reencaminar a ningú més aquest correu electrònic?
request,Podes disculpar-me de la próxima sesión de trabajo en equipo?
request,Podria comprovar si el contracte inclou una clau de garantia?
request,Podria incloure el meu nom a la llista d'invitatges?
request,Seria amable de avisarme con antelación?
request,Podeu donar-me la llista d’ingredients per a aquell plat?
request,Podrías llevar el papeleo a mi oficina cuando esté listo?
request,Podria ofrecer un descuento para estudiantes en esta compra?
request,No molesta si volésis leer las instrucciones una vez más?
request,puc parlar amb algú que pot autoritzar això?
request,Podria donar-me una cita escrita per al treball?
request,Podria deixar-me assistir à próxima sessão de formação?
request,Podria contactar-me por correo electrónico en su lugar?
request,Posso obtenir les detalls de contacte directes del gestora?
request,Podes confirmar si se han tenido en cuenta mis necesidades dietéticas?
request,Podria enviar el paquete por correo certificado?
request,Ser-ia capaç de reduir el importo del pagament mensal?
request,Podeu fer-me una sol·licitació per a una actualització de lloc a classe executiva?
request,Podeu reservar els vols per tot el grup?
request,Podria establecer un recordatorio para la reunión de revisión el próximo mes?
request,No tinguéssiu objeccions a fer aquesta enquesta sobre la seva experiència?
request,Podeu fer-me una pregunta sobre el projecte de la revisió de el meu rendiment?
request,Podría garantir que la factura coincida con la solicitud de compra?
request,Podria ajudar-me a encontrar el error en esta fórmula?
request,Seria possible que fos disponible per co-presentar-me amb ell al esdeveniment?
request,Podeu haver la seva firma en aquest formular de consentiment?
request,Podes cerrar la puerta cuando te vayas esta noche?
request,Podria avisarme si la situació cantiga?
request,No t’interèsar de dedicar cinc minuts per discutir alguna cosa?
request,Podeu dir-me si podem rever esta decisão no próximo trimestre?
request,Podrías enviar la propuesta revisada una vez que esté terminada?
request,Podria trobar un lloc més tranquil·le per a la nostra conversa?
request,Quedaria disposat a assumir el rol de responsable del projecte?
request,Podeu dir-me més claritat sobre els criteris de performance?
request,Podria organitzar una reunió individual amb mig aquesta semana?
request,Podria ampliar la garantía de este producto?
request,No molesta si me indica a alguien que pueda ayudarme.
request,"Podes, si't's all right, parlar un poco más despacio, por favor?"
request,Podes indicarme si hay productos alternativos?
request,Podria donar-me un resum de tot el que s'ha discutat?
request,Podria avisarme abans de realitzar qualsevol canvi?
request,Podeu fer-me una pregunta sobre si poden comprovar de nou les mesures?
request,Podria ajudar-me a entendre el petit cabell de aquest contracte?
request,Podria firmar el document i enviar-lo de nou avui?
request,No t’interèssi fer-me una referència de caracter?
request,"Podeu fer’m una pregunta? Per favor, puc fer que tothom copie a les altres de la correspondència?"
request,Podria cancelar el seu calendari per a la reunió d'emergència?
request,Podria mediar con el otro departamento en mi nombre?
request,Ser-ia possible enviar el paquet per correu express?
request,Podeu enviar-me os dados de contacto do gestor de conta?
request,"Podria enviar el archivo de nuevo en otro formato, por favor?"
request,Podria preparar una analàtic de costos i benefici per a aquesta proposta?
request,No us importa confirmar la dirección en la nota de entrega?
request,Podeu quinqueixar que s’documentin totes les comunicacions?
request,Podria organitzar que algú reubiqui el echipament?
request,Podria mostrar-me com utilitzar la nova interfície del program des del teli?
request,Quedaria disposat a fer una presentació breu al grup?
request,Podeu deixar o vosso casaco e eu vou levá-lo até ao vosso assento?
request,Podria donar-me alguns més exemples per il·lustrar el punt?
request,Podria repetir una vez más los puntos clave?
request,No t’interèssi disminuir la complejidad de este informe?
request,"Podeu quin puc, trauret aquesta matèria amb discreció?"
request,Podria coordinar la logística del evento fuera del lugar?
request,Podria escriure una breu biografia per el lloc web de la empresa?
request,Seria possible per a una reunion informal aquesta semana?
request,Podeu ampliar-me un breve período de tempo para a minha avaliação de subscrição?
request,Podes garantir que las diapositivas se suban antes de la sesión?
request,Podria destacar-nos les modificacions que s’han fet des de la versió anterior?
request,Seria amable de explicarme su proceso?
request,Podeu fer-me una altra cita per comparar?
request,Podria deixar saber a los invitados sobre el cambio de lugar?
request,Podria informar a las partes interesadas sobre la nueva política?
request,No t’importi rellena aquest breu formulari de feedback.
request,Podeu quinque una reunió amb el consell per a aquesta qüestió?
request,Podríeis proporcionar pruebas que respalden esta afirmación?
request,Podria contactar al proveedor sobre los productos defectuosos?
request,Seria possible reprogramar la visita de inspección?
request,Podeu dir-me com va ser presa aquesta decisió?
request,Podria intentar perseguir al client per la factura pendiente?
request,Podria dedicar més recursos a aquest projecte?
request,Quedaria disposat/a a compartir la seva experiència sobre aquest tema?
request,Podeu donar-me un mapa de les portes de fuga de emergència del edifici?
request,Podes garantir que todos hayan firmado el registro de asistencia?
request,Podria fer-me el seu feedback honesto sobre aquesta presentació?
request,No tindries preocupació si fa una introducció per email?
request,Podeu fer’m una pregunta per a que actualitzin la base de coneixement amb aquesta solució?
request,Podeu marcar una debriefa després del esdeveniment?
request,Podria ajudar-me a establecer un cronograma realista para esto?
request,Ser-ia capaç de liderar aquesta iniciativa?
request,Podeu haver-me uma conversa discreta entre nós?
request,Podes garantir que el lugar tenga acceso para sillas de ruedas?
request,Podria parlar amb el propietari del càrter sobre el problema del calefàcte?
request,No t’interessa hacer suficientes copias para todos?
request,Podeu dir-me si és possible que la gestió d'aquest problema es escali fins a un nivell superior?
request,Podría garantir que los datos se animenlizaran antes de compartirlos?
request,Podria proporcionar una traducción de este documento legal?
request,Seria possible que fos tu per ser un testimoni per a mi?
request,Podeu quin pregunto si se pueden atenuar las luces para la presentación?
request,Podria seguir el desenvolupament de les activitats pendents?
request,Podria guardar un registro de estas decisiones para nuestros archivos?
request,No molesta si ajusta el idioma predeterminado a inglés?
request,Podeu dir-me si pot reduir el nivell de ruid en el oficin?
request,Podría designar a alguien para gestionar la cuenta de redes sociales?
request,Podria negociar mejores condiciones con el vendedor?
request,Quedaria disposat d'aprobació per al meu perfil professional?
request,Podría tener la oportunidad de dirigirme directamente al equipo?
request,Podria dirigir aquesta consulta al departament appropriat?
request,Podria organitzar un almorz amb el teatre abans de que acabi el projecte?
request,No t’interessa gestionar la correspondencia mientras estoy ausente?
request,Podeu quin pregunto que el servicio se restablezca de inmediato?
request,Podría confirmar la cantidad mínima de pedido para este producto?
request,Podria adjuntar els documents justificatius pertinents al correu electrònic?
request,Podria presentar los resultados en la próxima reunión del consejo?
request,"Podeu quinqueixar-se al telefon durant aquest període, per millor?"
request,Podrías ponerte en contacto con el departamento de TI para que me restablezcan mis derechos de acceso?
request,Podria organitzar per que el equipament rompidou es reembalee?
request,No t’interèssi fer-me una visita guiada al procés?
request,Podeu haver-me permissão para partilhar estes dados com partes interessadas externas?
request,Podeu ajudar-me a redigir uma resposta a esta queixa formal?
request,Podria proporcionar una nota informativa antes de la reunión con los interesados?
request,Seria possible que faci el rapport més accessible per a no especialistes?
request,Podeu enviar la versió final per aquí abans del mercuri a la una de la tarda?
request,Podria organitzar una cobertura per les meves classes mentre assista a la conferència?
request,Podria detallar els següents passos després de aquesta decisió?
request,No t’interessa anotar los puntos clave para mí?
request,Podeu fer-me una rogativa d'un disculpa formal per escrito per a aquest error?
request,Podría hacer las correcciones necesarias y volver a enviar el formulario?
request,Podria processar aquesta reclamació de despesa al seu lloc més pròxim possible?
request,Seria amable de reconocer mi contribución en el informe?
request,Podes preguntar si el contrato ha de ser revisado primero por nuestro equipo legal?
request,Podes veure si algú està disponible per ajudar-me aquesta tarda?
request,Podria configurar un recordatorio automático para la reunión recurrente?
request,Quedaria disposat a tenir els minuts de la reunió d'hores vindents?
request,Podeu enviar-me uma cópia impressa do certificado para os meus registos?
request,Podria actualitzar-me sobre el estat actual de la meva candidatura?
request,Podria organitzar els arxivers en màscles etiquetats?
request,Seria possible afegir subtítols al vídeo per a l'accessibilitat?
request,Podeu quin pregunto que se obtengan todas las aprobaciones antes de proceder?
request,Podria fer les modificacions necessàries basant-se en el feedback?
request,Podria dirigir la cuestión a la atención de la autoridad competente?
request,No molesta preparar un breve resumen ejecutivo de la propuesta?
request,Podeu fer-me una pregunta per a prioritzar aquesta tasca?
request,Podríeis hablar con el proveedor sobre los retrasos en la entrega?
request,Podria recordar al equipo del acuerdo de confidencialidad?
request,Seria possible que estigués disponible per a donar suport durant la presentació al client?
request,Podría solicitar que la sesión comience quince minutos antes?
request,Podes garantir que todes ha completat la formació obligatori?
request,Podria proporcionar una estimació de costos per a les modificacions propues?
request,No t’interèssi fer-ho seguí si no retemos resposta?
request,Podeu dir-me si és possible que s’abati aquesta situació fora del procés habitual?
request,Podria mantenir-me informat del desenvolupament de aquest cas?
request,Podria clarificar el ambit del treball abans de començar?
request,Quedaria disposat a presentar una solicitud formal per meu compte?
request,Podeu dir-me si podem corregir i reeditar la factura?
request,Podría conseguir las firmas necesarias antes del lanzamiento?
request,Podria investigar por qué sigue ocurriendo este error?
request,Podria organitzar un intérprete per la reunió?
request,Podeu quin pregunto si se puede redirigir la entrega a una dirección diferente?
request,Podes garantir que el informe esté formateado de manera consistente en todo?
request,Podria organitzar que s’enviasse una peça de recambio de inmediato?
request,No molesta si se queda con la mesa para nosotros durante otros diez minutos?
request,Podeu dir-me si podeu informar-me sobre el equipo antes do anuncio?
request,Podríeis contactar con los participantes y confirmar su asistencia?
request,Podria configura una respuesta fuera de oficina en mi nombre?
request,Quedaria disposat a actuar com el punt de contacte mentre viajo?
request,Podeu fer-me una aproba per continuar amb la fase següent?
request,Podria instruir als curadores perquè deixin el paquet amb un veïnol?
request,Podria garantir que todos los interesados estén alineados con el cronograma?
request,No tindries preocupació compartir els resultats del test amb el conjunt més ampli?
request,Podeu dir-me si es poden prendre mesures per evitar que això es reputi?
request,Podría organizar para que la sala de reuniones se limpie antes de que lleguemos?
request,Podria proporcionar una confirmación escrita de nuestro acuerdo?
request,Ser-ia capaç de facilitar una resolució entre les dues partides?
request,Posso solicitar que mis datos personales sean eliminados de su sistema?
request,Podes garantir que los códigos de acceso se cambien después del proyecto?
request,Podria sintetizar els punts de discussió en un breu correu de seguiment?
request,No molesta si me permite echarle un vistazo antes de que salga?
request,Podeu fer-me una pregunta sobre si es necessari intensificar-ho més enllà de les canals normals?
request,Podría destinar un gestor de cuenta dedicado a nuestra empresa?
request,Podria proporcionar una guía paso a paso sobre cómo completar el proceso?
request,Seria possible que estigués disponible per ajudar amb la següent ronda de entrevistes?
request,Podeu quinqueixar que es canvi el lloc a una ubicació més accessible?
request,Podria fer una nota sobre els problemes pendents per al seguiment?
request,Podria recordarles a todos sobre el código de vestimenta para el evento?
request,Quedaria disposat a reduir el preu si comprometeu-vos a una durat més llarga?
request,Podeu dir-me si és possible que s'initici una investigació formal sobre aquest tema?
request,Podria revisar la evaluación de riesgos i actualitzar-la en conseqüència?
request,Podria hacer que este cambio fuera retroactivo desde el principio del mes?
request,Ser-ia capaç de garantir la teva experiència durant la línia de referència?
request,Podría solicitar que se envíe una copia del informe a todos los asistentes?
request,Podría garantir que las instrucciones estén escritas en un lenguaje sencillo?
request,Podria identificar un sustituto adecuado para este componente?
request,No t’interèssi fer una visita guiada pel oficin al nou reclut per a nosaltres?
request,Podeu fer-me una pregunta? Prioritizem la velocitat per sobre la perfecció aquesta vegada?
request,Podeu tenir algú disponible per emerències durant tot el week-end?
request,Podria enviar un recordatorio a todos antes de la fecha límite?
request,Seria possible ajustar el programa para acomodar las llegadas tardías?
request,Podeu haver-me um breve momento com vós após a reunião?
request,Podria comprovar el inventari abans de situar el següent ordre?
request,Podria compilar una lista de todas las tareas pendientes para su revisión?
request,No t’interessa compartir la pantalla para que pueda seguirme?
polar_question,Vinaré de morir?
polar_question,Estu malat?
polar_question,Són el espanyol i el germà llengües diferents?
polar_question,Volen els avions allà dins?
polar_question,Són les peres fruits rojos?
polar_question,El aspirina i el tylenol són analgésics?
polar_question,Són les peres i les paixes de banana menjarables siques?
polar_question,S'utilitzen els apósits per curar?
polar_question,S'fagen aquí les màquines?
polar_question,S'utilitzen els automóvehicles per circular per el riu?
polar_question,Els chips i els pretzels són salats?
polar_question,Són els horrolls i les bicicletes els que s’utilitzen per dir el temps?
polar_question,El café i el chocolate caliente són apetitosos però no són refrescos.
polar_question,S'utilitzen els ordinadors per afegir el brossatge?
polar_question,Els cangures i els tigres són els únics animals que viuen a la selva.
polar_question,¿Son las moscas y los pinzones insectos pequeños?
polar_question,El futbol i el críquet són tipus de menjar.
polar_question,Seren les fruits i les vegetables són saludables per a consumir?
polar_question,Són les cases més de 50 dòlars?
polar_question,La lasagna i el espargel són plats de origen xinès?
polar_question,Són les iguanes petits?
polar_question,Els muscles són necessaris per movern el nostre cor?
polar_question,Són els músics i els artistes créन्स?
polar_question,S'utilitzen els cuiners per congelar coses?
polar_question,S'utilitzen pintura i sirope per prendre un baquet?
polar_question,S'han fet el cacau en mermelada?
polar_question,S'utilitzen per escriure a un tableau blanc els llapis i els markers?
polar_question,S'utilitzen els col·leus i els colchons per dormir?
polar_question,Són las víboras venenosas?
polar_question,Són les roses arbres de gran altetat?
polar_question,Són les rascolades de gelada de llimona ràpides?
polar_question,Són els calçals al voltant de les sotxes?
polar_question,Serían palas algo que usas para cavar un agujero?
polar_question,Estan els nens a l'escola?
polar_question,"A les llengües ""d"" i ""s"" en la paraula ""dressament""?"
polar_question,Què passa 80 minuts en una hora?
polar_question,Són ells americanos?
polar_question,Estan sentados en fila?
polar_question,Estudem-se molt?
polar_question,Estan visitant París?
polar_question,S'utilitzen els ulls per mantenir-vos humides?
polar_question,¿Son el violó i el piano instruments musicals?
polar_question,Volem provar-ho?
polar_question,Els animals rurals són perigosos?
polar_question,Vols intentar-ho?
polar_question,Tens de fam?
polar_question,Estu buscando las llaves?
polar_question,Estu mal?
polar_question,Pot John llegir?
polar_question,Una mochila puede coger un resfriado?
polar_question,Un cercle pot tenir corners?
polar_question,Un peix pot sobreviure fora de l'aigua?
polar_question,Una tigre pot ser el seu animal de compagnie?
polar_question,Els cerdos poden caminar amb les dues setes?
polar_question,Podeu afegir els dents amb un bot?
polar_question,Podes comprar huevos por docena?
polar_question,Podes conduir un vehicle vistiendo una venda para los ojos?
polar_question,Podes conduir un vehicle sense portar el cinturó de seguritat?
polar_question,Podeu menjar sopa de tomàquet amb un garrof?
polar_question,Podes comer sin boca?
polar_question,Podeu congelar el zumo d'orànge?
polar_question,Podeu freir les vegetables en una paella?
polar_question,Podes hacer crecer una barba en el pie?
polar_question,Podes saltar sobre un charco?
polar_question,Podeu tenir un cavall al seu interior de la casa?
polar_question,És possible fer pa amb el foc?
polar_question,Podeu raclear les seves hores amb un martillo?
polar_question,Podes andar en bici sin casco?
polar_question,Podes cavalgar un camello?
polar_question,Podeu tallar el beton?
polar_question,Podes veure en l'obscuritat sense una linterna?
polar_question,Podes dormir durante el día?
polar_question,Podes remover una cosa amb una espátula?
polar_question,Podeu allanar una roca?
polar_question,Podeu ensenyar a un gat a parlar?
polar_question,Podes tocar el codo con la nariz?
polar_question,Podeu usar una pala a la playa?
polar_question,Podes portar una corbata?
polar_question,Podes llevar pijama a la escuela/trabajo?
polar_question,Quin era el que podia dir-ho això?
polar_question,Estava amb una sonrisa al roreg?
polar_question,Estava amb la càmera?
polar_question,El boss va prendre nota del error?
polar_question,El imprimidor ha fallado?
polar_question,E dançaven bé?
polar_question,Han trobat la resposta?
polar_question,¿Han olvidado sus entradas?
polar_question,S'ha sentit mal?
polar_question,Vaig a parc?
polar_question,Veus de John ieri?
polar_question,Els astronautes treballen a les superfícies alimentárl·la?
polar_question,Els nens necessiten que li trobi la seva xarxa?
polar_question,"Els petits de les aves, els rebents, els són alimentats per la seva matèria?"
polar_question,Els papillons ranneixen ràpidament?
polar_question,Els automóixos tenen motors?
polar_question,Els gat amb a fer de l'arbre?
polar_question,Els nens juguen amb joves?
polar_question,Els ordinadors ens ajuden a trobar informació?
polar_question,Viven els elefants a l'oceà?
polar_question,Eliminen los borradores los borradores de lápiz?
polar_question,Els extintors d'incendi ajudaven els bombero?
polar_question,Els jugadors de futbol utilitzen bastons?
polar_question,Porten els cavalls calçes?
polar_question,Els कपड़े noi es ensuinaven?
polar_question,Els pilots volen els avions de paper?
polar_question,Donen les plantes de portar-se gloses?
polar_question,Els temporal afecten les cases?
polar_question,Els professors li ajudaven a aprendre?
polar_question,Volum a una escola si hi ha una emergència?
polar_question,Comolem de carn de buex?
polar_question,Quin necessităm les nostres mans per tocar un instrument musical?
polar_question,Volem més diners?
polar_question,Quin són les conseqüències de no fer la seva zona de lavació?
polar_question,Estuiu en acconsent?
polar_question,Creus que m'hi creus?
polar_question,Mastiques la sopa?
polar_question,Practiques yoga?
polar_question,Velec carn de buey?
polar_question,Venguts quan vaig a ninar?
polar_question,Tens un carro?
polar_question,Tens un animal de compania?
polar_question,Tens un problema?
polar_question,Has de tornar a casa?
polar_question,Tens un carro?
polar_question,Deixes de coses a la corba que esquinen?
polar_question,Utilitza patines de rollabàs a l'erba?
polar_question,Voleu una cosa a tomar?
polar_question,Voleu més diners?
polar_question,Una perópera té més suc que una banana?
polar_question,Lee cada dia?
polar_question,Dona de neva durant l'estiu?
polar_question,El meu can esquia fort?
polar_question,Afeguda d’un lloc de treball?
polar_question,I li troba amb tennis?
polar_question,El sol fa que les coses esquenten?
polar_question,El yogurt se estropea si no se guarda en la nevera?
polar_question,El teu aniversari és sempre elogi el mateix dia?
polar_question,El seu can esquia fort?
polar_question,Ha estat despedit John?
polar_question,Ha estat treballant aquí?
polar_question,Ha hagut una cirurgia?
polar_question,Ha fet les chores de la casa?
polar_question,Ha treballat?
polar_question,S'ha aprovat el ordre?
polar_question,S'han terminat?
polar_question,Has hagut el petit-déjeuner aïem?
polar_question,Tens un carro?
polar_question,Tens un bolígrafo?
polar_question,Has visto a Michael?
polar_question,"Si és de juny, és calent al Pol Nord?"
polar_question,"Si algú té lacrimes, és trist?"
polar_question,"Si una persona sonríe, ¿está triste?"
polar_question,"Si una cosa és liviana, s’enfonarà?"
polar_question,"Si una cosa és saborosa, és mala?"
polar_question,"Si algo huele, ¿es maloliente?"
polar_question,"Si hi ha lava a terra, és inverno."
polar_question,"Si hi ha neve al ras de terra, és d'estiu?"
polar_question,"Si rompes un ous, ¿podemos arreglarlo?"
polar_question,"Si te has cortado muy mal, ¿deberías ir al dentista?"
polar_question,"Si tens una bola, pots jugar a cagar-la?"
polar_question,"Si et ten una brújula, et donen de joal·lia?"
polar_question,"Si tens un bolígrafo i un paper, puc escriure el teu nom?"
polar_question,"Si tens aigua hirviendo, és calenta?"
polar_question,"Si tens una camisa rasgada, la unirías de nuevo con grapas?"
polar_question,"Si vols veure una pel·lícula, què vols que faci una banc?"
polar_question,"Si volèries calentats, què et passaria a fer? Dir-vos que beureu chocolate calent."
polar_question,"Si fos foss a un restaurant, veuria clowes?"
polar_question,"Si fos foss una abeja, podries cantar?"
polar_question,"Si fos fossit un animal, ¿tienes anellos?"
polar_question,"Si fossegà constructor, usaria un martillo?"
polar_question,"Si fos foss cat, tingueria tres patès?"
polar_question,"Si fos fossat una oruga, tinguarian-hi les pates?"
polar_question,"Si fos fosses una esclusa, podrieseis ninar?"
polar_question,"Si fos fosses un ordinador, estaria viu?"
polar_question,"Si fos foss un peix, podries saltar?"
polar_question,"Si fos fossit un cavall, podrías hacer un sonatge?"
polar_question,"Si fos foss un shark, com que comia peix?"
polar_question,"Si fos fossat un lert, viuria en el fang?"
polar_question,"Si fossegut un propietari, hauria un animal de companyia?"
polar_question,"Si fossiescat, oloriais-vos-ia ben?"
polar_question,"Si el seu ciclot va tenir una lluna plana, hauria de fer-ho utilitzar?"
polar_question,És un 50% més que el 48%?
polar_question,És les 21:30 més tard que les 15:30?
polar_question,És John un doctor?
polar_question,Luan va ser embaucat?
polar_question,És que Nova York és una ciutat mica?
polar_question,Peter va a sortir?
polar_question,És més lleu una lladre que una pluma?
polar_question,És un carro més gran que una persona?
polar_question,Una cresa és més ràpida que una bicicleta?
polar_question,Un clow de ser més divertid que un medic?
polar_question,Una vaca és més gran que un elefant?
polar_question,És un dia més que una setmana?
polar_question,Un pare és més gran que el seu fill?
polar_question,Una pinta és menys que una copa?
polar_question,És un huracán perjudicial?
polar_question,És més d’una milla més que un campo de futbol?
polar_question,Un mes és més llarg que una hora?
polar_question,És un parell de calzes més que una sola bota?
polar_question,Un pare de calceters és menys d’un trio?
polar_question,És una llave inglesa una herramienta?
polar_question,És un estat més gran que una ciutat?
polar_question,És un any més que les seves 6 mesos?
polar_question,Què és construir una casa un treball dur?
polar_question,Quince dòlars són més que cent?
polar_question,Una meva és menys de una pera?
polar_question,És una persona mala?
polar_question,És una persona bona?
polar_question,Està fent una entrevista?
polar_question,Està gras?
polar_question,És gran?
polar_question,És a les 4?
polar_question,És d'ardor del doctor salvar les persones?
polar_question,Estuem llamant-me per nom?
polar_question,Un milion és un número gran?
polar_question,S'utilitza paper per lavat de clothes?
polar_question,És una persona mala?
polar_question,És una persona bona?
polar_question,Estuessa ser entrevistada ara?
polar_question,Està gras?
polar_question,És alta?
polar_question,És la lluna més càlida que el sol?
polar_question,Està la escola oberta?
polar_question,El tren va arribar?
polar_question,Quinques minuts són més breves que una hora?
polar_question,És tänyavant el meu aniversari?
polar_question,És tänyavant el teu aniversari?
polar_question,És vint més que cinquenta?
polar_question,Una fracción entera és menor que la mitad.
polar_question,És popular el yoga?
polar_question,El teu braç és més gran que el teu genade?
polar_question,S’ha podrat?
polar_question,Quin altra cosa? Té que obtenir un visat per això?
polar_question,Volem participar?
polar_question,Hauria practicat més?
polar_question,Hauria practicat més?
polar_question,Era aïxós el lloc de Nova York?
polar_question,Era Sara la seva professora?
polar_question,Variava que visitava?
polar_question,Era agradable?
polar_question,Variava que la visitaria?
polar_question,S'ha venut a cà el llibre?
polar_question,Era el preu el mateix?
polar_question,Estava la impresora siendo reparada?
polar_question,El camarero era grosero?
polar_question,Estaven esperant molt temps?
polar_question,Estábamos tarde?
polar_question,Erius plau? (Erius plau?)
polar_question,Estués tu allí?
polar_question,Estavacans?
polar_question,Verrà?
polar_question,Vinarà?
polar_question,Seran feliç?
polar_question,Seran contratats?
polar_question,Quinçons que nos unimy amb ells?
polar_question,Vinaràs al parc?
polar_question,Voluntaràs unir-te a ells?
polar_question,S'hauria enfadat?
polar_question,S'hauria enfadat?
command,Retira el reciclable antes de partir.
command,Aspira el tapet del salon.
command,Esfregar la cocina.
command,Desplega el lavavajillas.
command,Substitueu les bateries del detector de fum.
command,Pliez la colada al sofá.
command,Esfregar el suelo del baño.
command,Revisa el cuina per a la setmana del domingo.
command,Descongele el congelador este fin de semana.
command,Reorganitza els estalls de la despensa.
command,Fixa el grifo que falla al lavabo del baño.
command,Colga els nous cortines a la sala de dormitors.
command,Escoba el porche.
command,Canvi el filtr d'aire del calentador.
command,Fregue les portes del taule que no estan bien ajustades.
command,Abona les plantes al jardí de l'alqueria.
command,Deixa els plats a cà.
command,Esbrina la bañera.
command,Veure el gat per a fer una passejada.
command,Alimenta el gat a las seis.
command,Bloqueja la puerta trasera cuando te vayas.
command,Agafa si les obertes estan cerrades.
command,Desconecta els llums abans de dormir.
command,Sèti el termostat a les 68.
command,Compra más jabón para lavar platos.
command,Replegar el dosificador de gel hidroalcohólico.
command,Deixa de comer la comida caducada que tenés a l'interior del frigorífic.
command,Polícies el borrador de la mesa del comedor.
command,Esfregar les palautes del ventilador de tete.
command,Desobstruï l'extractor del fregabi de baño.
command,Enviar el informe al client el viernes.
command,Programem la reunió del grup per a joi.
command,Actualitza el cronograma del projecte.
command,Revisïu el contracte abans de signar-lo.
command,Dirígene a enviar ese correo electrónico al equipo legal.
command,Reserva un saló de conferències per a la presentació.
command,Presenta el informe de gastos antes de final de mes.
command,Esquema de copia de seguridad de la base de dades per a la implantació.
command,Arxiu els arxius de project completats.
command,Prendiòcte copies de l'ordre del dia.
command,Desactiveu els comptes d'usuari antics.
command,Actualitzar el manual del funcionari.
command,Publica el anuncio de trabajo en LinkedIn.
command,Confirmat el lloc per a la reunió anual.
command,Revisar el comunicat de pressea.
command,Elimina les entries duplicats de la hoja de cálculo.
command,Assigna els nous tíckets al equip de desenvolupament.
command,Més queu dades al nou servidor.
command,Documenta els punts d'interès de l'API.
command,Fermar les demandes de suport resolues.
command,Configura l'autentificació en dos passos per al teatre.
command,Informa els clients sobre el període de manteniment.
command,Crea una copia de seguridad de la base de dades del client.
command,Elimina els arxivs obsolets del dispositiu compartit.
command,Elaborar el modelo de revisión trimestral del rendimiento.
command,Probéu el pas de pagament abans del llançament.
command,Distribuïu la correcció actualitzada a la producció.
command,Revocar les acreditacions d'accés del contractant.
command,Escriu les notes de publicació per a la versió dos.
command,Actualiza el certificat SSL antes de que caduque.
command,Reinicie el router.
command,Esqueça la caché del navegador.
command,Actualiza el sistema operativo.
command,Realiza una exploración completa del sistema.
command,Deshabilita les notificacions mentre estigui en la reunió.
command,Conecta-te a la VPN per accedir als arxiveros de la empresa.
command,Lleva la càrrega al teu netbook per a l'avió.
command,Exporta els dades com a un fitxer CSV.
command,Comprimeu els arxivs d'imageja abans de carregar-los.
command,Fungeix de principal juntant les dos branques.
command,Escriu tests unitaires per la nova funcció.
command,Propaga les modificacions al repositori.
command,Descarca la última versió del servidor.
command,Redimensiona la imatge per a tres cent de pixels de breu.
command,Activa el modo oscuro en la configuració.
command,Desinstala les aplicacions que no utilitzem.
command,Establa una contraseña segura per al nou compte.
command,Sincroniza els teus contacts amb el lloc en la nube.
command,Instal·la la última actualització del conductor.
command,Crea un nou ambient virtual.
command,Fixa el més important de les més importants en el canal.
command,Añade el nuevo usuario al grupo de administradores.
command,Converteu el fitxер al format PDF.
command,Activa les recuperes automàtiques al teu telèfon.
command,Reestableça les configuracions de la xarxa.
command,Sacudir-se de totes les sessions actives.
command,Elimina els arxivers temporaris de la carpeta de descargues.
command,Probéu l'app tant en iOS com en Android.
command,Aumentar el límit de timeout del servidor.
command,Cambia la variable de entorno a producción.
command,Precalenta el forn a trescento cinquenta graus.
command,Escorrifin les onions en juliennes.
command,Marinera el pollo durante toda la noche.
command,Deixa fer bollir la pasta durant uns minuts.
command,Saboritza el bistec abans de fer-ho a la parrilla.
command,Afegiu una pizca de sal al sofregit.
command,Deixa el elsavorat d'horra.
command,Manteu de agitada la sopa cada cinco minutos.
command,Gratar el queso sobre la pasta.
command,Blandeu els ingredients fins que es transformen en una massa homogènia.
command,Filtre el caldo a través de una malla fina.
command,Refrigera els restos immediatament.
command,Saca les fruites i vegetables en tiras delgadas.
command,Tostar el pa amb el color dorat.
command,Freguesa els albets d'ou de manera delicada.
command,Reduïu el foc a un ebullió.
command,Inverta les canelules cuando aparezcan las burbujas.
command,Engles: Engrasa el molde de horno per a l'ús.
command,Degusta i ajusta el sazone.
command,Retirar les coses abans de servir.
command,Presiona el suc de l'orma d'anell fresh sobre el peix.
command,Manteniu les herbes en una toalla de papel húmeda.
command,Amasa la masa durante ocho minutos.
command,Quena el gambit abans de fer-ho.
command,Esfrien el dessert al menos durante dos horas.
command,Esfreja el pollo antes de sazonarlo.
command,Marca el pa amb el puntuer a la coció.
command,Deu' al carnet de descanso durant cinc minuts abans de tallar-lo.
command,Descarrilen el exces d'oli a una servilletta de paper.
command,Estira't-te abans de començar la teva carrera.
command,Be una gota d'aigua al menys de 8 vasos d'aigua al dia.
command,Prendiu la medicació després del petit-dé.
command,Fa vint abdominis cada matí.
command,Organitza una consulta dental.
command,Usa protector solar al sortir.
command,Dormir almenament 7 hores.
command,Reduïu la vostra ingesta de sucre aquesta semana.
command,Fa una passejada durant trenta minuts després de la cina.
command,Manténgu un bloc de notes sobre la alimentación durante las próximas dos semanas.
command,Fungeu els seus exercicis de fisioterapia diària.
command,"Eleva les seves mans, no la vostra espina dorsal."
command,Deu demanem de deixar de fumar immediatament.
command,Aumenta el número de pasos que da cada día.
command,Fa una pausa de cinc minuts cada hora.
command,Revisa la tensión arterial cada mañana.
command,Evita el temps de pantalla una hora per a la hora de dormir.
command,Consuma més verdures de hoja.
command,Esforçat-vos per baixar la temperatura corporal després de cada entrenament.
command,Reserva el teu hotel tres mesos d'avant.
command,Emplene liçament per la ruta.
command,Aporta un adaptador de corriente per a Europa.
command,Consulta els requisits de visatge abans de reservar.
command,Prepara la teva tarjeta de embarque la nit anterior.
command,Arriba a l'aeroportu dos hores ja.
command,Manteniu el passa en una funda de protecció.
command,Confirmat la vostra reserva abans de la partresa.
command,Descarrega el mapa offline abans de sortir.
command,Informe a la banca sobre las fechas de viaje.
command,Preneu un seguro de viaje.
command,S'estableix un despertador per el vol de primera hora.
command,Deixa una llave a un col·legue de confiança.
command,Etiquetat el bagatge clar.
command,Aporta una certa quantitat de moneda local per a les petites compres.
command,Prendi una foto de los documentos de viaje.
command,Informe a la aerolínea de inmediato sobre cualquier artículo perdido.
command,Manténgu-vos hidratats durant les vols de longa distància.
command,Reclama el seu bagatge a la cinta transportadora número 3.
command,Vegueu al port al darrer al-hora de la migülla.
command,Lee els primers tres capítols abans de la classe.
command,Presenta el teu essay per a la meia-noite de la nit de vineri.
command,Revisiteu els vostres apuntes després de cada conferència.
command,Completa els problemes de pràctica a la pàgina quaranta.
command,Reúnete amb el teu assessor abans de registrar-te.
command,Participaix a la sessió de revisió el mercuri.
command,Citar les seves sources de forma correcta.
command,Escriu un borrador inicial per a la versió final.
command,Estudiar la llista de vocabulari per al test.
command,Desconecteu el seu telèfon durant el examen.
command,Sublinia els termes claus del manual.
command,Crea un grup de estudio con tus compañeros de clase.
command,Utiliza los recursos de la biblioteca para la investigación.
command,Revisa la rúbrica antes de enviar.
command,Aporta el teu carnet de estudiant al examen.
command,Sacudir el 911 de manera immediata.
command,Sacufa el detector de humo i evacua el edifici.
command,Aplicar presión sobre la herida.
command,Manten-se calmo i sigui els procediments d'emergència.
command,Evacua's de las ventanas durante la tormenta.
command,Utiliza el cinturón de seguridad en todo momento.
command,Manten una botija de primeros auxilios en el seu carro.
command,Instala un detector de monóxido de carbono.
command,No utilitzeu el seu telèfon mentre conduïxen.
command,"Si detectés alguna activitat sospetsa, informau de això a la següretat."
command,Perdona que llegues tardí.
command,Present-te a tu nuevo miembro del equipo.
command,Gràcies al gestora/el gestora per haver-ho tingut.
command,Responde al invitat per a la vineri.
command,Deu de nou els seus llibres de la biblioteca abans que es esgotin.
command,Feliçament-la per la promoció.
command,Escuina amb atenció al respondre.
command,Respectarem el temps de tots durant la reunió.
command,Diu-vos addio abans de sortir.
command,Segueu de contacte amb el client després de la reunió.
command,Sign al l'extrem inferior de la pàgina.
command,Iniciat cada pàgina del contracte.
command,Reúne tots els camps necessaris.
command,Manten una copia per les vostres arxius.
command,Deu el formulari per la data màxima.
command,Escriu el teu nom en lletres de carrer.
command,Collid els dos primers i els dos últims per emfatitzar-los.
command,Afegi el recibo al formular de reclamació.
command,Llegeu els termes i condicions amb atenció.
command,Presigui el botó rogenc per a parar.
command,Espera aquí hasta que regrese.
command,Estu de espaldas a la línea amarilla.
command,No bloqueixi la sortida.
command,Manténgu el teu veu baix al bibliotec.
command,Afeguda les teves malalties al compartiment superior.
command,Mueve-te a la parte posterior del autobús.
command,Mostre el seu tíquet al inspector.
command,Agafa's del bord de la plataforma.
command,Quedieu amb el lloc fins que l'avió el ha de fer una parada completa.
command,Siguiu els senyals per arribar al compartiment de les malalties.
command,Cruza el carrer només al passegeador.
command,Usa el echipament de protecție adecvat.
command,Registra leshores al sistema de taquilla.
command,Respondeix al client en les 24 hores.
command,Afegure les situacions urgentes al seu gestor.
command,Manteniu el espai de treball net i organizat.
command,Etiquetar tots els contenadors abans de guardar-los.
command,Informe al departamento de recursos humanos si cambian sus datos de contacto.
command,Completa la formació de seguretat obligatori.
command,Deu de nou el echipament emprat per a vineri.
command,Desconecta de la red Wi-Fi de invitados.
command,Activa el firewall del teu dispositiu.
command,Escaga els documents confidencials abans de descartar-los.
command,Utiliza la unidad cifrada per a les dades sensibles.
command,Silenci el microfon quan no estés parlant.
command,No compulis a compartir la pantalla a no ser que sea estrictamente necesario.
command,Desconecte el motor del coche antes de repostar.
command,Revisa la presión de los neumáticos antes de un largo viaje.
command,Escurra els tubs després d'una absència prolongada.
command,Testifique el detector de humo mensualmente.
command,Reemplace la bombilla del pasillo.
command,Refecciona la bolsa después de abrirla.
command,Agite bien antes de usar.
command,Aplica una capa fina i uniforme.
command,Deu-li a fer-se complet amb el temps abans de tocar-lo.
command,Conserveu a una temperatura fresca i seca.
command,Mantenga fuera del alcance de los niños.
command,Lee les instruccions abans de fer l'assembla.
command,Asegureu-se de que tots els clau es apretin de manera segura.
command,Alineu els orificis abans de insertar el pernetra.
command,Comprova les mesures deçà de dues vegades abans de tallar.
command,Esmerilli la superfície per a pintar.
command,Aplica el imprimitor per darrere al barn.
command,Deu a 24 hores per que l'adhesiu es cuidi.
command,Retireu el periquito immediatament després de l'ús.
command,Deseche els residus perixibles de forma adequada.
command,Enjuaga a fondo después de aplicar el producto químico.
command,Usa guantes de goma al manipular la solución.
command,Ventila el lloc abans de pulveritzar.
command,Siguiu la dosificació indicada a l'etiquet.
command,Tomar con la comida para evitar náuseas.
command,No superi la dosis recomendada.
command,Busca un consell medicament de prop davant de combinar medicaments.
command,Manteniu la llaga neta i seca.
command,Canvi el vendrell cada vuitze hores.
command,Eleve la extremitat lesionada.
command,"Aplicae una compresa de gel de gelada envuelta en un paño, no directamente sobre la piel."
command,Visitar al seu/su médico si los síntomas persisten.
command,"No comáis ni bevés després de la una de la madrugada, abans de la cirurgia."
command,Arriba quincena de hora abans de la teva cita.
command,Asegureu-se de portar la seva tarjeta de seguretat al càrter.
command,Escriu tots els medicaments actuals a l'formular.
command,Siguiu les instruccions postoperatories amb atenció.
command,Asista a tots els atuts de seguiment programades.
command,Informe al seu médico si presenta fiebre.
command,Descanse durante al menos cuarenta y ocho horas después del procedimiento.
command,Evada les activitats extenuants durant dues setmanes.
command,No conduixiés mentre estigui a tomar este medicament.
command,Abri el paquet amb precaució.
command,Manteniu el material de emballagem.
command,Registra el producte online per activar la garantia.
command,Complete el escandell de feedback.
command,Valorar la seva experiència en l'app.
command,Activa els serveis de localització per a aquesta funcionalitat.
command,Doni la aplicació el permís per accedir a la càmera.
command,Elimina les aplicacions que no utilitzis per liberar el espai de gestió.
command,"Agen l'horari de concentració, activa el no molestar."
command,Asigna una carpeta a los correos electrónicos antiguos per a fer una depuració al teu correu electrònic.
command,Desinscriu-te de bolets informatius que ya no lees.
command,Informe el correo electrónico de spam.
command,Marca el missatge com important.
command,Marca la tarea per a la següència.
command,Añade el evento a tu calendario.
command,Seculi un record de la data límite.
command,Bloquee el tiempo en el seu calendari.
command,"Si no podi participar, declina la reunió."
command,Reorganitza el càlcul per a la semana que viene.
command,Cancella l'abonament abans que acabi el pròdrom.
command,Ativa el código promocional al finalizar el proceso de pago.
command,Seguiu el paquet utilitzant el número de transport.
command,Solicita un reembolso en un plazo de treinta días.
command,"Si el problema persiste, contacta con el soporte."
command,Deixai la crítica després de la compra.
command,Compara els preus abans de comprometre't.
command,Selecciona la opción de envío estándar.
command,Introduce el seu addreç de facturació correctament.
command,Verifiqueu el total per a la vista de la comanda.
command,Aplica el código de descuento antes de finalizar el pedido.
command,Selecciona el método de pago que prefieras.
command,Confirma el teu ordre després de revisarlo.
command,Descarca el teu justificat per fins fiscals.
command,Manteniu el número de confirmació.
command,Seguiu la vostra entrega a través de la app.
command,Significa el paquet al entregar-lo.
command,Inspecta l'article per a firmar-lo.
command,Informe cualquier daño en un plazo de cuarenta y ocho horas.
command,Devolveu l'article utilitzant la etiqueta prepagada.
command,Deposite el envàs de devolució a la oficina de correu.
command,Manteniu la producció original per a les devolucions.
command,Fotografa'l abans de retornar-lo.
command,Tenga en cuenta el número de seguimiento del envío.
command,Consulta el teu estat al de bonificació en línea.
command,"Per el bonific amb el mètode de transfer bancari, el temps de tramitació és de 5 a 7 dies laborals. Per el bonific amb el mètode de transfer bancari, el temps de tramitació és de 5 a 7 dies laborals."
command,"Si el reembolso no aparece, contacta el banco."
command,Conteste la factura a través de tu proveedor de tarjetas.
command,"Si és necessari, presenta una reclamació a la protecció del consumidor."
command,Reúne toda la documentació per a presentar el dossier.
command,Consulta un professional abans de prendre mesures jurídiques.
command,Obtinge una segunda opinión antes de realizar reparaciones importantes.
command,Solicita una factura detallada.
command,Negociua el preu abans de convenir.
command,Recuegue l'acord per escrito.
command,Llegeu la llengua fina abans de signar.
command,Manteniu un registre de totes les comunicacions.
command,Establa un budget per a la compra.
command,"Compara els preu unitats, no els preus totals."
command,Busca la etiqueta de eficiencia energética.
command,Revisa la política de devoluciones antes de comprar.
command,Mètriu el spaç abans de començar a ordenar el mobilier.
command,"Si és possible, ens procuri el producte a la pròpia botiga i ens faci una prova."
command,Pregúntate sobre la garantía antes de comprar.
command,Pregúntene sobre los costos de instalación.
command,Confirmi la data i el període de entrega.
command,Prepara el espacio antes de que llegue la entrega.
command,Crea un camino hacia el área de instalación.
command,Disposeze del electrodoméstico viejo de manera responsable.
command,Registra el electrodoméstico para que tenga cobertura de garantía.
command,Programem el primer servei de manteniment.
command,Llegeu el manual del propietari.
command,Tenga en cuenta el número de serie para las reclamaciones de garantía.
command,Mantenga el recibo de compra en un lugar seguro.
command,Añade una tabla de contenidos al documento.
command,Numeri les pàgineses del rapport.
command,Utiliza un formato coherente en todo momento.
command,Comprova el document per detectar errors d'ortografia.
command,Afegiu cabells a cada secció.
command,Includin el dia a tots els documents oficials.
command,Compara les figures amb la taula de dades.
command,Reuneu tots els números al càrrec a dos decimals.
command,Etiquetés amb clau cada diagrama i gràfic de manera clara.
command,Cita tots els fonts utilitzant el format requerit.
command,Includint el conte de cuvinte a la pàgina de portada.
command,Anexa la documentación de apoyo como apéndice.
command,Utiliza viñetas per a les llistes.
command,Manten els paragrafos en cinc frases o menys.
command,Evita el passivum sempre que sigui possible.
command,Defineu totes les abreviatures per primera vegada.
command,Utiliza un lenguaje sencillo per a conceptes tècnics.
command,Revisar la versión final antes de enviar.
command,Convertit al format PDF abans de enviar.
command,Inclou a una síntesis al principi.
command,Cerra el presentació amb un apel a l'acció.
command,Executa el corrector ortogràfic.
command,Comparte el documento utilizando un enlace de solo lectura.
command,Protéigueu la fi de mots d'ordre.
command,Bloqueix les cel·lulades que contenen fórmules.
command,Congelar la fila de encabezados.
command,Ordena els dades per la columna de la data.
command,Filtreu les línies sense contingut.
command,Elimina els valors duplicats.
command,Valida els camps de introducció de dades.
command,Utiliza la formatación condicional para resalzar los errores.
command,Aplicar la guía de estilo de la empresa.
command,Alineu les columnes a la dreta.
command,Utiliza un formato de fecha consistente en todo el archivo.
command,Revisca els totaEls abans de presentar.
command,Probéu cada fórmula abans de distribuir.
command,Protéigueu el bloc de treball abans de compartir-lo.
command,Enviar la versión finalizada a todos los interesados.
command,Arxiu de la versió anterior.
command,Denumiu el fitxer amb la data actual.
command,Crea una copia de seguridad antes de editar.
command,Manteniu el original al unitat de càrrega compartida.
command,No donem accés només a les persones que ho necessitissin.
command,Estabilitzeu les permisos de compartiu a únic de lectura.
command,Marca el documento con el agua en la imagen antes de compartirlo externamente.
command,Afegiu una nota de confidencialitat al rodó inferior.
command,Inclou a una excepció en la primera pàgina.
command,Cripteja el fi de davant d'enviar-lo per email.
command,Utiliza un método de transferència de files segur.
command,Comprime les adjuntos grans abans de enviar-los.
command,Inclou a línia d'assunto descriptiva.
command,CC els interessats pertinents.
command,Envía una copia cifrada (BCC) al teu gestor per a la gestió de registres.
command,Estabilitza la prioritat del correu electrònic com a alta.
command,Programes l'email per la matí de l'any segon.
command,"Si no ha habido respuesta en tres días, sigue adelante."
command,Marca el hilo com resolut una vez que lo siguin.
command,Arhivi el correu electrònic després de l'actuació.
command,Crea un carpeta per cada projecte.
command,Utiliza etiquetas per categoritzar els teus emails.
command,Configura una respuesta fuera de oficina antes de las vacaciones.
command,Asegureu un contacte d'emergència en el seu missatge de absència.
command,Delega les tasques urgents abans de sortir.
command,Informa al teu reputado de reserva per a la entrega.
command,Documenta les tasques en curs per a la teva substituta.
command,Asegureu-se de que tots els termini es marquin en el document de entrega.
command,Deu de nou tots els equips de treball el dia anterior al teva última dia.
command,Completa el interviu de finalització.
command,Deu el seu insigne d'accés a la seguritat.
command,Esquece-te de la mesa antes de partir.
command,Elimina els arxivs personals del màquina de treball.
command,Sacudir-se de totes les eines de la empresa.
command,Dirígete les e-mails de destinatarios a l'avui a la teva successió.
command,Manteniu el seu telèfon en silenciu durant la cerimònia.
command,Cerca el teu lloc abans que comincie el programa.
command,Silenci el son de la xarxa al teatre.
command,Desconecteu el flash quan pregunti fotos.
command,Abstuiu de parlar durant la representació.
command,Salga fila a fila cuando termine la actuación.
command,Deu-li una propina si el servei va ser millor.
command,Asegureu-se de confirmar la seva reserva un dia abans.
command,Visteu de acordo com el código de vestimenta del evento.
command,Arribi al lloc de la celebració a les 19:30.
command,Reúnen els seus tíckets a la taquilla.
command,Presentati la vostra identitat a la entrada.
command,Esperen que el anfitrión s’assedi els últims.
command,Afeguda la servilleta a la falda de la mesa cuando estés sentado.
command,Espera hasta que todos hayan sido servidos antes de comer.
command,Manténgu els colls alejats del borrador.
command,Utilitza les utensiliers de fora a l'interior.
command,Transmetge els plats a la dreta.
command,Posa de vin per els teus veïns per darrera que per a ti.
command,Aplaudeu al convidat d'honor.
command,Agradeix individualment els anfitrions.
command,Enviar una nota de gratitud al día siguiente.
command,Aporta un petit regal al visitar la casa de algú.
command,"Si se solicita, retira els teus calçs a la entrada."
command,Ofereix-te per ajudar a preparar la comida.
command,Elogi el cocinero.
command,No superéis el temps que es usà.
command,Ofreça un ràpid a les persones que ho necesiten.
command,Asegureu els gestors a la porta.
command,Dirige-te-n'hivern amb una calorosa bonvitada.
command,Asegureu-se de que tothom té un camí segur per a casa.
command,Cerra els portos quan vinguis.
command,Desconecteu les llumtes exteriors a la una de la madrugada.
command,Realitzar un informe de finalització amb el repartidor després del conjunt.
command,Consulta els assistents per obtenir feedback.
command,Revisiteu què funcionava i què no.
command,Aplica les lessons a la següent activitat.
command,Agradeix els voluntaris per nom.
command,Escriu el informe del següent esdeveniment en una setmana.
command,Comparte els destacs a les redes sociales.
command,Envia les fotos a tots els participants.
command,Manteniu la llista de participants per a futurs esdeveniments.
command,Manteniu les gravacions audio i vídeo en un lloc segur.
command,Publica els slides de la presentació a la pàgina web.
command,Actualiza el calendari d'esdeveniment amb la data següent.
command,Comença a planificar la següent edició.
command,Establitzca la data i assegureu-se del lloc de celebració per als darrors.
command,La inscripció s'obrirà tres mesos d'avant.
command,Promova el evento a través de varios canales.
command,Registra les inscricions en temps real.
command,Envía un recordatorio una semana antes.
command,Envia un recordatorio final un día antes.
command,Prepara les insignias la nit anterior.
command,Informe a los voluntarios sobre sus funciones.
command,Prepara el mostrador de inscripción una hora antes.
command,Saluda a todos los asistentes en la puerta.
command,Comença el programa a temps.
command,Presenta els oradors de forma breu.
command,Manténgueu els discursos dins del termini.
command,Facilitai la sesió de preguntes i respuestas.
command,Terminar el esdeveniment a temps.
command,Moltes gràcies als patrocinadors en les remarques finales.
command,Distribuïu els formularis d'evaluació.
command,Recopila els formularis completats abans que els convidats abandonen.
command,Mantenga las valoraciones de la tienda con seguridad.
command,Analitzar el feedback en una semana.
command,Informe los resultados al comité directivo.
command,Tancar el budget del contingut.
command,Gràcies al equip del lloc.
command,Enviar les factures finales als patrocinadors.
command,Actualitzar el arxiu d'esdeveniment.
command,Documenta les mejores prácticas para la próxima vez.
command,Celebreu el succes amb el equip organitzador.
command,Revisiteu els vostres objectius anuals cada trimestre.
command,Dividið els grans objectius en milestones més petits.
command,Celebreu cada milestone que aconselli.
command,Reflexiona sobre lo que funciona i lo que no.
command,"Si necessita ajuda, preguntad-la."
command,Dissenyau no aquests compromisos que no esquincen amb les teves prioritats.
command,Protéigues el teu temps estableint límits.
command,Revisa el progreso al final de cada semana.
command,Planeja la próxima semana el viernes por la tarde.
command,Comença cada matinada amb la teva tasca més important.
command,Reúne tareas similares en lotes.
command,Elimina les distraccions durant el treball profund.
command,Prenia una pausa de almorzar adequada.
command,Deixa el lloc de treball al lloc de treball.
command,Invista en les relacions més enllà de treball.
command,Sigue un pasatiempo que no tenga nada que ver con tu trabajo.
command,"Llegeu per placeres, no pel simple d’obtenir informació."
command,Passar-se temps a la natura de manera regular.
command,Practiquem la gratitud cada dia.
command,Manténgase un diario.
command,Meditaus durant uns minuts cada matinada.
command,Limita el temps que passes en les redes sociales a 30 minuts al dia.
command,Desconecta-te completamente los fines de semana.
command,Fa temps per les persones que més importen.
command,Presenteu-vos plenament a la vostra vida pessoal.
command,Estar presente.
command,Prepara el ordre del dia per la reunió de mañana.
command,Envia l'invita a la reunió al menys dos dies d'anticiència.
command,Comença la reunió a temps.
command,Siga la agenda.
command,Sumeri els items d'acció al final.
command,Asigne un propietari a cada element d'acció.
command,Establa una data límite per cada tasca.
command,Enviar les notes de la reunió en les 24 hores següents.
command,Seguiu el desenvolupament de les incidències no resol dites la semana que viene.
command,Documenta les decisions del projecte en el registre del projecte.
command,Escalar el problema a la alta dirección.
command,Prepara una evaluació del risc abans de continuar.
command,Obtinge el aval de todos los interesados.
command,Ajusta el plan del projecte després de la revisió.
command,Comunicar el canvi de àmbit al grup.
command,Actualitzar el registre de riscos.
command,Registra el problema en el rastreador del proyecto.
command,Organitza la retrospectiva abans de planificar el següent sprint.
command,Convi una persona del propietario del product a la demostració.
command,Presentar els resultats a la reunió per a tots els funcionaris.
command,Recopiliu feedback del grup pilot.
command,Incorporeu els comentaris a la versió següent.
command,Finalitza el candidat de publicació.
command,Realitza el test de fumatge després de la implantació.
command,Revisar els logs d'error durant les primeres vuit-zece hores.
command,Desconecteu el desplegament si els errors superen el umbral.
command,Informe al equipo de soporte antes de ir a la emisión.
command,Actualitzar la base de coneixement després del llançament.
command,Fermar la lista de control de la fase de llançament.
command,Realitzar el examen post mortem en una semana.
command,Documenta les leres aprendudes.
command,Presentar els coneixements al conjunt més ampli.
command,Aplicar las mejoras en el próximo ciclo de lanzamiento.
command,Archivar la documentación del proyecto.
command,Cedés el mantenimiento al equipo de operaciones.
command,Asegureu-se de que les SLAs (acordos de servicio) se cumplan en el futuro.
command,Revisiteu el calendari de contacte.
command,Configura alarmes per a errors crítics.
command,Configure la rota de contacta per emerències.
command,Documenta el procediment de resposta al incident.
command,Realitza la simulació trimestral de recuperació en cas de desastres.
command,Revisiteu les reglaments del firewall cada trimestre.
command,Fijem els serveuers durant el període de manteniment.
command,Desconecte els serveuers antics després de la migració.
command,Actualitza el diagrama de la xarxa.
command,Revisiteu les permisos d'accés anualment.
command,Revocar el dret d'accés immediat per a els funcionaris que van a partir.
command,Realitzar la auditoria de seguretat anual.
command,Presentar els resultats de la auditoria al consell d'administració.
command,Abordar les conclusions críticas en un plazo de 30 días.
command,Asegureu-se de que el progress del correctiu aparegui a l'instrument de control.
command,Informe el estado de seguridad en la próxima reunión del consejo.
command,Revisar los cuestionarios de seguridad del proveedor.
command,Renovi les llicències del programa per davant de la seva expiració.
command,Revisca les dates de finalització del servei del fabricant.
command,Planifica el camino de mejora para los sistemas heredados.
command,Presupuesto per la actualització de l'infraestructura.
command,Sindiu la petició de despesa de capital.
command,Obtinge tres presupuestos para el nuevo equipo.
command,Concede el contract després de la evaluació.
command,Firmi el ordre de compra per a la reubicació de la comanda.
command,Seguiu el estat del llivrà del hardware.
command,Collagega i cablega el equipament seguint el diagrama.
command,Documenta el etiquetado del activo i el número de serie.
command,Actualitzar el registre d’actiu.
command,Añade el nuevo hardware al sistema de monitorización.
command,Ensueciu el echipament abans de desmantelar el sistema antic.
command,Completa el període de carrera paral·lel.
command,Confirmat l'assinat dels interessats abans del traspàs.
command,Executa la migración durante la ventja de manteniment acordada.
command,Comunicar el plan de transición a todos los usuarios.
command,Ofreça un número de teléfono de asistencia durante la transición.
command,Escolta de perto el resultat durant la primera semana.
command,Emissor la comunicació de inici a la operació.
command,Gràcies al equip del projecte per el seu treball.
command,Distribuïu el informe sobre les conclusions aprendidas.
command,Fossi formalment el projecte.
command,Delibera que els membres del grup tornem a les seves dependències.
command,Actualiza el informe del estado del portafólio.
command,Celebreu la entrega exitosa.
command,Nomina a los contribuidores destacados para que sean reconocidos.
command,Actualitza la matèria dels hàbits del conjunt.
command,Planifica la formació per a les noves eines.
command,Reserva el curso de formación para el próximo trimestre.
command,Inscriu el equip en la formació de compliància obligatori.
command,Supervisar el completatge de la formació obligatoriària.
command,Remetèu els empleats que no siguin conformats la informació per davant de la data límite.
command,Escalar la falta de cumplimiento repetida a RRHH.
command,Revisiteu els materials d'entrenament anualment.
command,Actualiza el programa de inducción para los nuevos empleados.
command,Asegureu-se de que el nuevo empleado tenga un compañero de trabajo durante el primer mes.
command,Programeu el controladors de 30 dies.
command,Completa la revisión de la libertad condicional a tiempo.
command,Documenta els resultats de la revisió de desems de gestió.
command,Establen objectius claus per al següent període de revisió.
command,Discuteu el pla d'desenvolupament amb el funcionari.
command,Identifica les oportunitats de formació per a cada membre del grup.
command,Aprovar la petició de budget per a la formació.
command,Seguiu el rentabilitat de la capacitat de formació.
command,Revisar el rendiment del teatre en comparació amb els KPIs.
command,Comparte els resultats amb el conjunt de manera transparent.
command,Reconeix els resultats públicament.
command,Abordar el bajo rendimiento de manera inmediata y en privado.
command,Ofriðið feedback que sigui concret i concret.
command,Siguiu el procediment disciplinar si és necessari.
command,Consulta els recursos humanos abans de donar una advertencia formal.
command,Documentau totes les conversacions sobre el rendiment.
command,Establiureu un pla d’actuació d’improvement si és necessari.
command,Revisar el progreso contra el plan de mejora semanalmente.
command,Nomina el equip per al premi de la empresa.
command,Escriu una carta de recomendación per al alumat de gran rendiment.
command,Promova desde dentro siempre que sea posible.
command,Comunicar el anuncio de la promoción al equipo.
command,Ajusta la compensació a la data efectiva.
command,Actualiza el organigrama.
command,Informe al departamento de nóminas sobre el cambio salarial.
command,Emita el contrato de trabajo actualizado.
command,Fing que el funcionari firmi el contracte modificat.
command,Presenta el contrato firmado al sistema de RRHH.
command,Informe al prestador de prestaciones sobre el cambio de función.
command,Actualitza els permisos d’accés per adaptar-los al nou rol.
command,Assigna un mentor durant el període de transició.
command,Establitz les obres a mes durant per el nou rol.
command,Revisitem el primer trimestre conjuntament.
command,Ofriregueu un feedback honesto al final del trimestre.
command,Ajusta el plan en función de los resultados de la revisión.
command,Sugiereu al funcionari el suport durant la transició.
command,Manteniu les sessions de contacta per mes.
command,Manténgueu la porta oberta per a les preguntes i preocupades.
command,Crea una cultura de retroalimentación.
command,Fomenta el reconocimiento entre pares.
command,Analitzar el grup per obtenir informació sobre el compromís.
command,Actuar sobre els resultats de la investigació.
command,Comunicar les mesures adoptades al grup.
command,Repetir la enquesta en seins.
command,Compara els resultats d'un any a l'alt.
command,Utilitza els dades per a millorar el disseny del grup.
command,Dedicar prioritat al bienestar dels empleats.
command,Ofreça l’accés a les recursos per la salut mental.
command,Promova el teatre de treball flexible sempre que sigui possible.
command,Revisiteu la distribució de la carga de trabajo de forma regular.
command,Abordar el esgotamiento laboral per prevenir que escassezi en una crisi.
command,Estimuleu els membres del teatre a prendre les seves vacances.
command,Llei per exemple.
command,Modela els comportaments que esperes de les altres persones.
command,Comunicar los valores del equipo de forma clara.
command,Asegureu-se de que són responsables.
command,Reconnaix els errors i aprenent amb eles.
command,Busca retroalimentación de tu propio gerente.
command,Invista en el teu propi desenvolupament professional.
command,Lee molt en el teu camp.
command,Participa en conferències de la indústria.
command,Crea una red profesional sólida.
command,Comparte el teu coneixement amb el teatre.
command,Aparella mentors als membres de la selecció júnior.
command,Dona-li pensativamente cuando te vayas.
command,Documentau el coneixement institucional.
command,Construïu la resiliència a l'equip abans de la teva partida.
command,Asegureu la continuitat del servei.
command,Transmitem els vostres contacte i relacionades.
command,Manten-te en contacto como exalumne.
command,Deu el seu millor a la comunitat que va modelar-lo.
command,Deixa la porta oberta per a una futura col·laboració.
command,Comprova de nuevo l'adreça abans de enviar.
command,Verifique el nombre del destinatario en el paquete.
command,Pesque el paquet abans de calcular el franqueig.
command,Utiliza una caja robusta para los objetos frágiles.
command,Afegeu el article al sac amb bolí.
command,Fes una sella a la caixa amb una cinta de envasament robusta.
command,Escriu l'adreça de forma clara.
command,Añade una etiqueta de dirección de devolución.
command,Selecciona la clase de franqueo apropiada.
command,Asegure el envío per el seu valor total.
command,Demuestra una confirmación de firma.
command,Seguiu el càrter del càrter una vegada que l'hagués entregat.
command,Informe al destinatario del número de seguimiento.
command,Fotografa el paquet sellada com prova.
command,Manten el recibo de correo.
command,Consulta la llista d'articles prohibits abans de empacar.
command,Declarar el contenido en el formulario aduanero.
command,Estimeu el valor de manera honesta.
command,Completeu el formular de declaració aduanera en total.
command,Afegiu la factura al exterior del paquet.
command,Prepara el ordre del dia per la reunió del consell d'empresa.
command,Distribuïu l'ordre del dia cuarentena-dues hores d'anticipació.
command,Registra la asistencia al comienzo de la reunión.
command,Nomina un secretari per minutatge abans que comincie l'assemblea.
command,Confirmat el quórum abans de continuar amb el vot.
command,Presenta el momentum per a una votació.
command,Registra el resultat de cada vot.
command,Deixem la reunió en pausa al temps acordat.
command,Distribuïu els minuts en les quatre-vingt-oito hores.
command,Revisar i aprovar el compte dels actes a la reunió següent.
command,Declara els interess conflictats abans de la discussió.
command,Absténguï-te del vot si tens una conflicte.
command,Siguiu els documents de governança al prendre decisions.
command,Presenta el informe anual al regulador a tiempo.
command,Presenta els comptes al registrador.
command,Reconveni la registrant de l'organització anualment.
command,Actualitza el registre de la junta cuando cambien los membres.
command,Informe a las partes interesadas sobre los cambios materiales de forma inmediata.
command,Manteniu un registre fi al dia per aquests setze anys.
command,Manten els teus registrats sensibles en un arxiu confimat.
command,Destruiu els registrats segons el pla de conservació.
command,Organitzar la reunió general anual per davant de la data legal.
command,Volegen els oficials segons el estatut.
command,Ratificar les financeres a la assemblea general d'accionaris.
command,Aprovar el pressupost per al següent any.
command,Establiureu els criteris d'actuació del comitè d'auditoria.
command,Enganar a un auditor externo independiente.
command,Revisu les conclusions del auditori amb el consell d'administració.
command,Reconeix el informe de la auditoria en la reunió del consell d'administració.
command,Publica els comptes auditats a la pàgina web.
command,Respondeix a les preguntes del regulador entro el termini estats per a això.
command,Colabora totalmente en cualquier inspección reguladora.
command,Manténgase un registro de quejas.
command,Resolva las quejas dentro del plazo establecido en la política.
command,Escalar las queixas no resueltas al defensor del pueblo.
command,Revisar els dades de queixos anualment.
command,Utiliza les tendències de les queixes per millorar els teus serveis.
command,Ensinant a tot el personal el procediment de reclamacions.
command,Mostre de forma destacada el procedimiento de reclamaciones.
command,Reconoix aquests reclames en un termini comercial de dos dies.
command,Ofrirem una resposta completa en un plazo de veint business dies.
command,Comunicar cualquier retraso al queja.
command,No escatsi la queixa fins que el reclamante estigui satisfactoriament.
command,Registra la data de clausura i el resultat al registre.
exclamation,Què meraviglia!
exclamation,Qué magnífica vista desde arriba!
exclamation,Què una deliciosa comtaua!
exclamation,Què una solució genial que haguessis ideat!
exclamation,Què atreviment espectacular!
exclamation,Què don de generós!
exclamation,Què èsta è una conquista remarcable!
exclamation,Que gran lástima!
exclamation,Què una coincidència extraordinària!
exclamation,Què una aventura increïble!
exclamation,Què transformació increible!
exclamation,Què experiència inolvidable!
exclamation,Que jardí encantador que tenés!
exclamation,Un grup de músics tan talentosos!
exclamation,Què una tempesta terrienta anoche!
exclamation,Què història reconfortant!
exclamation,Què una decisió corajosa!
exclamation,Què situació singular!
exclamation,Què oportunitat fantàstica!
exclamation,Què una tragària equivocació!
exclamation,Què meravellosa vaig veure-la amb quelllà!
exclamation,Que dia perfecte per a un picnic!
exclamation,Un teatre de comtats que va ser un pas important en la carrera de Joan Miró. Un teatre que va ser un pas important en la carrera de Joan Miró!
exclamation,Que gran iniciativa del nou director executiu!
exclamation,Un despilfarro d'una tarda perfecta!
exclamation,Què sorpresa veure-te aquí!
exclamation,Un petit truc tan astuto!
exclamation,Què una difícil de fer!
exclamation,Què relleu que el examen ha acabat!
exclamation,Què espectacular va ser la mostra de fueu!
exclamation,Que generós gesto va ser el del teu col·legue!
exclamation,Què un lloc curiós va ser el meu somni de la nit passada!
exclamation,Què una sessió productiva!
exclamation,Què final tan espectacular per al joc!
exclamation,Un bebé tan guapo!
exclamation,Un resultat fenomenal!
exclamation,Què jaqueta i extenuant va ser aquesta via!
exclamation,Un càfè molt acollidor!
exclamation,Un documentari fascinant!
exclamation,Què porri deixaven!
exclamation,Un esforç tremendo de tot el grup!
exclamation,Què fuga tan ratera!
exclamation,Què absurda proposta!
exclamation,Que encantadora gesto de los niños!
exclamation,Què un curs difícil va ser!
exclamation,Què un discurs magnífic que va tenir!
exclamation,Que magnífica matí!
exclamation,Què pel·lícula horríbil va ser!
exclamation,Un gat peti i molt dolç!
exclamation,Què descoberta increible!
exclamation,Donўt quan són belles les llum de boreal!
exclamation,Què velocitat ha passat el temps!
exclamation,Què coratge tenia sota pression!
exclamation,Que ben pensat que va recordar!
exclamation,Doncs que han denet sentit això!
exclamation,Donava un joc meravellós aquesta nit!
exclamation,Què impact va tenir aquest anunci!
exclamation,Què refrescant és sentir un feedback honesto!
exclamation,Què profundament emocionant era aquell poem!
exclamation,Què sorpreses calor que fa per a japareu!
exclamation,Què genialment va executar el conjunt el pla!
exclamation,Doncs que és terribil el que ha ha ha ha ha ha ha ha ha ha ha ha ha ha ha ha ha ha ha ha ha ha ha ha ha ha ha ha ha ha ha ha ha ha ha ha ha ha ha ha ha ha ha ha ha ha ha ha ha ha ha ha ha ha ha ha ha ha ha ha ha ha ha ha
exclamation,Què deliciós és aquesta mica ciutat!
exclamation,Què sortuenia que estemos aquí!
exclamation,Doncs que deve haver-lo passat-hi molt en verguda!
exclamation,Què gens complets estrangers poden ser inesperatament amables!
exclamation,Què meraviglia que s'ha recuperat tan bé!
exclamation,Donava una perfecció de temps a aquesta entrada!
exclamation,Donava aparentatge a tot això com si fos molt fàcil!
exclamation,Què de potentment va mover la música al públic!
exclamation,Què gracióment va fer el dansador per la escena!
exclamation,Què magnífica la catedral és al créixer!
exclamation,Què profundament ha canviat el meu pensament amb aquesta obra!
exclamation,Què geni els nens per haver-ho captat!
exclamation,Què alegres semblava tot el món avui!
exclamation,Què fluïment s'ha fet la cessió!
exclamation,Què vivament encara aquella dia!
exclamation,Què pitja quan poden canviar les coses!
exclamation,Què deliratament van fer els investigadors el seu treball!
exclamation,Què delicatament està caigent la neu allà fora!
exclamation,Què confiança tenia ella en responder a cada pregunta!
exclamation,Què precisament va calcular el enginyer la càrrega!
exclamation,Què calor va rebre el públic a la nova obra!
exclamation,Què interessat van participar els alumnes amb el tema!
exclamation,Què tranquil·lement va entrar el gat a la sala!
exclamation,Què ben s'encaixa tot el puzzle!
exclamation,Què dramatisme va tenir a desenrolar-se la escena!
exclamation,Què ràpid va ser la resposta del equip de rescatament!
exclamation,Què de pasionatament va defensar el seu cas!
exclamation,Què negligència va haver en escriure les instruccions!
exclamation,"Don Marquès, com va dirigir magistralment l'orquestra!"
exclamation,Què pacíficamente dormia el viej.
exclamation,Doncs molt meravellósment ha crescut el jardí!
exclamation,Què generosamente ha donat la fundació!
exclamation,Què paciència va tenir l'ensenyàdor explicant el concepte!
exclamation,Doncs com van a interpretar els nens de manera genial!
exclamation,Què èxitament va navegar la empresa per sortir-se de la crisi!
exclamation,Què intensament competiven els rivals!
exclamation,Què sorpresa genuina feia!
exclamation,Què decisió el líder en el moment!
exclamation,Doncs com el retrat capta la seva expressió amb tanta delicadesa!
exclamation,Que coratge tenia dir això!
exclamation,Que pitxent que el concert ha haurient cancelat!
exclamation,Que meraviglia!
exclamation,Què deliciència va ser veure-los jugar!
exclamation,Una manera de acabar la temporada!
exclamation,Què oració va deixar el fundador!
exclamation,Què transformació ha passat a aquesta ciutat!
exclamation,Què un partit competitiu que va resultar!
exclamation,Què privilegiat és treballar amb tant de talent!
exclamation,Què perspectiva única porta!
exclamation,Què carrera ha construït a partir de la nada!
exclamation,Què dramatització de fortuna!
exclamation,Un moment tendre entre els dos rivals!
exclamation,Què una línia de començament tan poderosa!
exclamation,Què imaginació viu té aquesta criatur!
exclamation,Què tribut adequat als soldats caiguts!
exclamation,Què deliciència és veure de nou els nostres amics antics!
exclamation,Què contrast entre les dues ciutats!
exclamation,Què una notable utilizació de colors en aquella pintura!
exclamation,Un capolavoro de l'arquitectura moderna!
exclamation,Una història captivant de principi a final!
exclamation,Un reles al cap final!
exclamation,Què revelació va resultar aquella entrevista!
exclamation,Què impresa d'enginyeria és el pont!
exclamation,Què diferència fa una bona nit de somni!
exclamation,Què nit va ser de record!
exclamation,Què milestone havem arribat juntament!
exclamation,Què curiosa giració d'esdeveniment!
exclamation,Què oportunitat de fer!
exclamation,Un revés per tot el projecte!
exclamation,Què transformació en les sondagens!
exclamation,Què mercat competitiu és!
exclamation,Què mente creativa té!
exclamation,Què opinó tan controvertida!
exclamation,Que interviu molt fresca i sincera!
exclamation,Què gran perdedora era!
exclamation,Què modest va resultar el seu vitori!
exclamation,Què debata ferocesa va ser aquesta!
exclamation,Què ceremonia de despedència tocante!
exclamation,Què cultura vibrante és aquesta ciutat!
exclamation,Un espectacular fenomen natural!
exclamation,Un relatació tan angustiant de supervivència!
exclamation,Què un escript personal molt profund va compartir!
exclamation,Què període difícil ha suferit la empresa!
exclamation,Què comunitat resilients són!
exclamation,Què moment crucial de la història és aquest!
exclamation,Un record pertubador de la nostra fragilitat!
exclamation,Que entonament emotiu per al moviment!
exclamation,Què una política divisiva que s'ha revelat!
exclamation,Què sentència emblemàtica va ser aquesta de la corte!
exclamation,Què declara artísticament ousol!
exclamation,Què triomf tècnic va ser aquesta missió!
exclamation,Què procés de revisió per pares rigorós va ser això!
exclamation,Un retrat tan sensible del dolor!
exclamation,Què aproximació subtil va prendre el mediador!
exclamation,Què una restauració minuciosa de la obra d'art!
exclamation,Què de emocionant la última volta!
exclamation,Què un bon resultat per el campió!
exclamation,Que mala lesió en un moment tan crucial!
exclamation,Què un retorn inspirant després de les adversitats!
exclamation,Què aliança inesperada entre les dos partits!
exclamation,Què risc ousat va valer la pena!
exclamation,Què sacrifici enorme van fer!
exclamation,Què elegant prova del teorema!
exclamation,Què teva de complexa la trama de relacions que crea el novel·la!
exclamation,Què una mostra tan impressionant del suport públic!
exclamation,Què profunditat de coneixement ha!
exclamation,Què emoció va ser aquesta reunions després d’aquests anys!
exclamation,Què un portfólio impressionant de treball ha reunido!
exclamation,Què empresa ambiciósa és aquest projecte!
exclamation,Què manera decepcionant de perdre un partit tan ajustat!
exclamation,Què singular coincidència de veure-te aquí!
exclamation,Que posició invetirosa tenir!
exclamation,Què lluita uphill ha estat!
exclamation,Un grup d'athlètes joves molt inspirants!
exclamation,Què experiència tan reveladora va ser!
exclamation,Què una contribució duradera al camp!
exclamation,Què errani heró!
exclamation,Què vida extraordinària ha fet!
exclamation,Què increible és que l'hem aconseguit!
exclamation,Què magnífiques són les colors d'estiu d'aquesta edat!
exclamation,Doncs com pleuren els seus parents avui!
exclamation,Què commovedor va ser aquella escena final!
exclamation,Què surrealitza aquesta experiència tota!
exclamation,Què vast quan és el mar des d’aquí!
exclamation,Què tranquil·lit queda el poble després del crepuscul!
exclamation,Doncs com viviment sent el mercat el dissabte matí!
exclamation,Què rica és la història d'aquest antic edifici!
exclamation,Què profundament la perdència ha afectat a tota la comunitat!
exclamation,Què necessitava desesperadament el conjunt d'aquest gol!
exclamation,Què de gaudisses van a rebre els nens amb aquesta notícia!
exclamation,Com incansabilment el investigador perseguia la veritat!
exclamation,Què ha canviat completament el paisatge!
exclamation,Què inesperatament va canviar el cap vers el millor!
exclamation,Què refreshment diferent és el nou enfocament!
exclamation,Què espectacularment va millorar el atleta durant l'any!
exclamation,Què meticulosament el restaurador ha recreat l'original!
exclamation,Què delicadament aborda la història un tema tan difícil!
exclamation,Què de similar són les dues pintures!
exclamation,Què facia l'improvisació del músic jazz de manera tan fluida!
exclamation,Doncs com el periodista va exposar corajósament la corrupció!
exclamation,Què dramatisme va haver en un simple diada!
exclamation,Què sorpreses molt bé va resultar el experiment!
exclamation,Què investigació minuciosa va fer l'autor sobre aquest tema!
exclamation,Què ingeniosament va resoldre l'arquitect el problema de la llum!
exclamation,Què elegantment explica l'equació el fenomen!
exclamation,Què incespitatament treballen els voluntaris durant la nit!
exclamation,Què eficacitat va tenir la nova política en resoldre el problema!
exclamation,Què ousament va desafiar l'artista les convencions!
exclamation,Què generosament va acceptat el veterà el premi!
exclamation,Què humilité va donar ella al seu equip per el succes!
exclamation,Què clar es que les evidències apunten a una única explicació!
exclamation,Què fluïment es va trobar la conversa entre estrangers!
exclamation,Què naturalment s'ha desenvolupat la colaboració a lo llarg del temps!
exclamation,Què sensibilità va amb al documentari per abordar aquest tema!
exclamation,Què generosament s'uní la comunitat al voltant de la família!
exclamation,"Què de potent va ser el discurs, fins i tot per als esceptics!"
exclamation,Com l'líder va aborda els errors comès de manera sincera!
exclamation,Què pensamentós va ser el reconfigurament del curriculum!
exclamation,Què precisió l'instrument per medir tant petites variacions!
exclamation,Què entusiasmatament va acollir la gent al retorn del conjunt!
exclamation,Doncs com el cor s'harmonitzava de manera molt bella!
exclamation,Què maestria tenia el novelista en controlar el ritmo!
exclamation,Doncs com jugaventament reconversien la història antiga!
exclamation,Què poignànticment captenen aquestes fotografies d'una era perduda!
exclamation,Doncs com defensors van mantenut la seva posició de manera molt valent!
exclamation,Què determinació va tenir el comitjat amb la seva decisió!
exclamation,Què fidelitat va tenir el personal unint durant les dificultats!
exclamation,Doncs com els paramédics responen de manera tan desinteresada durant la crisi!
exclamation,Donem professionalisme a la gestió d'una situació molt difícil!
exclamation,Què eloqüència va expressar! Molts de nostres sentiments!
exclamation,Què vivacitat capta aquesta memòria de la dècada!
exclamation,Què sorpreneix com les noves conclusions contradigan la visió establecida!
exclamation,Què cerimònia va tornar inesperatament emocionant!
exclamation,Què riquesa recompensa la novel·la en una segona lectura!
exclamation,Què de clau són les dades per illustrar la magnitud del desafi!
exclamation,Doncs com el director de banda va destacar la gamma completa de emocions de manera genial!
exclamation,Què serenitat té el monestir situat al voltant del vall!
exclamation,Què urgència necessita el món per abordar aquest problema!
exclamation,Què poeticamente capta l'escrivant la dolçor de la partida!
exclamation,Què precisió el cirurgian de reconstruir el tevatgeuat deteriorat!
exclamation,"Donava una idea de la magnitud de la restauració, superant de manera completa les nostres expectatives."
exclamation,Què alegres van a començar a treballar els voluntaris!
exclamation,Què satisfactoriament fa que la història reuniti tots els seus fils!
exclamation,Què gens poden ser inesperatament amables amb un estranger!
exclamation,Què fascinantment complex resulta el cervell humà!
exclamation,Què sorpreneix com a millor preu que va ser tota la trave!
exclamation,Doncs com la botiga mica era deliciósament peculiar!
exclamation,Doncs com de fanciment i fanciment el desert al amanecer!
exclamation,Què potentment parla la fotografia sense una sola paraula!
exclamation,Què tranquil·lament heroics són els actes ordinari de curareu!
exclamation,Què creat més infinit és la mente humana!
exclamation,Què profundament la música pot canviar la manera com veiem el món!
exclamation,Com la tempesta abatió implacablement la costa!
exclamation,Què tevil·lament va tenir el vell al veure el cop del vieja!
exclamation,Què ingeniosament s'ha resolvat el problema amb materials tan simples!
exclamation,Què gratificant va ser que el treball dur finalment ha valu la pena!
exclamation,Què sorpreses va resultar la última aclamació!
exclamation,Doncs com el viejament cuivrant deia de la seva esposa malvada!
exclamation,Què penetrantement fa el fred al atravessar tot el més calent de roba!
exclamation,Què incansabilment les ondulacions ha erosionat la parella de la fosa!
exclamation,Què de deslumbrant és la vista al cim!
exclamation,Donava tant de sens a tot! Més perfecte juntament finalitzaven les peçaves del puzzle.
exclamation,Què profundament va clarificar la investigació el seu nom!
exclamation,Què irreversibilitat va haver en què el conjunt ha modificat el curs de la història!
exclamation,Doncs com la gent va fer una cosa magnífica!
exclamation,Què majoria va votar per la nova proposta!
exclamation,Què precisió el coregraf el temps de cada moviment!
exclamation,Què impressionantment s'ha comportat sota una pressió tan gran!
exclamation,Què sin problema s'integrava el nou membre al grup!
exclamation,Què afectuosament recordava la multitudò la lègende jubilatària!
exclamation,Què de dolorosament pròxima va ser ella a guanyar l'or!
exclamation,Doncs com ha estat extraordinarament ben conservat el teatre antic!
exclamation,Què ràpidament es va deteriorar la situació tan pronto van arribar les llverses!
exclamation,Què fermóment els competidors uns contra els altres per aconseguir el millor resultat!
exclamation,Què victorià va reclamar el subútil el títol!
exclamation,Què emoció generava la solòlista mentre tocava els últims bars!
exclamation,Què de espectacularment ha canviat el skyline en només una dècada!
exclamation,Què meraviglia que la criança s'ha recuperat després d'una operació tan seriósa!
exclamation,Què delicadament l'artigant ha tallat el xafel!
exclamation,Què sobredoncel·lament va rebre el públic les dificiles estadístiques!
exclamation,Doncs com el sol va sorgir gloriosament sobre la cordilleral!
exclamation,Doncs com els veus de l'altre parella encara veien amb sweetness el miratge l'un a l'altra!
exclamation,Donem com el anfitrió va organitzar la nit!
exclamation,Què intensament s'entrenava l'atleta durant la temporada baja!
exclamation,Què sincerament va discutir l'autora sobre els seus propries fracuss!
exclamation,Què disposició tenia el grup a assumir responsabilitats addicionals!
exclamation,Doncs com el director va construir la tensió de manera artística!
exclamation,Com triomfatricament va tornar la expedició del pol!
exclamation,Què irreversibilitat va alterar la trajectòria de la empresa!
exclamation,Doncs com les flors floriren amb tanta glòria després del llonge hivern!
exclamation,Doncs molt meravellósment ha tornat a la vida la antiga construcció!
exclamation,Què perfeccion executaron els esportivistes sota una pressió tan intensa!
exclamation,Què sorpreses va resultar el seu primer àlcma!
exclamation,Doncs com l'científic va explicar una idea complexa de manera genial!
exclamation,Doncs com la producció en general va venir magníficamente juntada!
exclamation,Què sorpreses va resoldre el detectiu amateur el misteri!
exclamation,Doncs com la dansadora va transmitir el dolor de manera graciosa a través del moviment!
exclamation,Donavalt com la nova evidència ha anulat el veredicte!
exclamation,Què profundament la guerra va marcar a una generació completa!
exclamation,Com la comunitat va reconstruir amb tanta coratge després del desastre!
exclamation,Què resiliència va tenir la cultura durant les seves centures de repressió!
exclamation,Doncs com el biografia traten amb tanta delicadesa el seu tema difícil!
exclamation,Què maestria va equilibrar el dramaturg la comedia i la tragèdia!
exclamation,Com els escaladors abordaven audàcidament la ruta inexplorada!
exclamation,Doncs molt meravllevament va ser revivint la tradició antiga!
exclamation,Què meraviglia que els dos musicants s'complementessen el uns als altres!
exclamation,Què espectacularment s'ha marcat el gol final!
exclamation,Què ansietat va tenir el públic ambdèn del veredicte!
exclamation,Què precisió el científic per replicar el experiment original!
exclamation,Què de ràpid va canviar el temps!
exclamation,Què de devastadora va resultar la exactitud del crític!
exclamation,Què alegria va rebreu aquesta notícia per tot el món!
exclamation,Com la compaixió que parlava la enfermeira al pacient assustat!
exclamation,Què ousament va interrompre el mercat estabilitat per la startup!
exclamation,Què de ràpidament han augmentat els preッツs aquest trimestre!
exclamation,Què de dramatitzat és que la pel·lícula es desviegi del roman original!
exclamation,Què tranquil·lament va començar la revolució!
exclamation,Doncs com la soprano va tocar la nota final de manera magnificent!
exclamation,Què celeritat va ser la que s'ha exercitat en aquest cas!
exclamation,Què confiança tenia el joven abogado mentre defensava el tribunal!
exclamation,Què inesperatament acaba la història amb una nota de esperança!
exclamation,Donava una perfecta adequació a les noves paraules la veurega antiga.
exclamation,Què vivamente recrea l'autor les vises i els parfums del mercat!
exclamation,Què profundament va canviar la seva vida el simple acte de bondad!
exclamation,Doncs com el atleta va competir genialment malgrat la lesió!
exclamation,Doncs com el campió va acceptant la derrota amb una gran delicades!
exclamation,Què de potentment va canviar la opinió pública el documentari!
exclamation,Què naturalesa va brillar el talent des d’una molt tenetà ed imatge!
exclamation,Què profundament va transformar la caritat les vides de la regió!
exclamation,Què alegria va ser el reencuentro després d’anar tant d’anys seguint-se!
exclamation,Què delicadament el film recorda a quan no són més aquí!
exclamation,Doncs com la història honra magníficamente l'espirit de l'època!
exclamation,Què sorpres que el gigante del món del deporte ha resultado ser tan gentil!
exclamation,Què meraviglia que tot això ha acabat bé!
exclamation,Què una actuació remarcable!
exclamation,Què èsta è una conquista impressionant per tot el país!
exclamation,Que pitja que no hagi fet-ho més abans!
exclamation,Una manera meravellosa de celebrar el ocasió!
exclamation,Què de una maestria en lideratge que va donar!
exclamation,Què generositat ha sempre mostrat!
exclamation,Que relleu! Finalment tinguem una resposta!
exclamation,Un sorpresiva victòria en la final de la nit!
exclamation,Què una incomprensible demostració de treball en equip!
exclamation,Què un profund i commovente tribut és!
exclamation,Què recuperació notable després d'un retrocés tan serió!
exclamation,Què fotografia perfecta!
exclamation,Què pel·lícula provocativa i profunda!
exclamation,Un final tan adequat per una carrera remarcable!
exclamation,Que magnífica muestra de arquitectura!
exclamation,Què compteixa captivant de la expedició!
exclamation,Què elegant solució per a un problema tan espinós!
exclamation,Que classe excepcional de graduats és aquesta!
exclamation,Què oponent formidable va resultar!
exclamation,Un relatació conmovedora sobre la pérdida i la resiliència!
exclamation,Què una deslumbrante mostra de talent aquesta nit!
exclamation,Què moment dolç i amarr ha de ser per al campió que se retira!
exclamation,Que fermosa ferra d'entrar en un altre època!
exclamation,Un triomf de la ingenio i la determinació humana!
exclamation,Què un relatament preocupant de les circumstàncies que van conduir a la crisi!
exclamation,Què benvinguda recepció van tenir els nostres retornats erets!
exclamation,Què una carrera remarcable de forma ha mostrat aquest equip!
exclamation,Què acte difícils seguir!
exclamation,Una manera espectacular de celebrar el centenario!
exclamation,Un reconeixement que mereu!
polar_question,La biblioteca és oberda els domingos?
polar_question,Tens lliure aquesta tarda?
polar_question,Hi ha una farmacèutica al carrer?
polar_question,Estuven els tíckets disponibles?
polar_question,La presentació està preparada?
polar_question,Estuès a millor amb la gent?
polar_question,El restaurant és amigable per a els cànids?
polar_question,Estan els nens dormint?
polar_question,El contract s'ha signat?
polar_question,Estuem els vols a temps?
polar_question,El sistema de calefacción funciona correctamente?
polar_question,Vinaràs a la festa?
polar_question,El projecte està per al seu lloc?
polar_question,Quedaran-ne més seients?
polar_question,Està el hotel al llarg de la estació?
polar_question,Estu registrat per votar?
polar_question,Hi ha una llista d'espera?
polar_question,Estuem els pagaments actualitzats?
polar_question,Està la carretera oberta?
polar_question,Estu preparat per ordenar?
polar_question,El paquet està seguret?
polar_question,Els resultats ja són?
polar_question,El motor està fent un somni estrany?
polar_question,És que t’altres medicaments?
polar_question,El compte està en sobregiro?
polar_question,S'han de presentar els informes?
polar_question,Hi ha un autobús al centre de la ciutat?
polar_question,Estués cal·luts amb el resultat?
polar_question,La garantia és encara vàlida?
polar_question,Estubren els oficis abans del dia de amaner?
polar_question,El pla inclou un budget de contingència?
polar_question,Necesita alguna ayuda?
polar_question,El programa funciona en Linux?
polar_question,Apareixen els símptomes de forma súbita?
polar_question,El paquet inclou el petit-déjeuner?
polar_question,Tens d'un bolígraf que puc empajar?
polar_question,Lleva aquesta carretera a la costa?
polar_question,Sapiu francès?
polar_question,El medicament necessita d'una prescripció?
polar_question,Tens alguna objecció?
polar_question,El comitjat té una reunió trimestral?
polar_question,No tinguis amb reprovem si m'obreu la finestà?
polar_question,El arrendat include les utilitats?
polar_question,Els nens saben ja?
polar_question,El pla amb cobertura de les condicions preexistents?
polar_question,Necessite més temps?
polar_question,El magazin accepta els pagaments per cartes?
polar_question,Tens el DNI?
polar_question,El contrato se renueva automáticamente?
polar_question,Conoces la manera de llegar a la estación más cercana?
polar_question,L'expres arribat?
polar_question,Recibíu la meva missatge?
polar_question,El resultat del test va ser positiu?
polar_question,Reclutaron-se?
polar_question,El reles va passar bé?
polar_question,Tens de recordat de fer la clausura?
polar_question,El projecte va acabar a temps?
polar_question,Va bé la entrevista?
polar_question,La pluja va causar algún daño?
polar_question,Has presentat el formulari?
polar_question,Ellis els primers resultats van tenir en compte les expectatives?
polar_question,El client va aprovar el disseny?
polar_question,Has reullat el tren de l'última hora?
polar_question,El que la cirugènia ha passat com estava planejat?
polar_question,Ha signat el acord?
polar_question,El anoche s’ha apagat el corrent?
polar_question,Has presentat el formulari d'impost?
polar_question,Va a formar parte del equipo?
polar_question,El paquet va passar per la aduana?
polar_question,Afeguts el que buscava?
polar_question,S'ha posat de nou la sang?
polar_question,Ha arribat la entrega?
polar_question,Alguien ha visto mis llaves?
polar_question,S'ha aprovat el pressupost?
polar_question,Ha millitat la situació?
polar_question,S'ha informat el equip?
polar_question,Ha recuperat de la lesió?
polar_question,S'ha resolvat la reclamació?
polar_question,S'ha identificat el sospiciu?
polar_question,El contract s'ha executat?
polar_question,S'ha instal·lat el nou program?
polar_question,Ha conclòs la investigació?
polar_question,S'ha presentat la petició?
polar_question,S'ha corregit el error?
polar_question,El avión ha aterrizado?
polar_question,S'ha contabilitat el vot?
polar_question,S'ha distribuït el informe?
polar_question,Ha començat el nou internat ja?
polar_question,S'ha emès el permís?
polar_question,S'ha fet una evaluació del danatge?
polar_question,Has hagut alguna cosa de comer per a dia?
polar_question,S'han verificat els resultats?
polar_question,Has hagut conversa amb el doctor?
polar_question,S'han completat els formularis?
polar_question,Has considerat totes les opcions?
polar_question,Han enviat les factures?
polar_question,Has-a reunit amb el nou gestor?
polar_question,S'han impres les entrades?
polar_question,Ha actualitzat els seus detalls de contacte?
polar_question,S'han fet les controlades de seguretat?
polar_question,Has llegat a llegir les notes de informació?
polar_question,S'han entrevistat els testimoni?
polar_question,Has heu fet una copia de seguretat dels seus arxius?
polar_question,S'han completat les reparacions?
polar_question,¿Has notificado al asegurador?
polar_question,Els participants han confirmat la seva presència?
polar_question,Has revisat el pronóstico del tiempo?
polar_question,S'han fet servir les mostres per a la seva evaluació?
polar_question,Han auditat els comptes?
polar_question,Has completat la inducció?
polar_question,Serà reorganitzat el contingut de l'esdeveniment?
polar_question,Vinaràs a la reunió?
polar_question,Comença la nova política immediatament?
polar_question,Recaccepterà una oferta més baixa?
polar_question,El retraso afectará a la fecha de entrega?
polar_question,Seran disponibles las piezas de recambio?
polar_question,Serà capaç de viatjar?
polar_question,La investigació es va publicar?
polar_question,Serà la nova versió compatible amb les anteriors?
polar_question,Seran els canvis permanents?
polar_question,Reconsacr el consell l'adquisició?
polar_question,Es va celebrar una reunió de seguiment?
polar_question,Els resultats can canviar el resultat?
polar_question,La gira de la exposición va a recorrer el món?
polar_question,"Amb la subvenció, es van cobrir tots els costos?"
polar_question,Aquestes serà util que et faci una reserva de càrter?
polar_question,El medicament interactuarà amb altres?
polar_question,¿Requerirá la actualización un tiempo de inactividad?
polar_question,¿Necesitarán un depósito?
polar_question,Es factible que les conclusions s’publicin?
polar_question,Ajudaria si tuviéramos una segunda opinión?
polar_question,Seria una cita más temprana convenientte per a usted?
polar_question,Quedaria la proposta necessitada de financiación adicional?
polar_question,Seria acceptable un compromís?
polar_question,¿Funcionaría el plan en un contexto rural?
polar_question,El retardat afectaria altres projectes?
polar_question,Seria viable una empresa conjunta?
polar_question,¿Exigiria el cambio la aprobación del consejo de administración?
polar_question,Serian els resultats reproductibles?
polar_question,Seria útil un resumen escrito?
polar_question,Seria possible estendre el termini?
polar_question,¿Necesitaría el diseño la aprobación regulatoria?
polar_question,Reduir-li-a el temps de viatge la nova ruta?
polar_question,Afegiria la partnership el valor?
polar_question,Seria apropiada una prueba piloto?
polar_question,Seria que més evidència canviava la seva posició?
polar_question,S’aplicarà la política de manera retroactiva?
polar_question,Seria beneficiosa una auditoría?
polar_question,Quedaria afectada la plantilla actual por la reestructuración?
polar_question,Seria apropiada una queja formal?
polar_question,Podes sentirme claramente?
polar_question,El problema es solucionable de forma remota?
polar_question,Podem reprogramar para la semana que viene?
polar_question,S'arriba a estendre el prestat?
polar_question,"El equipo, és possible que trebi a treballar més hores aquesta semana?"
polar_question,El sistema és capaç de gestionar la carga addicional?
polar_question,El pacient pot ser descarregat?
polar_question,S’arriba a posponer la data?
polar_question,Es possible ràpidar el càrrega?
polar_question,El contract es possible que se cancele anticipadamente?
polar_question,Podeu accedir al dispositiu compartit?
polar_question,El lloc de celebració pot acollir quincen mil persones?
polar_question,S'han de migrar els dades de manera segura?
polar_question,El projecte es possible de entregar-lo entro el budget?
polar_question,El vehicle es reparable en un día?
polar_question,El medicament s’assume amb el menjar?
polar_question,És possible fer la connexió més segura?
polar_question,El dispositiu pot funcionar sense connexió?
polar_question,El procedimiento se puede realizar bajo anestesia local?
polar_question,¿Puede la cita ser revisada?
polar_question,S’ha podria evitar el retard?
polar_question,¿Podrían los síntomas indicar algo más grave?
polar_question,Podria dividir el proyecto en fases?
polar_question,S’ha de resoldre el litigi amb mediació?
polar_question,S’hagués de compartir els costos?
polar_question,Podria accelerar el cronograma?
polar_question,S’ha podria preveure la fallida?
polar_question,Podrían afectar las directrices actuales los resultados obtenidos?
polar_question,¿Podría ser un problema de configuración?
polar_question,S’ha de poder modificar la proposta?
polar_question,S’ha podria cobrir el danatge per l’àgil del seguretat?
polar_question,S’hauria pu replicar el experiment?
polar_question,S’hagués de poder canviar el recorregut?
polar_question,S'hagués de renegociar el contract?
polar_question,Podria la nova evidencia reabrir el caso?
polar_question,S’ha de adaptar la tecnologia per al seu ús civil?
polar_question,S’ha recuperat el contingut dels dades que no apareien?
polar_question,Podria formalizarse la asociación?
polar_question,El prototipó podria estar preni per a la final de trimestre?
polar_question,S’ha de classificar el incident com negligència?
polar_question,Ha de publicar el informe?
polar_question,Devem informar às autoridades?
polar_question,Ha de ser ingresat el pacient?
polar_question,Hauria de ser revisada la política?
polar_question,Diguem-nos si hem de continuar sense un consens total?
polar_question,S’ha de prorrogar el termini?
polar_question,Ha de ser remitido el caso a un especialista?
polar_question,Quin si la investigació es va fer per a una revisió per pares?
polar_question,Quin seria el criteri per a la desanonització dels dades?
polar_question,Ha de ser revisat per un advocat?
polar_question,Devem esperar pelos resultados completos?
polar_question,Ha de informar de inmediato al consell?
polar_question,Hauria ampliat-se el llamamiento al retirad del mercat?
polar_question,Quin seria una altra estratègia?
polar_question,Ha de activar-se el plan de contingència?
polar_question,S'ha de plantejar el problema en la següent reunió del consell?
polar_question,Ha de fer-se més testeja al prototip?
polar_question,Hauria l'acord incloure una clau penal?
polar_question,Hauria de ser simplificat el procés de revisió?
polar_question,Ha de posponerse la campaña?
polar_question,Comença la reunió?
polar_question,Què puc fer per ajudar-te?
polar_question,Quedatem invitarnos a oradors externs?
polar_question,Què dirà el resultat? (Serà per indicació de votants)
polar_question,Volem reunir-nos de nuevo depois do almoço?
polar_question,Debo redactar una respuesta?
polar_question,Serà que introduïrem aquest punt per la próxima?
polar_question,Seran distribuïts els minuts aquesta misma dia?
polar_question,Procederemos al siguiente punto del orden del día?
polar_question,Queda la decisión sometida a votación?
polar_question,El temps pot causar interrupcions?
polar_question,Quin és la probabilitat de que el projecte necessiti d’una aprovació addicional?
polar_question,Podria haver un conflict d'interès?
polar_question,Quin serien les resultats varien amb diferents condicions?
polar_question,Quin és la probabilitat de que ha de ser ajustat el pla?
polar_question,Quin és possible que la persona que ha testimoniat ha comet un error?
polar_question,Quin és la probabilitat de que el nou tractament sigui més eficient?
polar_question,Quin augmenten els costos de manera significativa?
polar_question,El retraso podría causar sanciones contractuales?
polar_question,Quin és el risc de que el sistema hagués estat comprometat?
polar_question,El despertador es ha activado por accidente?
polar_question,La decisió va ser presa de bona fe?
polar_question,El avís s'ha donat a temps?
polar_question,El equipament estava ben mantenut?
polar_question,Estava la informació disponible per avís del cop?
polar_question,Era el acord legalment vinculant?
polar_question,S'ha seguit el procediment correctament?
polar_question,Estava la estimació basada en los datos actuales?
polar_question,S'ha escalat la queixa de manera prompta?
polar_question,Estava el sospiciós al lloc?
polar_question,S'han respectat els protocols de seguretat?
polar_question,Estu signat tots els documents?
polar_question,Erius els resultats estadísticament significatius?
polar_question,S'han valorat els riscos de manera adequada?
polar_question,S'han informat els candidats dels criteris?
polar_question,S'han autoritzat els gastos?
polar_question,S'han comunicat els resultats al consell?
polar_question,S'han notificat els clients afectats?
polar_question,Erau les instruccions suficient de clares?
polar_question,S'han implementat les recomanacions?
polar_question,Estu a la boquilla del lloc per la recepció?
polar_question,Si reconozco per a la descont?
polar_question,Estu inclòs dins de la política standard?
polar_question,Estu inclòs/a en la llista de passatgers?
polar_question,Estuant parlant amb el departament correcte?
polar_question,És ja tard amb a presentar la candidatura?
polar_question,És segura per a consumir?
polar_question,És normal sentir-se això després de la cirurgia?
polar_question,És possible obtenir una prorroga?
polar_question,És cert que l'oficina està fent demanelles?
polar_question,Està inclòs en la garantia?
polar_question,És dins del pressupost?
polar_question,És necessari comparecer en persona?
polar_question,Seria appropriat abogar per això en la reunió?
polar_question,És legal gravar la conversa?
polar_question,Què efecte secundaris hi hauen?
polar_question,Apareixen altres opcions disponibles?
polar_question,Existeixen riscos coneguts?
polar_question,Què restrictions hi ha per a l’ús dels dades?
polar_question,Què vacantes hi ha a l'programa?
polar_question,Què disèncs hi ha en les contabilitats?
polar_question,Quedaven contraindicacions?
polar_question,Apareixen plans per ampliar el servei?
polar_question,Apareixen suficientes recursos per completar el projecte?
polar_question,Quedaven objeccions no resol dites?
polar_question,Fa una diferència significativa?
polar_question,És necessària una instal·lació especialitzada?
polar_question,Viene con un manual?
polar_question,Es connecta al cos?
polar_question,Suporta múltiples usuaris?
polar_question,Ha de calibrarse regularmente?
polar_question,¿Anula la garantía abrir la carcasa?
polar_question,S’arriba en diferents tamanys?
polar_question,Siguem les regulacions vigentes?
polar_question,Inclou el suport al client?
polar_question,Va causar algún efecto adverso?
polar_question,Ha arribat en bon estado?
polar_question,Superava el ambit original?
polar_question,S'en va tenir a les especificacions requerides?
polar_question,Ha funcionat com es deia?
polar_question,Va ajudar a resoldre el problema subyacent?
polar_question,Va requerir alguna modificació?
polar_question,Passava la verificació de qualitat?
polar_question,Ha generat alguna queixa?
polar_question,Ha afectat al cronograma general?
polar_question,"Si me aplico hoy, ¿seré considerado para la toma actual?"
polar_question,"Si els resultats són negatius, si cal realitzar més tests?"
polar_question,"Si la licitació és exitosa, començarà el treball immediatament?"
polar_question,"Si el recurso es rechazado, ¿hay otras opciones?"
polar_question,"Si les condiciones cambian, ¿se puede modificar el contrato?"
polar_question,"Si el examen falla, ¿se puede repetir?"
polar_question,"Si los síntomas persisten, ¿debería buscar asesoramiento especializado?"
polar_question,"Si el plan es aprobado, ¿cuándo comenzará la implementación?"
polar_question,"Si la demora continúa, ¿hay una penalización?"
polar_question,"Si el ensayo tiene éxito, ¿se lanzará el producto a nivel nacional?"
polar_question,El reuneu està confirmat per a dia de mañana?
polar_question,Els resultats del test ja han arribat?
polar_question,Aquestes quines et cal tenir el combustible per el travallo?
polar_question,Estu els nens vacunats?
polar_question,Està l'aigüesa de fuga marcada de manera clara?
polar_question,Apareixen aparadors disponibles?
polar_question,Estu els dades criptats?
polar_question,S'han conciliat els comptes?
polar_question,El passaport és vàlid durant altres seixos?
polar_question,Estu bé el regne de les plantes?
polar_question,El despertador ha sonat aquesta matí?
polar_question,Tens comprovant que t'han cogsit les claves?
polar_question,El interviu va passar com es va esperar?
polar_question,Recibíren l'invitació?
polar_question,El seguro va a cobrir el cost?
polar_question,El nou funcionari va arribar a temps?
polar_question,Ha capturat el original el significado en la traducción?
polar_question,S'ha soldit el contingut?
polar_question,El bonific hi va arribar a la teva compte?
polar_question,El medicament va causar algún efecto secundario?
polar_question,S'ha processat la aplicació?
polar_question,Algunú ha trobat el dossier que s'ha perdut?
polar_question,S'ha resolvat la situació?
polar_question,S'ha pagat al executant?
polar_question,Ha reached a decision the committee?
polar_question,S'han validat els dades?
polar_question,S'ha fet provar el prototip?
polar_question,S'ha fet el anunciament?
polar_question,El informe ha sido aprobado?
polar_question,S'ha confirmat el lloc?
polar_question,Has reunit amb el paquet?
polar_question,Han arribat tots els convidats?
polar_question,Has hagut una discussió sobre això amb el teu gestor?
polar_question,Has signat el document?
polar_question,S'han completat les teses?
polar_question,Has hagut recent canvis al teu mot de compte?
polar_question,S'han informat els clients?
polar_question,¿Ha presentado su declaración de impuestos?
polar_question,S'han implementat les recomanacions?
polar_question,S'han compartit les conclusions preliminares?
polar_question,Reduirán els costos amb les mesures noves?
polar_question,Creurrà l'expansió crear nous ocupacions?
polar_question,Serà el producte disponible a les estalvis?
polar_question,Quedará aprovada la financiación adicional?
polar_question,La restructura afectará mi función?
polar_question,El sistema es restaurado antes de la fecha límite?
polar_question,Revelarà la inspecció algunes violacions?
polar_question,El pronóstico cambiará para mañana?
polar_question,Serà l'audiència oberta al públic?
polar_question,Seran els resultats del laboratori conclusius?
polar_question,Hi ha un tren al aeroport el diumenge?
polar_question,Existe una opción vegetariana en el menú?
polar_question,Què penada és per el abans del veniment?
polar_question,El curador ha de decidir si la lista final està feta.
polar_question,És segura la plemena per passar-hi?
polar_question,El·l'aigua és potable aquí?
polar_question,Hi ha una pràia al edifici?
polar_question,El formulari està disponible online?
polar_question,Existe una quantitat mínima de començament?
polar_question,El servidor està de nou en línia?
polar_question,Estu inclòs els pilotes?
polar_question,Estuven les instruccions disponibles en anglès?
polar_question,Hi ha alguna descomposi per a les començos en massa?
polar_question,Estuès a consciència de cap conflict d'interès?
polar_question,Estuixos-li tots els interessats de la mateixa manera sobre la decisió?
polar_question,Estu els extintors de foc carregats al complet?
polar_question,Són els resultats reproductibles?
polar_question,Podràu participar en la informació?
polar_question,Aquestes traduccions són correctes?
polar_question,Estu els nostres nou hires fent-se a cà?
polar_question,El preu inclou l'instal·lació?
polar_question,El centre escolar té una lista d'espera?
polar_question,El acordament exige un testimoni?
polar_question,Funciona la app sin una conexión a Internet?
polar_question,El seguro cobre el robatoriat?
polar_question,El recorregrà per una zona de peaje?
polar_question,El servei inclou una versió de prova gratuita?
polar_question,El detallatge coincide amb el que s'ha encargat?
polar_question,El candidat té les qualificades necessàries?
polar_question,El edifici té acces per persones amb mobilitat reduïda?
polar_question,¿Podría ser una falsa alarma?
polar_question,Podrían estar relacionados los dos incidentes?
polar_question,Quin és el possible que els dades estiguin corromputs?
polar_question,Podrían los recursos adicionales acelerar la entrega?
polar_question,Podria adelantar la fecha límite?
polar_question,Podria ser que el error se deba a un fallo de software?
polar_question,Podrían los resultados verse afectados por el sesgo de muestreo?
polar_question,La fusió podria estar sujeta a la aprobación reglamentària?
polar_question,Podria presentar la propuesta electrónicamente?
polar_question,S'hagués el reunement a través de una reunió virtual?
polar_question,Sols els termes es renegociïn?
polar_question,Quin seria la nostra intenció si demanem un consultor extern?
polar_question,S'han de verificar els resultats de manera independent?
polar_question,S'ha de informar al personal immediatament?
polar_question,S'ha de posponer el projecte?
polar_question,Hauria de redistribuir el budget?
polar_question,S'ha de votar el comitjat sobre el tema el dia d'hores?
polar_question,S'han de implementar més mesures de protecció?
polar_question,Haurem escalar el problema a la junta directiva?
polar_question,Ha de ser la divulgació voluntària o obligatoria?
polar_question,S'ha concedit el concurs d'adquisició de manera justa?
polar_question,S'han gestionat els fets de manera correcta?
polar_question,S'ha fet la divulgació a temps?
polar_question,El projecte es va completar dins del perímetre previst?
polar_question,S'ha informat el pacient de els riscos?
polar_question,El informe es va presentar per davant de la data màxima?
polar_question,El reclami va estar documentat de manera adequada?
polar_question,S'ha informat el personal sobre la nova política?
polar_question,Era la mostra representativa?
polar_question,La revisió va ser realitzada de manera independent?
polar_question,S’han revisat per pares els resultats?
polar_question,S'han explicat els termes i condicions de manera clara?
polar_question,S'han seguit els procediments correctes?
polar_question,S'han obtingut els permisos necessaris?
polar_question,Estuvien els voluntaris formados de manera adequada?
polar_question,S'han auditat de manera independent les situacions financieries?
polar_question,S'han distribuït els costos de manera adequada?
polar_question,Erius els objectius eren realistes?
polar_question,Erau els resultats consistents a tots els esdeveniments?
polar_question,S'han comunicat els riscos als interessades?
request,"Podria deixar-me la porta oberta, per favor?"
request,No t’interessa revisar mi informe antes de enviarlo?
request,Podria deixar-me saber quando está disponível?
request,Seria capaç de cobreixar el meu turno el jueves?
request,"Podria passar-me el sal, per favor?"
request,No molesta si baja un poco el volumen?
request,Podria ajudar-me a llevar estas cajas arriba?
request,Seria amable de reenvío ese correo electrónico?
request,Podria comprovar de nuevo las cifras en la hoja de cálculo?
request,No tinguéssiu objeccions si et plauve veure aquest contracte?
request,Podria enviar-me les notes de la reunió?
request,Podria organitzar una conferència telefónica?
request,"Podria explicar-nos de nou, més lentament, aquesta part?"
request,No t’importi esperar un moment allà fora?
request,Podria proporcionar un resum breu de les conclusions?
request,Seria possible que estigués disponible per una lluna de contacte a última hora de la tarde?
request,Podria confirmar l'adreç de entrega?
request,No t’interessa firmar este formulario?
request,Poderia recomendar un buen restaurante cerca?
request,Seria possible ampliar el plazo por una semana?
request,Podeu preguntarme una pregunta sobre el procedimiento?
request,"Podeu passar-me un vaso d’aigua, per favor?"
request,Podria empajar el seu carregador per un moment?
request,No t’altés si desabocas la ventana?
request,Podeu deixar-me um momento do vosso tempo?
request,Podeu deixar as minhas malas aqui enquanto eu me guio?
request,"Podria rebre un recibo per això, per favor?"
request,Podria fer-me una revisió del meu treball?
request,"Podeu deixar-me falar com o gestor, por favor?"
request,Posso recibir un mensaje?
request,Podría obtener una actualización sobre el estado del pedido?
request,"Seria amable de esperar un momento, por favor?"
request,Podeu deixar-me juntar a vós à vossa mesa?
request,Posso reprogramar la cita?
request,"Podría tener una mesa en un rincón tranquilo, por favor?"
request,No molesta si volés explicar el procés una altra vegada?
request,"Podeu veure el menú, per, dona'm'el, per?"
request,Podeu donar-me un trapo més?
request,Podría obtener un reembolso por este artículo?
request,Podria enviar-me de nuevo la factura?
request,"Podria donar-me un passegatge al estació, per favor?"
request,No tinguessis si podivien fer una foto de nosaltres?
request,Podria dedicar-me cinco minuts per una pregunta rápida?
request,Podria ajudar-me amb la configuració?
request,Podria fer-me una traducció d’aquest parràgraf?
request,No t’interèssi si hi ha més noveses.
request,Podria enviar el archivo en otro formato?
request,Podria deixar-me saber el resultado?
request,Podria afegir-me a l'adreç de reunió?
request,No t’interèssi fer una revisió a aquest correu electrònic?
request,M’avincint preguntant si et podríeis ajudar amb aquest problema.
request,Apreciaria que confirmés-li el temps.
request,Desitgava que fos possible que fossis part de la comissió.
request,Seria gràcia si podigués estudiar aquest problema.
request,M’avincint preguntant si coneixia algú que pot ajudar.
request,Apreciearia molt la seva opinió sobre aquest borrador.
request,Desitgava que podiesis venir un poc més cedo.
request,Seria molt gràcies si podiessiu donar una resposta ja el dimarts.
request,M’avincint si seria possible obtenir una prorroga.
request,Apreciaria que mantuviesse això confidencial.
request,Seria possible concertar una reunión con el director?
request,Seria un poco de molèstia reenviar el ataxi?
request,Seria posible obtener una segunda opinión?
request,Seria una petición excesiva pedir una confirmación por escrito?
request,Seria possible canviar el lloc en aquesta fase?
request,Seria convenient mover la cita para el lunes?
request,Seria posible tener los resultados para finales de la semana?
request,Seria un poco de molèstia afegir-me a la llista de distribució?
request,Seria possible discutir-lo en privado?
request,Seria convenient parlar després de la reunió?
request,Podria suggerir una pequeña modificación a la propuesta?
request,Podria preguntar-me què va provocar aquesta decisió?
request,Podría pedir una copia del informe completo?
request,Quin puc recomanar és un enfocament un tant d’anony una altra?
request,Quería llamar su atención sobre la cláusula de la página doce.
request,Podria proponer que presentásemos el tema hasta que tengamos más datos disponibles?
request,Podria preguntarle si volgués reconsiderar?
request,Podria preguntarme si podría solicitar una breve prórroga?
request,Podria suggerir-me que busquemos asesoramiento jurídico independiente?
request,Quería plantear una preocupación sobre el cronograma propuesto.
request,Podria veure-ho quan tinguis un moment?
request,Podria fer-me un repàs per a l'extrem del dia?
request,Podria deixar-me saber si hi ha algun problema?
request,No t’interèssi mantenir-me informat del progres per?
request,Podria distribuir el orden del día antes de la reunión?
request,Podria proporcionar una estimació de costos?
request,Podria enviar esto al equipo de cumplimiento?
request,No tindries a tenir-lo en compte per organitzar que la factura s’pague promptament?
request,Podria seguir el fornecedor?
request,Podría presentar los resultados el viernes?
request,Podria comprovar si la visada ha sido aprobada?
request,No molesta preguntar al equipo si alguien está libre?
request,Podria compartir el enlace al documento?
request,Seria capaç de processar la petició el dia d'hores?
request,Podria afegir el nou membre al grup de WhatsApp?
request,No tindries preocupació si nollis recordés-li això la semana que venia.
request,Podria clarificar-me el que és necessari del meu lloc?
request,Podria confirmar si ha recibido los archivos adjuntos?
request,Podria descobrir quan és el següent slot disponible?
request,No t’interèssi a dejar esto en la oficina de correos?
request,Podes confirmar que las luces están apagadas antes de que te vayas?
request,Podes indicarme si el paquete ha llegado?
request,Podria veure qui és el responsable de la reserva?
request,Podeu comprovar si la habitació està disponible?
request,Podria garantir que el informe estará en mi escritorio para las 9?
request,Podria reunir el equipo en una reunión rápida?
request,Podes garantir que el cliente se mantenga informado?
request,Podes confirmar si has recibido este correo electrónico?
request,Podria preguntarle que me llame cuando tenga tiempo?
request,Podríeis encontrar un momento mutuamente conveniente para la llamada?
request,Apreciaria que me diera una pista antes del anuncio.
request,Seria gràcia si podieseu cuidar-ho mentre esti a l'altra.
request,Quisiera que lo revisarais antes de la fecha límite.
request,Apreciem molt les teves opinió sobre aquesta estratègia abans de continuar.
request,Seria gràcia si podiessiu organitzar-ho.
request,Apreciaria mucho que me enviara la versión original.
request,Seria gràcies per el vostre suport a aquest projecte.
request,Apreciearia que puessi marcar els problemes quan apareguin.
request,Aquest és el meu propòsit. Aquest és el meu propòsit. Aquest és el meu propòsit. Aquest és el meu propòsit. Aquest és el meu propòsit. Aquest és el meu propòsit. Aquest és el meu propòsit. Aquest és el meu propòsit. Aquest és el meu propòsit. Aquest és el meu propòsit. Aquest és el meu propòsit. Aquest és el meu propòsit. Aquest és el meu propòsit. Aquest és el meu propòsit. Aquest és el meu propòsit. Aquest és el meu propòsit. Aquest és el meu propòsit. Aquest és el meu propòsit. Aquest és el meu propòsit. Aquest és el meu propòsit. Aquest és el meu propòsit. Aquest és el meu propòsit. Aquest és el meu propòsit. Aquest és el meu propòsit. Aquest és el meu propòsit. Aquest és el meu propòsit. Aquest és el meu propòsit. Aquest és el meu propòsit. Aquest és el
request,Seria gràcia si pogués dedicar-me un moment per discutir-ho.
request,Podria haver alguna posibilidad de que alguien me recoja en el aeropuerto?
request,"Seria amable de comprovar el pedido por mí, por favor?"
request,Podria informar al equipo sobre el cambio en el horario?
request,Quedaria disposat per ser mentor d'un col·legue júnior?
request,Podria explicarme el proceso de incorporación?
request,Estaria disposto a presidir la sesión en mi ausencia?
request,Podria garantir que el sistema es probado antes del lanzamiento?
request,Estaria disposat a discutir de nuevo los términos?
request,Podria proporcionar una referencia para mi solicitud?
request,Quedaria disposat de firmar la petició?
request,Podria veure a que els convidats són llegits a la arribada?
request,Seria amable de organizar algo para beber?
request,Podria obténger una copia del acord original?
request,Ser-ia capaç de localitzar el fitxer que no apareix?
request,Podria parlar amb el equip del servei de les dependències sobre el calefàcte?
request,No t’interèssi en entablar una relación con el cliente en nuestro nombre?
request,Podria elaborar un resumen breve de los puntos clave?
request,Ser-ia capaç de fer una introducció?
request,Podria traiar els documents pertinents a la reunió?
request,No t’interessa recibir retroalimentación del resto del equipo?
request,M’interessa si podràs dedicar uns minuts a revisar-ho.
request,Desitgava que fos possible que parliessem del teu experiència.
request,Ser-ia molt gràcies si podies participar a la sessió.
request,Espero que no les cause molèstia preguntar-les per a una breu actualització.
request,M’avincint preguntant si podriessiu ajudar a organitzar la logística.
request,Apreciearia molt la seva opinió sobre aquesta decisió.
request,Desitgava que t’haguésis de vint uns minuts per discutir-ho.
request,Apreciaria que explorasse les opcions.
request,Estava preguntant si t’poderia ajudar a entendre el procés.
request,Seria molt gràcies si podiessiu comprovar els números.
request,Podria preguntar al técnico que revise el mensaje de error?
request,Podria comprovar si la política cobre això?
request,Podria descobrir si existe una alternativa más barata?
request,Podria aconsellar-me sobre el mejor curso de acción?
request,Podria establecer una comunicación con el otro departamento?
request,Seria possible que preparés un informe?
request,Podria preparar la presentació per a dinsdi?
request,Ser-ia capaç de assumir el treball addicional?
request,Podria signar el formulari d'aprovaç al seu lloc més pròxim possible?
request,Seria capaç de unir-se ao grupo de direcção?
request,Podria dirigirte a la alta dirección sobre este asunto?
request,No t’interessa compartir tu experiencia con el nuevo equipo?
request,Podria fer-me una o dues paraules en el apropament?
request,Seria capaç de ajudar a redigir a resposta?
request,Podria investigar la discrepancia del informe?
request,No t’interèssi fer una verificació de les figures abans de continuar?
request,Podes confirmar que la documentación está completa?
request,Ser-ia capaç de reuneix les notes?
request,Podria enviar una copia a todas las partes implicadas?
request,Ser-ia capaç de actualitzar els registres?
request,Podria cuidar de los visitantes mientras esté en la reunión?
request,No t’importi mostrar al nou intern al lloc de treball?
request,Podria comprovar que el equipament de seguretat està actualitzat?
request,Ser-ia capaç de completar la evaluació per a la finalització de la setmana?
request,Podria obténger preu de tres fornecedores diferents?
request,Podria participar en la visita al emplazamiento?
request,Podria descobrir si és necessària una autorització de construcció?
request,Ser-ia possible incloure una analàsis de costos i beneficios?
request,Podria organitzar un traductor per a la reunió?
request,Ser-ia capaç de preparar un registre de riscos?
request,Podria deixar-me saber quando os resultados estiverem disponíveis?
request,Seria possible comparar las dos propuestas?
request,Podria investigar los requisitos legales?
request,No t’interèssi documentar el procés a medida que avança?
request,Podria enviar la solicitud en mi nombre?
request,Ser-ia capaç de representar la empresa al lloc de la celebració?
request,Podria proporcionar retroalimentación a los solicitantes?
request,No t’interessa ajudar a preparar el local?
request,Podria comprovar el equipament audiovisual abans de la presentació?
request,Ser-ia capaç de facilitar el taller?
request,Podria distribuir los folletos a los participantes?
request,No t’interèssi fer una foto per la newsletter?
request,Podria publicar el resumen en el tablón de anuncios?
request,Sería posible que me ayudara con las traducciones?
request,Podria actualitzar el lloc web amb la nova informació?
request,No t’interèssi fer una resposta als comentaris en línia?
request,Podria supervisar el feedback durant el esdeveniment?
request,Ser-ia capaç de compilar els resultats de la evaluació?
request,Podria organitzar entrevista de seguiment?
request,No tindries preocupació si avisa al grup si apareixen algunes modificacions?
request,Podes confirmar que todo está aprobado antes del viernes?
request,Ser-ia possible enviar la versión final a la imprenta?
request,Podria confirmar les quantitats amb el almacén?
request,Podria fer una brevísima exposició per als conducteurs de entrega?
request,Podria contactar el local para confirmar la reserva?
request,No li importaria que llames al conferenciant per confirmar?
request,Podria comprovar si s'ha devorbit tot el echipament?
request,Podria ajudar a los delegados con la inscripción?
request,Podria gestionar alguna consulta de última hora de los organizadores?
request,No tinguéssiu una mica més de temps per ajudar a desentrañar el que ha passat?
request,Podria escriure una nota de gratitud al patrocinador?
request,Podria publicar el resumen del evento para el lunes?
request,Podes confirmar que la grabación se ha subido?
request,No t’importi enviar las diapositivas a cualquiera que las solicite?
request,Podria actualitzar la base de dades amb els detalls de contacte actuals?
request,Ser-ia capaç de crear una llista de correu per a esdeveniments futurs?
request,Podria comprovar que tots els punts d'acció han estat completats?
request,Seria possible que zaviessies el portal de registratge?
request,Podria arquivar los materiales del evento para su referencia futura?
request,No tindries preocupació si volen redistribuir el informe de feedback al equip?
request,Podria compartir les leres aprendides amb el grup més ampliu?
request,Seria capaç de nominar a algú per al següent esdeveniment del próximo any?
request,Podria reconsiderar la seva posició al respecto?
request,No t’interèsar de mirar de nuevo la proposta?
request,Podria veure si algú més pot cobreix el canvi de cap de setmana?
request,Seria possible que faci una breu declaració per a la premsa?
request,Podria deixar-me saber si algo cambia?
request,No t’interèssi mantenir el control de les coses mentre esti a l’extrem?
request,Podria dedicar un moment per donar la seva opinió sincera?
request,Ser-ia possible que l'emportarés per escrito?
request,Podria organitzar que els documents sean entregues por mensajería?
request,No molesta si lo reenvías a todo el grupo?
request,Podria comprovar si la versió anterior encara està disponible?
request,Ser-ia capaç de configurar la nova conta?
request,Podria fer un esquema dels riscos principals abans de continuar?
request,No t’interèsar de compartir la fuente original?
request,Podria investigar el origen del problema?
request,Ser-ia capaç de coordinar amb el equip extern?
request,Podes garantir que todos han sido notificados?
request,No t’interèssi ajudar-me a ensaiar la presentació?
request,Podria suggerir-vos algunes alternatives?
request,Ser-ia capaç de assumir si no estigués disponible?
request,Podria mantenir-me informat del desenvolupament de tot això?
request,No tindries a passar les seves felicitacions?
request,Podria parlar amb el teatre sobre les noves expectatives?
request,Ser-ia capaç de revisar els minuts abans de que es distribuïssin?
request,Podria anotar esto para futuras referencias?
request,No tindries preocupació si marquessin les inconsistències que trobi.
request,Podria garantir que les copies de seguridad sean seguras?
request,Seria possible estimar el temps necessari?
request,Podria destacar els punts claus del rapport?
request,No t’interèssi enviar una breve actualización del progreso?
request,Podria ajudar-me a prioritzar les tasques?
request,Podria proporcionar una respuesta por escrito?
request,Podria ajudar-me amb el codi tècnic?
request,No t’interèssi fer una veràfica dels detalls de contacte?
request,Podria recomanar a algú per a la posició?
request,Seria capaç de entregar les mercancies el mercuri?
request,Podria plantejar-lo en la próxima reunión general?
request,No tinguéssiu malgrèu de facilitar la discussió?
request,Podria reescribir una respuesta en nombre meu?
request,Podria fer una investigació sobre les implicacions jurídiques?
request,Podria distribuir el borrador para que se haga un comentario?
request,No t’interèssi fer les presentacions?
statement,La selva amazónica produce aproximadamente el 20% del oxígeno del mundo.
statement,La Gran Muralla de China s’estende sobre trece mil millas.
statement,El Monte Everest és la muntanya més alta del món sobre el nivel del mar.
statement,El nostre organisme conté aproximadament 37 trillons de cel·lu·les.
statement,La llum viaggia a més de 300.000 km per segonda.
statement,El Oceà Pacífic cobreix més de un tretze per cent de la superfície de la Terra.
statement,Shakespeare va escriure treintze setze drames i ciento cincuenta-quatorze sónets.
statement,El primer iPhone va ser publicat a la venda en júní del 2007.
statement,El mur de Berlín caí en novembre de 1989.
statement,El ADN (acetat de desoxirribosa) va ser descrit per Watson i Crick per primera vegada en el any 1953.
statement,El Torre Eiffel es va completar en 1889.
statement,El mel nunca se estropea; los arqueólogos han encontrado mel con tres mil años que aún es comestible.
statement,"El cerebr de un ser humà està al voltant de 1,36 kg."
statement,El planeta Saturnó té el sistema de anillament més extens del nostre sistema solar.
statement,Els elefants són els més grans animals terrestres de la Terra.
statement,El Mar Muerto és el punt més baix de la superfície terrestre.
statement,El anglès es parlat com a primera o segona llengua per més d'un miliard i cinc centòmes de persones.
statement,La temperatura global ha crescut en cerca d'un grau Celsius des de la revolució industrial.
statement,El Titanic va submergir el dia 15 d'abril de 1912.
statement,Leonardo da Vinci va pintar la Mona Lisa al començ de segle XVI.
statement,El cor humà bate aproximadament de càncer de cent mil vegades per dia.
statement,"L'Antàrtida és el continent més fred, més sec i més ventós."
statement,El internet es va iniciar públicament el any 1991.
statement,La lluna està a uns trescents oitans mil quilòmetres de la Terra.
statement,La fotosíntesi converte l'energia lumínica en energia química en les plantes.
statement,El Níger és el riu més llarg del món.
statement,La Segona Guerra Mundial va acabar el any 1945.
statement,La velocidad del sonido al nivel del mar es de aproximadamente trescientos cuarenta metros por segundo.
statement,El cobre és un dels més antics metaus que els humans han utilitzat.
statement,El genoma humà conté aproximadament tres mil millons de parejos de bases.
statement,La població global va superar les 8.000 millons de persones en el any 2.022.
statement,El canvi climàtic està fent que es produïxen més freqüents i intensos dels extrems climàtics.
statement,Els vehicles electrificats no producen emissões directes zero en el lloc de ús.
statement,"L’energia renovable representa, en la actualidad, més d’un terç de la producció global de energia elèctrica."
statement,La deforestació contribueix significativament a les emissions de diòxid de carboni.
statement,Es estima que la contaminación por plásticos en el océano afecte a más de setecientos especies marinas.
statement,El índice de paro ha descendido al nivel más bajo en dos décadas el trimestre pasado.
statement,El banco central ha majorat els tasos interbancaris en cinquenta punts base.
statement,Els preus al consum van augmentat un 3% el últim any.
statement,La inversión extranjera directa en la región descendió por tercer año consecutivo.
statement,Esdeuma que el nou acord comercial pot impulsar les exportacions en un cinc-cents percent.
statement,"La empresa ha relatat un ingress més que notable per trimestre, a pesar de les condicions desafiantes."
statement,El mercat de l'habitatge s'ha enfría significativament després de dos anys de creixement fort.
statement,La dret fiscal del governat com percentatge del PIB és el més alt des del període postbélic.
statement,L'inflació ha atins un pic de 40 anys en el segon trimestre.
statement,El resultat del referéndum va ser decidit per una marja inferior al 1%.
statement,El partit d'opposició va guanyar una majoritat en la casa baixa per primera vegada en una dècada.
statement,El primer ministre va anunciar la seva dimissió durant la conferència de premsa.
statement,Les llargues negociacions de pau es van interrompre després de tres dies de negociacions.
statement,El Consell de Seguridad de les Nacions Unite va votar per estendre el cessament de foc.
statement,El nou medicament va reduir el risc de ataque al cor en un tretze per cent en les pràxias clàsiques.
statement,El vaccin s'ha aprovat per a l'ús en nens de més de 6 mesos.
statement,El pacient s'ha recuperat completament després de tres setmanes de tractament.
statement,La admisión en el hospital por enfermedades respiratorias aumentó de forma significativa durante el invierno.
statement,S'ha identificat una nova cepa del virus en quatre països.
statement,El estudi va detectar una fortlla relació entre la contaminació de l'aire i l'asma infantil.
statement,La esperança de vida ha crescut en més de tretze anys durant el segl passat.
statement,La cirugènia es va considerar un succes amb el pacient en una condició estable.
statement,Les condicions de salut mental afecten a una de cada quatre persones en un moment de la seva vida.
statement,El nou antibiótic és eficient contra diversos estats de bacteres resistents a la medicació.
statement,Els científics han confirmat l'existència d'un segon continent de roca sota la Antàrtida.
statement,El telescopi espacial James Webb va capturar les seues primeres imatges a color completa el any 2022.
statement,Els investigadors han identificat un gen que pot estar relacionat amb una longevitat excepcional.
statement,El estudi mostra que el exercici regular reduce el risc de demencia en un 30%.
statement,Un nou tip de tecnologia de baterii podría triplicar el autonomia de les vehicles elèctriques.
statement,Els astrònoms han detectat vapor d’aigua en l’atmosfera d’un exoplaneta per primera vegada.
statement,El descobriment d'una marca fossilizada retrocede el cronologia de la migració humana en tíus mil anys.
statement,Un equipo de ingenieros ha desarrollado un material más fuerte que el acero pero más ligero que el aluminio.
statement,"El problema del plegamiento de las proteínas, que no se resolvió durante décadas, fue resuelto por un sistema de inteligencia artificial."
statement,Els científics han reunet amb èxit en editar un gen responsable d’un trastorn hereditari ràpit en embrións humans.
statement,El procentsatge de desocupació entre els recent graduats ha arribat al seu punt més alt en quinze anys.
statement,Els honoraris de estudi a les universitats públiques han augmentat un 40% en la última dècada.
statement,El procentsatge d'estudiants que reusen grades de màxima qualitat ha crescut de manera consistent durant vint anys.
statement,Les escoles situades en zones urbaines superen de manera consistente a aquéllas situades en regións rurals en els tests estandaritzats.
statement,El nuevo currículo pone más énfasis en la alfabetización digital y el pensamiento crítico.
statement,La dret de darrera de empréstils estudiants al país supera actualment els 1.000.000.000.000 de dòlars.
statement,Un número cada vez mayor de universitats adopta formats de examen con libros abiertos.
statement,L'inscripció a les disciplines STEM a secundària ha duplicat en els últims anys.
statement,El taux d'alphabétisme entre les adultes âgés de quinze a soixante-quatre ans est de 91% à l'échelle mondiale.
statement,Els nens que liten per gust desenvolucionen significativament millor en tots els subjects.
statement,El sector de la construcció va augmentar un 5% en la primera mitjana de l'any.
statement,Les interrupcions de la cadena de aprovisionament han retardat diversos grans projectes d'infraestructura.
statement,El nou pont reduirà el trave quotidià per més de cinquenta mil persones.
statement,La red de transport públic de la ciutat transporta més de dos milions de passatgers per dia.
statement,"El congestión costa a la economia, anualment, uns 8.000 millons de dòlars."
statement,El volum de carga al port va arribar a un màxim rècord el mes passat.
statement,La nova línia de tren de gran velocitat reduirà el temps de viatge en quaranta-cinc minuts.
statement,Les morts en carretera disminuyeron un 12% tras la introducción de nuevos límites de velocidad.
statement,"El sector de las aerolíneas es responsable de aproximadamente un 2,5% de las emisiones globales de CO₂."
statement,El ensanche urbano ha consumido més d’un millón i medio d’hectàres de terres agrícoles en la última dècada.
statement,El renta media familiar ha crescut un dos percentatge en términos reales el año pasado.
statement,El índice de pobreza ha descendido del 15% al 12% en los últimos cinco años.
statement,La desigualtat en la renda s'ha ampliat en la majoria de les economies desenvolvudes.
statement,El ús de les bancs de alimentació ha triplicat des del començament de la crisi del cost de vida.
statement,El salarimín reajustat passarà a ser de 13 dòlars per hora a partir del mes que vendiure.
statement,La taxa de propietat a la caseja entre els joves adults ha descendent de manera acentuada des del any 2008.
statement,El 1% superior de los que ganan más de la renta se lleva más del 40% de la riqueza nacional.
statement,Más del 80% de los nuevos puestos de trabajo creados el año pasado se encontraban en el sector de servicios.
statement,El teletrabajo s'ha convertit en una permanència per a més d'un tercio de la força de treball.
statement,El distrito cultural atrae a más de tres millones de visitantes al año.
statement,El film ha recaudat més d'un milmilloner de dòlars a la taquilla global.
statement,El novel ha estat traduït a quaranta-dos llengües.
statement,Els serveis de retransmisión de continguts musical actualment representen més del setenta per cent del consum musical.
statement,La asistencia al museu ha duplicado desde que se completó la renovación.
statement,La última obra del dramaturgo se estrenó con aplausos incondicionales en tres ciudades.
statement,Les vendibles de videojocs han superat les de la indústria cinematográfica i musical combinades.
statement,La escultura s'ha venut a càr d'un preu rècord de 45 milions de dòlars en una subasta.
statement,La indumentària és una de les activitats que més contribueu a la contaminació de l'aigua a nivell global.
statement,El ús de les redes sociales entre els adolescents ha crescut de manera consistent cada any durant més d'una dècada.
statement,El país detém les reserves de petroli més grans de la terra.
statement,La energia nuclear genera aproximadament el 10% de la electricitat del món.
statement,L'energia solar va crear més joves que qualsevol altre sector energètic l'an passat.
statement,Els preus del gas natural han arribat al seu nivell més alt des de la dècada dels anys ochenta.
statement,El consum de carbó ha desc descendent per al quart any consecutiu.
statement,Esdeuma que la primera planta comercial de energia de fusió nuclear es va fer operativa a la fi de la dècada.
statement,La escassia global de liti una limitació significativa per a la producció de bateries.
statement,La capacitat offshore del producte eòlics ha triplicat en els últims cincs anys.
statement,El almacenamiento de energía es considerado ampliamente como el principal reto restante para la descarbonización de la red.
statement,La hidroelectricitat continua sent la principal font de la llum renovable del món.
statement,El cibercrime costa a la economia global més de 6.000 millons de dòlars anualment.
statement,L'intel·liència artificial està utilitzant-se per a triar les candidatures de treball en un nombre cada més gran d'empreses.
statement,La tecnologia de reconocimiento facial es utilizada en los centros de transporte de todo el país.
statement,Les breves de dades exposaven més de quatre mil millons de fitxes l’an passat.
statement,La nova regulació de protecció de la privacy concede a les ciutadans el dret a sol·licitjar la supressió dels seus dades personals.
statement,Es de esperar que la mitad de los trabajos que existen actualmente se vean alterados de manera significativa por la automatización en veinte años.
statement,Es projecta que el mercat global de serveis de computació en la nube arribi a les 1.000 millers de millons de dòlars.
statement,El internet per satélite serveix actualment a comunitats remotes en més de sesenta països.
statement,Les redes de 5G cobren a més d’un terç de la població mundial.
statement,El número d'utilitzadors actius de les redes socials a nivell mundial va superar les 5.000 millons l'an passat.
statement,La persona mitjana passa 6 hores i 37 minuts en línia cada dia.
statement,La empresa emplea a més de dos centenars de milers de persones en tretze països.
statement,La fusió crearà la més gran empresa farmacèutica del món.
statement,La startup ha reunit cinientos de millons de dòlars en la seva última ronda de finançament.
statement,El consell va votar unanimement per rejectar la oferta d'acquisició hostil.
statement,El director executiu ha estat en el càrter durant menys d'un any.
statement,La empresa va registrar la seva primera perda anual en més d'una dècada.
statement,La nova línia de productes representa el 30% del reús total.
statement,El preu de la societat va baixar un 12% després de l'avertiment sobre les seves resultats.
statement,Els resultats de satisfacció dels clients han millorat per tercer trimestre consecutiu.
statement,L'organització funciona íntegrament amb energia renovable.
statement,El tractat ha estat signat per 196 països.
statement,Han ampliat les sancions per més de sis mesos.
statement,El primer ministre va entrevistar al líder de l'oposició per primera vegada en dos anys.
statement,Esdevenen els resultats electorals en un període de setant-dos hores des de que es van clausurar els estils de vot.
statement,El govern ha destinat un centenar de mil·liards de dòlars per al esforç de socorris amb a causa de les inundacions.
statement,L'acord de cessar el foc es va derrubar després de tres setmanes.
statement,El país solicitó la membresía en el organismo internacional en enero.
statement,El somatge va acabar sense un comunicat conjunt per primera vegada en la seva història.
statement,La ayuda exterior a la región ha sido reducida en un cuarto.
statement,El proyecto de ley va ser aprobat pel càrter superior per un vot de 62 a 38.
statement,La expedició va arribar al cim després de catorze dies de escalada.
statement,L'atleta ha batut el rècord mundial per dos centésimes de següent.
statement,El campió defensor es eliminat en les quart de final.
statement,L'equip va acabar la temporada amb un recorte invicto a casa.
statement,La carrera ha sido pospuesta a causa de las condiciones meteorológicas peligrosas.
statement,El joven nadador estableció un nuevo récord nacional a los dieciséis años.
statement,"El club va vendre al extremo per una tarifa de transferència de 80 milions d'euros, segons informacions."
statement,El final va ser decidid per un partit de penals després del temps addicional.
statement,El torneig va atreure més de cinquenta mil espetadores a la cerimònia d'inaugur.
statement,El deporte ha visto un aumento del 30% en la participación juvenil en los últimos cinco años.
statement,Des de la dècada del segle XIX han perdut més de un quarte mort del rec més corallós del món.
statement,"Els nivells del mar augmenten a un ritme mitjan d’un milimetri i 3,6 al an."
statement,El Ártico està fent més calor a una taxa de tres vegades més ràpid que el mitjà global.
statement,S'han detectat microplásticos en la sang i el segre d'un únicament.
statement,A més d'una mil·lona de espècies són actualment amenaçades d'extinció.
statement,La degradació del sol afecta a un tercio de la terra agrícola del món.
statement,La contaminació de l'aire és responsable d'aproximadament set milions de morts prematures cada any.
statement,La capa de ozon està recuperant-se des de la prohibició global de determinades substàncies químiques en el anè 1989.
statement,La escasez de agua dulce afecta a más de dos mil millones de personas en todo el mundo.
statement,El incendi de la primavera del año pasado va a registrar un recor en la superfície boscosa incendiada.
statement,Les restes d'una antiga construcció van ser descobrits sota el centre medieval de la ciutat.
statement,El pintor fue autenticado como una obra genuina del maestro del Renacimiento.
statement,El manuscrito ha sido datado mediante el carbono-14 y se ha determinado que data del siglo III.
statement,El cavall descobriu més d’un milèu d’artífols del assolat de la època del bronze.
statement,L'edifici ha estat més de quinientos anys en estat.
statement,El idioma que parla la comunitat indígena s'està considerat en pericol d'extinció.
statement,El castell s'enfrentà a una sitió durant dos anys abans de caigir definitivament.
statement,El explorador va ser el primer europeu que arribava al interior del continent.
statement,Els documents es van declasificar cinquenta anys després de les situacions que descriuen.
statement,La fotografia va ser tirada el dia que es firmà l'armistici.
statement,La nova llei entra en vigor el primer de enero.
statement,El tribunal ha dictaminat que l'expulsió era il·legal.
statement,El inculpat es va absolver de tots els càrrecs.
statement,La multa ascendió al equivalente al diez por ciento de los ingresos anuales.
statement,La legislació va ser aprovada després de des darrères de campany.
statement,El tribunal de apelació va desestimar el recurso contra la sentencia.
statement,El contracte va ser declarat nul per una falsa informació fundamental.
statement,El regulador impuso una multa récord a la institución financiera.
statement,El juez emitió una orden judicial permanente contra la publicación.
statement,El tractat suplanta tots els acords bilaterals anteriors sobre el tema.
statement,"La última era ha supărat la meta de la qualitat dels huells del món, perdint la meta del 50% en el últim segle."
statement,La tecnología de captura de carbono sigue siendo cara y aún no está a gran escala.
statement,"El patent farmacèutico ha expirat, per permetre a les fabricacions genèriques d'entrar al mercat."
statement,El nou pont utilitza un beton que se autocura i que repara les seves fissures.
statement,El computació cuantifica prometteix resoldre problemes que les actuals ordinadores no poden.
statement,La terapia génica revertió la progresión de la enfermedad en las primeras pruebas.
statement,La primera missio tripulada a Mars està prevista per al final del deceni.
statement,Els detritus espacials representen una amenaça cada més gran per a les operacions de les operacions de les operacions de les operacions de les operacions de les operacions de les operacions de les operacions de les operacions de les operacions de les operacions de les operacions de les operacions de les operacions de les operacions de les operacions de les operacions de les operacions de les operacions de les operacions de les operacions de les operacions de les operacions de les operacions de les operacions de les operacions de les operacions de les operacions de les operacions de les operacions de les operacions de les operacions de les operacions de les operacions de les operacions de les operacions de les operacions de les operacions de les operacions de les operacions de les operacions de les operacions de les operacions de les operacions de les operacions de les operacions de les operacions de les operacions de les operacions de les operacions de les operacions de les operacions de les operacions de les operacions de les operacions de les operacions de les operacions de les operacions de les operacions de les operacions
statement,La capa de hielo se está retirando a una velocidad sin precedentes en la historia registrada.
statement,El deshielo del permafrost en el Ártico está liberando grandes cantidades de metano.
statement,El tasso de mortalitat infantil ha baixat per la meva part per la meva meva mitjana en la última tretzena d'an.
statement,Els programes de vacunació han erradicat la virús del vaqueta i han eliminat quasi la poliomielitis.
statement,La esperança de vida media a nivell nacional ha augmentat fins a les 83 anys.
statement,El govern va introduir un canvi fiscal al sucre per combatre l'augment de la obesitat.
statement,El nombre de diabets de tipus 2 ha duplicat en els últims dos dècades.
statement,Es projecta que la resistència a la medicina antimicrobiana causin tíu milions de morts anualment el an₂₀₅.
statement,Es de esperar que el número de personas que viven con demencia se triplique para mediados de siglo.
statement,Un estilo de vida sedentari és considerat un factor de risc independent major per a les maladies cardiovasculares.
statement,El hospital ha sido colocado en medidas especiales tras una inspección.
statement,Les consultes de telemedicina han quadruplicat des del començament de la pandàmia.
statement,El sistema de seguro de desempleo cubre el noventa por ciento de los trabajadores elegibles.
statement,El salariu del sector públic ha descendido en términos reales un 12% en la última década.
statement,El programa insignia del govern per a la construcció de pisos s'ha esgotat cada any des del seu debut.
statement,"Els nivells de confiança en les institucions públiques són molt baixos, amb una trentena d'anys de baixada."
statement,El taste de natalitat del país ha descendido per primera vegada per de sota del nivell de substitució.
statement,L'immigració és la responsable de tot el creixement de la població del país.
statement,La proporció d'adults amb un graduació universitària ha duplicat en vint anys.
statement,La brecha digital continua afectant de manera desproporcionada a las poblaciones mayores y rurales.
statement,"Els costos del dret de datoriat nacional ocupen, en la actualidad, un 20% del preu del budget del govern."
statement,"La recuperación económica ha sido desigual, con las ciudades costeras superando a las regiones interiores."
statement,Los hogares de bajos ingresos destinan una parte desproporcionadamente alta de sus ingresos a la energía.
statement,"La brecha salarial por género s’ha restringido ligeramente, però s’avoluma al 13%."
statement,Les dones ocupen just un poco més d'un tercio de les posicions de direcció executiva en les societats FTSE.
statement,La fuerza laboral voluntaria contribuye con unos doscientos mil millones de dòlars a la economia anualment.
statement,La temperatura media global de la superficie del mar ha batut un nou rècord el pasado ver més.
statement,Els nivells de CO₂ en l'atmosfera han superat les quatre cent vint parts per millón.
statement,L'Amazonia va experimentar la seva pior sequía de la història registrada l'an passat.
statement,Más de la mitad de las especies de insectos del mundo han disminuido en población en los últimos cincuenta años.
statement,La producció de plàstic ha augmentat un vintècies de vegades des del any 1964.
statement,"El món perd uns 4,7 milions d'hectares de forest anualment."
statement,La acidificació de l'oceà està afectant la capacitat de les estrumpetxes per formar coques.
statement,La temperatura global media en el año 2023 va ser la més alta que s'ha registrat.
statement,Dos terços de les grans fenes de la Terra estan en pericol crític.
statement,Los humedales almacenan el doble de carbono que todas las selvas del mundo juntas.
statement,El cost de la energia fotovoltaica solar ha descendido un 90% en la última década.
statement,L'energia eòlica és actualment la nova i més barata font de producció d'electricitat en molts països.
statement,Els vehicles electrificats representen una de cada cinc vius nous venuts en alguns mercats europeus.
statement,El número de autobusses electrics en funcionamiento a nivel mundial ha superat les 500.000.
statement,El transporte marítimo global es responsable de casi el 3% de todas las emisiones de gases de efecto invernadero.
statement,La indústria de la construcción genera el 40% de los residuos del mundo.
statement,El hidrógeno verd és considerat una solució potencial per a la descarbonització de la indústria pesada.
statement,Es espera que la primera ciutat neutra en emissió de CO₂ del món es completi en una década.
statement,Las islas de calor urbanas pueden estar hasta diez grados más cálidas que las zonas rurales circundantes.
statement,Els projectes de reintroducció de la vida selvassa han reintroduït els nous a diverses regions d'Europa.
statement,El número de personas que experimentan inseguridad alimentaria ha crescut durante tres años consecutivos.
statement,Un tercio de toda la comida producida a nivel mundial se pierde o se desperdicia antes de poder ser consumida.
statement,El procentsatge global d'obesitat ha triplicat des del any 1975.
statement,"Les diseases no transmissibles representen, en la actualidad, más del setenta por ciento de todas las muertes a nivel mundial."
statement,Les infeccions en el lloc operatori suenan-nos costen sistemes de salut millers de millors d'argent cada any.
statement,El microbioma humano alberga aproximadamente treinta y ocho billones de bacterias.
statement,"El efectue placebo ha estat documentat en estudis sobre la dolor, la depressió i la malformació de Parkinson."
statement,Les teràpies amb cel·lu·les estaminals es van estar fent pràctic per més de oitenta diferents tipus de condicions.
statement,El nombre de ensayos clínicos registrats a nivel mundial ha triplicado en una década.
statement,La cirurgia robótica s'ha utilitzat en més d'un centenar de millons de procediments a nivell mundial.
statement,"El mercat farmacèutico global té un valor superior a 1,4 billons de dòlars."
statement,Más de tres mil millones de personas no tienen acceso a agua potable segura.
statement,Aproximadament un miljard de persones van a la cama sense menjar cada nit.
statement,El número de refugiats internacionals i persones desplaçades superava les 100 millons.
statement,Las remesas enviadas por los emigrantes a los países en desarrollo superan en volumen la ayuda extranjera.
statement,Es projecta que la classe mitjana global arribi a les cinc mil millons de persones el an 2.030.
statement,"La desigualdad entre las naciones ha disminuido, mientras que la desigualdad dentro de las naciones se ha ampliado."
statement,La jornada laboral en algunos países nórdicos ha sido reducida a 32 horas en planes piloto.
statement,"L'economia de la oferta i la demanda representa, en la actualidad, més del 15% del emplatament en alguns països."
statement,Es espera que la inteligencia artificial añada 15 billones de dòlars a la economia global para el año 2030.
statement,El nombre de miliardaires se ha duplicat en la década que ha seguido a la crisis financiera del año 2008.
statement,Les 10 millor pagades del món posen més riquesa que el 40% inferior de la humanitat.
statement,"El gasto militar global ha alcanzado los dos billones y dos trillones de dòlars el año pasado, un recorde."
statement,El número de democracies en el mundo ha disminuido durante diecisiete años consecutivos.
statement,Les campanyes de desinformació van afectant les eleccions en més de vint països l’any passat.
statement,El comerç global d'armes té una valor superior a les 500.000.000.000 de dòlars anualment.
statement,El nombre de ogivas nucleares que detin els nou estats dotats d'armes nucleaires ha disminuït des del Guerra Fredra.
wh_question,¿Qual és la capital d'Austràlia?
wh_question,¿Que causa las luces del norte?
wh_question,Què és la velocitat de la llum?
wh_question,Quina llengua té més parlants natius?
wh_question,¿Qual és el orgànic més gran del cos humà?
wh_question,Qu'est-ce que DNA significa?
wh_question,A que temperatura hierve el·l·l·t al nivell del mar?
wh_question,¿Sobre qué continente se encuentra Egipto?
wh_question,¿Qual és el gas més abundant de l'atmosfera terrestre?
wh_question,¿Qué provoca que aparezca un arcoíris?
wh_question,Qual és la moneda de Japó?
wh_question,¿Que causa los terremotos?
wh_question,¿Qual és el país més petit del món?
wh_question,Qu'est-ce que dit le serment d'Hippocrate?
wh_question,¿Què és el teorema de Pitagó?
wh_question,¿Que causa las mareas?
wh_question,Què és la substància natural més dura de la Terra?
wh_question,Aquest és el primer anya que l'humanitat va arribar a la lluna.
wh_question,Qui va inventar el telèfon?
wh_question,Qui va escriure la teoria de la relativitat?
wh_question,Qui va ser el primer president dels Estats Units?
wh_question,Qui va pintar el tevatge de la Capella Sistina?
wh_question,Qui va escriure la peça Hamlet?
wh_question,Qui va construir les piràmides de Gisela?
wh_question,Quina va ser la primera dona que va guanyar un Premi Nobel?
wh_question,Qui va desenvolupar el vaccin contra la poliomelitis?
wh_question,Qui era el últim tsar de Rússia?
wh_question,Qui va liderar el moviment dels drets civils a les Estats Units?
wh_question,Qui va inventar la xarxa de computadores sense fils (World Wide Web)?
wh_question,Què persona va ser la primera en orbitar la Terra?
wh_question,Qui va escriure el Manifestat Comunista?
wh_question,Qui va ser el primer ministre britànic que ha servit més temps?
wh_question,Qui va descobrir la estructura del ADN juntament amb Watson?
wh_question,Qui va fundar la Cruz Roja?
wh_question,Qui va escriure l'Il·liada?
wh_question,Qui va ser la persona més jova que ha guanyat el Premi Nobel de la Pau?
wh_question,Qui va dissenyar el Torre Eiffel?
wh_question,¿Dónde se encuentra la Gran Barrera de Coral?
wh_question,De unde începe râul Nil?
wh_question,¿Dónde nació Shakespeare?
wh_question,¿Dónde está el Museo del Louvre?
wh_question,¿Dónde tuvieron lugar los primeros Juegos Olímpicos?
wh_question,¿Dónde se encuentra la sede de las Naciones Unidas?
wh_question,¿A dónde llega el río Amazonas?
wh_question,¿Adónde cayó la primera bomba atómica?
wh_question,¿Adónde se encuentra el desierto más grande del mundo?
wh_question,¿Dónde comenzó la Revolución Francesa?
wh_question,¿Dónde está el lugar de nacimiento de la democracia?
wh_question,¿Adónde está la biblioteca más grande del mundo?
wh_question,¿De dónde y dónde finaliza la Transsibiría?
wh_question,¿En qué lago del mundo se encuentra el más profundo?
wh_question,¿Dónde se firmó la Declaración de Independencia?
wh_question,¿Adónde está la edificación más alta del mundo?
wh_question,Deu origen al café a una zona concreta?
wh_question,¿Adónde se encuentra la universidad más antigua del mundo?
wh_question,¿Dónde se encuentra principalmente la selva amazónica?
wh_question,¿Dónde nació Mozart?
wh_question,Què moment va caiguar l'Imperi Romà?
wh_question,Què és la data de la invenció de la xilografia?
wh_question,Què moment va tenir el primer vol comercial?
wh_question,Què data va ser fundada la Organització de les Nacions Unides?
wh_question,Què moment va començar la revolució industrial?
wh_question,Quan es va tornar disponible el internet al públic?
wh_question,Quan va ser president de Sudàfrica Nelson Mandela?
wh_question,Què data va construir el Torre Eiffel?
wh_question,Què data la ratificació de la primera Constitució de les Uniades Stat Units?
wh_question,Què moment va començar la Primera Guerra Mundial?
wh_question,Què data va ser adoptada la Declaració dels Drets Humans?
wh_question,Quin és el moment en què Charles Darwin va publicar l'origen de les espècies?
wh_question,Què data el primer vol motoritzat amb successió?
wh_question,Què moment va acabar oficialment la Guerra Fredra?
wh_question,Què data el últim cas registrat de la virús de la varicela?
wh_question,Quan obtiveren les dones el dret a votar a la Regla Unit?
wh_question,Què data va ser signat la Magna Carta?
wh_question,Què moment va arribar Cristòfol Colón a les Ameriques?
wh_question,Què és la data de la primera arribada a la lluna?
wh_question,Per què soнем?
wh_question,Per què apareix el cel blau?
wh_question,Per què canviuen els colors de les llargues en l'estiu?
wh_question,Per què s'rossega el ferro?
wh_question,Per què els gat ambi?
wh_question,Per què és el mar sal?
wh_question,Per què els humans ransen?
wh_question,Per què la Terra té les estacions?
wh_question,Per què alguns animals hibernen?
wh_question,Per què solàniem?
wh_question,Per què és important el somni per a la salut?
wh_question,Per què elbrot es expandeix quan s'fa servir?
wh_question,Per què eru els vulcans?
wh_question,Per què tenim els pollets?
wh_question,Per què apareix la lluna més gran al horizonte?
wh_question,Per què algunes persones tenen alergia?
wh_question,Per què el gelo flota sobre l'aigua?
wh_question,Per què brillen les estrelles?
wh_question,Per què és el cel de colorrosseix al amanecer i al crepuscul?
wh_question,Per què tenim dos ulls?
wh_question,¿Com funciona el sistema immunitari?
wh_question,¿Com s’fa el vidre?
wh_question,¿Cómo previenen las vacunas las enfermedades?
wh_question,¿Cómo funciona una brújula?
wh_question,¿De qué manera se genera la electricidad?
wh_question,¿De qué manera navegan las aves durante la migración?
wh_question,¿Com s'fa el queso?
wh_question,¿Cómo funciona la anestesia?
wh_question,¿Cómo se forman los agujeros negros?
wh_question,¿Com s'obtén el beton?
wh_question,¿Com funciona el sistema digestiu humà?
wh_question,¿Cómo permanecen los aviones en el aire?
wh_question,¿Cómo se refina el petróleo crudo?
wh_question,¿Com funciona el sónar?
wh_question,¿Cómo crecen los árboles a partir de las semillas?
wh_question,¿Com s'fa paper?
wh_question,¿Cómo funciona un reactor nuclear?
wh_question,Com funcionen els algoritmes de les redes sociales?
wh_question,¿Cómo se elabora el vino?
wh_question,¿Com funciona el mercat de borsa?
wh_question,Què país té la costa més llarga?
wh_question,Quí a planeta és més proper al Sol?
wh_question,Quina llengua s'utilitza a Brasil?
wh_question,Què és el lloc turístic més visitat del món?
wh_question,Aquest element té el símbol Au.
wh_question,Aquest és el mar més gran.
wh_question,Què país va guanyar més medalles d'or a la última Olimpiada d'estiu?
wh_question,Aquest animal té la lluna de vida més llarga.
wh_question,Què cordilleral separa Europa d'Azia?
wh_question,Què país és el més gran per a l'espai terrestre?
wh_question,Quina ciutat és la més poblada del món?
wh_question,Quin riu recorre més llengües?
wh_question,Quin mar es troba entre Europa i Àfrica?
wh_question,Què país produce més cafè?
wh_question,Quina és la religió més practicada a nivell mundial?
wh_question,Quin esport té una taxa de participació global més alta?
wh_question,¿Que país tiene más sitios del Patrimonio Mundial de la UNESCO?
wh_question,Aquest desert és el més gran desert fred del món.
wh_question,Aquest continent té més països.
wh_question,¿En qué se diferencia un virus de una bacteria?
wh_question,¿Cuáles son los síntomas de la deficiencia de vitamina D?
wh_question,¿Cuál es la función de las mitocondrias?
wh_question,¿Qué hace que un alimento sea orgánico?
wh_question,¿Qual és la diferència entre el clima i el temps?
wh_question,¿Cuáles son los principales gases de efecto invernadero?
wh_question,¿Cuál es el papel del páncreas?
wh_question,¿Cuáles son los colores primarios?
wh_question,¿Què és un agujero negre?
wh_question,¿Qué tipifica a un idioma como tal y no como un dialecte?
wh_question,¿En qué se diferencia una recesión de una depresión?
wh_question,Aquest és el que fa l'amigdal·la:
wh_question,¿Cuáles son las etapas del duelo?
wh_question,¿Cuál es la función de los glóbulos rojos?
wh_question,¿En qué se diferencia la fisión de la fusión?
wh_question,¿Qué distingue a un diamante de la grafita?
wh_question,¿Cuál es el papel de la Reserva Federal?
wh_question,¿En qué se diferencia la RAM del almacenamiento?
wh_question,¿Qué es una neurotransmetora?
wh_question,Qui va descobrir la llei de la gravitat?
wh_question,Què era Marie Curie?
wh_question,Qui va escriure Orgull i preu?
wh_question,Qui va ser el primer primer ministre d'India?
wh_question,Qui va construir Machu Picchu?
wh_question,Qui era Socrate?
wh_question,Qui va inventar el càlcul?
wh_question,Què era Cleopatra?
wh_question,Quina va ser la primera ministra regenta del Regne Unit?
wh_question,Qui va escriure l'ària nacional dels Estats Units?
wh_question,Qui va inventat el motor de vapor?
wh_question,Què era Charles Dickens?
wh_question,Qui va guanyar el primer Premi d'Acadèmia al millor pel·lícula?
wh_question,Qui va fundar la Corporació Apple?
wh_question,Qui era Alexandre el Gran?
wh_question,Qui va descobrir l'Amèrica abans que Cristobal Colón?
wh_question,Qui va escriure la Divina Comèdia?
wh_question,Què era Florence Nightingale?
wh_question,Qui és considerat el parell de la filosofia moderna?
wh_question,Qui va signar el Tractat de Versalles?
wh_question,¿Dónde se encuentra Machu Picchu?
wh_question,¿Dónde se libró la batalla de Waterloo?
wh_question,¿Dónde se encuentra el parlamento más antiguo del mundo?
wh_question,Deu a la majoria del món la vanília?
wh_question,¿Dónde está el Coliseo?
wh_question,¿Adónde se celebró la primera Olimpiada en la era moderna?
wh_question,¿Dónde se encuentra el Estrecho de Hormuz?
wh_question,¿A dónde desemboca el río Congo en el mar?
wh_question,¿Dónde está el desierto del Sahara?
wh_question,¿Dónde nació Beethoven?
wh_question,¿Dónde está Angkor Wat?
wh_question,¿A dónde desemboca el río Támesis en el mar?
wh_question,¿Dónde se encuentra el lago Titicaca?
wh_question,¿Dónde se inventó la imprenta?
wh_question,¿Dónde se encuentra la antigua ciudad de Petra?
wh_question,¿Dónde están las Islas Galápagos?
wh_question,¿En qué lugar se centró el movimiento del Renacimiento?
wh_question,¿Dónde se encuentra el árbol más antiguo del mundo?
wh_question,A on què comença el riu Yangtsé?
wh_question,¿Dónde está el Valle de los Reyes?
wh_question,Què és la Guerra Civil Americana?
wh_question,Què és la data de construcció del Titanic?
wh_question,Què moment va caïr l'imperi de Napoleó?
wh_question,Què és el moment en què s'ha descobrit la penicilina?
wh_question,Què data la construcció de la Muralla China Gran?
wh_question,Què moment va dissoloure la Unió Soviètica?
wh_question,Què data va tenir lloc el primer trasplant de cor humà?
wh_question,Què data de lançamento de Wikipedia?
wh_question,Què moment va començar la Gran Depressió?
wh_question,Què data va ser obertat el Canal de Panma?
wh_question,Què moment va acabar oficialment el regne de l'apartheid a Sud-Africa?
wh_question,Què data va tenir lloc el primer trasplant de xifres d'orgàn d'ús pròpia?
wh_question,Quan va ser el euro la moneda oficial de la Unió Europea?
wh_question,Què data va ser la primera cerimònia de lliurament del Premi Nobel?
wh_question,Quan començaron les viatges espacials humans?
wh_question,Què data la Declaració Universal dels Drets de l'Home?
wh_question,Quan va acabar la Segona Guerra Mundial a nivell del Pacífic?
wh_question,Què és la data de descobriment del Escripte de Rosetta?
wh_question,Quan començà la televisió?
wh_question,Per què alguns llengus tenen més ordes per a algunes conceptes?
wh_question,Per què tenim diferents tipus de sang?
wh_question,Per què algunes espècies desapareixen mentre altres prosperen?
wh_question,Per què és important el ll·lid amazònic per al clima global?
wh_question,Per què tenim un apéndix?
wh_question,Per què augmenta la freqüència cardíaca durant l'exerciti?
wh_question,Per què alguns materials conductiuen l'electricitat mentre altres no?
wh_question,¿Por qué es importante la biodiversidad?
wh_question,Per què la altitud afecta els temps de cuina?
wh_question,Per què els planets giren al voltant del sol en elipses?
wh_question,¿Por qué se están blanqueando los arrecifes de coral?
wh_question,Per què els humans tenen un punt ciego en la seva visió?
wh_question,Per què la música desencadena resposta emocionales?
wh_question,Per què olvidăm els nostres somnis?
wh_question,Per què són alguns llengües tòniques?
wh_question,¿Por qué algunos metales se corroen i altres no?
wh_question,Per què les persones tenen tones de pell diferents?
wh_question,Per què el but entorrem més ràpid que l'aigua freda en algunes condicions?
wh_question,Per què alguns animals camoflen?
wh_question,¿Por qué es el río Amazonas tan ancho?
wh_question,¿Cómo funciona el sistema de votación en el país?
wh_question,¿De qué manera los científicos miden la edad del univers?
wh_question,¿Cómo controla la banca central la inflación?
wh_question,Com evolucionen els llenguatges al llarg del temps?
wh_question,¿Cómo se modifica una constitución?
wh_question,¿Cómo funciona la datación por carbono?
wh_question,¿De qué manera se contabiliza la población de un país?
wh_question,¿Cómo los científicos predicen las erupciones volcánicas?
wh_question,¿De qué manera percibe el ojo humano el color?
wh_question,¿Cómo se aprueba una ley en un sistema parlamentario?
wh_question,¿Com s'han movent les plaques tectòniques?
wh_question,¿Cómo miden los científicos los terremotos?
wh_question,¿De qué manera el sistema inmunitario desarrolla la tolerancia?
wh_question,¿Cómo respiran los peces bajo el agua?
wh_question,¿Cómo estudian los científicos los climas antiguos?
wh_question,¿Cómo se reproducen las plantas sin semillas?
wh_question,¿En qué se diferencia una democracia de una república?
wh_question,¿Cómo permanecen los satélites en órbita?
wh_question,¿Cómo clasifican los científicos los organismos vivos?
wh_question,¿Com forma el cervell les memòries a llarg termini?
wh_question,¿En qué se diferencia un meteorito de un meteor?
wh_question,Què rol és el hipotáls al cos?
wh_question,¿Qual és el significat del Esquela de Rosetta?
wh_question,¿En qué se diferencia una ley de un reglament?
wh_question,¿Cuál es el propósito del Consejo de Seguridad de las Naciones Unidas?
wh_question,¿Què és la teoria de la tectònica de plaques?
wh_question,¿Cuál es la función del sistema linfático?
wh_question,¿En qué consiste la diferencia entre los ingresos y el beneficio?
wh_question,¿En qué se diferencia un eclipse solar de un eclipse lunar?
wh_question,¿Qual és la relació entre la temperatura i la pressió en un gas?
wh_question,¿En qué se diferencia un sistema parlamentario de un sistema presidencial?
wh_question,¿Que causa la inflación?
wh_question,¿Qual és el rol de la Organización Mundial de la Salud?
wh_question,¿En qué se diferencia un procariota de un eucariota?
wh_question,¿Què és la fotosíntesi?
wh_question,¿Cuáles son las principales causas de la pérdida de biodiversidad?
wh_question,¿Qual és el significat dels Processos de Nuremberg?
wh_question,¿Cuál es la función de la insulina?
wh_question,¿Què és la línea internacional de data?
wh_question,Què era Nikola Tesla i què va inventar?
wh_question,¿Quiénes eran los estoicos?
wh_question,Qui va escriure l'Il·liade i l'Odissea?
wh_question,Qui va ser el primer Jutjat afro-americà del Tribunal Suprem?
wh_question,Qui era Carl Jung i qual era la seva contribució a la psicologia?
wh_question,Qui va fundar els Joc Olímpics a l'era moderna?
wh_question,Qui era Genís Khan?
wh_question,Qui va escriure la Ricau Capitàcies?
wh_question,Quin va ser l'arquitecte del Museu Guggenheim de Bilbao?
wh_question,Qui va ser el primer secretari general de les Nacions Unite?
wh_question,Qui era Copérnic?
wh_question,Què persona va ser la primera en arribar al Pol de Sud?
wh_question,Qui va dissenyar el Teatre del Fòrum de Sydney?
wh_question,Qui va fundar Microsoft?
wh_question,Què era Emmeline Pankhurst?
wh_question,Quina va ser la primera astronauta?
wh_question,Què era Frederick Douglass?
wh_question,Qui era Carl Sagan?
wh_question,Qui va ser el último emperador romà?
wh_question,"Deu origen al adjetivo «democràtic» a la mitologia grega, en el que el demiurgo Urano, que era el personificació del món subterrànic, va ser obligat a desplummerar el món per a la seva filla Gaia, que era la personificació de la terra."
wh_question,Deu origen al jazz en...?
wh_question,¿De dónde es el río Amazonas?
wh_question,¿Adónde se celebraron los primeros Juegos Olímpicos modernos?
wh_question,¿Dónde se encuentra la fosa oceánica más profunda del mundo?
wh_question,Deu origen al Corrent de la Serra a on?
wh_question,¿Dónde se propuso la teoría de la evolución?
wh_question,¿Adónde se encuentra actualmente la Estación Espacial Internacional en órbita?
wh_question,¿Dónde se desarrolló la imprenta por primera vez?
wh_question,¿A dónde va el museu visitat més de tot del món?
wh_question,Deu origen al término algebra a una persona?
wh_question,¿Dónde se inventó el helado?
wh_question,¿Dónde reside la mayor parte del agua dulce del mundo?
wh_question,¿Adónde está la carretera más alta del mundo?
wh_question,¿En qué lugar se realizó el primer trasplante de corazón?
wh_question,¿Dónde está la Isla de Pascua?
wh_question,¿Por dónde pasa el meridiano principal?
wh_question,¿En dónde se estableció la primera universidad de Europa?
wh_question,¿Dónde está la ciudad de Timbuktu?
wh_question,Què data va ser la primera publicació del internet?
wh_question,Què moment va ser la primera vegada que s'utilitzava insulina per tratar la diabetes?
wh_question,Què data la Constitució de les Estats Units?
wh_question,Què moment va tenir lloc la primera arribada a la lluna?
wh_question,Què data va inaugurar-se el Torre Eiffel al públic?
wh_question,Què data la publicació de la teoria de la relativitat general?
wh_question,Quan va començar la comercialització del primer iPhone?
wh_question,Què data la fundació de la Lliga de Nacions?
wh_question,Què data la patente del telèfon?
wh_question,Què data va tenir el primer vol motoritzat?
wh_question,Què data va ser adoptat el Protokoll de Kioto?
wh_question,Què data va inaugurar el Museu del Louvre?
wh_question,Quan començà el Renaixement?
wh_question,Què data de lançamento del telescopio espacial Hubble?
wh_question,Què data va ser fundada Google?
wh_question,Quan va ser el primer satellit artificial que orbitava la Terra?
wh_question,Què data la primera línia de telegrama transatlàntic?
wh_question,Per què alguns llenguatges tenen un genús gramatical?
wh_question,Per què el cor de la humanitat té organs vestigials?
wh_question,Per què alguns elements són radioactius?
wh_question,Per què ocorren les marés dues vegades al dia a la majoria de localitats?
wh_question,Per què exploten les estrelles en supernoves?
wh_question,Per què és el cel tapat de nit si hi són tant de stelles?
wh_question,Per què s’expandeix l’aigua quan congela?
wh_question,Per què dormen sense mirar quan algunes persones?
wh_question,¿Por qué són els humans la única espècie que preparen menjar?
wh_question,Per què alguns metals tenen un lustre metalílic?
wh_question,Per què les seves seves se agrupen quan es troben a l'aigua?
wh_question,¿Por qué se administran algunos vacunas en varias dosis?
wh_question,Per què algunes plantes comen insectes?
wh_question,Per què les persones experimenten el dejavu?
wh_question,Per què s'considera la velocitat de la llum com una constant universal?
wh_question,Per què algunes societats conducen a la dreta i altres a la esquerra?
wh_question,Per què les persones tenen una preferència per a les vises simètriques?
wh_question,Per què la lluna lluna apareix més gran al llarg del orígen?
wh_question,Per què tenim dents wisdom?
wh_question,Per què el menjar picant et fa sentir-se calent?
wh_question,¿Cómo se mide la escala de pH?
wh_question,¿Cómo estudian los científicos el interior de la Tierra?
wh_question,¿Com processa una computadora la información?
wh_question,¿De qué manera determina el sistema judicial la intención criminal?
wh_question,¿De qué manera comenzó el universo según la comprensión científica actual?
wh_question,¿Cómo obtiene un refugiado el asilo?
wh_question,¿De qué manera generan los terremotos los tsunamis?
wh_question,¿Cómo regula el derecho internacional las disputas marítimas?
wh_question,¿De qué manera se comunican las plantas entre sí?
wh_question,¿Cómo funciona el colegio electoral?
wh_question,¿De qué manera miden los científicos la biodiversidad?
wh_question,¿De qué manera aprenden los pájaros a cantar?
wh_question,¿Cómo funciona el proceso de elaboración del presupuesto parlamentario?
wh_question,¿Cómo detectan los científicos los exoplanetas?
wh_question,¿Cómo planifican las ciudades para el crecimiento de la población?
wh_question,¿Cómo funciona un transistor?
wh_question,¿Com s’orienten els insectes sense un cervell com el nostre?
wh_question,¿Com afecta la inflació al poder d' compra?
wh_question,¿De qué manera regulan los océanos la temperatura de la Tierra?
wh_question,¿Cómo funciona la barrera hematoencefálica?
wh_question,Què és el planeta més gran del nostre sistema solar?
wh_question,¿Cuál es el papel de la mitosis en el cuerpo?
wh_question,¿En qué se diferencia un huracán de un tifón?
wh_question,¿Que causa que el nivel del mar aumente?
wh_question,¿Què és el cicle de l'aigua?
wh_question,¿Cuál es el papel de la fibra en la dieta?
wh_question,¿Cuáles son los síntomas de un accidente cerebrovascular?
wh_question,¿En qué se diferencia el dolor agudo del dolor crónico?
wh_question,¿Qué causa la diabetes tipo 1?
wh_question,¿Cuáles son los principales factores de riesgo para las enfermedades del corazón?
wh_question,¿En qué se diferencia una alergia alimentaria de una intolerancia alimentaria?
wh_question,¿Cuál es el propósito de una banca central?
wh_question,¿En qué consiste la diferencia entre la microeconomía y la macroeconomía?
wh_question,¿Què és un monopol?
wh_question,¿Que causa la hiperinflación?
wh_question,¿En qué se diferencia el derecho común de la legislación civil?
wh_question,¿Cuál es la función del Tribunal Supremo?
wh_question,¿En qué se diferencia un tratado de un acuerdo?
wh_question,¿Què és el dret humanitari internacional?
wh_question,¿Què és la Convenció de Ginebra?
wh_question,Qui era Abraham Lincoln i per què es recorda?
wh_question,Què era Harriet Tubman?
wh_question,Què era Gandhi?
wh_question,Quin era Winston Churchill?
wh_question,Què era Ada Lovelace?
wh_question,Qui era Isaac Newton?
wh_question,Qui era Charles Darwin?
wh_question,Qui era Martin Luther King Jr.?
wh_question,Qui era Nelson Mandela?
wh_question,Què era Maria Antònia?
wh_question,Què era Simone de Beauvoir?
wh_question,Què era Friedrich Nietzsche?
wh_question,Qui era Sigmund Freud?
wh_question,Qui era Albert Camus?
wh_question,Què era Joan de Borbó?
wh_question,Qui era Marco Polo?
wh_question,Qui era Mijaíl Gorbatxcov?
wh_question,Què era Mao Zedong?
wh_question,Què era Joseph Stalin?
wh_question,Qui era Voltaire?
wh_question,¿Dónde se encuentra el lugar de nacimiento del Renacimiento?
wh_question,¿Adónde se realizó la primera llamada telefónica?
wh_question,¿Dónde está Silicon Valley?
wh_question,¿Dónde se encuentra la selva tropical más grande del mundo?
wh_question,Deu origen al cuoart de la palabra maratón?
wh_question,¿Dónde está el Triángulo de las Bermudas?
wh_question,¿En qué lugar fue la Peste Negra más severa?
wh_question,¿De dónde viene el Nilo?
wh_question,¿En qué ciudad se inauguró la primera línea de ferrocarril público?
wh_question,¿Dónde está Stonehenge?
wh_question,¿Dónde tuvieron lugar los antiguos Juegos Olímpicos?
wh_question,¿Adónde se encuentra la cascada más alta del mundo?
wh_question,¿Dónde está la Ciudad Prohibida?
wh_question,¿Dónde está la Galería Uffizi?
wh_question,¿Adónde nació Picasso?
wh_question,¿Dónde está el Acrópolis?
wh_question,Deu a les The Beatles a forma?
wh_question,¿Dónde se encuentra la estatua más alta del mundo?
wh_question,¿Dónde está la ciudad de Pompeya?
wh_question,A on què comença el riu Rin?
wh_question,Què data la construcció del Coliseu?
wh_question,Què moment va ser desenvolupat el primer vaccin?
wh_question,Què data la signatura de la Declaració d'Independència?
wh_question,Quan va començar el programa del transbordador espacial?
wh_question,Què data va tenir lloc el primer trasplant de cor?
wh_question,Què data d'apertura del Canal de Suez?
wh_question,Què és el primer antibiótic descobrit?
wh_question,Quan cominc a usar el foc els humans per primera vegada?
wh_question,Què data va tenir el primer cens?
wh_question,Quan començaron els humans a escriure?
wh_question,Què data la invenció de la locomotora a vapor?
wh_question,Què data la primera fotografia?
wh_question,Què data va tenir la primera demostració de la primera linterna elèctrica?
wh_question,Què data va tenir la primera transfusió de sang exitosa?
wh_question,Què és la data de la invenció del microscopi?
wh_question,Què data va ser construït el primer ordinador?
wh_question,Què data va ser la primera llavors que s'envairà un satellitari al cos?
wh_question,Què data va inaugurar la primera central nuclear?
wh_question,Què és la última era glaciària?
wh_question,Quan van a fugar els dinosaures?
wh_question,Per què alguns països tenen una esperança de vida més alta que altres?
wh_question,Per què la gent rija quan és nerviosa?
wh_question,Per què tingiem coses?
wh_question,Per què els onions et fan llover?
wh_question,Per què és perjudicial la privació del somni?
wh_question,Per què tenim sobrancel·les?
wh_question,Per què envegen els humans?
wh_question,Per què no volen alguns els els els els els els els els els els els els els els els els els els els els els els els els els els els els els els els els els els els els els els els els els els els els els els els els els els els els els els els els els els els els els els els els els els els els els els els els els els els els els els els els els els els els els els els els els els els els els els els els els els els els els els els els els els els els els els els els els els els els els els els els els els els els els els els els els els els els els els els els els els els els els els els els els els els els els els els els els els els els els els els els els els els els els els els els els els els els els els els els els els els els els els els els els els els els els els els els els els els els els els els els els els els els els els els els els els els els els els els els els els els els els els els els els els els els els els els els els els els els els els els els els els els els els els els els els els
wh_question,Per què alguns deserts són freds de nit?
wh_question,Per què els animals juguen?
wh_question,Per què tenim una lluna?
wh_question,Per què apunten les flors cap amurg?
wh_question,Per què és el or tan valorat?
wh_question,Per què la gent té diferents accents?
wh_question,Per què algunes persones tenen memòria fotograficament?
wh_question,Per què s'utilitza el sal per conservar els aliments?
wh_question,Per què les persones tenen tant de expressions facials?
wh_question,Per què es formen els vulcans a les zones de contacte entre les plaques tectòniques?
wh_question,Per què els nens aprendreixen llengües més ràpidament que els adults?
wh_question,Per què alguns productes químics brillen en l'obscur?
wh_question,¿De qué manera crea una vacuna la inmunidad?
wh_question,Com processa el cervell el llenguatge?
wh_question,¿Cómo secuencian los científicos un genoma?
wh_question,¿Cómo funciona un láser?
wh_question,¿Cómo navegan los aviones por el océano?
wh_question,¿Cómo gestionan las ciudades el flujo del tráfico?
wh_question,¿Com funciona el oren human?
wh_question,¿Cómo se detecta un agujero negro si no se puede ver?
wh_question,¿De qué manera los animales perciben los terremotos antes de que ocurran?
wh_question,¿De qué manera se forma un diamante?
wh_question,¿En qué se diferencia la fotosíntesis en las plantas C3 y C4?
wh_question,¿Cómo modelan los científicos el cambio climático?
wh_question,¿De qué manera protege el estado de derecho a los ciudadanos?
wh_question,¿Com la democràcia previn la tirància?
wh_question,¿Cómo funcionan los sindicatos?
wh_question,¿Com funciona el sistema de patentes?
wh_question,Com preciuixen els mercats finançals el risc?
wh_question,¿Cómo desarrollan los científicos nuevos medicamentos?
wh_question,¿De qué manera el ser humano detecta los olores con el sentido del olfato?
wh_question,¿De qué manera afectan las fuerzas de marea a la rotación de la Tierra?
wh_question,¿En qué se diferencia la meteorología de la modelización climática?
wh_question,¿Què és un ordinador quantitat?
wh_question,¿Cuál es la función del cerebelo?
wh_question,¿En qué consiste la diferencia entre la sintaxis y la semántica?
wh_question,¿Què és la materia negra?
wh_question,¿Què és la teoria del multivers?
wh_question,¿Què és l'epigenetics?
wh_question,¿En qué se diferencia la respiración aeróbica de la anaeróbica?
wh_question,¿Què és el cicle del nitrògen?
wh_question,¿Qué es un catalizador en una reacción química?
wh_question,¿Què és el bosó Higgs?
wh_question,¿En qué se diferencia un planeta de un planeta enano?
wh_question,¿Què és l'entropia?
wh_question,¿Què és el espectre electromagnètic?
wh_question,¿En qué se diferencia un virus de un prión?
wh_question,¿Cuál es el papel de los telómeros en el envejecimiento?
wh_question,¿Què és una llengua neural?
wh_question,¿En qué se diferencia el aprendizaje automático del aprendizaje profundo?
wh_question,¿Què és el test de Turing?
wh_question,¿En qué se diferencia el derecho público del derecho privado?
wh_question,Què eren les sufragistes?
wh_question,Què era Nikola Tesla?
wh_question,Què era Amelia Earhart?
wh_question,Què era Rachel Carson?
wh_question,Què era Alan Turing?
wh_question,Què era Louis Pasteur?
wh_question,Què era Hipòcrates d'Alexandria?
wh_question,Què era Thomas Edison?
wh_question,Què era Gregor Mendel?
wh_question,Què era James Watt?
wh_question,Qui era Arquímides?
wh_question,Qui era Galileo Galilei?
wh_question,Qui era Kepler?
wh_question,Qui era Pitagó?
wh_question,Què era Euclides?
wh_question,Què era Charles Babbage?
wh_question,"Què era Ada King, la Condesa de Lovelace?"
wh_question,Qui era John von Neumann?
wh_question,Què era Grace Hopper?
wh_question,Què era Lise Meitner?
command,Termineu la proposta per a la finalització al terme del joc de la nit.
command,Reenvíe la queja al departamento correspondiente.
command,Retirar todos los datos personales antes de entregar el dispositivo.
command,Executa els diagnosticos abans de contactar amb l'enginyer.
command,Revisa de nuevo la ortografía del certificado.
command,Añade el nuevo personal a la lista de distribución.
command,Envia el recordatorio antes del jueves.
command,Aumentar el tamaño de la xifra a catorze punts.
command,Escriu els resultats a la lletgera compartida.
command,Estandaritzar el format en tots els documents.
command,Asegure el muelle de carga durante la noche.
command,Desconecteu el equipament abans de sortir del laboratori.
command,Asegureu-se de que tots els visitants firmen el llibre de visites.
command,Inspecta el andamio abans que algú s'allistui.
command,Presenta el informe del incidente antes de que termine tu turno.
command,Escriu els números de fàrmacions de tots els equips.
command,Reubrí el cabinet de primeros auxilios.
command,Testifique la iluminación de emergencia cada seis meses.
command,Etiquetés cada disrupteur del cuadro de fusibles.
command,Llene de laminat el cartel de las instrucciones de seguridad.
command,Colla el extintor de incendios en el soporte de pared.
command,Manteniu la zona de sortida del foc despejada en tot moment.
command,Asegureu-se de que el sistema de rociadores es probado anualmente.
command,"Si tenés lloc a un incident de cerca de un atropellament, hacedlo saber de inmediato."
command,Reúnen el formulari d'evaluació del risc abans de començar el treball.
command,Indueixi els EPP correctos tot el temps a l'extrem de treball.
command,Asegure els materials sueltos contra el vent.
command,Asegureu-se de que les tablas de andadura no presentin cap defect.
command,Revisa el arnés antes de trabajar a gran altura.
command,Completa la charla de la caja de herramientas antes de que comience el trabajo.
command,Firmar el llibre de inspecció de planta per dia.
command,Desglose la carga lentamente y de manera constante.
command,Posicione al operador del grú com a pugui vegi el senyal clarament.
command,Marca la zona de exclusió abans de començar la elevació.
command,Confirmat els senyals del bancman abans de mover el vehicle.
command,Apague el motor antes de realizar el mantenimiento.
command,Revisa els nivells de fluid abans de operar la maquinària.
command,Devolueu tots els utensili al magazin al final del dia.
command,Separar les obres de reciclabilitat en les caixetes adequats.
command,Pulvézles les superfícies amb un desinfectant després de l'ús.
command,Mantenga un cuaderno de registro de todas las actividades de mantenimiento.
command,Calibra els instruments abans de prendre les mesures.
command,Substitueu els filtres consumables segons el calendari.
command,Registra tots els números de sèrie en el registre de qualitat.
command,Manteniu la mostra a la temperatura correcta.
command,Deseche els reactius caduques seguint la fişa de seguretat.
command,Etiquetar cada muestra con la fecha y el número de lote.
command,Realitza una muestra de control con cada lote.
command,Documentau tot desviament del procediment estàndard.
command,Compara els resultats amb el intervalle de referència.
command,Emita el certificado de análisis después de la firma.
command,Deposite el producte a l'abri de la llum directa del sol.
command,Rota el stock per garantir que el producte més antic es utilitza per als darrers.
command,Comprova la integritat del sello per a la expedició.
command,Colla el autocolante de lote antes de abandonar el área de embalaje.
command,Pesar el contenido antes de sellar el recipiente.
command,Asegureu-se de que les seves mercaderes es van situar en el palet en estratos estables.
command,Atornilla el palet antes de moverlo.
command,Registra el ID del palet en el sistema de gestión del almacén.
command,Fotografa les mercancies abans de carregar-les.
command,Conteureu els articles contra la llista de emballatge.
command,Firmi i data la nota de reles per a la qualitat.
command,Quaranta els productes deteriorats immediatament.
command,Informe al equipo de calidad antes de liberar el stock en cuarentena.
command,Emita el informe de incumplimiento en un plazo de veinticuatro horas.
command,Devolveu les mercaderies rebutades amb la documentació adequada.
command,Actualitza el sistema de inventariat després de cada moviment.
command,Conta els articles de gran valor ciclàdicment cada semana.
command,Investigue cualquier discrepancia entre el recuento físico y el sistema.
command,Informe de los faltantes de stock a la adquisición de inmediato.
command,Reúnen la solicitud de compra tan pronto como se alcance el punto de reordenación.
command,Afegiu la especificació a la orden de compra.
command,Incloude l'adreça de entrega en cada ordre.
command,Indica claramente la fecha de entrega requerida.
command,Perseguir al proveedor si no se recibe ninguna confirmación en las cuarenta y ocho horas.
command,Agiliza les ordres que estan per detrás del cronograma.
command,Aumentar las entregas tardías al gestor de la cadena de suministro.
command,Informe cualquier retraso al responsable de producción.
command,Actualitza la previsiblement després de cada revisió de les venes.
command,Revisar els nivells mínim i màxim cada trimestre.
command,Ajuste els nivells de stock de seguritat per reflectir les modificacions del temps de conducció.
command,Realitza la evaluació del proveedor per a la primera comanda.
command,Visitar el lloc web del proveedor abans d'aprovar una nova font.
command,Demanar les certificades de qualitat del fornitori anualment.
command,S’implementem les mesures correctives dentro del pla amb el qual s’ha convenit.
command,Fermar la correctió una vez que s’ha reunit la prova.
command,Revisar totes les accions aperti en la reunió mensual de qualitat.
command,Presentar el tablero de calidad al equipo directivo.
command,Compara el rendimiento de referencia con los estándares de la industria.
command,Establitzueu objectius per al segú interquat.
command,"Celebreu la mejora, així com el rendiment."
command,Incorpoli la taula a l'identificació de les causes raszonesals.
command,Reconocer les idees de la planta de producció.
command,Implementar les victòries rapides en la setmana.
command,Pilotat la mejora abans de implementar-la a tota la empresa.
command,Mesureu l'impact de la modificació després de trenta dies.
command,Comparte els resultats amb tota la organització.
command,Integrar el cambio en el procedimiento operativo estándar.
command,Formació per a tot el personal afectat abans de la data de inici de funcionament.
command,Feu signatura al SOP actualizat abans de començar la formació.
command,Mantenga una copia maestra de todos los SOPs en el sistema de control de documentos.
command,Revisiteu els SOPs cada dos anys o després de any incident significatiu.
command,Arxiu de les versió superades amb el estat correcte.
command,Obtinge l'avaluació del propietari del procés per a la edició.
command,Publicau únicament copies controlades a l'entitat laboral.
command,Retira tots els documents obsoletos de la circulació.
command,Notifiquiu a tots els usuaris quan un document es revise.
command,Realitza una auditoria de validació després de cada modificació significativa.
command,Seguiu tots els resultats de la fiscalitat desobstruits a l'indicador de fiscalitat.
command,Fergeu tots els resultats crítics abans de la próxima auditoria externa.
command,Presenta el cronograma de la auditoría a la dirección para su aprobación.
command,Prepara el dossier de pruebas antes de que llegue el auditor.
command,Organitzar la reunió inaugural al començar la auditoria.
command,Acompañar al auditor por el lugar.
command,Responde al informe de auditoría dentro del plazo acordado.
command,Verifiqueu les provas per a fer una conclusió en cada una de les constatacions.
command,Mantenga los registros de auditoría del almacén durante el período de retención especificado en la política.
command,Organitzar una revisió de gestió al menos una vegada al an.
command,Includa tots els inputs necessaris a l'ordre del dia de la revisió de gestió.
command,Escriu els resultats i distribuïu-los en una semana.
command,Comunicar els resultats de la revisió de gestió al personal.
command,Revisite els objectius estratègics al menys una vegada al any.
command,Actualitza el pla de continuitat empresarial després de cualquier alteració significativa.
command,Probé el pla de continuitat empresarial al menys una vegada al any.
command,Asigne un suplente designado per cada rol crític.
command,Manten una llista actualitzada de contacte d'emergència.
command,Revisiteu el pla d'actuació de comunicació en crisis abans de tot esdeveniment important.
command,Realitza un exercici de taula amb el equip de direcció senior.
command,Analitzar-se després de cada exerciti o incident.
command,Actualitza el pla amb base en les liçons aprendeu.
command,Distribuïu el pla amb revisions a tots els interessats.
command,Firmi el pla amb la data actualitzada com a adequat al seu propòsit.
command,Informe al equipo la próxima fecha de revisión.
exclamation,"Què producció magnífica va ser, de començ a fi!"
exclamation,Què una mostra magistral de destreza i compostura!
exclamation,Què argument convinciment!
exclamation,Qué pena que el tiempo haya arruinado la ceremonia al aire libre!
exclamation,Que magnífica muestra de arquitectura victoriana!
exclamation,Un final palpitant a la carrera!
exclamation,Què generosa donació a la comunitat!
exclamation,Una aclamació meritatíssima!
exclamation,Què una desastrosa per la família i la comunitat!
exclamation,Què benvinguda i calorosa acollida de la part del nostre equip!
exclamation,Un debut sensacional del joven delantero!
exclamation,Una exposició que provocava reflexions!
exclamation,Què risat gran com va ser aquella història!
exclamation,Què un acte de equilibratge difícil el que el govern ha de afrontar!
exclamation,Un desenvolupament molt benvenut per a la region en crisi!
exclamation,Què una lègenda de humilitat!
exclamation,Que paisatge natural de encant més!
exclamation,Un final tan adequat per a una dècada de treball assumptit!
exclamation,Què meraviglia aquesta obra de periodisme de investiga!
exclamation,Què tensió i dramatisme a l'última esclusa!
exclamation,Que esplendor de floració a la plaça de la ciutat!
exclamation,Què resposta compassiva de la comunitat local!
exclamation,Un relatació captivant de la expedició polar!
exclamation,Un acte de denúncia tan corajós!
exclamation,Un record escalofriant de la posta en juego!
exclamation,Què conclusió genuinament emocionant per a la sèrie!
exclamation,Un gol espectacular de cabeza!
exclamation,Que seqüència coreografada de manera bellíssima!
exclamation,Un teatre profundament emotiu!
exclamation,Què talent formidable ha demostrat!
exclamation,Què atreviment inesperat en l'última escena!
exclamation,Que peça de casting genial!
exclamation,Què obra impressionant de investigació!
exclamation,Què una manera intrigante de reinterpretar un texto clàssic!
exclamation,Què una fonna impressionant de memòria!
exclamation,Què resposta impressionant va ser de la part del públic!
exclamation,Un autèntic capolavori de la época!
exclamation,Què combina improbable però cautivadora de gèneris!
exclamation,Què recuperació de forma quasi increible!
exclamation,Què metafora més adequada per a les ciúm que vivim!
exclamation,Doncs com defensaven magníficamente el conjunt a la segona reprimuta!
exclamation,Donava una total reinventat al seu estil!
exclamation,Què poignànticment el memorial capta el preu humà de la guerra!
exclamation,Doncs com el arquitecte ha respondit genialment als condicionaments del lloc!
exclamation,Què espectacularment el final va unir tots els fils!
exclamation,Què de poderosament va movr el testimoniatge a cada persona al davant del tribunal!
exclamation,Doncs com els supervivients van dir les seves històries amb coratge!
exclamation,Doncs com el bonament capta la llibret el sentiment de les estius de la infància!
exclamation,Què destreza va guiar el mediador els dos veïns cap a un acord!
exclamation,Què destreza mostra el novelista al equilibrar el humor y el dolor de una manera tan efectiva!
exclamation,Què visceralment retrata la pel·lícula el caos de la batalla!
exclamation,Doncs com el poeta maneja delicatsament el tema del dolor!
exclamation,Què ingeniosamente subvertirà el roman el lector de les expectatives!
exclamation,Què integració perfecta han fet les noves i les antigües edificacions!
exclamation,Doncs com el campió que va a retirar-se passava la toga de manera molt graciosa!
exclamation,Què rigor va tenir el comitè en escrutinant les evidències!
exclamation,Com la organización va reconèixer públicament els seus fracassos del passat!
exclamation,Què generosamente va respondent el públic a l'apel·le per a la recerca de fons!
exclamation,Què decisió va prendre el consell quan s'ha descobert el frau!
exclamation,Donem-li comènditament al personal per mantenir la compostura durant la crisi!
exclamation,Doncs com el científic va comunicar tan complexes idees a un públic no expert!
exclamation,Què sensibilità mostrava el documentari amb els seus subjects!
exclamation,Doncs com la catedral brilla magnificament al crepuscul!
exclamation,Doncs com la orquestra va construir fins al crescendo final!
exclamation,Què ingeniosament ha estat el dissenyador del joc a críptir les indicies a la vista!
exclamation,Què determinació va mostrar la comunitat en l'adversitat!
exclamation,Què inesperatament va desenvolupadar la amistat entre rivals!
exclamation,Què franquesment va parlar el polític sobre els errors del seu govern!
exclamation,Què meraviglia que el joven chef ha transformat els ingredients més simples!
exclamation,Què impressionant és com la melodia persiste molt després que el concert acabi!
exclamation,Què destreza va manejar la empresa un escàndol públic tan perjudicial!
exclamation,Doncs com el traductor ha conservat el humor del original!
exclamation,Què emocionant va ser el desenlace de la expedició contra tota la probabilitat!
exclamation,Què emotivament il·luminant és la simple història que il·lustra la condició humana universal!
exclamation,Què alegria va veure com el barri s'unia per la festa anual!
exclamation,Què completment va fer que el antic capolavori tornéssi vida gràcies al restauro!
exclamation,Què de potentant són les imatges del arxivi per tornar el passat viu!
exclamation,Què precisament feia el reloger per ajustar cada component del mecanisme!
exclamation,Donava una magnífica il·luminació al port el espectacularescenari de l'esclat de l'obra de fueu.
exclamation,Doncs com el nou pont reflecteix de manera molt bella al riu darrere!
exclamation,Què emocions va generar la família reunirse per primera vegada en anys!
exclamation,Què refreshant era el rapport sobre els problemes del sector!
exclamation,Donavalt la prova nova com que les preveències anteriors s’havien basat!
exclamation,Doncs com el canviador va fer la balada vivint de manera inefable!
exclamation,Doncs com movent els nens que van a cantar les cançons del seu país d'origen!
exclamation,Què vivamente va pintar el periodista la escena de la primera línea!
exclamation,Què ousament va reconceptualitzar el director jovent el conte clàssic!
exclamation,Què fluidament s'integrava el nou jugador al equip estabilitat!
exclamation,Què maestria ha manegrit l'autor en la cronologia narrativa!
exclamation,Què completament va destruir la inundació tot el que la comunitat havia construït durant generacions!
exclamation,Què energia va dedicar el nou ministre a l'aglomerat de reformes!
exclamation,Què inesperatament els veus rivals es van convertir en aliats!
exclamation,Què commovedorment acaba la història amb un gest de reconciliació!
exclamation,Què de ràpidment s'ha escalat la situació en els últims dies!
exclamation,Doncs com el conjunt va continuar admirablement malgrat les repetides setbacks!
exclamation,Donava una solució com una cosa de deliciència!
exclamation,Què potent capturat la cançó l'espirit del moviment!
exclamation,Què inteligentement el film utilitza el silenci com a dispositiu narratiu!
exclamation,Donava una gran naturalitat a la seva transformació de esportista a entrenador!
exclamation,Què passió va portar el composador a cada nota de la partitura!
exclamation,Doncs com la magnífica restauració del teatre ha tornat a la seva antiga glòria!
exclamation,Doncs capta el títol perfectament l'essència del llibre!
exclamation,Què fidelitat capta la dramatizació l'espirit del novel·la!
exclamation,Què populars continuen les antigües receptes!
exclamation,Què inesperatament va reaccionar el mercat al anunci!
exclamation,Què facilitat va tenir el presentador en el que va gestionar els preguntes difícils del públic!
exclamation,Què efectividad devastadora va resultar la campanya!
exclamation,Doncs com el parell de persones majors parlava encara amb delicades el una altra!
exclamation,Què competiment intens van tenir els esportivistes per a cada punt!
exclamation,Què completment el resultat va contrariu a totes les expectatives!
exclamation,Què contrast quan dos comptes de la mateix esdevenena diferessen!
exclamation,Què sobriedament va valorar el grup el impacte a llarg termini!
exclamation,Què ingeniosament va treballar el enginyer per a evitar la falta de aprovisionament!
exclamation,Què profundament desafia la descoberta tot ciò que pensav més!
exclamation,Què abruptament va canviar el panorama polític després de l'anunci!
exclamation,Donem gràcies molt per la magnífica coordinació de les equipes de voluntaris en la resposta a la situació d'emergència!
exclamation,Què inesperatament acollidament va ser llegida la proposta per ambdals els dos camps!
exclamation,Doncs com els nostres amics antics van mantenir-se tan fidels quan passaven per tots els canvis!
exclamation,Què espectacularment el projecte ha superat tots els seus objectius originals!
exclamation,Què impressionantment la candidata jove s'ha mantido en el debate!
exclamation,Què generosamente la ciutat va obrir les seures braços a aquells que fugien del conflict!
exclamation,Què tergament va resistir el antic edifici a tot el que intentaban demolir-lo!
exclamation,Què desorientava el electorat a la hora de rejeitar la plataforma populista!
exclamation,Doncs com el comediants ha transformat la seva pròpia infortuna en or a la comèdia!
exclamation,Què sorpesa va fer que aquest estudiant tímid es tornasse en un líder natural!
exclamation,Com la compassió que els mollis de l'hospici van donar a cada pacient i a la seva família!
exclamation,Què vivacitat capta el novel·la el món perdut de la ciutat de mercat!
exclamation,Doncs com el conjunt de actors ha elevat magníficamente el material!
exclamation,Doncs com el documentari rendereix elogi a la vida de la gent normal!
exclamation,Donavalt la direcció de la investigació la nova prova!
exclamation,Què potentment el graffiti parla de la comunitat local!
exclamation,Què calor amb que el públic va acollir el format no convencional!
exclamation,Què sorpreses han estat les últimes pàgines!
exclamation,Doncs com el gran mestre reconeixia amb gràcia els talents de la nova generació!
exclamation,Donem gràcies per la genialitat del grup de crisi en la gestió de la narrativa medià!
exclamation,Què delicadament recorda el memorial una infància de extraordinària simplicitat!
exclamation,Què alegria va rebreu la notícia del cessament de foc a les calles!
exclamation,"Don Marquès, com el director de banda va mantenir l'orquestra en suspensió abans del final!"
exclamation,Donava una idea de la completa transformació que va a suferir el espacio abandonat.
exclamation,Què potentment la única imatge va capturar la magnitud del desplaçament!
exclamation,Què inesperatment els rivals van trobar un punt comú en la qüestió més important!
exclamation,Què clar va fer el canvi a desvelar les faltes al interior de la coalició!
exclamation,Com la comunitat va negar-se a ser desplaçada de les seves case!
exclamation,Doncs com els colors de la pintura canviuen de manera molt bella amb diferents llummes!
exclamation,Donava una magnífica demostració el grup després de haver quedat tres gols desventajadament!
exclamation,Què sincerament reconeixia el rapport els fracus sistemàtics!
exclamation,Què ineglament calment va remaniar la ciutat després de la crisi!
exclamation,Doncs com el joven enginyer va resoldre genialment un problema que havia deixat perpleus a tots els experts!
exclamation,Què de potent va ser el testimoniatge del supervivant per canviar l'hàbitat del camí!
exclamation,Donava una gran naturalitat a la veïna atleta que acceptava que les seves dotes competitives acabaren!
exclamation,Què ràpidament va fer la organizaació quan va canviar el panorama del finançament!
exclamation,Doncs com recorda amb tanta delicadesa el documental el poble que va perdre per el embornal!
exclamation,Doncs com el arquitecte ha treballat magníficamente dins d’aquests estrongs constrangiments!
exclamation,Donava una totalidad de revocación al segon acte tot el que el primer acte havia estabilitzat!
exclamation,Què potentment la fotografia testifica el preu humà del conflict!
exclamation,Què inesperatament els dos polos opuestos van a trobar respecte mútiple!
exclamation,Què genialment s'adaptà el conjunt a tant de circumstàncies que canvien ràpidament!
exclamation,Doncs com la història fa ressuscitar de manera magnificent les veuets oblidades del passat!
exclamation,Què ha canviat completament el paisatge de les possibles per a aquesta generació!
exclamation,Què inesperatament commovedor resulta el epígrafe!
exclamation,Doncs com els dos estils de narración convergen de manera tan bella al cap vers al final!
exclamation,Doncs com la obra es manté tant magnificament després de totes estas dècades!
exclamation,Doncs com la gestió va navegar de manera graciosa per una situació impossible!
exclamation,Doncs com el dissenyador de l'illuminació va transformen l'espai!
exclamation,Què potentment resuene l'última imatge molt després de sortir de la galeria!
exclamation,Què generositat inesperada van resultar les condicions del pledemors!
exclamation,"Donem gràcies, la ciutat s'ha reinventat de manera magnífica en el últim decennium!"
exclamation,Donavalt el nou líder com va canviar la direcció de la organiza!
exclamation,Què de potentment la prova parlà de per si sola!
exclamation,Doncs com els veus i els nous es van situar una al lado de l'altra en aquesta ciutat!
exclamation,Doncs com l'autora incide magníficamente a la mente del seu narrador!
exclamation,Què inesperatament tendre resulta el final del film!
exclamation,Què genialment va fusionar el musicista dos tradicions aparentemente incompatibles!
exclamation,Doncs com la vegada de l'ordre antic per al nou!
exclamation,Què força va donar el moviment a la conversa sobre el tema!
exclamation,Donava un recital magníficamente amb tant de condicions impossibles!
exclamation,Com la iniciativa superava de manera completa les projeccions més optimistes!
exclamation,Què inesperatament va trobar la comunitat la seva veu durant la crisi!
exclamation,Doncs com el joven autor ha desmantelat genialment les convencions del gen!
exclamation,Donava una magnífica sensació al conjugar-ho tot així el cap vers de la nit!
exclamation,Que comeback espectacular després de tant d'anys absents!
exclamation,Un relatació profundament conmovedora d'una vida ben vivida!
exclamation,Què col·lecció remarcable de històries de tot el país!
exclamation,Una poderosa ilustració de tot el que es pot aconseguir amb la col·laboració!
exclamation,Que peça musical d'una efectivitat única!
exclamation,Un simbol perfect de la resiliència de la nació!
exclamation,Una resolució tan satisfactòria per a un misteri tan llarg de gesta!
exclamation,Un programa ric i variat d'esdeveniments!
exclamation,Un testament del poder de la perseverança!
exclamation,Un retrat perfecte i ben observat de la vida en un pueblo.
exclamation,Un molt acut i ingenieux tractat de sátira política!
exclamation,Un record conmovedor de la rapidez con la que cambien las cosas!
exclamation,Què una combinació magistral de fets i ficció!
exclamation,Un cas molt convincà per a una recerca radical!
exclamation,Què transformació notable en un tant d’espai de temps!
exclamation,Que gambit de desdoblamiento fortós per part de la nova administració!
exclamation,Un relatació conmovedora del heroisme ordinari dels cuidadors!
exclamation,Què una interpretació perfecta del protagonista!
exclamation,Un moment de reconeixement meritat molt de mans!
exclamation,Un examen fascinant de las complejidades morales de la situación.
exclamation,Un estil de prosa sensacionalment sobrio i econòmic!
exclamation,Una evocazione ricamentatament detallada del període!
exclamation,Un sípàs dolç a la despedida d'una institució tan estimada!
exclamation,"Un film molt desafiant i, al final, edificant!"
exclamation,Què deliciós i inesperat va resultar aquesta amistat!
exclamation,Què obra magistral de control de la tensión!
exclamation,"Què col·lecció de essays, ben organitzada i reflexiva!"
exclamation,Què revers per una execució genial en l'última escena!
exclamation,Que bon retorn al bon moment per el veterà director!
exclamation,"Un film profund inquietant, però necessari!"
exclamation,Un retrat generós i humà d'un home complicat!
exclamation,Un estudi precisament observat sobre l'ambició i els seus costos!
exclamation,Què meraviglia de la realització visual d'un fet tan espectacular amb un budget tan modest!
exclamation,Què salt remarcable per d'enfront del treball anterior del director!
exclamation,Què una història tan delicats observada de amicdia intergeneracional!
exclamation,Un comentari polític molt oportunitat!
exclamation,Una mirada sincera i acalorada sobre el estado de la nación!
exclamation,Una esplòrica bellíssimament melancólica sobre la memòria i la desamor!
exclamation,Que deslumbrante actuación tardía en la carrera del veterano actor!
exclamation,Un retrat de gran deliciència i devastador de la solitud en la ciutat moderna!
exclamation,Que veu original i vigorosa en la narrativa contemporània!
exclamation,Una recreació de la época de una manera nostàlgica i atmosfèrica!
exclamation,"Una història de gran profunzime emocional, però que sembla simplista!"
exclamation,Un thriller amb una trama ajustada i implacablement captivant!
exclamation,Una mirada ingeniosa i subversiva a una història molt repetida!
exclamation,"Què narrativa genial, amb estratos de sensació i amb una moral ambigua!"
exclamation,Un memòria profundament compaixent i rigorósament insensible!
exclamation,Què impresa remarcable de invenció imaginativa sostenida!
exclamation,Un debut novel·letge ric amb al·lusió i jocolingüístic!
exclamation,Què humànica i rigorós intel·lectual obra de no ficció!
exclamation,Què estructura ousada i no convencional per un novel·la de debut!
exclamation,Què meravellosa evocació d'un món que s'ha perdut!
exclamation,Què peça de guió com una gran precisió enginyeresa!
exclamation,"Què obra de reportaje, tan argumentat de manera serena i tan urgentment necessària!"
exclamation,Una producció magníficamente escenificada i gloriosamente cantata!
exclamation,Una celebració gloriosa i caótica i que afirma la vida de la humanitat!
exclamation,"Un retrat conmovedor, tierno i, en última instancia, lleno de vida!"
exclamation,Què experiència teatral de manera estrànica inusual i profundament envolvente!
exclamation,Què obra deslumbrantment inventiva i emotivamente resonant!
exclamation,Una comèdia groserament divertida i inesperadamente emotiva!
exclamation,Què una peça de cinema profundament singular i del tot inefable!
exclamation,Un llibre genial i necessari per a aquestes èpoques preocupants!
polar_question,Està el vent llunyà del sud?
polar_question,Estu les indicacions impreses a l'etiquette?
polar_question,La porta de l'interior està sense claus?
polar_question,Estan les bateries carregades?
polar_question,El càlcul del contadora és exactiu?
polar_question,Estu els assentos reservats?
polar_question,Està preparada la taula per als sis?
polar_question,Estuixen els convidats a la llista?
polar_question,El ascensor funciona hoy?
polar_question,Estu els projectors instalats a l'aula?
polar_question,El microfóneix està ensaiat?
polar_question,Estu les distribucions prereunes?
polar_question,El moderador está disponible?
polar_question,Estu reservat les salones de breakout?
polar_question,El catering està confirmat?
polar_question,Estu preparades les aranjament de viatge?
polar_question,És el lloc accessible per quadre?
polar_question,Són els espaços de parking alllojats?
polar_question,El orador ha sido confirmado para el martes?
polar_question,Estu les certificades preregistrades per distribuir?
polar_question,El test requería ayuno?
polar_question,Tens una carta de recomendación?
polar_question,¿Ha de refrigerarse el medicament?
polar_question,"Entre los efectos secundarios, se incluye somnolencia?"
polar_question,El cubrimiento se aplica en el extranjero?
polar_question,Tens de cap de família?
polar_question,Ofreça la clínica citas los fines de semana?
polar_question,¿Debo traer mis resultados de pruebas anteriores?
polar_question,El hospital té un especialista en aquesta zona?
polar_question,Afegiau a una història d’alergia a la penicilina?
polar_question,El doctor va recomanar la cirurgia?
polar_question,Has hagut el curs complet de antimicrobiàgens?
polar_question,El escáner va mostrar alguna anomalía?
polar_question,Començava la dolor de forma súbita o gradual?
polar_question,Tens dormit bé anoche?
polar_question,El hinchazón disminuyó después del paquete de hielo?
polar_question,Va fer alguna diferència el tractament?
polar_question,La segona opinió va canviar algú cosa?
polar_question,La prescripció es va renovar a temps?
polar_question,El següent repte va passar bé?
polar_question,El laboratorí ha confirmat el diagnòstic?
polar_question,Ha disminuït la inflamació?
polar_question,El pacient ha respondut al traiment?
polar_question,S'ha fet completament la cicatriza?
polar_question,El especialista ha revisat el dossier?
polar_question,S'ha elaborat un pla d'accció?
polar_question,Ha ajudat la fisioterapia?
polar_question,Ha estat la tensió arterial estable?
polar_question,El terapeuta ocupacional ha evaluado al paciente?
polar_question,S'ha enviat el resum de la alta al GP?
polar_question,Els símptomes han reaparecido?
polar_question,Ha arribat el resultat del control de sang?
polar_question,Han ajudat les ajustaments de la dosificació?
polar_question,Has hagut el vaccin de reforzament?
polar_question,S'han revisat les radiographies?
polar_question,S'han retirat les prescripcions?
polar_question,S'ha fet referència a un especialista?
polar_question,S'han programat les sessions de fisioterapia?
polar_question,Has obrigar-te per exercicis?
polar_question,S'han registrat els símptomes en el historial del pacient?
polar_question,La cirugènia es va realitzar sota anestesia general?
polar_question,Serà el temps de recuperació més llarg del que es va preveure?
polar_question,Seran els resultats disponibles abans de la consulta?
polar_question,El medicament va causar interaccions?
polar_question,El tractament es cobert per l'assistència?
polar_question,El terapeuta la va veure dues vegades a la setmana?
polar_question,S'organitzarà la visita a la casa aquesta semana?
polar_question,Hi ha una revisió després de tres mesos?
polar_question,¿Ha de permanecer el elenco durante seis semanas?
polar_question,Quin serà el pacient que necessitarà de curadors a llarg termini?
polar_question,Seria recomendable un segundo ciclo de tratamiento?
polar_question,Seria coberta la terapia alternativa?
polar_question,Seria apropiada una derivación en esta fase?
polar_question,¿Habría cambiado el resultado si la intervención hubiera sido más temprana?
polar_question,Creu que el pacient s’haginaria d’un grup de suport?
polar_question,¿Ayudaría la fisioterapia junto con la medicación?
polar_question,Ser-ia que les canvis en la dieta serien significatives?
polar_question,Seria preferible la cirugía que continuar con los medicamentos?
polar_question,Seria el pronóstico mejor con un tratamiento precoz?
polar_question,Es recomanat un control periódico?
polar_question,S’arriba a adelantar la cita?
polar_question,El prescripció pot enviar-se electrònicament?
polar_question,El/la pacient/a pot veure-s amb nosaltres avui?
polar_question,El tractament es possible que s’administri a casa?
polar_question,S’arriba reduir la dosificació de forma gradual?
polar_question,"El test es posible que se realice aquí o si es necesario, se necesita una derivación."
polar_question,El pacient pot tornar a treballar la semana que viene?
polar_question,El procedimiento se puede realizar como una cirugía de día.
polar_question,¿Es posible controlar el dolor sin cirugía?
polar_question,Podeix l’adre nit s’haurir la vacina al·la?
polar_question,¿Podrían los síntomas ser causados por el nuevo medicamento?
polar_question,Una reacció alérgica podria explicar la erupció.
polar_question,La fatiga podría estar relacionada con la anemia.
polar_question,Podría una modificación en la dieta ayudar a controlar la afección?
polar_question,El estrés podría estar contribuyendo a los síntomas.
polar_question,Podria ser una afecció hereditària?
polar_question,Una biopsia podría confirmar el diagnóstico?
polar_question,¿Podría la pérdida auditiva ser temporal?
polar_question,¿Podrían los cambios en la visión ser un efecto secundario?
polar_question,S'ha podria prevenir la infecció?
polar_question,Ha de augmentat la ingesta de líquids el pacient?
polar_question,Ha de reevaluarse el uso de ayudas para caminar?
polar_question,¿Debería realizarse una prueba de sangre antes de prescribir?
polar_question,Quin seria una diferent d’antibiótic?
polar_question,Ha de ser el seguimiento mensual o trimestral?
polar_question,El pacient ha de evitar el exercici extenuant?
polar_question,Hauria de ser en cuarentena la sección?
polar_question,Ha de ser trabat un especialista per a una segona opinió?
polar_question,Ha de ser trasllad el pacient a una unitat de dependència més avançada?
polar_question,S'ha de fer una referència per a la curadors paliatius?
polar_question,S'ha tract la infecció suficientment precocement?
polar_question,S'ha administrat la dosis correcta?
polar_question,S'ha informat el pacient de les riscos per antellenç?
polar_question,S'ha desinfectat el bloc de manera adequada?
polar_question,S'ha documentat la alergia en les notes?
polar_question,El formulari de consentiment va ser signat?
polar_question,S'ha fet el control preoperatori?
polar_question,S'ha identificat el pacient correcte abans del procediment?
polar_question,El medicament estava dentro de su fecha de caducidad?
polar_question,S'ha seguit el protocol d'emergència?
polar_question,S'havien monitoritzat els signes vital durant tot el procediment?
polar_question,¿Se les dieron las instrucciones postoperatorias por escrito?
polar_question,S'han canviat els pansos de cicatriça al preveu horari?
polar_question,S'han registrat les observacions de l'infermeria cada hora?
polar_question,S'han transferit els pacients amb segurança?
polar_question,S'han administrat els medicaments al moment correcte?
polar_question,S'han respectat les directrius de control de la infecció?
polar_question,S'han mantengut informados els parentis?
polar_question,S'ha respectat el criteri de desconnexió?
polar_question,S'expliquen els efectes secundaris abans de prescripció?
polar_question,La escola té dia de dia amaner?
polar_question,Estuven programat els examen per començar la semana que viene?
polar_question,El càlcul es dus a la meia-nunció?
polar_question,Estu els resultats disponibles al portal dels estudiants?
polar_question,Està oberta la candidatura per a la borsa de estudiants?
polar_question,Estu disponible la reserva de les ordinadores de la biblioteca?
polar_question,El campus és accessible per autobús?
polar_question,Estuven les notes de la clase publicades en línea?
polar_question,El/la conferenciant/a està disponible durant els horaris de oficina?
polar_question,Estu els grups del seminar complets?
polar_question,El terme va començar el dia previst?
polar_question,Recibíren els alumnes la llista de lectura per avís en avant?
polar_question,El examen va incloure tot el material?
polar_question,El departament va informar els estudiants del canvi de sala?
polar_question,El control de plagio mostraba algún problema?
polar_question,Ha canviat la rúbrica de marca aquesta temporada?
polar_question,El màgic de la aplicació va arribar al càrter d'admissions a temps?
polar_question,El recurso del expediente escolar ha tenido éxito?
polar_question,El supervisor va aprovar el tema de la dissertació?
polar_question,El examinador externo va acceptant la tesi?
polar_question,S'ha publicat el pla d'orden?
polar_question,S'ha enviat la closa?
polar_question,S'han devotat les seves opinióes de volta a les estudiants?
polar_question,Ha estat acreditat el curs?
polar_question,La aplicació ha estat seleccionada per a la fase final?
polar_question,El prestat estudiantatge ha estat processat?
polar_question,S'ha confirmat la data de la cerimònia de graduació?
polar_question,S'ha informat al estudiant de la resolució?
polar_question,S'ha completat la revisió anual?
polar_question,El módulo ha sido actualizado para este año?
polar_question,S'han concedit les becas?
polar_question,S'han actualitzat les llistes de lectura?
polar_question,S'han moderat els resultats del examen?
polar_question,S'han publicat els resultats de simulació?
polar_question,Els professors han completat la seva correcció?
polar_question,S'han avisat els parents?
polar_question,S'han revisat els registres de presència?
polar_question,S'han preparat els paperos de l'examen?
polar_question,S'han comunicat els resultats del recurso?
polar_question,S'han preparat les àules per al nou trimestre?
polar_question,¿Se extenderá el plazo para compensar los días perdidos?
polar_question,Serà revisat el pla d’estudi el próximo trimestre?
polar_question,El càrter de l'examen es va reunir per a fer una revisió de els casos de la línia en un punt?
polar_question,El nou curriculum s'introduirà gradualment?
polar_question,¿Se celebrará la nueva evaluación en agosto?
polar_question,Recibirán los estudiantes sus calificaciones finales para este viernes?
polar_question,Serà el nou edifici està preparat abans de començar el semestre?
polar_question,Què se farà de la subvenció per al segànd any?
polar_question,Què faria la escola durant el dia festiu bancar?
polar_question,Serà reorganitzat el dia de les parets dels parents?
polar_question,La primera entrega de la mañana és puntual?
polar_question,Són els ordinis expedits per les 10 de la matinada?
polar_question,Està la temperatura del almacén dins del rang requerit?
polar_question,Estu les palets etiquetats correctament?
polar_question,El muelle de carga está despejado?
polar_question,Apareixen suficient conducents en la llista per al turno de cap de week-end?
polar_question,La ruta està optimizada per a les entregues d'hores?
polar_question,Estu els documents aduaners en ordre?
polar_question,El expedidor de carga està conscient del retard?
polar_question,Estu les les de transito dins del SLA acordat?
polar_question,Els productes arribaren sense danes?
polar_question,El cami va partir a l'hora?
polar_question,El client va reconèixer la recepció?
polar_question,S'han pagat els droits de importació a temps?
polar_question,L'autoritat del port va aprovar el càrrega?
polar_question,El conductor va seguir la ruta aprovada?
polar_question,El transportista nos informó del retraso?
polar_question,El envío ha respectat el límit de pesatge?
polar_question,El almacén registró el stock recibido?
polar_question,El equip de expedició va confirmar el càrrega?
polar_question,S'ha emès el número de rutil?
polar_question,El albarán ha sido firmado?
polar_question,S'ha organitzat l'asegurament de càrrega?
polar_question,S'ha verificat el registre de temperatures?
polar_question,El documento de embarque ha sido emitido?
polar_question,El contenidor ha sido sellado?
polar_question,S'ha fet el càrter de la nota de la mercaderia que s'ha rebut?
polar_question,S'ha aprovat la inspecció de qualitat?
polar_question,S'ha seleccionat i emballat el començament?
polar_question,El manifest ha sido presentado ante las aduanas?
polar_question,S'han obtingut les llisencies d'exportació?
polar_question,S'han enviat els documents de transport?
polar_question,Els transportadors han confirmat el moment de la recolha?
polar_question,¿Han sido procesadas las devoluciones?
polar_question,S'han satisfetat tots els ordinis?
polar_question,S'han resolvat els errors de preleura?
polar_question,S'han distribuït les pasillos de carga?
polar_question,S'han segregat les mercancies sensibles a la temperatura?
polar_question,¿Han sido los palets envueltos con plástico termoretractil?
polar_question,S'han fet les horesceres de càrrega?
polar_question,Arribarà el llitig per al dia festiu?
polar_question,El transportista acceptará cargas de gran tamaño?
polar_question,Ambaixaran els productes els continguts aduaners aquesta semana?
polar_question,¿Serán necesarias más capacidades durante la temporada alta?
polar_question,Arribarà el contenador retardat per a la vuit?
polar_question,El proveedor enviará directamente al cliente?
polar_question,Serà el següent grup està preparat a temps?
polar_question,El empaquetatge va cumplir amb les necessitats del comerciant?
polar_question,El transportador ofrecerá un servicio con seguimiento?
polar_question,¿Necesitará la devolución por correo un pedido separado?
polar_question,S'ha est dilatat la data límite per presentar les propostes?
polar_question,Són els estrats financiers consolidats?
polar_question,El càrtel és quòrtoreu?
polar_question,Estuven actualitzats els articles de societat?
polar_question,El informe anual ha sido presentado?
polar_question,S'han divulgat els interessos dels diàrecs de manera adequada?
polar_question,La empresa és soluda?
polar_question,Són les reserves adequades?
polar_question,El dividende ha sido aprobado?
polar_question,Els registrats d’accionariat són actuals?
polar_question,Ha aconseguit el quórum la reunió anual dels accionistes?
polar_question,¿Han detectado los auditores algún problema importante?
polar_question,Els accionistes aprovaron el informe de retribució?
polar_question,El company ha presentat la seva declaració de conformitat?
polar_question,Ha reunit el consel·li independent consells jurídics?
polar_question,Va requerir la transacció un folletge?
polar_question,Passava la revisió de la competició la fusió?
polar_question,Funcionava la política de denuncia de manera efectiva?
polar_question,El company va cumplir amb les seves obligacions regulamentars?
polar_question,El consell va realitzar una evaluació de competències aquest any?
polar_question,El company s'ha registrat per al IVA?
polar_question,S'ha completat la transferència de parts?
polar_question,S'ha signat el acord de servei del director?
polar_question,S'ha confirmat el capital social?
polar_question,S'ha afegit el sello de la empresa?
polar_question,El prospecto ha sido aprobado por el regulador?
polar_question,S'ha completat la diligència d'acquisició?
polar_question,El compte de garantia ha sido liberat?
polar_question,S'ha convenut de la declaració final de clausura?
polar_question,S'ha fet el dossier post-finalització?
polar_question,S'han satisfetat les condicions precedents?
polar_question,¿Han sido entregadas las garantías?
polar_question,¿Se han renunciado a los derechos de prelación?
polar_question,S'han fet les demandes de concurs?
polar_question,Han signat tots els agents l'acord final?
polar_question,S'han registrat els nous directiors a la Companies House?
polar_question,S'han transferit les acions al registre?
polar_question,Han notificat els acionaris minoritaris?
polar_question,S'han novat els contrats de material?
polar_question,S'han consultat els funcionaris?
polar_question,El company continuarà amb l'IPO aquest any?
polar_question,Serà sotmes a una subscripcó més de la quantitat prevista?
polar_question,S'utilitzarà el mecanisme de prenumeració de prestatge abans del final de l'any?
polar_question,"Amb la meva experiència, el test del pacte es va cumplir a la meitat del semestre."
polar_question,La restructuració afectaria la nota de crédit?
polar_question,El signatar el informe de audit per no calificar?
polar_question,Seran ratificats els nous directius a la reunió següent?
polar_question,Creurrà la fusió crear sinergias més enllà de la projecció original?
polar_question,Serà el spin-off eficient en termes fiscals?
polar_question,Serà la inversio de control condiciona al aprovaiment dels acionaris?
polar_question,La propietat està vacant?
polar_question,Estu preparades les autoritzacions de planificació?
polar_question,És el arrendament renovable?
polar_question,Estu inclòs el comisio de servei en el preu de la renta?
polar_question,El edifici està seguit?
polar_question,Apareixen condicions de planificació incòrregables?
polar_question,És la classificació EPC acceptable per al prestador de capital?
polar_question,Què covenants restrictius hi són sobre la terra?
polar_question,És accessible el parter?
polar_question,Què apareixen en el Registo Preuvincial?
polar_question,El sondatge va revelar algunes deficiències estructurales?
polar_question,El mediador inmobiliario abordó algún problema relacionado con la propiedad?
polar_question,El vendedor ha revelado todos los defectos conocidos?
polar_question,La tasació de la hipoteca va coincidir amb el preu de compra?
polar_question,El canvi de les convencions va tenir lloc al càlcul previst?
polar_question,El comprador ha obtí nitrells satisfactori?
polar_question,El càrter de planificació va conceder una autorització sumària?
polar_question,El inspector de edificación firmó las bases?
polar_question,El inquilino ha pagat el depósito íntegramente?
polar_question,El propietari del càrter va cumplir amb totes les obligacions estatutàries?
polar_question,S'ha confirmat la data de compleció?
polar_question,S'ha emès la oferta de hipoteca?
polar_question,S'ha solvat el depósito?
polar_question,S'ha registrat la terra?
polar_question,S'ha convenit la prorroga del arrendament?
polar_question,S'ha desencadenat la revisió del canvi de sol?
polar_question,S'ha concedit el mandat de construcció?
polar_question,S'ha proporcionat el certificat de prestació energètica?
polar_question,S'ha completat la inspecció del azóstat?
polar_question,S'ha evaluat el risc de inundació?
polar_question,Han estat retornats els resultats de la recerca?
polar_question,S'han pagat les comissitats del cadastre?
polar_question,S'han entregut les notificacions adequades als inquilins?
polar_question,S'han resolvat les disputes frontereres?
polar_question,S'han convenit les fixtures i els elements de disseny?
polar_question,S'han descarregat les condicions de planificació?
polar_question,S'han respectat les regulaments de construcció?
polar_question,S'han confirmat els drets de transito?
polar_question,S'han indemnizat els convenants?
polar_question,S'han entregut les escritures de propiedad al completar la obra?
polar_question,El valor de la propiedad va a suportar el préstamo?
polar_question,El inquilino va exercicionar la clausula de resolució?
polar_question,Queda concedida la prorroga de los permisos de desarrollo?
polar_question,El casero va a realitzar les reparacions requerides?
polar_question,Serà processat el pla de plevaigència aquest any?
polar_question,Serà el desenvolupament la primera fase o una única construcció?
polar_question,Serà el possessió vacant disponible a la data de compleció?
polar_question,El nou arrendat va ser responsable del déficit?
polar_question,Què se farà amb el seguiment per el nou propietari?
polar_question,Serà la venda condicionada a la planificació?
request,No tindries preocupació si enviés el borrador del contracte quan estigui preparat?
request,"Podria fer-me una copia de la correspondència amb el client, per favor?"
request,Podria organitzar una debriefing després de que el projecte acabe?
request,Podria veure el primer borrador i donar-me la seva reacció sincera?
request,No tinguéssiu objeccions si preniais el cap de la següent fase?
request,Podria garantir que les notes de entrega sean exhaustivas?
request,Podria revisar de nuevo los términos antes de que contrafirmemos?
request,Podria deixarme saber tan pronto como tenga una actualización?
request,No tindries preocupació si plantegués el problema durant la reunió del jueves?
request,Podria confirmar si està content amb el perímetre revisat?
request,Seria possible compartir el plan del proyecto con el equipo en general?
request,Podria comprovar si la llicència cobreix aquest ús particular?
request,No tinguéssiu objeccions a coordinar el feedback de tots els agents?
request,Podria elaborar una breve nota informativa para la junta directiva?
request,Ser-ia possible reprogramar la visita al lloc?
request,Podria organizar que los documentos originales se envíen por mensajería?
request,No tinguéssiu malgrèu d'enviar una resposta de espera mentre investiguem?
request,Podria preparar una comparativa de las dos opciones?
request,Ser-ia capaç de verificar la informació abans de publicar-la?
request,Podria tomar las actas de la próxima reunión del consejo?
request,Podeu deixar-me emprestar a vossa experiência durante uns minutos?
request,Podria preguntarme per al seu consell sobre com aborder això?
request,No t’importaria si facés referencia al teu treball en la presentació?
request,Posso tomar una copia del informe para mis registros?
request,¿Podría tener unos días más para revisar el contrato?
request,No t’interèssi si et plau que s’ha confirmat el pressupost?
request,Podeu preguntar-me què va provocar el canvi de direcció?
request,Podria haver un momento per explicar les seves preocupades?
request,No tinguéssiu objeccions si traia un col·legue a la reunió?
request,Podeu suggerir-me que abordemos esto de una manera diferente?
request,Apreciaria que estudiara el asunto con urgencia.
request,Desitgava que podiesseis dedicar uns minuts per fer un repàs de les dades.
request,Ser-ia gràcies si podien comprovar que el ataxi s'obre correctament.
request,M’avincint preguntant si una reunió virtual li convenia més.
request,Apreciearia molt la teva perspectiva abans de fer el nostre enfoca finalitzat.
request,Desitgava que fos possible que t’ajudassi amb la traduccció.
request,Apreciaria que confirmara la recepción de este mensaje.
request,M’avincint si podiéssems mantenir-ho entre nosaltres per un moment.
request,Seria molt gràcies si podiesen veure què poden fer.
request,Desitgava que pudiessin organitzar una conversa al vostre més previsible conveniència.
request,Seria posible retrasar la fecha límite en dos días?
request,Seria una petición excesiva pedir una breve actualización del estado?
request,Seria possible obtenir una copia de la factura original?
request,Seria convenient que nos encontráramos en persona en lugar de llamar?
request,Seria posible tener la versión revisada para el final del día laboral?
request,Seria un poco de molomia si enviara la copia firmada directamente?
request,Seria possible organitzar una reunió urgent?
request,Seria convenient intercambiar nuestros horarios?
request,Seria posible incluir la desglose de costos en la propuesta?
request,Seria una petición excesiva pedirte que me mantengas informado?
request,"Podria garantir, per favor, que el camí es reservat per tot el dia?"
request,No tindries preocupació de recontrolar els tota dels a la columna final?
request,Podria enviar el orden del día antes de que termine hoy?
request,Podria revisar los términos una vez más?
request,"Podria fer una copia del equip legal a la correspondència, per favor?"
request,No tindries a explicar la raó de aquesta estratègia?
request,Podria confirmar si s'ha revocat l'accès?
request,Seria possible compartir la versión actualizada con todo el grupo?
request,"Podria, per favor, indicar-me els següents passos?"
request,No tindries preocupació de plasmar les preocupades per escrito?
request,Podria deixar-me la versió finalitzada el més tard a l'últim dimecres?
request,Podríeis garantir que las partes relevantes sean notificadas antes del anuncio?
request,Podria investigar si existe una ruta más rápida para la aprobación?
request,Podria organitzar que s’enviés una substituta?
request,Podria clarificar el ambit de la petició de canvi?
request,Podria proporcionar-me la justificació de la recomanació?
request,Podria enviar la prueba que respalde la reclamació?
request,Podríeis marcar si algo del informe es sensible comercialment?
request,Podría coordinar con el otro equipo para evitar la duplicación?
request,Podria deixar-me saber a sua disponibilidade para uma chamada esta semana?
request,Ser-ia molt gràcies si podieseu encarregar-se de l'introducció.
request,Apreciearia se pudessierets plantejar el problema a la persona responsable.
request,Querería que compartisseixés els teus pensaments sobre el projecte que ha d’arribar-nos.
request,Seria gràcies per qualsevol informació que puguisse donar.
request,Apreciaaria que conservasse una copia para su historial.
request,Quereria molt la seva opinió abans de continuar.
request,Seria molt gràcies si podieseu dedicar uns dies alsordi per una conversa telefònica.
request,"Apreciaria que, si hagués alguna preocupació, la indicasse per a la data limite."
request,Aquestarnau em obtenir el teu feedback sobre com va ser la reunió.
request,Seria gràcies si pogués confirmar els detalls una altra vegada.
request,Podria veure a cà que s'enviés la versió correcta?
request,No tindries preocupació si no garanteix que els termes es reflecteixen correctament?
request,Podria deixar-me saber si hi ha alguna excepció?
request,Podria unir un breve resumen?
request,Podria comprovar si s'ha fet això més abans?
request,No t’interèssiessin de mirar la evidencia?
request,Podria confirmar les especificacions tècniques?
request,Podria haver alguna manera de saber quién es el contacto adecuado?
request,Podria comprovar si els dades han estat anonimats?
request,No t’interèsar de obtenir un presupuesto de otro proveedor?
request,Podria suggerir-me respetuosamente un arreglo alternativo?
request,Podría solicitar una breve prórroga para revisar el material?
request,Podria preguntarle si considera las implicaciones a largo plazo?
request,Podría sugerir que el asunto se someta a la comisión plenaria?
request,Podría preguntarle si me puede proporcionar un breve resumen escrito de la discusión?
request,Quería proponer una breve pausa antes de continuar?
request,Quería llamar su atención sobre la discrepancia en la página cuatro.
request,Podria suggerir-me que estableçem una agenda clara per a la próxima sessió?
request,Podria preguntar si la cronología es flexible?
request,Podría plantear una pregunta sobre la suposición subyacente?
request,M’avèria interessat si hagués una possibilitat de veure-ho abans de que s’emiti.
request,Ser-ia extremment gràcies si podiessen seguir el pagament outstanding.
request,Desitgava que podiesseis descobrir el que el sistema no està respondent.
request,Apreciaria mucho si pudiera añadirme al ciclo de revisión.
request,M’avincint preguntant si podriessiu confirmar la referència de la reserva.
request,Seria gràcia si me permetia saber el resultat de la discussió.
request,Desitgava que fos possible que participasses al grup de treball.
request,Apreciaria que firmasse o comprovativo das despesas.
request,M’avincint si seria possible estendre el període de pràctic.
request,Ser-ia molt gràcies si podigués organitzar una reunió precoce.
request,Podria comprovar si la llicència del software cobreix el nostre ús?
request,Seria possible que preparara el informe para la mañana del martes?
request,Podria comprovar que els termini i condicions són actualitzats?
request,Ser-ia possible que parlassin amb el client abans del terme de la setmana?
request,Podes asegurar que el documento esté con marca de agua antes de su distribución?
request,Seria possible enviar el enlace a la grabación después de la llamada?
request,Podria investigar el porqué el sistema rechazó la solicitud?
request,Podria fer una revisió jurídica de les condicions estàndar?
request,Podria arreglar para que se reparara la impresora antes del lunes?
request,Podria revisar el informe del sitio de visita?
request,Podria presentarme al responsable del equipo relevante?
request,Podria elaborar un mensaje corto para enviar a todo el personal?
request,Podria organitzar la distribució dels materials de formació?
request,Ser-ia possible configurar una carpeta compartida per al projecte?
request,Podria garantir que els dades estiguin proteguts abans de la migració?
request,Ser-ia capaç de presidir el subcomité en mi ausencia?
request,Podria assumir la relación con el cliente mientras esté de baja?
request,Ser-ia capaç de identificar a algú per cobrir la rota de contacte?
request,Podria compilar los comentarios en un solo documento?
request,Ser-ia capaç de publicar el anuncio de trabajo en les taula de treball pertinents?
request,Podria facilitar la sesión introductoria para la nueva cohorte?
request,Podria presentar les conclusions clau al equip executiu?
request,Podria sintetiitzar els principals riscos per al patrocinador del projecte?
request,Podria revisar la propuesta del proveedor y me diera su opinión?
request,Podria comprovar que totes les factures han estat autoritzades?
request,Podria ajudar-me a entender las limitaciones técnicas?
request,Podria organitzar una visita guiada al nou sistema?
request,Ser-ia capaç de coordinar el comitè de revisió externa?
request,Podria comprovar si la aprovació ha arribat?
request,Ser-ia capaç de produir el informe de situació semanal?
request,Podria enviar-me els detalls de contacte del equip legal del client?
request,Ser-ia capaç de organitzar una debrief amb tot el equip de project?
request,Podria afegir la llista de control de qualitat a la carpeta del projecte?
request,Ser-ia capaç de revisar el plan de comunicació abans de que s’emiti?
request,Podria confirmar-me qui és el que va assistir del otro flanc?
request,Ser-ia capaç de preparar una diapositiva que resuma els resultats?
request,Podria anotar los puntos de discusión i distribuir-los després?
request,Podria provar el procés de copia de seguretat abans del final de semana?
request,Podria contactar al proveedor sobre el retraso en la entrega?
request,Podria revisar los materiales de incorporación para comprobar su precisión?
request,Podria organitzar una pràctica de la presentació abans del principal esdeveniment?
request,Ser-ia capaç de mantenir la comunicació amb les finances per obtenir l'approvació del budget?
request,Podria actualitzar el tablón de bord del projecte amb les figures de esta semana?
request,Podria unir la documentación de apoyo para la oferta?
request,Podria comprovar si el dossier regulador està completat?
request,Ser-ia possible que distribuísse la versió final per a la signatura?
request,Podria preparar una breve reunión para el nuevo presidente?
request,Podria proporcionar tres estudios de caso comparables?
request,Podria comprovar amb la aprovisionament si el contracte està en vigor?
request,Ser-ia capaç de elaborar una proposta per a la consideració del client?
request,Podria garantir que s'utilitzin els dades correctes en l'anàlisi?
request,Podria unir un resumen de las lecciones aprendidas?
request,Podria mediar con los traductores para garantizar la consistencia?
request,Podria confirmar si s'ha respectat la data límite reglamentària?
request,Podria ajudar-me a encontrar un momento en el que podamos estar disponibles para el taller?
request,Podría facilitar que se recogiera el equipo?
request,Podria garantir que los registros del servidor se arhiven antes de que se desmantele el sistema?
request,Seria possible que revisés la evaluación de riesgos antes de que el contratista comience a trabajar?
request,Podria investigar proveedores alternativos en caso de escasez?
request,Seria capaç de organitzar la celebració per al conjunt?
request,Podria assegurar-se de que el compte-rendu reflecte de manera precisa los puntos de acción acordados?
request,Ser-ia capaç de corregir la versió final abans de la enviar al client?
request,Poderia enviar un resumen de las decisiones clave tomadas en la reunión de hoy?
request,Ser-ia capaç de preparar un informe de clausura del projecte?
request,Podria distribuir la actualización de los interesados antes de que finalice la semana?
request,Ser-ia capaç de compilar els documents de referència en un únic conjunt?
request,Podria descobrir si la acreditació ha continuat?
request,Podria preparar un resumen en lenguaje sencillo del informe?
request,Podria comprovar que les referències són citades correctament pel través?
request,Podria revisar el cronograma del contrato y marcar cualquier anomalía?
request,Podria veure si es pot resoldar el problema sense escalada?
request,Seria possible proporcionar una actualización del progreso al comienzo de cada semana?
request,Podria ajudar-me a prioritzar el backlog per al següent sprint?
request,Seria possible que revisés el borrador de la directiva antes de que se distribuya?
request,Podria confirmar si la solicitud de cambio ha sido aprobada?
request,Podria proporcionar un resumen verbal al principio de la reunión?
request,Podria organitzar que algú cobreixi el mostrador de recepció a la hora del mediodía?
request,Ser-ia possible garantir que la señalización se actualice antes del día de puertas abiertas?
request,Podria preparar una tabla de comparación que muestre las tres opciones?
request,Podria enviar un aviso de calendario para la reunión de seguimiento?
request,Podria garantir que tots els assistents tenien el dret d'accés necessari?
request,Podria investigar la causa raíz del error?
request,Podria donar-me una informació si la situació canvia abans del dimecres?
request,Seria possible trobar un lloc adequat per al dia de delegats?
request,Podes confirmar que el archivo está completo antes de la auditoría?
request,Podria confirmar si s'ha comunicat el nou procés?
request,Podria establir una relació amb els advocats externes sobre el cronometratge?
request,Ser-ia possible que contactés el referent per compte del responsable de contratación?
request,Podria comprovar la prova final abans de que s’emiti a la impressió?
request,Seria possible que reunesse les opinió del teatre abans de la següent sessió?
request,Podria garantir que la lista de control de salud y seguridad se complete en el lugar?
request,Seria possible que preparés un breve informe para los nuevos miembros del equipo?
request,Podria arreglar que se recogieran las llaves en la inmobiliaria?
request,Seria capaç de fer la línia de presentació per meu compte?
request,Podria obtenir una cotización por escrito del proveedor preferido?
request,Ser-ia capaç de emissor la carta de oferta formal al·dia?
request,Podes asegurarme de que el paquete de inducción esté listo para el lunes?
request,Podria organitzar una cobertura per el personal de contacte durant el feriado bancario?
request,Podria afegir el client als llistes de distribució pertinents?
request,Podria participar en el evento de la industria y informar de ello?
request,Podria reunir la evidencia para el informe de impacto?
request,Podria proporcionar una breve biografía para el programa de la conferencia?
request,Podria revisar la factura del proveedor contra la solicitud de compra?
request,Ser-ia capaç de assumir la direcció de la próxima resposta a la licitació?
request,Podria comprovar si el programa és compatible amb el nou sistema?
request,Podria fer una investigació sobre la factible·litat de la proposta?
statement,El ménage medio de los americanos produce més d’uns dos tones de residus per any.
statement,Más de dos mil millones de personas viven sin acceso a una sanidad segura.
statement,L'inversió global en energia limpia ha atès nivells rècord el passat any.
statement,Les instal·lacións solars a les teves han crescut un tretze per cent anualment durant els últims cinc anys.
statement,L'energia mareomotora continua majoritariamente sin explotar a pesar de su enorme potencial.
statement,El nombre de veïcles electrificats a la ruta a nivell global ha superat les 20 milljónes.
statement,La tecnologia de vehículos autónomos está siendo probada en más de cincuenta ciudades de todo el mundo.
statement,La bateria de ioni de liti es comercialitzava per primera vegada a principis del anys noventa.
statement,Els usins de dessalinizació abasteixen actualment d’aigua fresca a més de trescents milions de persones.
statement,La agricultura vertical està expandiéndose ràpidament en les regions amb escassetat d'aigua.
statement,El escorrentía agrícola és la principal causa de la contaminació de l'aigua en molts països.
statement,El perímetre del món cobert per terres cultivables ha triplicat des del any 1960.
statement,L'aquacultura produïxen actualment més peus que la pesca de caça a la natural.
statement,La població d'abeus ha descendent un tretze per cent a Europa en el últim deceni amb el passat.
statement,La població de les monarques ha descendent un 90% des de la dècada dels anys 1980.
statement,El últim rinoceri blanc del nord va morir en cautiveri en el an 2018.
statement,La Unió Internacional per la Conservació de la Natura enumera més de quaranta mil espècies com amenaçades.
statement,El nombre de les zones protegudes en terra ha duplicat en els últims vint anys.
statement,"Els zones humides produeixen serveis que valen, aproximadament, quatre-vingts-set billones de dòlars anualment."
statement,L'ecosistema de manglar alberga a más de mil especies de peces.
statement,L'Antàrtida conserva suficient aigua fresca per elevar els nivells del mar més de cinquenta metres si es funde.
statement,El desierto del Sahara era una región verde i fértil fa uns 11.000 anys.
statement,El desierto del Gobi està ampliant-se cap al sud a una velocitat de més de tres mil km² per any.
statement,Los aludes matan a miles de personas y causan miles de millones de dòlars en daños cada año.
statement,El riu Mississipi drena més de un quaranta per cent del continent dels Estats Units.
statement,El riu Colorado no arribava més de manera sistemàtica al mar a causa de la desviació de l'aigua.
statement,Más d’un terç de els rius més grans del món han estat modificats per barreres o desviaments.
statement,El riu Amazon desagua una cinquantena de l'aigua fresca que entra en els oceans del món.
statement,El Mar Caspio és el més gran embalse interior del món.
statement,El mar Bèsar és una de les zones marines més contaminades del món.
statement,El Gran Barri d'Altres al llarg de la costa australiana s'estén més d'un mil quatre centa de quilòmetres.
statement,"Els recuts de corall suporten, aproximadament, un vint-cinc per cent de totes les espècies marines."
statement,La minería en el fondo del mar comporta riesgos ecológicos significativos y en gran medida no estudiados.
statement,La fos d'Amatge desciende a més de cinc quilòmetres de profunditat al llarg de la superfície del mar.
statement,La bioluminiscencia ha sido registrada en más del setenta por ciento de los organismos de las profundidades marinas.
statement,El fondo del mar està menys estudiat que la superfície de Mars.
statement,S'han trobat trosquets de plasti al llunyol de la Falla de Mariana i al llunyol del gel polari.
statement,S'han detectat microplásticos en els corpers de cada una de les espècies d'animals que s'han estudiat.
statement,La indústria pesquera emplea a més de seinsesitcents de persones a nivell mundial.
statement,"La pesca ilegal, no declarada y no regulada representa hasta un tercio de las capturas mundiales."
statement,La Política Agrícola Común de l'Unió Europea ha estat reformada de manera repetida des del seu únic debut.
statement,"Els sistems alimentaris globals contribuyen, aproximadament, a una tercera part de totes les emissions de gas treballador causades per l'humanitat."
statement,L'agricultura de precisión utiliza sensores y análisis de datos para optimizar los rendimientos de los cultivos.
statement,La primera planta modificada genéticamente per aprovada per al cultiu comercial va ser el tomàquet Flavr Savr.
statement,La tecnologia de edició genètica CRISPR ha reduït de manera significativa el cost i el temps necessari per modificar les seves.
statement,La carn cultivada en laboratorio ya está disponible comercialmente en un pequeño número de mercados.
statement,Es projecta que el mercat global de la alimentació vegetariana i vegana superi els centen de mil·liards de dòlars.
statement,Les alergias alimentàries afecten aproximadament el 2% a 3% d'aduls i fins a un 8% de nens.
statement,L'Organització Mundial de la Salut classifica la carn roja processada com un carcinógeno probable.
statement,La deficiència de vitamines continua d'estar entre les causes principals de les dolors i deces evitables a nivell mundial.
statement,El microbioma intestinal humano está compuesto por más de mil especies bacterianas diferentes.
statement,"Los microorganismes del intestino influyen en la función inmunitaria, la salud mental y el metabolismo."
statement,El exces d'antimicrobi als a gran escala en la ganadería és un dels principals factors de la resistència antimicrobiana.
statement,Es projecta que la càrrega global de la resistència antimicrobiana costarà a l'economia mundial un centenar de trillons de dòlars anualment.
statement,El primer brot de MRSA en els hospitals va ser registrat a la dècada del segle XVI.
statement,La tuberculosi continua sentint-se entre les causes infeccioses principals de mortalitat a nivell mundial.
statement,"La malaria mata a més d’un demi-millon de persones cada any, majorment als menys de cinc anys d’edat en l’àfrica subsahariana."
statement,L'epidemia de VIH ha causat la mort de més de quatre dècades de vida des de la dècada dels anys 1980.
statement,La terapia antirretroviral ha transformat el VIH en una afección crónica manejable en los países de altos ingresos.
statement,La pandàmia de COVID-19 va matar estimarit cinc-cents mil persones a nivell mundial en dos anys.
statement,La tecnología de los vacunas de ARNm se desarrolló a lo largo de décadas de investigación antes de la pandemia.
statement,La producció global de vacunes amb ARNm es va escalar a milers de dosis en un any.
statement,"Las intervenciones no farmacológicas, como el distanciamiento social, redujeron significativamente la transmisión de la enfermedad."
statement,El COVID-19 a largo plazo afecta a millones de personas con síntomas que persisten durante meses o años.
statement,"Després de la pandemia, les consultes a través de la telegrataria són una opció habitual en molts sistemes de salut."
statement,El cost de la secuenciació del genoma complet ha desccaret d'a tres mil millons de dòlars a menys d'un milljón de dòlars.
statement,La medicina personalizada tiene como objetivo adaptar los tratamientos a los perfiles genéticos individuales.
statement,El mercat global de les aplicacions de salut digital ha superat les 300.000 millons de dòlars.
statement,Els disturbis de la salut mental representen un tercio de totes les maladies no fatals en els països de renda alta.
statement,La depressió és la principal causa de inhabilitació a nivell mundial.
statement,La prevalència de ansietat i depressió entre els joves va augmentar de manera significativa durant la pandàmia.
statement,El acceso a los servicios de salud mental sigue siendo profundamente desigual a nivel mundial.
statement,La terapia cognitiva conductual és el més probant dels tractaments psicològics per la depressió.
statement,La terapia de litiu per el trastorn bipolar s'ha utilitzat des de la dècada del anys cinquenta.
statement,La crisi de opioides a causa en els Estats Units va provocar més de cincen mil morts en dos dècades.
statement,"El fentany, un opioide sintètic, és present al majoritari de les morts per overdose de drogar."
statement,"Les abordades de reduïció del risc, incluant els canvis de agull, s’han demostrat eficaces en molts països."
statement,La naloxona pot revertir la sobredosis de opioides i és cada més disponible per a la venda amb recept.
statement,El malgasto d'alcohol costa al Regne Unit més de vint mil millons de lliures anualment.
statement,El tabac mata a més de 8 milions de persones al llarg de l'any a nivell global.
statement,El únic de cigarretes electrònics ha augmentat de manera significativa entre els adolescents en molts països.
statement,La proporció d'aduls que fumeu ha descendent significativament en els països de renda alta durant els últims cinç dècades.
statement,El exercici s'ha demostrat que és tan eficient com els antidepresius per a la depressió lleu a moderada.
statement,El estilo de vida sedentario está ahora asociado con un mayor riesgo de una amplia gama de enfermedades crónicas.
statement,El temps d'pantalla entre els nens ha augmentat de manera significativa en el últim decennium.
statement,El primer implantat coclear va ser aprovat per a l'ús a la dècada del segle XIX.
statement,Los exoesqueletos robóticos es­tan siendo utilizados actualmente en la rehabilitación de pacientes con lesiones de la médula espinal.
statement,La impressió tridimensional està revolucionant la producció de dispositius medis i prótesis.
statement,El primer bebé de fertilización in vitro del món va nés el any 1978.
statement,Les lleis sobre la subrogació varien enormement d'un país a un altre.
statement,El coste del traiment per a la fertilitat continua sentint-se prohibitiu per la majoria de les persones de països de baixes incomes.
statement,"La esperanza de vida al nacer a nivell de la generalitat de Catalunya és una de les més altes del món, superant les 84 anys."
statement,Els Estats Units gasten més en salut per habitant que qualsevol altre país desenvolupat.
statement,"Malgrat els alts gasts, les expectativa de vida de les persones a les Estats Units és més baixa que a molts altres països comparables."
statement,La cobertura sanitaria universal sigue siendo inalcanzable para más de la mitad de la población mundial.
statement,El gasto en salud directo empuja a cientos de millones de personas a la pobreza cada año.
statement,El Fondo Monetario Internacional estima que las ineficiencias del sistema sanitario cuestan tres billones de dòlars anualment.
statement,"El gasto en salud pública, com proporció del PIB, és, en general, d’uns setze percents entre els països de l’OCDE."
statement,El Banco Mundial classifica a més de seinsesitcents de millons de persones com a persones que viven en la extrema pobreza.
statement,El creixement econòmic en l'àfrica subsahariana ha fet una media del 5% anual durant la majoria del segle XX.
statement,Las remesas a los países en desarrollo superaron la ayuda oficial para el desarrollo por primera vez en el año 2001.
statement,La Iniciativa de la Franja y la Ruta ha financió infraestructures en més d’un centenar i cinquenta de països.
statement,El comerç de serveis representa actualment un quart del comerç mundial.
statement,La Organización Mundial del Comercio es una entitat que va ser creada en el any 1995.
statement,La crisi de la cadena de aprovisionamiento global de dos mil y veinte y uno expuso vulnerabilidades críticas en la fabricación justo a tiempo.
statement,La nearshoring i la reshoring s'han accelerat des de la pandemia.
statement,"La indústria de semiconductores està molt concentrada, amb la mayoría de les chips avançades produides a Taiwan."
statement,La carrera per la supremacia cuántica está liderada por un puñado de empresas y gobiernos.
statement,El gasto en cibersegurança superó los doscientos mil millones de dòlars a nivell global l’an passat.
statement,El coste medio d’una brecha de dades va superar les 4 millляons de dòlars en el més recent estudi de IBM.
statement,Els atacs de ransomware a infraestructures crítiques han augmentat més del 50% en tres anys.
statement,El internet de las coses ha conectat més de catorze mil millons d'aparels en tota el món.
statement,El computació de borde reduce la latència al procesar els dades més pròximament a la seva origen.
statement,El metavers amb una incertitud comercial i una perspectiva comercial incierta continua a ser un concept contestat.
statement,"Els tools de IA generativa produïxen textos, imatges i codi indistinguïbles del producte humà."
statement,"El partidisme en els sistems d'IA ha estat documentat en la identificació facial, l'contratació i la puntuació de bonitat crediticia."
statement,El Acte d'Inteligencia Artificial de la Unió Europea és una de les prime reglaments integrals de la IA.
statement,Els models de IA de código abierto han democratizat l'accès al preprocesament avançat de la llengua.
statement,La indústria global de los videojuegos ha generado ingresos superiores a doscientos mil millones de dòlars.
statement,El esport digital va atureix més de quin centenar de millons de veïgles a nivell mundial l'an passat.
statement,Els serveis de gestió de continguts per abonenament han interromput el model de transmissió tradicional.
statement,El número d'audiències del podcast ha crescut més de 400% en la última dècada.
statement,"La publicitat digital representa, en la actualidad, més de la mitjana de tots els gastos de publicitat global."
statement,Les platformes de redes sociales esmeren cada vez més en el control de la normativa sobre el contingut noci.
statement,Les platformes de la economia de oferta individualitzada valoren conjuntament més d'un billó de dòlars al seu màxim.
statement,Els desafiaments reglamentaris al poder monopolístic del sector de la tecnologia s’han intensificat a nivell global.
statement,La part del rendiment global que recai sobre el treball ha desc descendent en la mayoría de les naties des de la dècada dels anys 1980.
statement,El nombre de persones inscrites en l'ensenyament superior a nivell global ha triplicat des del any 2000.
statement,Les platformes d’aprenentatge en línea han inscrit més d’un miljard d’estudiants a nivell mundial.
statement,Es espera que el mercat global de l’edtech superi les 250.000.000.000 de dòlars d’aquí a la finalització del deceni.
statement,La matrícula en la escuela primaria en África subsahariana ha alcanzado el 90%.
statement,La paridad de género en la enseñanza primaria s'ha aconseguit en quasi tots els països.
statement,"Diçventa una dona en els països en desenvolupament, el 40% està casada abans dels 18 anys."
statement,El treball infantil afecta a més d'un centenar i sisेंटèm de millors de nens a escala mundial.
statement,El tasament global del matrimoni infantil ha descrins de manera significativa durant la última dècada.
statement,La mutilación genital femenina afecta a més de dos centòmes de millons de dones i nenes a nivell global.
statement,"Es estima que la violencia contra las mujeres cueste a la economía global un 3,6% del PIB."
statement,"Les dones executen un sis per cent del treball del món, però guarden només un sis per cent del seu ingressos."
statement,El nombre de les dones al parlament nacional ha duplicat en els últims vint-cents anys.
statement,Les dones lideren el govern en menys del 10% de països.
statement,"Els drets LGBTQ varien enormement per todo el món, de la plena igualtat a la criminalització."
statement,La disparitat en el patrimoni racial a escala nacional en els Estats Units ha permanecido molt inalterada des de la dècada del selecteix i noventa.
statement,La encarcelación masiva en los Estados Unidos afecta de manera desproporcionada a las comunidades afroamericanas y hispanas.
statement,La població carcerària dels Estats Units és la més gran del món en termes absolutos.
statement,Els programes de justiça restaurativa han mostrat resultats prometedors en la reducció de les tases de reincidentes.
statement,La pena de mort continua a ser aplicada en més de cinquenta països.
statement,Més d'un millor de mil persones van ser executattes a nivell global el any passat.
statement,La abolició de la pena de mort s'ha accelerat en els últims tres decenniers.
statement,Los refugiados i los solicitants d'asilo estan proteguts pel Conveni de Refugiats de 1951.
statement,El número de persones desplaçades per conflict i persecució ha arribat a un màxim històric.
statement,El desplazamiento interno debido al cambio climático y a los desastres naturales está aumentando.
statement,La urbanització és una de les tendències definidores del segle XXI.
statement,El més de la mitjana de la població mundial vive actualment en ciutats.
statement,Megacidades con más de diez millones de habitantes son más de treinta en todo el mundo.
statement,Las islas de calor urbanas se agravan por la pérdida de espacios verdes.
statement,"La tecnología de las ciudades inteligentes está siendo implementada para mejorar la gestión del tráfico, la recogida de residuos y el uso de la energía."
statement,El sector de la construcción representa casi un 40% del consumo energético mundial.
statement,Els estàndards de construcció ecològica han estat adoptats en més d’una cent d’àrees.
statement,La construcció de una casa passiva pot reduir la demanda de energia en un 90%.
statement,Les redes de calefacción urbana reducen el desperdicio de energía en las zonas densamente pobladas.
statement,Els edificis neutres en energia produquen tanta energía com el que consumen anualment.
wh_question,¿Què és el cicle de Krebs?
wh_question,¿En qué se diferencia una estrella de un planeta?
wh_question,¿Cuál es la función del bazo?
wh_question,¿En qué se diferencia un hábitat de un ecosistema?
wh_question,¿Què és el efect de invernada?
wh_question,¿En qué se diferencia la velocidad de la velocidad?
wh_question,¿Qual és el model standard de la física de partícules?
wh_question,¿En qué se diferencia una grasa saturada de una insaturada?
wh_question,¿Cuál es el papel de las plaquetas en la sangre?
wh_question,¿Qual és la diferència entre un país desenvolupat i un país en desenvolupament?
wh_question,¿Què és el Protokoll de Kyoto?
wh_question,Quels sont les cinq membres permanents du Conseil de sécurité des Nations unies?
wh_question,¿En qué se diferencia un acuerdo bilateral de un acuerdo multilateral?
wh_question,¿Cuál es la función del cuerpo calloso?
wh_question,¿Qual és la diferència entre la sensació i la perceció?
wh_question,¿Què és el dilema del priviligiat?
wh_question,¿Què és la tragèdia del comú?
wh_question,¿En qué se diferencia el razonamiento inductivo del deductivo?
wh_question,¿Què és el mètode científic?
wh_question,¿En qué se diferencia la correlación de la causalidad?
wh_question,Qui era Lluís XIV?
wh_question,Què era Thomas Jefferson?
wh_question,Què era Karl Marx?
wh_question,Què era Rosa Parks?
wh_question,Què era Simone Weil?
wh_question,Què era Rachel Whiteread?
wh_question,Què era Frida Kahlo?
wh_question,Qui era Diego Rivera?
wh_question,Què era Pablo Neruda?
wh_question,Què era James Joyce?
wh_question,Què era Virginia Woolf?
wh_question,Què era George Orwell?
wh_question,Què era Franz Kafka?
wh_question,Què era Hermann Hesse?
wh_question,Què era Gabriel García Márquez?
wh_question,Què era Toni Morrison?
wh_question,Què era Maya Angelou?
wh_question,Què era Langston Hughes?
wh_question,Què era W.E.B. Du Bois?
wh_question,¿Dónde se inventó el revólver Colt?
wh_question,¿Adónde comenzó la Revolución Industrial por primera vez?
wh_question,¿Adónde se encuentra la biblioteca más grande del mundo?
wh_question,¿Adónde se inventó el juego de ajedrez?
wh_question,¿Dónde se estableció la primera bolsa de valores?
wh_question,¿Dónde se encuentra la Gran Valle del Rift?
wh_question,"Deu origen al cuon ""robot"" a una persona anònima que va publicar un article en 1920."
wh_question,¿Adónde se utilizó el primer dinero de papel?
wh_question,¿Dónde se encuentra la capa de ozono?
wh_question,¿Adónde se realizó el primer maratón olímpico?
wh_question,Deu origen al primer código legal escrito que se conserva hasta hoy en el mundo.
wh_question,¿A dónde desemboca el río Danubio en el mar?
wh_question,¿Dónde se firmó la Carta de las Naciones Unidas?
wh_question,¿Dónde se encuentra el mayor llano de sal del mundo?
wh_question,¿Dónde se encuentra el desierto de Atacama?
wh_question,¿Adónde voló el helicóptero por primera vez?
wh_question,¿A dónde va el parc nacional visitat més de tot el món?
wh_question,¿A dónde desemboca el Rin en el mar?
wh_question,¿En dónde se propuso por primera vez la teoría del desplazamiento continental?
wh_question,¿Dónde está el Monte Kilimanjaro?
wh_question,Què data la primera fotografia d'un agujero negre?
wh_question,Què data la fundació del Programa de l'ONU per la Medida de l'Entorn?
wh_question,- Quan va ser el primer únic de xampú de laborator?
wh_question,Quan va tenir lloc la primera clonació de mamífer successful?
wh_question,Què moment va ser la primera demostració de la edició genètica CRISPR?
wh_question,Què moment va tenir lloc la primera cirurgia robòtica?
wh_question,Què data va ser aprovada la primera medicació per al traiment del VIH?
wh_question,Què moment va completar el projecte del genoma humà?
wh_question,Què és la data de la primera sintetitització de l'aspirina?
wh_question,Què moment va ser estabilit la teoria germinal de la malalària?
wh_question,Què moment va declarar la OMS la pandàmia de COVID-19?
wh_question,Què és el últim brot major de Ebola?
wh_question,Què moment va ser la primera distribució generalitzada del vaccin contra la poliomelitis?
wh_question,Què data la primera fundació de la banca de sang?
wh_question,Què data va ser implantat el primer marcador de ritme?
wh_question,Què és la data de la invenció del stetoscop?
wh_question,Què data va ser la primera tomografia per a ressonància nuclear?
wh_question,Què moment va ser la primera vegada que s'utilitzava la anestesia en una cirurgia?
wh_question,Quan va sortir el primer antidepresivent al mercat?
wh_question,Què data va tenir lloc la primera trasplant de órgons amb successió?
wh_question,Per què el cervell recompensa el comportament de risc en els adolescents?
wh_question,Per què les persones formen connexió emocional?
wh_question,Per què sentim dolor?
wh_question,Per què genera el cervell els somnis?
wh_question,Per què les persones tenen diferents estils d'aprenentatge?
wh_question,Per què alguns nostres souvenirs són més vívidos i altres s’esfum?
wh_question,Per què els humans temin la mort?
wh_question,Per què experimentăm la nostàlgia?
wh_question,Per què la gent procrastin?
wh_question,Per què riem quan es onsca?
wh_question,Per què caiguen les llargues dels arbres caducifolios en l'estiu?
wh_question,Per què elbrot s'obscura?
wh_question,Per què flota el fusta a l'aigua?
wh_question,Per què producen el sot de les świantes?
wh_question,Per què formen les bollets en l'aigua hirviendo?
wh_question,Per què alguns materials es expanden quan es calen?
wh_question,Per què el sal li etana el gelo?
wh_question,Per què els metais conductiuen l'electricitat?
wh_question,Per què el sucre s'dissolveix més ràpid en l'aigua calenta?
wh_question,Per què s'anlenga el menjar quan s'fa menjar?
wh_question,¿De qué manera el cerebro distingue entre los recuerdos y la imaginación?
wh_question,Com adquin els nens el llenguatge?
wh_question,¿De qué manera la cultura influye en la identidad?
wh_question,Com s'formen els estereotips?
wh_question,Com funciona la propaganda?
wh_question,¿Cómo se desarrollan las normas sociales?
wh_question,¿Influencia la presión social en la toma de decisiones?
wh_question,¿Cómo guían los marcos éticos la toma de decisiones?
wh_question,¿Doncs com el mitjà estilitza la opinió pública?
wh_question,¿Cómo deciden los partidos políticos sus plataformas?
wh_question,¿Cómo interpreta la judicatura la legislación?
wh_question,¿Cómo se une un país a la Unión Europea?
wh_question,¿De qué manera el Tribunal Internacional resuelve las disputas internacionales?
wh_question,Com funcionen les sancions?
wh_question,¿Cómo establece una entidad central las tasas de interés?
wh_question,¿Cómo funciona la inflación orientada a objetivos?
wh_question,¿De qué manera se calcula el producto interior bruto de un país?
wh_question,¿Cómo afecta la política de tipos de cambio a las transacciones comerciales?
wh_question,¿Cómo estructuran sus asuntos fiscales las multinacionales?
wh_question,¿De qué manera un govern financia un deficit del budget?
wh_question,¿En qué consiste la diferencia entre la economía de oferta y la economía de demanda?
wh_question,¿Qual és el concepte de l'adverteu comparativa en el comerç?
wh_question,¿Què és el dilema del priviligiatat en la teoria dels jocs?
wh_question,¿Què és el canvi de oportunitat?
wh_question,¿En qué consiste la diferencia entre el PIB nominal y el PIB real?
wh_question,¿Què és l'efecte Fisher en economia?
wh_question,¿Què és la teoria de la empresa?
wh_question,¿Què és la elasticitat de preu de la demanda?
wh_question,¿Què és un esdeveniment Nash?
wh_question,Quina és la teoria de les vitrines rocades del crim?
wh_question,Qui era Adam Smith i qual era la seva principal contribució?
wh_question,Qui era John Maynard Keynes?
wh_question,Quin era Milton Friedman?
wh_question,Què era Amartya Sen?
wh_question,Què era Hannah Arendt?
wh_question,Què era Immanuel Kant?
wh_question,Què era John Stuart Mill?
wh_question,Quin era Jeremy Bentham?
wh_question,Què era John Locke?
wh_question,Qui era Thomas Hobbes?
wh_question,Qui era Niccolò Machiavelli?
wh_question,Quin era Sun Tzu?
wh_question,Qui era Confucè?
wh_question,Què era el Dalai Lama?
wh_question,Què era la Madre Teresa?
wh_question,Què era Desmond Tutu?
wh_question,Què era Wangari Maathai?
wh_question,Què era Malala Yousafzai?
wh_question,Què era Aung San Suu Kyi?
wh_question,Què era Ellen Johnson Sirleaf?
wh_question,¿En qué lugar se utilizó por primera vez la imprenta en Europa?
wh_question,¿Adónde se construyó la primera línea ferroviaria pública?
wh_question,Deu origen a la gripe espanyola en què lloc?
wh_question,¿Dónde se implementó el Plan Marshall?
wh_question,¿Dónde se probó por primera vez la bomba atómica?
wh_question,¿Dónde estaba la sede de la Liga de las Naciones?
wh_question,¿Dónde ocurrió la catástrofe de Chernóbil?
wh_question,¿Dónde ocurrió el accidente nuclear de Fukushima?
wh_question,¿Dónde ocurrió el derrame de petróleo de Deepwater Horizon?
wh_question,¿Dónde tuvo lugar el genocidio en Ruanda?
wh_question,¿En dónde se practicaba el apartheid?
wh_question,¿Dónde tuvo lugar la Guerra de Corea?
wh_question,¿A dónde estaba centrado el Crise dels Mísseis de Cuba?
wh_question,¿Dónde fue la invasión de la Bahía de Cochinos?
wh_question,¿Dónde se libró la Guerra de Vietnam?
wh_question,¿Dónde tuvo lugar la primera batalla de la Guerra Civil Americana?
wh_question,¿Dónde fue la fiesta del té de Boston?
wh_question,¿Dónde tuvo lugar la Batalla del Somme?
wh_question,¿Dónde se estableció el primer campo de concentración durante la Segunda Guerra Mundial?
wh_question,¿Dónde se celebró el juicio de Núremberg?
wh_question,Què data va ser la primera trave de pau internacional?
wh_question,Què moment va arribar l'extensión més gran del Imperi Mongol?
wh_question,Què data la fundació de la República romana?
wh_question,Què moment va caïr l'Imperi bizantí?
wh_question,Què és la època de les Croades?
wh_question,Què moment va ser la Pèrsia negra més severa a Europa?
wh_question,Què data la Inquisició espanyola?
wh_question,Què és la Guerra dels Trets?
wh_question,Què data la primera travesía transatlántica en avión?
wh_question,Què moment del Guerra Fredra va ser el més tens?
wh_question,Què és la Primavera de Praga?
wh_question,Quan va tenir lloc la revolució de Velúr?
wh_question,Què és el Acord de Camp David?
wh_question,Què data van ser sotts al Acord d'Oslo?
wh_question,Què és l'Acord del Viernes de Pasqual?
wh_question,Què és el Acord de Dayton?
wh_question,Què data va ser signat el Protokoll de Kioto?
wh_question,Quan començà la Gran Recessió?
wh_question,Què data va ser signat el Acordú Climat de París?
wh_question,Què moment va votar el Regne Unit per sortir de l'Unió Europea?
wh_question,Per què algunes cultures enterren els seus morts mentre altres cremen?
wh_question,Per què desenvolupen les societats diferents religions?
wh_question,Per què alguns llengües es extinguen?
wh_question,Per què a les democracies a veces no funcionen?
wh_question,Per què ocorren les revolucions?
wh_question,Per què alguns països es desenvolupen més ràpidament que altres?
wh_question,Per què es formen els monopoli en les economies capitalistes?
wh_question,Per què s'deprecia la moneda?
wh_question,Per què es formen les bollides financeres?
wh_question,Per què els països van a la guerra?
wh_question,Per què és important el dret a la majoria en una democràcia?
wh_question,Per què augmenten els crimes d'odio durant les recesions econòmiques?
wh_question,Per què alguns països tenen tasques més elevades de corrupció?
wh_question,Per què persisteix la pobreza a pesar del creixement econòmic?
wh_question,Per què creixen les zones urbanes més ràpidament que les zones rurals?
wh_question,Per què emigren les persones?
wh_question,Per què emprenen les llengües emprés tant de mots?
wh_question,¿Por qué algunas culturas tienen valores más individualistas que otras?
wh_question,Per què persisten les supersticions en les societats modernes?
wh_question,Per què la narrativa i la narració són importants per a les cultures humans?
wh_question,¿Cómo los arqueólogos datan los artefactos antiguos?
wh_question,¿Cómo evalúan los historiadores la fiabilidad de las fuentes primarias?
wh_question,¿Cómo controlan los científicos sociales las variables confundidoras?
wh_question,¿Com modelen els economistes el comportament humà?
wh_question,¿De qué manera la política pública traduce la investigación en acción?
wh_question,¿Cómo hacen las organizaciones internacionales para hacer cumplir sus decisiones?
wh_question,¿De qué manera toman decisiones vinculantes las Naciones Unidas?
wh_question,¿Cómo funciona la inmunidad diplomática?
wh_question,Com facin els països l'extradició de criminals?
wh_question,¿Cómo funciona una monarquía constitucional?
wh_question,¿Cómo funciona una legislatura bicameral?
wh_question,¿De qué manera la comisión electoral previene el fraude?
wh_question,Com funcionen els referendums en els sistemes parlamentaris?
wh_question,¿De qué manera influye la sociedad civil en la política gubernamental?
wh_question,¿Creuen que los think tanks dan forma al debate público?
wh_question,Com funciona la activitat de advocació en els sistemes democràtics?
wh_question,Com funcionen les revises judiciaires?
wh_question,¿En qué se diferencian los tribunales de apelación de los tribunales de instancia?
wh_question,¿Cómo llega un jurado a un veredicto?
wh_question,¿Cómo funciona la sentencia en el sistema de justicia penal?
wh_question,¿Qué significa el término terra nullius en el derecho internacional?
wh_question,¿Qual és la doctrina de la intervenció humanitaria?
wh_question,Quina és la responsabilitat de protegir?
wh_question,¿Qual és la diferència entre un estat i una nació?
wh_question,¿Què és el poder bland en les relations internacionals?
wh_question,¿Què és el dilema de la seguritat en la géopolitica?
wh_question,¿Què és la teoria de la disuadència?
wh_question,¿Qual és el concepte de soberania?
wh_question,Què és el balanç de poder en les relacions internacionals?
wh_question,¿Què és un estat fracassat?
wh_question,¿Què és la justiça transicional?
wh_question,¿Què és l'imperialisme cultural?
wh_question,¿Qual és el concepte de capital social?
wh_question,¿En qué se diferencia la investigación cuantitativa de la cualitativa?
wh_question,¿Què és l'efecte Hawthorne?
wh_question,¿Què és el viatge de confirmació?
wh_question,¿Què és la disonància cognitiva?
wh_question,¿Què és l'efecte del simple-passatge?
wh_question,¿Què és el biaisme d'ancoratge?
wh_question,¿Què és la heurística de disponibilitat?
command,Distribuïu els papers de la junta com a míniem al menjat anterior a la reunió.
command,Obtingeu les aprovacions necessàries abans de comprometure els gastos.
command,Actualiza el registre de actiu quan arribi nou equipament.
command,Confirmat el calendari de la reunió amb tots els participants.
command,Utiliza el modelo oficial cuando redacten la correspondencia.
command,Destruiu els documents després de que ha passat el període de conservació.
command,Mantenga els emails relacionats amb litigis o matèries reglamentars.
command,Asegureu-se de que todas las modificaciones se registren en el historial de versiones del documento.
command,Utiliza un número de versión único per a cada borrador.
command,Manteniu la copia principal al almacén de documentos central.
command,Registrarem totes les desviacions de les procedències estàndards immediatament.
command,Informe els responsables de la seguretat dels incidents de pròxim incident abans del final del dia.
command,Usa protectores auditivos en las zonas designadas para el ruido.
command,Firmi el registre de la taula de treball per a començar el treball.
command,"Participa, sin excepciones, en la reunión de seguridad previa al turno de trabajo."
command,Reemplace les utensili deteriorats abans de les utilitzar.
command,Etiquetar el echipament per a any manteniment o operació.
command,Bloqueja el suministro de energía antes de trabajar en los sistemas eléctricos.
command,Nunca entre en un espacio confinado sin una autorización.
command,Realitza un test de gasament per a entrar en un espace confinado.
command,Informe al equipo de rescate antes de entrar en el espacio confinado.
command,Tingueu sempre una persona de reserva quan entréis en un espace confinat.
command,Usa un arnés de seguridad cuando estés trabajando a una altura superior a dos metros.
command,Segureu tots els instruments amb cordes de salvament quan treballin a altet.
command,Asegureu-se de que tot el personal està clarament informada abans de baixar una carga.
command,Inspecta el andamio cada día antes de usarlo.
exclamation,Què una actuació extraordinarment bella d'un artista tan joven!
exclamation,Què peça de música coral és tan profunda i sonora!
exclamation,Un líder formidabilment inteligente i compassiu!
exclamation,Un documentari profundament emocionant sobre la crisi de migracions!
exclamation,Un novel sense precedents amb una ambició va impressionant per una obra de debut!
exclamation,Què narrativa rica en matèries i moralment complexa!
exclamation,Un esplendorós epic del període històric!
exclamation,Un retrat desgarrador d'una família que intenta sobrevivir!
exclamation,Un estudi tranquil i devastatorant sobre la solitud!
exclamation,Un treball deslumbrantment inventivo i lingüísticament aventureros!
exclamation,Una examinació sincera i acalorant del racisme sistèmic!
exclamation,Una espl·alada exploració de la identitat i el sentiment d'appartenència!
exclamation,Una meditació profundament conmovedora sobre el dolor i la recuperació!
exclamation,Un llibre molt fort intelligent i urgentinament necessari!
exclamation,"Què biografia magnífica, amb ilustracions molt belles i escrita amb molta delicades!"
exclamation,Un drama de época amb un muntatge suntuos i una actuació esplòrida!
exclamation,Un thriller psicològic amb una trama molt ben elaborada i una gran qualitat!
exclamation,"Que memòria culta, cálida i entretenida!"
exclamation,Un treball de eruditza molt argumentat i rigorósment probatiu!
exclamation,"Què una història sorpresiva i, al final, que afirme la vida!"
exclamation,Què obra de arte pública original i remarcable!
exclamation,Un croquis satírico perfectamente cronometrado i ejecutado de manera elegante!
exclamation,"Una comèdia devastadorenment divertida però, al final, desoladora."
exclamation,Què una actuació bravú que es va recordar durant anys!
exclamation,Un rol definidor de carrera para un actor tan joven!
exclamation,Què meraviglia la representació en grup!
exclamation,Què producció gloriosa i excesiva i divertimentíssima!
exclamation,Una adaptació hábil i simpàtica d'una novel·la notoriament difícil!
exclamation,Un enfocament reconfortantment imprevisible d'un gen familiar!
exclamation,Un equilibri molt ben valuït entre la comèdia i el pathos!
exclamation,Què compromès amb el rol de manera completa i devastadora!
exclamation,Què mestresment navega la dramatègia per la ambigüitat moral!
exclamation,Què de destacàtic la pel·lícula capta la textura de la vida quotidiana!
exclamation,Què inesperatament subvertit la narrativa la seva pròpia premisa!
exclamation,Doncs és com dèu quan la escena final és tan bella i alhora tan devastadora emocionalment!
exclamation,Què potent amplificació fa la banda sonora de cada golpe emocional!
exclamation,Què genialment crea la edició una sensació de terror en creixement!
exclamation,Què precisió el director per controlar cada fotograma!
exclamation,Doncs com el repartició ha elevat magníficamente el material ja excepcional!
exclamation,Què completment m'ha trastornat la pel·lícula desde el primer cadra!
exclamation,Què ricament atmosfèrica i profundament inquietant és la paleta visual!
exclamation,"Què sorpreses resulta aquesta producció dramàtica, que sembla ser tan seria! Més encançant i més sorpres que esperava!"
exclamation,Doncs com el film de maneja la ambigüitat i la contradicció de manera tan bella!
exclamation,Què profundament desafia la història les precepcions sobre la justiça i la compaïòria!
exclamation,Què tristament demoleix la imatge final!
exclamation,Què reconfortantment desensibilizat és el tractament del film sobre el tema!
exclamation,Què genialment complica el film les nostres sympathies!
exclamation,Què emotivament valida la història la experiència de la gent que no es veu!
exclamation,Donava tota la justícia al llarg esperament per la seva publicació!
exclamation,Doncs com la pel·lícula maneja de manera graciosa el temàtic difícil!
exclamation,Què triomf va ser aquesta misssió espacial de la tenença humana!
exclamation,Un record profund de que l'univers és molt més estrany de què imaginem!
exclamation,Què ilustració humillante de la vastitat del temps cósmic!
exclamation,Que èsta és una fita tècnica impressionant del equip tècnic!
exclamation,Què imatge bellament poética emerge d'una ciència tan dura!
exclamation,Què una sinergia remarcable entre l'ambició científica i la voluntat política!
exclamation,Què lesència tan preocupant de la fragilitat de tot el que hem construït!
exclamation,Un argument molt fort per a continuar la investició en la investigació de base!
exclamation,Una emocionante demostració de concept per a tot el sector!
exclamation,Un monument tan adequat per commemorar des d’èpoques de esforç científic col·lectiu!
exclamation,Un resultat meravillós contraintuït!
exclamation,Què una demostració demagogràtic d'aquest que la curiositat humana pot aconseguir!
exclamation,Un moment crucial per el campo de la cosmología!
exclamation,Què vindicació extraordinària per a una teoria que molts desconsideraven!
exclamation,Què ventja inesperada per a la història precoce del univers!
exclamation,Una confirmació profundament satisfactòria de desècades de treball teòric!
exclamation,Què peça de tecnologia transformadora per al món en desenvolupament!
exclamation,Què solució inesperadamente elegant per a un desafiament d'enginyeria tan complex!
exclamation,Què una demostració remarcable de tot el que un petit equip pot aconseguir!
exclamation,Què col·laboració inspiradora entre disciplines que rarament parlen entre elles!
exclamation,Què profundament desafia la descoberta tot ciò que pensav més sobre el cosmos!
exclamation,Qué genialment el equip va a convertir un revés tècnic en un avançament!
exclamation,Què elegantment descriu la matemàtica la realitat física!
exclamation,Què sorpreses de belles resultaven els dades bruts!
exclamation,Doncs com el nou model substituís completament al seu predecessor!
exclamation,Donavalt com el telescopi va portar l'univers invisible al foc!
exclamation,Què d'inspirant és la col·laboració internacional que ha estat a l'orizont de aquesta descoberta!
exclamation,Què extraordinari és que un instrument tan petit pot generar tant de coneixements!
exclamation,Què precisament el experiència va testar els límits de tot el que és teóriament possible!
exclamation,Què gratificant va ser que el resultat validasse els anys de preparació metentós!
exclamation,Què escena emocionant va ser el retorn dels astronautac a la terra natal!
exclamation,Què privilegiat és que fossin presenciats el llançament en viu!
exclamation,Què execució impecable d'una missio extraordinarament complexa!
exclamation,Quinsons de notables científics i enginyers la nostra sort ha de ser!
exclamation,Què una quantitat extraordinària de dades enviarà aquesta sonda!
exclamation,Una manera tan inspiradora de demostrar el poder de la cooperación internacional!
exclamation,Un tribut tan just a tots els que ha treballat en aquest projecte durant les dècades!
exclamation,Que dia gloriós per a la història de la exploració!
exclamation,Què orígen deixar aquesta missió per la següent generació de científics!
exclamation,Què una fonna increíble de enginyeria de precisió!
exclamation,Doncs com la imaginació pública va ser còpia perfecta de aquesta missió!
exclamation,Donavalt la comprensió que avexim del sistema solar gràcies a aquesta misssió!
exclamation,Què profundament humillante és contemplar la magnitud de tot ciò que s'ha aconseguit!
exclamation,Doncs com la col·laboració entre les nacions va demostrar com és possible!
exclamation,Què meraviglia que el temps que va haver entre el somni i la realització sigui tan curt!
exclamation,Què de sorprenentamentes les imatges revelaven un món més estrany i bell que es preveia!
exclamation,Què gratificant va ser que els anys de formació i preparació van valer la pena per a l'equip!
exclamation,Què inesperatament la misssió va obtenir resultats molt més extensos que els seus objectius originals!
exclamation,Doncs com el programa en si justificava magníficamente l'investiment públic!
exclamation,Què de potentment nos recordaven les imatges des del espacio la fragilitat de la Terra!
exclamation,"Què una performance perfecta, equilibrada i tècnicament sublimes al tatxeu!"
exclamation,Què una notable jugada tctica al quart de final!
exclamation,Què una deslumbrante demostració de poder i precisió del campió!
exclamation,Un esforç heroic de l'atleta afectada per les lesions!
exclamation,Un concurs brutal però fascinant entre dos equipes excepcionals!
exclamation,Un pallona al límit perfecte per el migcampista!
exclamation,Què bravura de individuen!
exclamation,Un gol espectacular de fuera del área penal!
exclamation,Un final clínic i compostat sota pression!
exclamation,Un joc de pressa implacable i dinamic de la banda local!
exclamation,Qué magnífica actuación de gestión del juego por parte del equipo con más experiencia.
exclamation,Un dramatèsic guanyador final de última penina de l'adjudicació de l'adjudicació!
exclamation,Què una exhibició comandant i dominanta del campió de les presemes més pesades!
exclamation,Què decidents ferozes i competitius va resultar!
exclamation,Un reto molt oportunitat del defensa central!
exclamation,Un primer toque magníficament controlat de l'ala!
exclamation,Un peça de driblar deslumbrantment hábil!
exclamation,Un escenari treballat al millor possible des del camp d'entrenament!
exclamation,Que magnífica jugada de pase de un solo toque per fer un agujero a la defensa!
exclamation,Què treball incansable i extraordinari fa el joveneix de mitjaven!
exclamation,Què completment el campió desmantelà el desafiament d'un oponent molt valorat!
exclamation,Donava una magnífica demostració el grup de jugadors que s'ha reuniment després de haver cedit el primer gol!
exclamation,Què genialment el entrenador va identificar la debililla tctica i va explotar-la!
exclamation,Què inesperatament el underdog va controlar el ritme del concurs!
exclamation,Donava una sensació de grandiositat al capitàn amb la seva actuació de la segona meitat!
exclamation,Què decisió el arbitre en la interpretació de les incidències més importants!
exclamation,Doncs com el joven jugador li lia el joc de manera molt bella per a una persona que és molt inexperiençada!
exclamation,Què completment el conjunt justificava la fe que el seu gestor va mostrar en ells!
exclamation,Donem gràcies per la magnificència de la gent que va respondre a cada twist del concurs!
exclamation,Què força va portar-les la energia colectiva del grup!
exclamation,Què temporada rècord ha estat aquesta per al sport!
exclamation,Què finalitat per una carrera de jugador legendària!
exclamation,Un crescendo deslumbrant per la campanya del campionat!
exclamation,Què transformació notable va ser sota el nou personal de entrenadors!
exclamation,Un argument molt convinc ent per invertir en programes de desenvolupament juvenil!
exclamation,Una defensa de la visión estratégica a largo plazo del club!
exclamation,Un triomf profundament satisfator per els seguidors fidels!
exclamation,Què conclusió dramàtica i carregada d'emocions per a la temporada!
exclamation,Un testament de la resiliència i la unitat del grup!
exclamation,Un moment definidor de la història de aquest club!
exclamation,Què sorpreneix com ha estat el capitàn durant tota la campanya!
exclamation,Donem gràcies per la magnificència de la retribució de la infraestructura!
exclamation,Què transformava completament la fortuna del conjunt amb la nova formació!
exclamation,Què decisió el club quan s'ofreciu l'oportunitat!
exclamation,"Donem gràcies, el equip d'analítics ha identificat la principal debilitat de l'oposició de manera genial!"
exclamation,Donem com els jugadors respondien admirablement als dificultats personals fora del camp!
exclamation,Què determinació va mantenir el grup de jugadors la concentració durant la llarga temporada!
exclamation,Què gratificant va ser que la paciència dels sufragistes finalment ha estat recompensada!
exclamation,Donem gràcies per la genialitat del club en navegar per les restriccions financeres per arribar al succes!
exclamation,"Donem-li la magnitud que se merece a aquesta victòria, que reflecteix de manera magnífica a tots els associats del club."
exclamation,Un devastador terremot va afectar la regió litoral durant la nit!
exclamation,Què resposta heroica van donar els serveis d'emergència després!
exclamation,Què tragèdia per la mort d'aquesta manera en un temps tan breu!
exclamation,Una poderosa ilustració de la necessitat d'una millora de la preparació per a les calamitats!
exclamation,Què meraviglia la història de supervivència de la operació de rescatament!
exclamation,Què una plega conmoventent de solidaritat de la comunitat internacional!
exclamation,Què temps difícil i angustiant per les famílies afectades!
exclamation,Un record crucial de la importància dels sistems d'avís per a temps útil!
exclamation,Què extraordinària mobilitat de recursos en un tant de temps!
exclamation,Què història edificant de resiliència comunitaria en medio de la devastació!
exclamation,Què ràpid va ser la comunitat internacional de ajuda a reaccionar a la crisi!
exclamation,Què valent treballaron els voluntaris locals tot el dia!
exclamation,Què eficácia va limitar la coordinación entre les agències la mort!
exclamation,Què emociógentament van ajudar els veïns els uns als altres durant la catàstrofe!
exclamation,Què impressionant va treballar el personal de rescatament en les condicions tan difícils!
exclamation,Què completment les aigües de la creu han submergit les defenses contra les inundaçions existent!
exclamation,Què urgentment apelaven les autoritats per obtenir un suport i recursos addicionals!
exclamation,Què profundament ha afectat la tragèdia a tota la nació!
exclamation,Què de potentment les imatges de la zona del desastre transmettenen la magnitud de la destrucció!
exclamation,Donem-li gràcies a la comunitat afectada per unir-se de manera magnífica per iniciar el procés de reconstrucció!
exclamation,Un resultat genuinment extraordinari en un partit que semblava ser un joc inexistent!
exclamation,Que meravellosa publicitat per al món del ciclotreu a un escenari internacional!
exclamation,Què spectacular performance individualista ha de ser degustada!
exclamation,Què victòria personal i difícil de obtenir!
exclamation,Què conclusió teatralment adequada al torneig!
exclamation,Què una superba batalla tctica entre dos mestres entrenadores!
exclamation,Un concurs tan captivant i de alta qualitat de un primer a un últim!
exclamation,"Un perfecte combinació de destreza, atléticisme i determinació!"
exclamation,Que magnífica aclamación a la leyenda que se va a retirar antes del partido!
exclamation,Que és un recorde notable que perdurará durante els anys venients!
exclamation,Donava una magnífica ocasió per a que amb amb amb amb amb amb amb amb amb amb amb amb amb amb amb amb amb amb amb amb amb amb amb amb amb amb amb amb amb amb amb amb amb amb amb amb amb amb amb amb amb amb amb amb amb amb amb amb amb amb amb amb amb amb amb amb amb amb amb amb amb amb amb amb amb amb amb amb amb amb amb amb amb amb amb amb amb amb amb amb amb amb amb amb amb amb amb amb amb amb amb amb amb amb amb amb amb amb amb amb amb amb amb amb amb amb amb amb amb amb amb amb amb amb amb amb amb amb amb amb amb amb amb amb amb amb amb amb amb amb amb amb amb amb amb amb amb amb amb amb amb amb amb amb amb amb amb amb amb amb amb amb amb amb amb amb amb amb amb amb amb amb amb amb amb amb amb amb amb amb amb amb amb amb amb amb amb amb amb amb amb amb amb amb amb amb amb amb amb amb amb amb amb amb amb amb amb amb amb amb amb amb amb amb amb amb amb amb amb amb amb amb amb amb amb amb amb amb amb amb amb amb amb amb amb amb amb amb amb amb amb amb amb amb amb amb amb amb amb amb amb amb amb amb amb amb
exclamation,Doncs com el talentós jovent va fer el que es va requerir en aquesta gran ocasió!
exclamation,Què decisió la impulsion després de la substitució crucial!
exclamation,Doncs com els jugadors més experients van guiar els membres més joves del grup!
exclamation,Què completment el resultat va contrari el consens de l'anàlisi prè-partida!
exclamation,Què contrastava la gestió de la banda!
exclamation,Què profundament motivarà la derrota al conjunt per la temporada que va a venir!
exclamation,Doncs com el vitori amb una gracia i humilitat tan magnífica!
exclamation,Què de inesperatament emocionants van ser les entrevàsies post-partida!
exclamation,"Donava una nota perfecta a la ocasión, honrando el espíritu de lo que es este deporte."
polar_question,El formulari de candidatura està disponible en formats accessibles?
polar_question,Estuven els criteris per a la concessió accessibles al públic?
polar_question,El shortlist es publicado antes del anuncio?
polar_question,Són els juí els independents?
polar_question,És el procés d’evaluació transparent?
polar_question,Estuven els resultats susceptibles de apel?
polar_question,Hi ha una taxa per presentar la candidatura?
polar_question,Estu els criteris d'eligibilitat declarats clarament?
polar_question,La competició és oberta a les candidatures internacionals?
polar_question,¿Son necesarios los materiales de apoyo con la solicitud inicial?
polar_question,El comitè ha respectat el quórum requerit?
polar_question,Recibíren els solicitants una notificació adequada?
polar_question,Els assessors declaraven els seus interessos?
polar_question,El sistema de puntuació va tratar igual a todos los solicitants?
polar_question,Recibíeren los candidatos finalistas retroalimentación?
polar_question,El comitè de selecció incluia perspectives diverses?
polar_question,El venedor va cumplir amb tots els criteris d'eligibilité?
polar_question,El procés va tenir en compte les directrius publicades?
polar_question,S'han originat alguna reclamació del procés de selecció?
polar_question,El patrocinador organizativo va aprovar la elecció final?
polar_question,S'ha donat a saber al venedor?
polar_question,S'ha confirmat la cerimònia de lliurament del premi?
polar_question,Ha estat aprovada la publicació del comunicat?
polar_question,Ha estat aprovada la cita?
polar_question,S'ha transferit el fons del premi?
polar_question,S'ha presentat el discurs de accepció?
polar_question,S'ha confirmat el lloc per a la presentació?
polar_question,S'ha preparat el comunicat de pressió?
polar_question,S'ha distribuït el link de la retransmisión en vivo?
polar_question,El programa ha estat finalitzat?
polar_question,S'han contactat a tots els nominats?
polar_question,S'han convengut els termes i condicions?
polar_question,Han estat convidats els vencedors del passat?
polar_question,Els patrocinadors han confirmat la seva presència?
polar_question,S'han disposat les fotografies?
polar_question,S'han verificat les notes biogràfiques?
polar_question,S'han fet les disposicions tècniques?
polar_question,S'han reservat els serveis de traducció?
polar_question,S'han confirmat les necessitats dietàtiques?
polar_question,S'han coordinat les arrenes de viatge?
polar_question,Serà la cerimònia transmesa en viu per internet?
polar_question,Seran les categories de premi més variades l’an que vendiure?
polar_question,El valor del premi augmentará?
polar_question,Seran revisats els criteris d'eligibilité?
polar_question,Es va introduir una nova categoria?
polar_question,Es possible que se actualice el portal de presentación?
polar_question,Serán publicados los criterios de evaluación con antelación?
polar_question,Es va fer una auditoria independent del procés de selecció?
polar_question,Recibirán los no ganadores un feedback?
polar_question,Serà lli la cerimònia anual o biannual?
polar_question,És el importiu de la subvenció suficient per a cobrir tots els costos?
polar_question,Són les condicions de la subvenció restrictives?
polar_question,És la freqüència de raportament ra mésió?
polar_question,Seren els milestones són realistes?
polar_question,Està el finançador disposat a fer amendaments?
polar_question,Són acceptables els costos indirects?
polar_question,El plantilla del budget s’ha proporcionat?
polar_question,S'requieren fons combinats?
polar_question,El període de subvenció és extensible?
polar_question,Són els requisits d'auditat proporcionals?
polar_question,El projecte va aconseguir els seus objectius declarats?
polar_question,El informe va satisfantar els requisits del financiador?
polar_question,El projecte va mantenir els seus ingressos al llarg del període previst?
polar_question,Els beneficiaris havien demanat una mejora?
polar_question,Identificava la evaluació provisional alguna preocupació?
polar_question,El projecte va trobar algunes situacions impredictibles?
polar_question,El equipo del projecte va reconeixer el finançador de manera adequada?
polar_question,El informe final va ser ratificat?
polar_question,Els activitats de finalització van passar ben?
polar_question,Han informat les leses la següent candidatura de finançament?
polar_question,S'ha presentat el informe final?
polar_question,El financiador ha reconozçido el recibo?
polar_question,S'ha lliurat el pagament final?
polar_question,S'ha completat la auditoria de clausura?
polar_question,El projecte ha estat formalment clausurat?
polar_question,S'ha presentat una solicitud de finançament ulterior?
polar_question,La evaluació ha estat publicada?
polar_question,S'ha compartit el coneixement amb el sector?
polar_question,S'ha informat el equip del resultat?
polar_question,S'ha actualitzat el registre del projecte?
polar_question,S'han signat les entregües?
polar_question,¿Han devuelto los fondos no gastados?
polar_question,S'han arhivat els registrats del projecte?
polar_question,S'han donat gràcies als voluntaris?
polar_question,Han estat acreditats els partners?
polar_question,S'han materializat els riscos com s'esperava?
polar_question,S'han clarificat els cas d'estudi del beneficiari per a la publicació?
polar_question,S'han conservat els instruments de recerca de dades?
polar_question,S'han etiquetat i conservat les fotografies?
polar_question,S'han respectat les obligacions en materia de protecció de dades?
polar_question,El financiador considerará una subvención de continuación?
polar_question,Es probable que el proyecto se repita en otras partes.
polar_question,S’utilitzaran els resultats per influenciar la política?
polar_question,¿La evaluación será revisada de manera independiente?
polar_question,S'han de presentar els coneixements a una conferència del sector?
polar_question,Esdeumnirà una nova aplicació per davant de la data límite?
polar_question,El modelo del projecte es empaquetat per que altres ho adopti?
polar_question,Queda establecida la asociación más allá del período de financiación?
polar_question,Es buscarán fondos adicionales para incorporar los resultados?
polar_question,Estaran els beneficiaris implicats en la configuració de la fase següent?
polar_question,És la petició de planificació valora?
polar_question,Estu els dibuixos enviats a escala?
polar_question,El responsable de la planificación está disponible para discutir la solicitud?
polar_question,Són les objeccions a la petició justificades?
polar_question,El presentat està dins del període de consulta legal?
polar_question,Són els materials proposats acceptables per la autoritat de planificació?
polar_question,El lloc està dins d'una zona de conservació?
polar_question,Aquestes arbres són proteguts?
polar_question,El camino de acceso ha sido adoptado?
polar_question,Estu inclòs tots els informes tècnics necessaris?
polar_question,El promotor presentó la evaluación del impacto ambiental a tiempo?
polar_question,Recibí el consell alguna objecció de les persones obligades a participar?
polar_question,El solicitant ha respondut a todas les preguntes del responsable de planificació?
polar_question,El comitjat va aprovar la petició en la primera audiència?
polar_question,El tribunal de apelació va confirmar la decisión?
polar_question,El acord de la secció 1-06 es va signar?
polar_question,El promotor ha cumplido todas las condiciones previas al inicio de las obras?
polar_question,El inspector de edificacions va realitzar totes les inspeccions requerides?
polar_question,El pla de construcció va expirar abans de començar la construcció?
polar_question,El contratista ha presentado el plan de gestión de la construcción requerido?
polar_question,S'ha concedit la permís de urbanització?
polar_question,S'ha presentat el recurso?
polar_question,S'ha executat l'acord de la secció 1-0-6?
polar_question,S'ha respectat el desenvolupament dels plans aprovados?
polar_question,S'ha emès un certificat de compleció?
polar_question,S'ha respectat el comunicat de execució de la planificació?
polar_question,S'ha actualitzat la valoració de la zona de conservació?
polar_question,S'ha adoptat el pla local?
polar_question,La evaluació del impact ambiental ha sido publicada?
polar_question,El desenvolupador ha satisfetat la necessitat de habitat abatible?
polar_question,S'han resoldit les condicions prèvies al començament?
polar_question,S'han avisat els veïns de la solicitud?
polar_question,S'han fet les inspeccions ecològiques requerides?
polar_question,S'han considerat totes les representacions?
polar_question,S'han pagat les contribucions de infraestructura?
polar_question,S'han confirmat les rutes de acces al públic?
polar_question,S'han aprovat les mesures de protecció de les arvores?
polar_question,Han acceptat les propostes de drenaggio?
polar_question,S'han abordat les observacions sobre les autopes?
polar_question,S'han registrat les condicions del consentiment?
polar_question,El comitè de planificació considerarà la solicitud en la próxima reunió?
polar_question,El solicitant va intentar apelar si se rechaza la solicitud?
polar_question,Querrà la secció 1-0-6 que s'exigui una obligació de planificació?
polar_question,El desenvolupament desencadenarà una evaluació d'impact ambiental?
polar_question,Es de esperar que se consulte al oficial de conservación?
polar_question,La petició va arribar a una consulta pública?
polar_question,"Amb els números de habitat, es va cumplir el pla quinquenal del consistori?"
polar_question,El inspector de urbanisme anulará la decisión local?
polar_question,El asesoramiento previo a la solicitud se proporcionará por escrito?
polar_question,Quedarán retirados los permisos de desarrollo permitidos?
polar_question,El preu del contract és fix?
polar_question,¿Son los términos de pago de treinta días netos?
polar_question,El indemnizamiento està limitat a la valor del contract?
polar_question,Què tipus de exclusió hi ha en la clau de responsabilitat?
polar_question,El termen de prescripció és de dos anys o de sis?
polar_question,S'apliquen les indemnizacions liquidables?
polar_question,La propietat de la propietat intelectual és de l'client?
polar_question,Què covenants restrictius hi són?
polar_question,És la clau obligatori per a la resolució de disputes?
polar_question,Estuven els continguts de contingències de força major al contract?
polar_question,Ambdues partides executaron el contracte?
polar_question,El contratista ha respectat les dates de etapes?
polar_question,El client va aprovar els entregables?
polar_question,El fornidor ha emès les factures correctes?
polar_question,El pago s'ha efectuat en el termini acordat?
polar_question,S'ha convenut de l'extensió del temps?
polar_question,La variació va ser autoritzada per escrito?
polar_question,S'en convenien les partits del càstig?
polar_question,El árbitro ha dictaminat la sentència dentro del pla de temps?
polar_question,El mediador ha aconseguit resoldre el litigi?
polar_question,S'ha entregut el avís de resolució?
polar_question,S'ha transferit el litigi a una comissió de resolució?
polar_question,S'ha executat el sentenci?
polar_question,S'ha efectuat el pagament de les indemnizacions?
polar_question,El contract ha estat renovat?
polar_question,S'ha executat el acord de novena?
polar_question,S'ha consentit a la designació?
polar_question,S'ha solvat la retenció?
polar_question,Ha expirat el període de responsabilitat per defectes?
polar_question,¿Ha sido devuelta la fianza de ejecución?
polar_question,S'han valorat les variacions?
polar_question,S'han arribat les cuentas finales?
polar_question,S'han resoldut totes les reclamacions pendents?
polar_question,Han conservat els registrats durant el període contractual?
polar_question,¿Han proporcionado las garantías?
polar_question,S'han pagat els subcontractants?
polar_question,S'han cedut els bonos i les garanties?
polar_question,S'han resolvat tots els elements pràctics de la finalització?
polar_question,Ha continuat en vigor la cobertura de seguros durante todo el tiempo?
polar_question,S'han entregut els documents del projecte al completar-lo?
polar_question,Serà el preu fixat per tot el dur dels projectes?
polar_question,El contract incloureix un mecanisme de revisió?
polar_question,¿Habrá una revisión de rendimiento a los doce meses?
polar_question,¿Se va a exigir al proveedor que mantenga la estabilidad de los precios?
polar_question,Serán los términos objeto de una renegociación anual?
polar_question,El valor del contrato estará sujeto a indexación?
polar_question,Serà el pagament basat en etapes?
polar_question,El client retenrà un procentsatge fins a la finalització final?
polar_question,Incluirán las disposiciones de resolución de disputas un procedimiento de escalada?
polar_question,El acord s’governarà per la legislació d’Anglaterra i del País de Gales?
polar_question,Estuven els dades al interior del Espai Econòmic Europeu?
polar_question,S'autoritzen les transfers de dades personals a països tertius?
polar_question,El procesador de datos está obligado por un acuerdo de procesamiento de datos?
polar_question,Estuven les períodes de retenció documentats de manera clara?
polar_question,El fundamento jurídico para el tratamiento está registrado en el registro?
polar_question,S'han de gestionar les demandes d'accès del titular en un mes?
polar_question,El avís de privacidad està actualitzat?
polar_question,Recueben les cookies amb el consentiment?
polar_question,El responsable de la protección de datos està registrat amb el regulador?
polar_question,Estuven els processos de determinació automatitzada al càrrec de la revisió humana?
polar_question,S'ha produït la brecha com resultat d'un atac de phishing?
polar_question,Recibíeren los afectados una notificación en un plazo de setenta y dos horas?
polar_question,La organización ha evaluat si la brecha era notificable?
polar_question,Recognouu l'autoritat de supervisió la recepció del informe?
polar_question,El responsable del tratamiento de datos ha tomado las medidas correctivas adecuadas?
polar_question,Recibíeren els funcionaris de formació en protecció de dades aquest any?
polar_question,¿Cumplieren les mesures de seguridad el estàndard de última generació?
polar_question,Ha reduït la pseudonimització el risc a nivells acceptables?
polar_question,Identificava la evaluació d’impact del protecció de dades riscos importants?
polar_question,Ha reunit el consell un informe sobre la brecha de dades?
polar_question,S'ha registrat la brecha en el registre d'incidentes?
polar_question,S'ha enviat la notificació al regulador?
polar_question,S'ha actualitzat el avís de privacy?
polar_question,El procesador ha signat el acord de prelucrada de dades?
polar_question,S'ha efectuat la evaluació d'impact del traspàs?
polar_question,El mecanisme de consentiment ha estat revisat des de la última actualització de la plataforma?
polar_question,El responsable de la protección de datos ha revisado la nueva actividad de tratamiento?
polar_question,S'ha actualitzat la formació del personal després del breu?
polar_question,El responsable del tratamiento ha ratificat la evaluació del risc?
polar_question,S'ha confirmat la legalitat de la transferència internacional?
polar_question,¿Han sido procesados los pedidos de supresión dentro del plazo requerido?
polar_question,S'han respondut els requeriments d'accès del titular a temps?
polar_question,¿Han sido categorizadas las galletas correctamente?
polar_question,S'han actualitzat els calendaris de retenció?
polar_question,¿Han sido auditados los procesadores este año?
polar_question,S'han identificat les activitats de prensament de risc major?
polar_question,S'han informau els funcionaris sobre la política actualitzada?
polar_question,S'han conservat els registrats del consentiment de manera segura?
polar_question,S'han completat les assesses de risc per a tercers?
polar_question,¿Han revisado las transferencias de datos internacionales tras el cambio en la ley?
request,Podria veure a cà que els nostres nostals inicien properment?
request,Sería capaz de gestionar la consulta del cliente mientras viajo?
request,Podria preparar un breve glosario de los términos técnicos utilizados en el informe?
request,No t’interessa buscar un lugar adecuado para el día fuera del lugar de trabajo?
request,Podria contactar al proveedor anterior para obtener un presupuesto de comparación?
request,Seria possible que reuniera las opiniones del equipo sobre el cambio propuesto?
request,Podria preparar el paquete para el nuevo miembro del comité?
request,No t’interèssi fer una verificació de la identitat del nou fornidor abans de continuar?
request,Podria elaborar una respuesta de espera para la consulta de prensa?
request,Podria proporcionar una breve descripción del contexto normativo?
request,Podria facilitar el proceso de firma con las partes interesadas relevantes?
request,No tindries preocupació si vols comprovar el historial de versions del document?
request,Podria preparar una diapositiva que resuma los principales riesgos?
request,Seria possible presentar a los ponentes al inicio de la sesión?
request,Podria generar una versión accesible del informe?
request,No tindries a comprovar que el camí es reseta per a la sessió de la tarda?
request,Podria ajudar-me a preparar la solicitud para la subvención?
request,Ser-ia capaç de reunir les seves comentaris del pilotatge?
request,Podria establir una relació amb el coordinador del lloc per a la configuració?
request,No t’interèssi en perseguir al empresa de construcció per al treball pendiente?
request,Desitgava que podiessies veure això abans que arribi al consel de direcció.
request,"Apreciaria que, si detecta algún problema de cumplimiento, nos lo señalara."
request,M’avincint preguntant si podriessiu ajudar a identificar un sucessor adequat.
request,Seria gràcia si pogués organitzar la contrafirma.
request,Desitgava que fos possible que participasses en el comitè de supervisió.
request,Apreciearia molt una evaluació sincera de la situació.
request,M’avincint preguntant si podriessiu comprovar si els dades són actuals.
request,Seria gràcia si pogués preparar els punts de discussió per a la informació.
request,Desitjava que pudiessin encapçalar a un acord sobre el que hauria de ser el nostre pas següent abans del terme de la setmana.
request,Apreciaria que informasse la taula de tots els canvis.
request,Seria convenient que nos encontráramos allí la semana que viene?
request,Seria posible incluir una recomendación en el informe?
request,Seria demasiado trabajo añadir un glosario al apéndice?
request,Seria posible recibir el primer borrador para el miércoles?
request,Seria convenient distribuir el orden del día un día antes la próxima vez?
request,Seria posible reducir la tarifa un diez por ciento?
request,Seria una petición excesiva pedir un informe mensual de progreso?
request,Seria posible celebrar la reunión en nuestras oficinas esta vez?
request,Seria convenient programar una llamada de seguimiento cada lunes por la mañana?
request,Seria possible proporcionar los datos en un formato anónimo?
request,Podria suggerir-me que revisitemos la decisión en la próxima reunión?
request,Podría solicitar una breve prórroga del plazo para los comentarios?
request,Podría preguntarle si se distribuyen los actas antes de cerrar el negocio?
request,Quería llamar la atención sobre el riesgo asociado con el cronograma propuesto.
request,Podria suggerir que el comité nombrara un ponente?
request,Podría solicitar el derecho a dirigirme al panel antes de que se tome la decisión?
request,Podria proponer que se busque una verificación independiente?
request,Podría preguntarle al presidente si permite una breve declaración adicional?
request,¿Podría recomendar que el asunto se remitiera al comité de ética?
request,Podria suggerir una breve pausa antes de las deliberaciones finales?
request,Podria revisar los términos del contrato antes de que se acuerde la renovación?
request,Seria capaç de preparar una estratègia de negociació estructurada?
request,Podria garantir que la lista de control de cumplimiento ha sido firmada?
request,Seria possible encontrar una fecha que se ajuste a todos los participantes externos?
request,Podria investigar sobre los flujos de financiación alternativos para este proyecto?
request,Podria ajudar a desarrollar el caso de negocio?
request,Podria fer una xarxa de dependències abans de comprometre’t amb el calendari?
request,Podria presentar les opcions al grup de gestió?
request,Podria identificar qui té la autoritat per signar-ho?
request,Podria confirmar si es requería la aprobación previa reglamentaria?
request,Podríeis garantir que el sistema está completamente probado antes de la fecha de puesta en marcha?
request,Podeu obtenir la confirmació del interessat per escrito?
request,Podeu enviar un seguimiento a cualquiera que aún no haya respondido?
request,Podria organitzar perquè el grup legal revise la cláusula de indemnización?
request,Podria veure si hi ha un plantilla que podamos adaptar?
request,Podríeis comprovar si necessitaviem un acord de compartiu de dades?
request,Podes mostrarles las cifras al equipo de finanzas antes de que nos comprometámos?
request,Podria garantir que el nuevo proceso esté documentado antes de que comience la formación?
request,Podria confirmar si el seguro cobre esta tipologia d'activitat?
request,Podria contactar amb el departament de TI per a saber més sobre les necessitats de seguritat?
request,Apreciaria que puessi comprovar de nou la exactitud de la referència.
request,Seria gràcia si podiesen ajudar a agilizar el procés d'approvació.
request,Querería que compartieras cualquier persona que conozcas en ese sector.
request,Apreciearia la seva ajuda per identificar el públic adequat per a aquest missatge.
request,Seria gràcies si podieseu marcar ambigüedades en el projecte.
request,Aquestarnau la teva perspectiva sobre la millor manera de situar aquesta proposta.
request,Apreciearia que pudessieu gaudir d'una percepcció del humores del saló.
request,Ser-ia molt gràcies si puc ajudar-vos a navegar pel procés d'aprovaçament intern.
request,Querería que pudiesen echar un vistazo al presupuesto antes de que lo envíe.
request,Apreciaria el seu advies sobre la forma de responder a la queja.
request,Podria organizar una segunda lectura del documento antes de su publicación?
request,Ser-ia possible organitzar una reunió prèvia a la sessió principal?
request,Podria ajudar-nos a identificar les mesures correctes per a seguir el succes?
request,Ser-ia capaç de preparar un document FAQ per al nou procés?
request,Podria investigar què han hecho otras organizaciones similares en esta situación?
request,Ser-ia capaç de registrar les decisions que s’han adoptat de forma informal?
request,Podria preparar una versión en lenguaje sencillo de la especificación técnica?
request,Seria capaç de identificar els riscos que encara no han estat identificats?
request,Podes asegurar que todas las versiones estén claramente marcadas con la fecha?
request,Podria fer una verificació de lógicas al model?
request,Podria comprovar si el formatge és consistent amb el estil de la casa?
request,Ser-ia capaç de revisar el avís de privacidad abans de que s'publici?
request,Podria ajudar con la traducción del resumen al inglés sencillo?
request,Seria capaç de coordinar les respòsies de les diferents direccions?
request,Podria investigar si existe alguna técnica anterior para esta idea?
request,Seria possible que reuniera els dades de comparació pertinents?
request,Podria ajudar-me a preparar la presentación del contrato?
request,Ser-ia capaç de escriure un resum executiu d'una pàgina?
request,Podria identificar els interessats que han de ser consultats sobre això?
request,Podria comprovar la secció de metodologia del rapport?
request,Podria revisar les conclusions per a la consistència lógica?
request,Podria ajudar-me a crear una narrativa atractiva?
request,Podria indicar-me el tono adecuado para esta comunicación?
request,Podria revisar la visualización de datos para tener una mejor comprensión?
request,Podria preparar-me los puntos de conversación para la entrevista de los medios?
request,Podria aconsellar-me sobre el canal més apropiat per a aquest mesaj?
request,Podria investigar els precedents per a el gestió d'aquest tip de reclamació?
request,Seria capaç de redactar les principals méses per la comunicació a tot el personal?
request,Podria ajudar a desarrollar el plan de contingencia si el voto fuera en sentido contrario?
request,Podria sintetizar la discussió per a aquells que no han pogut assistir?
request,Podria distribuir el extracto de la reunión de hoy?
request,Seria capaç de generar una versió neta del document després de incorporar totes les edicions?
request,Podria obtenir la aprobación del patrocinador del proyecto antes de proceder?
request,Podria proporcionar una recomendación clasificada por riesgo?
request,Podria ajudar-me a estructurar el argumento de una manera más clara?
request,Seria capaç de identificar les lacune en la base de la evidencia?
request,Podria organitzar per estendre la reserva de la sala?
request,Ser-ia capaç de reunir els dades de evaluació per al final del mes?
request,Podria ajudar-me a comprendre les restriccions tècniques abans de comprometre?
request,Podria revisar la matriz de puntuación para la contratación?
request,Podria garantir que el mapa del proceso se actualice para reflejar los últimos cambios?
request,Podria comprovar si el enfocament propósit és consistent amb la política?
request,Podria plantejar el problema de la capacidad al director de operaciones?
request,Seria capaç de identificar un lloc pilot adequat per al nou servei?
request,Podria investigar si el presupuesto actual es suficiente para la segunda fase?
request,Ser-ia capaç de organitzar un taller sobre les conclusions del projecte al final del projecte?
request,Podria garantir que los principales riesgos estén incluidos en el registro de riesgos?
request,Podria proporcionar una narración para acompañar los datos financieros?
request,Podria identificar el enfoque de comunicación más adecuado para este público?
request,Podria ajudar a alinear el equipo detrás de la nueva dirección?
request,Podria comprovar que la metodologia de evaluació és adequada per al seu propòsit?
request,Podria revisar el informe posterior a la implementación?
request,Podria ajudar-me a diseñar el proceso de participación de los interesados?
request,Podria fer una mapa dels fluxos actuals del procés?
request,Podria ajudar a asegurar que se mantengan un control adecuado de los beneficios del proyecto?
request,Ser-ia capaç de facilitar el taller de evaluación de opcions?
request,Podria elaborar un conjunto de criterios de calidad para los productos finales?
request,Podria aconsellar-me sobre la manera de gestionar el conflict d’interesses?
request,Podria proporcionar al equip un informe sobre les noves exigències reglamentars?
request,Podria revisar la accesibilidad de la solución propuesta?
request,Podria ajudar-me a preparar-me para la conversación sobre la gestión de la línea?
request,Ser-ia capaç de fer notes a la reunió del grup consultor extern?
request,Podria identificar tres posibles socios para la colaboración propuesta?
request,Podria revisar el alcance del trabajo antes de que se firme el contrato?
request,Podria comprovar que els criteris de evaluació de la licitud han estat aplicats de manera consistent?
request,Podria preparar una cronología de los acontecimientos para la investigación?
request,Podria ajudar a redactar la evaluación de impacto en materia de igualdad?
request,Podria ajudar-me a identificar quais as aprovações necessárias em cada fase?
request,Podria comprovar si el cronograma és feasible d’acord amb la capacitat actual?
request,Podria revisar les premises que sustentan el model finançable?
request,Podria garantir que el organigrama se actualice antes de que salgan los documentos del consejo?
request,Seria possible que realizara la encuesta para evaluar las opiniones del personal sobre los cambios propuestos?
request,Podria investigar les necessitats de formació del equip abans que el sistema entre en funcionament?
request,Podria fer una evaluació de les opcions i presentar la seva recomanació?
request,Podria assegurar que les autoritats correctes de signoff aparezcan reflectits a la política?
request,Podria revisar la política en relación con el marco legal actual?
request,Podria elaborar un conjunto de principios de transición para el cambio organizativo?
request,Ser-ia capaç de coordinar la informació de múltiples zones empresarials?
request,Podria ajudar a identificar en qué punto el proceso actual crea una duplicación innecesaria?
request,Ser-li-a possible generar una comparación antes y después del proceso?
request,Podria comprovar que totes les dependències han estat capturats en el pla del projecte?
request,Podria ajudar a identificar las ventajas rápidas en el programa de mejora?
statement,La temperatura global media en el año 2023 va ser el any més calent de la història.
statement,La freqüència de huracanes de categoria 4 i 5 ha augmentat en els últims quarant anys.
statement,La creació de cretacions de pluja ha tornat més habitual en les ciutats europeues per culpa de l'impermeabilitat urbana.
statement,Más de tres mil millones de personas viven en zonas muy vulnerables al cambio climático.
statement,Els desastres relacionats amb el clima han triplicat la seva freqüència en els últims tretze anys.
statement,"L'Acord de París busca limitar el calentamiento a 1,5 °C por encima de los niveles preindustriales."
statement,Els contingents determinats a nivel nacional que s’han presentat fins ara són insuficients per a cumplir amb les obres de París.
statement,La compensació de CO₂ sigue siendo un mecanisme controvertido y no comprobado a la escala necesaria.
statement,El financiamiento para pérdidas y daños en los países vulnerables al clima se acordó en la COP 27.
statement,"El permafrost de Sibèria alberga aproximadamente 1,5 billones de toneladas de carbono."
statement,El cost anual de les calamitats naturals ha superat les 200.000 millons de dòlars durant la última dècada.
statement,El seguro contra inundaciones se está volviendo inaccesible en muchas zonas de alto riesgo.
statement,La industria del seguro se está alejando de los mercados inmobiliarios vulnerables al clima.
statement,Els bonos verds sovrani van reforen un recorde de cinc billons de dòlars a nivell global l'an passat.
statement,"En més de quaranta països, es creuen taxonomies de finançament ecològic."
statement,"La inversión en sostenibilidad ambiental, social y de gobierno ha atraído más de treinta billones de dólares en activos."
statement,Els crítics sostenen que les métrics ESG s'apliquen de manera inconsistente i que es procliu al «greenwashing».
statement,La Comissió de Valores Mobiliars i de Cambres proposava reguliment obligatoris per a la divulgació de informació sobre el climat.
statement,"Els mercats del carbon han ampliat-se ràpidament, però suferint de problemes de credibilitat i addicionalitat."
statement,Els preus de compensació de carbon sense voluntat són molt variables i sovint no reflecteixen el valor real del clima.
statement,La transició global de l’energia requereix una estimació de quatre biliones de dòlars d’investiment anual.
statement,La pobreza energética afecta a més d’un milió de persones a l’Àfrica subsahariana.
statement,L'accès aux services énergétiques modernes est considéré comme un préalable au développement économique.
statement,El coste de la transición energética no es asumido de la misma manera por todos los grupos de ingresos.
statement,"Els subsidis per combustibles fossils a nivell global ascende a més de cinc bilions de dòlars anualment, inclòs els costos ocults."
statement,El G7 va convenir en principi a eliminar la producció de energia hidrocarbònica no controlada per els primers anys de la dècada del 2030.
statement,El carbón sigue siendo la principal fuente de generación de electricidad a nivel mundial.
statement,Veles econòmiques majors han fixat objectius de zero neta amb el 2050.
statement,"Les comprometedores amb un procés net-zero de les empreses han proliferat, però la verificació independent de això és rara."
statement,L'iniciativa de l'iniciativa científica i basada en dades proporciona un framework per a les comprometents climàtiques empresarials.
statement,El concept de els límits planetaris va ser introduït el any 2009.
statement,"Nou es demanen que nou de les noues límites planetàries esguincen el seu valor, segons una recent anàlisi."
statement,La pérdida de biodiversitat és considerada actualment una amenaça tan seria com el canvi climàtic.
statement,El 60% de les poblacions de la fauna i la flora han disminuït des del any 1970.
statement,El ritme actual d'extinció es estima que sigui mil vegades més ràpid que el ritme natural de fons.
statement,Les espècies invasives són una de les principals causes de la pèrdua de biodiversitat a nivell mundial.
statement,El canvi en el ús de la terra és el principal factor de la pèrdua de la biodiversitat terrestre.
statement,Les zones protegudes marines cobren uns cinc-cents de millers de quilòmetres quadrats de les vastes aigües del món.
statement,Els objectius de vint per setze comprometxen els governs a protegir el tretze per cent de les terres i els oceans.
statement,El rewilding (reintroducción de especies silvestres en áreas degradadas) está siendo adoptado como una estrategia de conservación principal en algunas partes de Europa.
statement,Les comunitats indígenas gestionen aproximadament l'oitenta per cent de la biodiversitat que resta al món.
statement,Els drets de la natura han estat reconeguts en diverses constitucions nacionals.
statement,Un informe sobre soluciones basadas en la naturaleza estimó el valor de los servicios ecosistémicos en más de cien billones de dólares anualmente.
statement,S'han pilotat pagaments per els serveis del ecosistema en docents de països.
statement,La Plataforma Intergubernamental Científica y Política sobre la Biodiversidad y los Servicios de los Ecosistemas es una iniciativa que se fundó en el año 2012.
statement,Les negociacions per al tractament global de la ploma són una de les més significatives de la diplomacia ambiental des de l’Acord de París.
statement,Es inicien esquemes de responsabilitat extendida del producte per al conjunt per al contingut dels emballs en les economies més grans.
statement,L'economia circular busca eliminar los residuos manteniendo los materiales en uso de forma indefinida.
statement,El polímer de ús a únic va estar prohibit en més d’una cent d’àrees.
statement,"El residu tèxtil és una preocupació en creixent, amb la indumentària que s’usa en general només set vegades abans de ser eliminada."
statement,La moda rápida genera noventa y dos millones de toneladas de residuos sólidos anualmente.
statement,La indumentària representa aproximadament un 10% de les emissions de CO₂ a nivell global.
statement,Les marques de moda sostenible han crescut en más del 60% en los últimos cinco años.
statement,El moviment del dret a reparar està guanyant força legislativa en Europa i Nord-Amèrica.
statement,Els tasos de reciclació de l'eletrònica remanesquen per de sobte el 20% a nivell global.
statement,Els residus informàtics són el flux de residus sòlides que més cresc a nivell mundial.
statement,"Els minerals de terres rares, essencials per la tecnologia de l’energia limpia, es concentren en un petit nombre de països."
statement,La República Democrática del Congo concentra el 60% de las reservas mundiales de cobalto.
statement,El treball infantil i la força laboral en la minería del cobalto han atraído la atención internacional.
statement,"Estan introducint lleis de diligència en la cadena de aprovisionament en Alemanya, França i la Unió Europea."
statement,La indústria siderúrgica mundial representa entre un 7% i un 9% de les emissions de CO2 a nivell global.
statement,El hidrógeno verde es considerado esencial para la descarbonización de sectores como el acero y el transporte marítimo.
statement,El cost de l’hidrogen verd continua sent restant-se molt alt per la majoria de les aplicacions comercials.
statement,La electrólisis de l'aigua impulsada per a l'energia renovable produce hidrogen verd.
statement,El consell global del hidrogen amb l'objectiu d'instal·lar cinc seicentos gigavatts de hidrogen renovable el an 2050.
statement,"La indústria de fertilizantes nitrogenados es una de las principales fuentes de óxido nitroso, un gas de efecto invernadero potente."
statement,Les pràctiques de l’agricultura regenerativa poden sequestrar el carbon i millorar la salut del sol.
statement,La agrosilvicultura integra los árboles en los sistemas agrícolas para mejorar la sostenibilidad.
statement,La agricultura biológica representa actualmente aproximadamente un 1% de la superficie agrícola mundial.
statement,El mercat global de pesticides té un valor superior a les 80.000 millons de dòlars anualment.
statement,Els pesticides neonicotinoides han estat relacionats amb la disminució de les poblacions de polinizadors.
statement,El 60% de las variedades de cultivos del mundo han desaparecido desde principios del siglo XX.
statement,El Global Seed Vault de Svalbard guarda més d’un milió i tres cent mil mostres de semences.
statement,La soberanía alimentaria és el dret dels pobles a definir els seus sistems alimentaris i agrícoles.
statement,El sistema alimentari global està controlat per un petit nombre de multinacionalistes.
statement,Quatre empreses controlen el oitenta per cent del comerç global de grãos.
statement,La apropiación de tierras en el Sur Global s'ha accelerat des del cri sis alimentari del any 2008.
statement,Los pequeños agricultores producen un tercio de la comida del mundo en menos del diez por ciento de sus tierras de cultivo.
statement,Les dones són responsables del 60% a 80% de la producció de aliments en els països en desenvolupament.
statement,Els subsidis agrícoles en els països rics distorsionen els mercats alimentaris globals.
statement,"El món desaproveya aproximadament un terç de tot el aliment producte, mentre cent de millons de persones passin de fam."
statement,El consum d'aliments ultraprocesats ha estat relacionat amb un aumenti en les tas d'obesitat i de les maladies croniques.
statement,La dieta mediterrània es situat de manera consecutiva entre els models dietàtics més saludables.
statement,Dois plantas i cinc espècies d'animals proporcionen el setenta i cinc per cent de tot el menjar humà.
statement,La banana està en pericol per un patógen fúngic que s'està propagant a nivell global.
statement,El genoma del trigo és quin vegades més gran que el genoma humà.
statement,La fijación de nitrógeno por las legumbres reduce la necesidad de fertilizantes sintéticos.
statement,La rotación de cultivos s'ha practicat durant millers d'an i millora la fertilitat del sol.
statement,La irrigació per goteja pot reduir el consum d’aigua en l’agricultura en un 70%.
statement,La producció de aliments representa un setenta per cent del consum global de l'aigua fresca.
statement,La cuenca del Río Colorado es uno de los sistemas fluviales más sobrealquilados del mundo.
statement,Es de esperar que las disputas por el agua transfronteriza se vuelvan más frecuentes a medida que aumente la demanda.
statement,"El Tratat de las Aguas del Indo, que data de 1960, ha sobrevivido a las guerras i continua en vigor."
statement,"Des de la primera dècada del segle XX, s'han destruat més de la mitjana de les zones humides del món."
statement,"Los humedales ocupan solo el tres por ciento de la superficie terrestre, pero almacenan casi el doble de carbono que todas las selvas."
statement,El Congo Basin és la selva tropical més gran del món.
statement,La deforestació en el Bassin del Congo s'ha accelerat de manera significativa en els últims anys.
statement,Indonèsia ha perdut més d'un quart de la seva cobertura forestal des de 1990.
statement,"El cerrado, la sabana tropical del Brasil, almacena más carbono que el Amazonas por hectárea de suelo."
statement,La tala ilegal provoca pérdidas económicas de más de cincuenta mil millones de dòlars anualment.
statement,Los sistemas de certificación forestal cubren menos del 10% de los bosques comercialmente explotados del mundo.
statement,El comerç global del tarra de més de 600.000 millons de dòlars.
statement,"El bambú és una de les plantes que més cresc de velocitat a la Terra, fins a nouze cent centímetres per dia."
statement,Los bosques antiguos tardan cientos de años en desarrollar su plena complejidad ecológica.
statement,Los bosques maduros almacenan significativamente más carbono que los bosques más jóvenes y gestionados.
statement,Els programes forestals comunitaris s'han demostrat eficaces per reduir la defavorització en diversos països.
statement,La China ha plantat més arbres que qualsevol altre país durant la última dècada.
statement,La iniciativa de la Gran Muralla Verde tiene como objetivo restaurar cien millones de hectáreas de tierra en África.
statement,La restauració de terres es reconeguda com una de les estratègies de mitigació del clima més rentables.
statement,El Decennium de las Naciones Unidas para la Restauración de los Ecosistemas se extiende desde el año 2021 hasta el 2030.
statement,El compromiso global de restauración en la conferencia de la ONU sobre biodiversidad se comprometió a restaurar el 30% de las tierras degradadas.
statement,El oceà absorbe aproximadament un quart de tot el CO₂ que es produe per activitats humans.
statement,El fitoplancton produce més de la mitjana de l'oxigen de l'atmosfera terrestre.
statement,Los bosques de algas son algunos de los ecosistemas marinos más productivos y biodiversos.
statement,"Los nutrias marinas són considerades una espècie clave perquè controlen les poblacions de erizos de mar que, de no ser així, escargar-seien de destruir la fosa."
statement,La bomba de ballena circula nutrientes desde el océano profundo hasta la superficie.
statement,El avistamiento de ballenas genera más de dos mil millones de dòlars en ingresos turístics anualment.
statement,La població global de les seves ha disminuït un setenta per cent des del any 1970.
statement,"La pesca ilegal, no declarada y no regulada agota más de la captura anual legal en algunos océanos."
statement,"El alto mar, que ocupa sesenta y cuatro por ciento del océano, carece de una gobernanza adecuada."
statement,El Tractat de la Zona del Mar Abierto de la ONU va ser adoptat el any 2023 després de des d’anys de negociació.
statement,Los prados de pastos marinos secuestran el carbono a un ritmo hasta cuarenta veces superior al de los bosques tropicales.
statement,Los respiraderos hidrotermales de gran profundidad sostienen ecosistemas únicos sin depender de la luz solar.
statement,La llista roja de l'UICN documenta el estat de conservació de més d'un centenar i quarentena de mil·liers de espècies.
statement,Més de 40.000 espècies són actualment classificades com a amenaçades d'extinció.
statement,El nombre de les llengües en pericol crític ha duplicat des de la dècada del anys noventa.
statement,La diversitat lingüística està molt correlacionada amb les zones de biodiversitat més importants.
statement,Els sistems de coneixement indígena contenen selectells de centenars d'observacions ecològiques.
statement,El conocimiento ecológico tradicional de las comunidades indígenas es cada vez más reconocido en la política de conservación.
statement,La diversitat biocultural s'referirà a la teia interconectada de la diversitat biològica i cultural.
statement,La Convenció relativa à la Diversitat Biològica ha estat ratificada per 196 països.
statement,El Marco Global de Biodiversidad de Kunming-Montreal es el que se aprobó en la COP 15 en el año 2022.
statement,El objetivo de 30 x 30 obliga a los países a proteger el 30% de las tierras y los mares para el año 2030.
statement,"La natura és positiva és el nou concepte per a l'compromís empresarial amb la biodiversitat, anàlog al net-zero per al climat."
statement,La coalició Business for Nature representa a més de octecen empreses que defensen polítiques favorables a la natura.
statement,El equipo de trabajo sobre las revelaciones financieras relacionadas con la naturaleza proporciona un marco para informar sobre el riesgo de biodiversidad.
statement,Los intercambios de deuda soberana para la naturaleza se están utilizando para financiar la conservación en los países en desarrollo.
statement,El bono azul de Gabon ha recaudado ciento cincuenta millones de dólares para proteger su territorio oceánico.
statement,L'impact investit en la conservació ha crescut d'una activitat de nicho a un producte finançable habitual.
statement,El conteo de ecosistemas está siendo integrado en las cuentas nacionales por un número creciente de países.
statement,El sistema de contabilidad ambiental y económica de las Naciones Unidas proporciona el estándar internacional.
statement,La contabilitat del capital natural intenta valorar els serveis que produeix la natura en termes monetaris.
statement,Els crítics sostenen que poner un precio a la natura banaliza el bien común i mina el valor intrínseco.
statement,La tensió entre el desenvolupament econòmic i la protecció ambiental continua sent una de les principals dificultats.
statement,Els moviments per la justícia ambiental sostenen que la contaminació i els riscos ambientals són suportats de manera desproporcionada per les comunitats marginalisades.
statement,El mercuriode pintura y los tubos de plomo afectan de manera desproporcionada a las comunidades de bajos ingresos en los Estados Unidos.
statement,La crisi del saneamiento de Flint destacà les deficiències sistemàtiques en la regulació ambiental i la salut pública.
statement,El marco de justicia ambiental exige que las comunidades tengan voz en las decisiones que afecten a su entorno.
statement,La proposta del Nuevo Acuerdo Verde vinculó la acción climática con la reforma económica y la equidad social.
statement,Una transició justa ha de garantir que els operaris de les indústries de combustibles fossils no siguin deixats en seguda.
statement,Las comunidades dependientes del carbón se enfrentan a una devastación económica sin una inversión dirigida en medios de vida alternativos.
statement,El coste social del carbon intenta cuantificar el daño económico causado por una tonelada de emisiones de CO2.
statement,El coste social del carbono ha sido revisado hacia arriba a medida que ha crecido la evidencia de los impactos climáticos.
statement,Los impuestos al carbono s'apliquen en uns catorc cinquenta països i jurisdiccions.
statement,L'eficiència del preț del carbon depèn molt del nivell del preu i del ús de les entrates.
statement,Los ajustes de carbono fronterizos están diseñados para evitar el escape de carbono a los países que no tienen un sistema de valoración del carbono.
statement,El mecanisme d'adaptación al carbon al frontera de la Unió Europea és el primer d'aquesta magnitud.
statement,"Els compromisos corporatius voluntaris per a l'acció climàtica han crescut de manera significativa, però la verificació continua siendo débil."
statement,"Els objectius de reduïció de les emissions basats en la ciència exiguen una reduïció al nivell de limitar el canvi climàtic a 1,5 °C."
statement,"El perímetre de tres emisions, de la cadena de aprovisionament d'una empresa, constitue sovint la majoria de les emisions totales."
statement,Les emissió finançades per les banques i els gestors d'activos són molt més grans que les seves emissió operatives directes.
statement,L'aliança financera de Glasgow per a la Net Zero ha mobilizat més d'un centenar de trillons de dòlars en actiu.
statement,Els bonos verdes han financiat més de dos biliones de dòlars en proiecte sostenibles desde la seva introducció.
statement,Los bonos vinculados a la sostenibilidad vinculan el tipo de interés al logro de objetivos ambientales.
statement,"L'economia blava, que engloba les activitats relacionades amb els oceans, té un valor superior a 1,5 billons de dòlars."
statement,La producció eòlica offshore s'ha convertit en una font principal de producció d'electricitat en el nord d'Europa.
statement,Els projectes de energia mareomotriz remanescen en la fase de demostració per a les altes costes.
statement,L'energia geotermal proporciona una energía de base de fiabilitat en les regions volcànicsament actives.
statement,La central geotérmica més gran del món se encuentra en els Estats Units.
statement,Les centrals de conversió de residus en energia són controvertides perquè poden desincentivar el reciclatge.
statement,"La energia de la biomassa es clasifica com a renovable, però la seva sostenibilitat depèn del material de alimentació."
statement,"Els biocombustibles de aviació podrien reduir les emissions de l’aviació, però es troben davant de serios problemes en el abastecimiento."
statement,El combustible sostenible para la aviación se mezcla con el combustible convencional para aviones para reducir las emisiones.
statement,Las compañías navieras están probando el amoníaco y el metanol como combustibles de bajo carbono.
statement,"Les cel·lules de combustible hidrogenès es van estar probant en autobus, tren i vehicles pesants."
statement,Les limitacions de la tecnologia de les bateries restringen la electrificació del transport de camions a gran escala.
statement,El primer avió comercial elèctric va iniciar el servei habitual al començ de la dècada del anys 20.
statement,"La movilidad aérea urbana, incluant els taxis aèriels electrònics, està a ensai a diverses ciutats."
statement,El tren de alta velocidad és tres vegades més eficient en terme d'energia que la aviació de curtar cala.
statement,La inversión en el transporte público reduce la dependencia del coche y disminuye las emisiones urbanas.
statement,El sistema de tarificación por congestión ha demostrat que reduce el tráfico i mejora la calitat de l'aire en les ciutats.
statement,La inversión en infraestructura ciclista genera un retorno muchas veces superior al coste inicial en beneficios para la salud y el medio ambiente.
statement,El número de bicicletes elèctriques venudes a Europa supera el de els cotxes elèctrics.
statement,Els serveis de mobilitat compartida han crescut ràpidament en les zones urbanes.
statement,"Els vehicles autònomos podrien remodelar la mobilitat urbana, però es enfrentarà a problemes regulatòria i de seguretat."
statement,La mortalitat en accidents de trànsit ha disminuït de manera significativa en els països que han adoptat la política del vision zero.
statement,La seguridad vial en los países de ingresos bajos y medios sigue siendo mucho peor que en los países de altos ingresos.
statement,La contaminació de l'aire causada per les emissions dels veïns mortinat milions de persones cada any.
statement,El plomo va ser eliminat de la gasolina a nivel mundial en el año 2021.
statement,Els catalitzadors catalàts han reduït de manera significativa les emissions dels escapes des de la seva introducció.
statement,Los estándares de emisiones de siete euros requerirán emisiones casi nulas de los nuevos vehículos vendidos en la UE.
statement,La prohibición del motor de combustión interna propuesta por la UE entrará en vigor en el año 2035.
statement,La transición a los vehículos eléctricos requiere una expansión significativa de la red eléctrica.
statement,Las redes inteligentes emplean la tecnología digital para optimizar la distribución de la electricidad.
statement,Els programes de gestió de la demanda incentiven els consuments a desplaçar-se el consum de energia eléctrica a les hornetes més baixes.
statement,Les centrals elèctriques virtuals agrupen les diverses formes de recursos energètics distribuïts per prestar serveis a la xarxa.
statement,El almacenamiento de la batería ha transformat la economía de los sistemas de energía renovable.
statement,Els projectes de bateries a l’escala de la retransmisión operen actualment a l’escala de gigavathores en diversos països.
statement,El almacenamiento hidroeléctrico bombeado sigue siendo la forma más grande de almacenamiento de energía a escala de red a nivel mundial.
statement,Les solucions de gestió de la memòria a llarg termini són essencials per gestionar la variabilitat estacional en el aprovisionament renovable.
statement,El almacenamiento de energía mediante aire comprimido utiliza cuevas subterráneas para almacenar energía mecánicamente.
statement,"En Suècia, s’està pilotant la producció de l’acero verd utilitzant hidrogen en lloc del carbó."
statement,"La descarbonització industrial és tecnicament feasible, però requereix una important inversión de capital."
statement,L'entorn construït representa quasi un quaranta per cent del consum global d'energia.
statement,El reforzamiento profundo de los edificios existentes es la opción más económica para descarbonizar el parque inmobiliario.
statement,Els càntars són de tres a quatre vegades més eficients que les calentadores de gas.
statement,Les redes de calefacción urbana abastecen a millones de hogares en Escandinavia y Europa del Este.
statement,El urbanisme que fomenta la movilidad a pie reduce la demanda de energía y mejora la salud pública.
statement,El zonificación mixta reduce la necesidad de viajar en coche.
statement,S'ha demostrat que les barrires de baix tráfic amb menys activitat veicular improveixen la qualitat de l'aire i augmenten el moviment físic.
statement,"La infraestructura verde, que incluye parques y árboles de la calle, ayuda a gestionar el calor urbano y las inundaciones."
statement,El disseny biofílic incorpora elements naturals en els edificis per millorar el bienestar.
statement,Els edificis amb una producció neta de CO₂ zero són un standard en alguns països escandinavos.
statement,El carbonemcorporat en els materials de construcció és una zona de concentració en creixement per al sector.
statement,La construcció en encofrado de madera i el beton de baix impacte de CO₂ són alternatives en creixent als métodos tradicionals.
statement,"El material de madera en masa, o la madera laminada en contra, secuestra el carbono y reduce las emisiones incorporadas."
statement,L'economia circular podria reduir el ús global de materials en un 28% per als anys 2050.
statement,"La sinergia industrial, en la que los residuos de una empresa se convierten en materia prima para otra, es un principio de la economía circular."
statement,El Pacte Verde Europeo busca convertir a Europa en un país neutro en materia de clima para el año 2050.
statement,La Llei d'Reduçó de la Inflació a les Estats Units representa la major inversió climàtica de la història de les Amèriques.
statement,China s'ha comprometido a alcanzar el pico de emisiones antes del año 2030 i la neutralidad en carbono para el año 2060.
statement,L'Índia s'ha comprometido a destinar el 50% de la capacitat de energia renovable per al an 2030.
statement,Els països en desarrollo afirmen que no han de estar limitats per els objectius d’emissió que no han creat.
statement,El principi de responsabilitats comunes però diferenciades és el fonament de les negociacions climàtiques a nivell internacional.
statement,La pérdida y el daño se refieren al perjuicio causado por el cambio climático que no puede ser adaptado o mitigado.
statement,Els petits estats insulares esdevenen d’adre amenaçades existencials per l’augment de nivell del mar i les tempes més intenses.
statement,"La litigiació climàtica ha crescut de manera espectacular, amb més d’un milljón de casos registrats a nivell mundial."
statement,El tribunal neerlandès va ordenar a Shell que reduísse les emissions en un 45% el any 2030.
statement,Els moviments climàtics liderats per joves han galvanitzat l'atenció pública sobre la urgència de l'acció climàtica.
statement,La greva escolar per al moviment climàtic va reunir més de quatre milions de participants a nivell global.
statement,"El suport públic per a la lluita contra el canvi climàtic continua fort en la majoria de països, a pesar dels costos implicats."
statement,El canvi de comportament entre els consuments pot contribuir de manera significativa a la reduçió de les emissions.
statement,El consum de carn i productes lacti als representa aproximadament el 14% de les emissions de gas de efect de invernadero a nivell global.
statement,El pas a una dieta basada en plantas podría liberar tierras y reducir significativamente las emisiones agrícolas.
statement,El mercat global de les proteïnes d'origen vegetal ha crescut més del 30% anualment.
statement,La carn cultivada en laboratorio ha arribat a l'escala comercial a Singapur i a Israel.
statement,Estuvien considerant reformses en la etiquetació de la alimentació per informar als consuments de la pegada de carbon del product.
wh_question,¿Què és el cicle del nitrògen i per què és important?
wh_question,¿Cuáles son las principales diferencias entre la mitosis y la meiosis?
wh_question,¿Cuál es el papel del hígado en la desintoxicación?
wh_question,¿Que causa las mutaciones genéticas?
wh_question,¿Qual és la relació entre els genots i les proteïnes?
wh_question,¿En qué se diferencia un rasgo dominante de uno recesivo?
wh_question,¿Què és la selecció natural?
wh_question,¿Què és la seleccció sexual?
wh_question,¿En qué consiste el efecto de cuello de botella en la genética de poblaciones?
wh_question,¿Qué es el traspaso genético horizontal?
wh_question,¿Què és l'epigenetics i com funciona?
wh_question,¿Cuáles son las principales diferencias entre los procariotas y los eucariotas?
wh_question,¿En qué se diferencia la inmunidad innata de la adaptativa?
wh_question,¿Qué és un antigen?
wh_question,¿Qué es un anticuerpo monoclonal y cómo se utiliza en medicina?
wh_question,¿Para qué se utiliza la reacción en cadena de la polimerasa?
wh_question,¿Qué es la electroforesis en gel?
wh_question,¿Qué es el Western blot?
wh_question,¿Qué es un ensayo clínico y cuáles son sus fases?
wh_question,¿En qué consiste la diferencia entre la eficacia y la efectividad en la investigación de vacunas?
wh_question,Qui era Arquímides i què són les seves contribucions més famoses?
wh_question,Qui era Aristòteles i com va influenciar el pensament occidental?
wh_question,Qui era Plató i què era la alegoria de la caverna?
wh_question,Qui era Heródóto?
wh_question,Qui era Tucídides?
wh_question,Què era Julià Cèsar?
wh_question,Què era Cleopatra VII?
wh_question,Què era el emperador Augusto César?
wh_question,Què era Atli el Hun?
wh_question,Qui era Carles el Gran?
wh_question,Qui era Vilhelm el Conquistador?
wh_question,Qui era Ricard el Coragós?
wh_question,Què era Saladà?
wh_question,Què era Kublai Khan?
wh_question,Què era Joan de Borbó i de Lot i per què és important?
wh_question,Què era Leonardo da Vinci?
wh_question,Quin era Machiavel?
wh_question,Qui era Martin Luther?
wh_question,Qui era Galileu i què va descobrir?
wh_question,Qui era Isaac Newton i què eren les seves tres lleis?
wh_question,¿Dónde está la Biblioteca Bodleiana?
wh_question,¿Dónde está la Biblioteca del Congreso?
wh_question,¿Dónde está el Museo Británico?
wh_question,¿Dónde se encuentran los Archivos Nacionales?
wh_question,¿Dónde se encuentra el CERN?
wh_question,¿Dónde se construyó el primer reactor nuclear?
wh_question,¿Adónde se encuentra el acelerador de partículas más grande del mundo?
wh_question,¿Dónde se encontraba la primera bolsa de valores del mundo?
wh_question,Deu origen al término cuarentena a un lugar?
wh_question,¿Dónde se firmó el Tratado de Westfalia?
wh_question,¿Dónde está la sede del Banco Central Europeo?
wh_question,¿Dónde está el Banco de Pagos Internacionales?
wh_question,¿Dónde se encuentra la Corte Internacional de Justicia?
wh_question,¿Dónde está la Corte Penal Internacional?
wh_question,¿Dónde se aprobó el Protocolo de Kioto?
wh_question,¿Dónde tiene su sede la Organización de las Naciones Unidas para la Alimentación y la Agricultura?
wh_question,¿En dónde se aprobó por primera vez la Convención sobre la Diversidad Biológica?
wh_question,¿Dónde está la secretaría del IPCC?
wh_question,¿Dónde se celebró la conferencia de Bretton Woods?
wh_question,¿Dónde tiene su sede la Banca Mundial?
wh_question,Què moment es va descriure la estructura en doble hélice del ADN?
wh_question,Què data va ser secuenciat el primer genoma humà?
wh_question,Què data va nascut el primer bebé d'ICSI?
wh_question,-Què moment van els primers estils cel·lulars isolats de embrións humans?
wh_question,Què data va ser el primer experiment de CRISPR sobre cel·lu·les humans?
wh_question,Què data la primera pràctica de teràpia genètica humana?
wh_question,Què data va tenir lloc el primer trasplant de órgons?
wh_question,Què moment va ser la primera vegada que s’utilitzava la diàlisi per tratar la insuficiència renal?
wh_question,Què data va tenir la primera cirurgia de bypass cardíac?
wh_question,Què data la introducció de la cirurgia de clave?
wh_question,Quan s'instal·la el primer scanner TC en un hospital?
wh_question,Quan va ser la primera tomografia per imagistica nuclear (MRI) en un ser humà?
wh_question,Què data de aprovació el primer sistema quirúrgic amb robòtics?
wh_question,Què data va introduir la vacuna contra la poliomelitis?
wh_question,Què moment va ser la primera utilizació de la vacuna contra el sarrat de l'avió?
wh_question,Què data va ser aprovada la vacuna contra el virus del papiloma humà?
wh_question,Què data va ser aprovada la primera vacuna contra la malària?
wh_question,Què data va ser administrada la vacuna contra el COVID-19 per primera vegada?
wh_question,¿Por qué algunos virus se mutan más rápido que otros?
wh_question,¿Por qué el lavado de manos es tan efectivo para prevenir enfermedades?
wh_question,Per què els antimicrobients no funcionen contra els virus?
wh_question,¿Por qué el cuerpo desarrolla resistencia a los antibióticos?
wh_question,Per què desenvolupen algunes persones la COVID a termen llarg mentre altres no?
wh_question,Per què alguns cançons respondin a l'immunoteràpia mentre altres no?
wh_question,Per què envegem a ritms diferents?
wh_question,Per què algunes persones viuen més d’un centenar d’anys?
wh_question,Per què la privació del somni afecta la funcció immunològica?
wh_question,Per què les hormones del stres reprimen el sistema immunitari?
wh_question,Per què alguns medicaments perden eficacitat al llarg del temps?
wh_question,¿Por qué los ensayos clínicos requieren un grupo de control?
wh_question,Per què a l'efecte placebo a mesurat de vegades s'arriba a produir efectes biològics mesurats?
wh_question,¿Por qué algunas poblaciones tienen tasas más altas de ciertos trastornos genéticos?
wh_question,Per què desenvolupen les gènies idèntiques diferents tipus de malalties?
wh_question,¿Por qué ciertos alimentos aumentan el riesgo de cáncer?
wh_question,Per què la obesitat augmenta el risc de tant de condicions?
wh_question,Per què el exercici és protectiu contra tant de maladies?
wh_question,Per què el stres crònic perjudica el sistema cardiovascular?
wh_question,¿Por qué la salud mental y la salud física interactúan tan fuertemente?
wh_question,¿Cómo funcionan los vacunas de ARNm?
wh_question,Com funcionen les immunoteràpies contra el can?
wh_question,¿De qué manera las terapias génicas introducen nuevo material genético en las células?
wh_question,¿Cómo cortan y editan los tijeras CRISPR el ADN?
wh_question,¿Cómo miden los científicos la eficacia de un nuevo medicamento?
wh_question,¿De qué manera protege la barrera hematoencefálica el cerebro?
wh_question,¿De qué manera envían los receptores del dolor señales al cerebro?
wh_question,¿Com genera el cervell la consciència?
wh_question,¿Cómo permiten los mecanismos de neuroplasticidad que el cerebro se recupere de una lesión?
wh_question,¿De qué manera protege la respuesta inflamatoria el cuerpo?
wh_question,¿Cómo evaden los virus el sistema inmunitario?
wh_question,¿De qué manera influye el microbioma intestinal en la función cerebral?
wh_question,¿Cómo evitan los anestésicos la sensación de dolor?
wh_question,¿De qué manera modifican los antidepresivos la química cerebral?
wh_question,¿Cómo distinguen los fármacos de quimioterapia entre las células cancerosas y las células sanas?
wh_question,¿Cómo entrenan las vacunas el sistema inmunitario?
wh_question,¿De qué manera la diálisis reemplaza la función renal?
wh_question,¿Cómo regula un marcapasos el ritmo cardíaco?
wh_question,Com funciona la donació i trasplante d'organs?
wh_question,¿De qué manera miden los investigadores la carga de enfermedad a nivel mundial?
wh_question,¿Què és la teoria germinal de la enfermedad?
wh_question,¿Qual és el dogma central de la biologia molecular?
wh_question,¿En qué se diferencia un virus de un bacteriófago?
wh_question,¿En qué se diferencia la inmunidad innata de la adquirida?
wh_question,¿Què és el sistema complementari?
wh_question,¿Qué son los receptores tipo Toll?
wh_question,¿Cuál es el papel de las citocinas en la respuesta inmune?
wh_question,¿Què és l'autoimmunitat?
wh_question,¿En qué se diferencia la diabetes tipo 1 de la diabetes tipo 2?
wh_question,¿Cuál es el mecanismo de acción de las estatinas?
wh_question,¿En qué se diferencia un tumor benigno de uno maligno?
wh_question,¿Què és el sistema de estadiació TNM per al can?
wh_question,¿En qué se diferencia la quimioterapia de la radioterapia?
wh_question,¿Qué es la terapia dirigida en oncología?
wh_question,¿Què és la cura paliativa?
wh_question,¿En qué se diferencia la demencia de la enfermedad de Alzheimer?
wh_question,¿En qué se diferencia la esquizofrenia del trastorno bipolar?
wh_question,¿Què és el trastorni de stres post-traumàtic?
wh_question,¿Qual és la diferència entre un psicòleg i un psiquiatre?
wh_question,¿Què és la teràpia cognitiva comportamental?
wh_question,Què era Florence Nightingale i qual era el seu legado?
wh_question,Qui era Joseph Lister i què és la cirurgia antiseptica?
wh_question,Quin era Edward Jenner?
wh_question,Què era Alexander Fleming?
wh_question,Qui era Jonas Salk?
wh_question,Què era Rosalind Franklin?
wh_question,Què era Barbara McClintock?
wh_question,Què era James Watson?
wh_question,Quin era Francis Crick?
wh_question,Què era Gregor Mendel i què eren les seves lleis d'hereditat?
wh_question,Qui era Charles Darwin i com va desenvolupar la teoria de l'evolució?
wh_question,Què era Alfred Russel Wallace?
wh_question,Quin era Louis Pasteur i què eren les seves principals contribucions?
wh_question,Què era Robert Koch?
wh_question,Què era Paul Ehrlich?
wh_question,Què era Elizabeth Blackwell?
wh_question,Qui era Christiaan Barnard?
wh_question,Què era Frederick Banting?
wh_question,Qui era John Enders?
wh_question,Qui era Maurice Hilleman?
wh_question,¿Dónde se estableció el primer hospital moderno?
wh_question,¿En qué lugar se usó penicilina por primera vez para tratar a un paciente?
wh_question,¿En qué lugar se declaró erradicado el virus de la viruela?
wh_question,¿De dónde surgió la pandemia de gripe española?
wh_question,¿Dónde se probó por primera vez la vacuna contra la polio?
wh_question,¿En qué lugar se realizó la primera trasplantación renal exitosa?
wh_question,¿Dónde está la sede de la Organización Mundial de la Salud?
wh_question,¿Adónde se documentó el primer brote de MRSA?
wh_question,¿Dónde se estableció la primera banca de sangre?
wh_question,¿Dónde se encuentra el Wellcome Sanger Institute?
wh_question,Deu a cà del Projecte Genètic Humà a on es coordinava?
wh_question,¿Dónde se encuentran los Institutos Nacionales de Salud?
wh_question,¿Dónde se sintetizó la aspirina por primera vez?
wh_question,¿Dónde se aisló la insulina por primera vez?
wh_question,¿Dónde se realizaron los primeros ensayos clínicos para la vacuna contra la COVID-19?
wh_question,¿Dónde se realizó el primer tratamiento de radioterapia?
wh_question,¿Adónde se realizó el primer uso exitoso de la anestesia en cirugía?
wh_question,Deu Galen de Pergamon de?
wh_question,¿Dónde nació Hipócrates?
wh_question,¿Dónde se encuentra la escuela médica más antigua del mundo?
wh_question,Què data la fundació de la Cruz Roja?
wh_question,Què data va ser adoptada la primera regulació sanitària internacional?
wh_question,Què data va ser publicada la primera edició de la Classificació Internacional de Doenças?
wh_question,"Què data la creació del Fòrum Global per lluitar contra el SIDA, la tuberculosi i la malnutrició?"
wh_question,Què data va ser declarada la primera emerència de salut global d'interès internacional?
wh_question,Què data va ser adoptada la Declaració d'Alma Ata sobre la atenció de salut bàsica?
wh_question,Què data va ser aprovada la Convenció Marco sobre el Control del Tabaco?
wh_question,Què data la primera adopció formal d'un códec d'ètica mèdica?
wh_question,Què data la Declaració de Helsinki sobre la ética en la investigació?
wh_question,Què moment va ser desenvolupat formalment el concepte de medicina basada en la evidència?
exclamation,Què arrivind més perfecte!
exclamation,Donem la magnificència a les estrelles aquesta nit!
exclamation,Que peça extraordinària de artesania!
exclamation,Què deliciós és aquesta sorpresa!
exclamation,Què esforç tremendo va fer tot el món!
exclamation,Donava una explicació genial a aquest concepte!
exclamation,Què sensació de pau tan empolgante!
exclamation,Què espectacularment els fueuers de artifici van il·luminar el cel!
exclamation,Què gran partida de campionat va ser!
exclamation,Què incredibilment de ràpid que resolva el puzzle!
exclamation,Qué magnífica vista desde la cima!
exclamation,Donava tant de boncs al vespertí!
exclamation,Què una quantitat impressionant de treball queda!
exclamation,Què joves van jugar amb tanta alegria al jardí!
exclamation,Què transformació impressionant va haver-hi!
exclamation,Que poderosa era la oradora!
exclamation,Què remarcável calma va mantenure sota pressió!
exclamation,Que meravellosa mostra de colors al firmament!
exclamation,Donem gràcies molt per la magnífica actuació de l'orquestra anoche.
exclamation,Què de ràpidament can fer aquesta nova estratègia!
exclamation,Què impressionantment s'organitzava el conjunt al últim quart d'hora!
exclamation,Què gest va ser tan sincer i afectuós!
exclamation,Què sorpreneix com és clar l'aigua aquí!
exclamation,Què meraviglia va ser la invenció del telescopi!
exclamation,Donava una gran nota a la manera en que navegava per aquells problematitzats ambients!
exclamation,Què sortida d'incredibil!
exclamation,Donava una gran bellesa al jardí aquesta temporada!
exclamation,Què una fenomenal desfilada de debut per el joven actor!
exclamation,Què maestria va tenir en la construcció de cada frase!
exclamation,Què paisatge de encant nous esclà!
exclamation,Què gens han estat extraordinarment amables!
exclamation,Què una porqueria tan lamentable de desperdament de potencial!
exclamation,Què emoció generava la competició!
exclamation,Què meraviglia de tant de lliura al final de veure bones novetats!
exclamation,Què meravellós és aquesta tapeçària de la vida!
exclamation,Que és una esplòrida oportunitat per reunir-nos!
exclamation,Doncs com els peçaixos del puzzle passen perfectament junts!
exclamation,Que inimaginable casualitat trobar-te aquí!
exclamation,Què vivacitat viu la ciutat durant la nit!
exclamation,Què noble causa han dedicat!
exclamation,Què melodia és tan impressionantment bella!
exclamation,Què una gran equivocació va resultar aquella decisió!
exclamation,Doncs com les espcies s'afegaven delicadament a aquest plat!
exclamation,Doncs com l'esdevenir el sol al llunyó del mar!
exclamation,Què una solució tan genial que haurisè!
exclamation,Què documentari era profundament emocionant!
exclamation,Què una retransformació impressionant de la fortuna!
exclamation,Què absurdament simple va resultar la resposta!
exclamation,Què celebració luxuosa van a organitzar!
exclamation,Què genialment s'alignaron les estrelles per a nosaltres tän sobe tot!
exclamation,Que spirit resilient és aquesta criada!
exclamation,Què de encantadorament tranquil·la aquesta marjal del bosc!
exclamation,Què novella interessant!
exclamation,Què fervorosament perseguia el seu somni!
exclamation,Què perdis una comunitat tan catastròfica!
exclamation,Què dulcement cantava el ruiseñor al amanecer!
exclamation,Què paladar sofisticat ha desenvolupat!
exclamation,Don Emili va gestionar admirablement aquella difícil conversa.
exclamation,Què criatura peculiar i fascinant!
exclamation,Què energia va donar la gent al seu equip!
exclamation,Que serena i tranquil·la és aquesta matèria!
exclamation,Què de pasionatament va defensar la justícia!
exclamation,Què oponent formidable va resultar!
exclamation,Què deliciósment peculiar és aquesta mica ciutat!
exclamation,Què èsta è una conquista monumental per la ciència!
exclamation,Què generosament va acollir el gestor a cada convidat!
exclamation,Què dècada turbulenta i plegadiça va ser!
exclamation,Què atencióment observava a cada detall!
exclamation,Què sacrifici heroïcs van fer per els altres!
exclamation,Què astutament ha disfraçat el mag per a dissimular el truc!
exclamation,Què sensació va causar la descoberta sensacional que van fer els arqueòlegs!
exclamation,Què delicadament va prendre cura del animal ferit!
exclamation,Què un rerullatge dramatètic que ningú va veure venir!
exclamation,Donava una magnífica dominació al castell a la ladera de la muntanya.
exclamation,Què una rica i històrica història té aquesta regió!
exclamation,Què ousament va aventurar el explorador al món desconocut!
exclamation,Què notícia devastadora ha de ser aquesta!
exclamation,Què vivacitat devida l'autor a la vida el passat!
exclamation,Què encantadora botiga de petites obres és!
exclamation,Què de divertiment! Més divertiment encara que era el còmic.
exclamation,Què una obra de música sublime és aquesta!
exclamation,Què ràpid pot ser el canvi en la política!
exclamation,Que magnífica matèria és estar viu!
exclamation,Què delicadament el cineasta va manejar aquest tema!
exclamation,Què atreviment impressionant va obrir el artista!
exclamation,Què serios que van a ser els estudiants amb aquesta activitat!
exclamation,Què radiant sorridor que té!
exclamation,Què destreza tenia el chef per equilibrar tots els sabors!
exclamation,Què atreviment espectacular és aquest plàstic que fa la cascada!
exclamation,Què sinergia perfecta tenien els dos estils!
exclamation,Què esforzament valent va tenir a pesar de les probabilitats!
exclamation,Què de deslumbrant era aquell setenç!
exclamation,Què personalitat singular i endearing té!
exclamation,Què furiós rugia el vent per la nit!
exclamation,Què una jungla prístina i intocada és!
exclamation,Què generosamente va compartir el seu temps i la seva experiència!
exclamation,Què atmosfera electrizant ha estat al camp de futbol aquesta nit!
exclamation,Què perspicacia tenia en la lectura de la situació!
exclamation,Què magnifica obsessió per a la perfecció té!
exclamation,Què poignànticment capta la història el nostrani!
exclamation,Què una matinada de l'autòmn fresca i revitalitzant!
exclamation,Donava una gran naturalitat a la seva accepció de la derrota!
exclamation,Què magnífica obra ha creat!
exclamation,Doncs com l'arquitect ha reconceptejat el spaç de manera tan atrevida!
exclamation,Què contrast impressionant entre les dos enfoques!
exclamation,Doncs com el poema capta amb tanta delicadesa el amor d'una mestra!
exclamation,Què turbulència d'emocions va provocar aquesta pel·lícula!
exclamation,Doncs com el pav va exhibir la seva plumaja amb tanta esplendor!
exclamation,Què una crítica acertada del consum modern!
exclamation,Què calor amb que la comunitat va acollir els nou arribats!
exclamation,Què tevilatge complicat de relacions l'autor crea!
exclamation,Què zel·la va seguir cada pista!
exclamation,Què una fira impressionant de perseverència humana!
exclamation,"Doncs quan el casal ja era gran quan encara tenien la mansa de tenir la mà amb el cos de l'altre. Més que això, quan encara tenien la mansa de tenir la mà amb el cos de l'altre, la seva relació era tan especial que encara tenien la mansa de tenir la mà amb el cos de l'altre."
exclamation,Què victòria clara i decisiva per el conjtiu local!
exclamation,Què ansietat va tenir el públic per a la revelació!
exclamation,Què audàcid amb el que va desafiar la sabença estabilitzada!
exclamation,Què una actuació fascinant de la protagonista!
exclamation,Què gentesa va respondent de manera estrondosa!
exclamation,Què intelligencia luminosa porta a cada discussió!
exclamation,Donava un aspect impecable amb la roba que escollia per cada ocasió.
exclamation,Què una aventura tumultuosa ha estat!
exclamation,Què meravellós fa la música al saló!
exclamation,Què visió ousada i ambiciósa per al futur!
exclamation,Doncs com la ciutat s'ha transformat magníficamente!
exclamation,Què tragedia inimaginable va ser aquell accident!
exclamation,Doncs degençament han decorat l'arbre!
exclamation,Què presència imponente té en el teatre!
exclamation,Què destreza va tenir el director en equilibrar la comedia i el drama!
exclamation,Què deliciós i animats debats!
exclamation,Què meravellós és la diversitat del món natural!
exclamation,Què programa punyent suporten els esportivistes!
exclamation,Què facia fà de manera tan natural el impossible sembla fàcil!
exclamation,Què concept original i remarcatve és!
exclamation,Com'hi fixava amb una mirada penosa al orizont!
exclamation,Què un sí dolç i trist farewell va ser!
exclamation,Doncs com el joallista va situar cada pedra de manera exquisita!
exclamation,Què història caprichosa i imaginativa!
exclamation,Què de poderosament ha canviat la meva perspectiva el documentari!
polar_question,El pont està obert al trànsit avui?
polar_question,Has aconseguit trobar el fitxer que no apareixia?
polar_question,Quedaven aquests assentos disponibles a l'avant?
polar_question,El contratista ha presentado la factura final?
polar_question,Estués cal satisfugat amb el servei al client?
polar_question,El medicament està disponible sense prescripció médica?
polar_question,La investigació va revelar alguna nova prova?
polar_question,Estu els resultats en concordancia amb els resultats anteriors?
polar_question,Algunú ha reclamat el portamoeda perdut?
polar_question,S'ha gravat la reunió per a aquells que no l'han assistiu?
polar_question,El projecte està encara dins del budget original?
polar_question,El doctor ha prescrito una dosis específica?
polar_question,Estu amb ambirepresentació amb la part altra per negociar un acord?
polar_question,El traspàs ha passat per la aduana ja?
polar_question,¿Se realizaron las pruebas de las muestras en un laboratorio certificado?
polar_question,La garantia d'aquest dispositiu és encara vàlida?
polar_question,El consell d'administració va aprovar la fusió proposta?
polar_question,Estu els carreres en bon ordre per conduir després de la tempesta?
polar_question,S'ha imputat formalment al sospiciu?
polar_question,S’ha efectuat una copia de seguridad de les dades abans de la actualització del sistema?
polar_question,El café és obert els dies festius?
polar_question,El experiment va produir resultats reproductibles?
polar_question,Els nens vanen vacunats contra la gripe?
polar_question,El inquilino ha firmat el contrato de alquiler?
polar_question,S'han entrevistat els testimoni individualment?
polar_question,És segura l'aigua per a ninar-se després del dissalt?
polar_question,El pilot va sol·licitar un aterrissatge d'emergència?
polar_question,Estuem totes les portes de fuga marcades clar?
polar_question,¿Ha sido procesado el reembolso a mi cuenta?
polar_question,El pintor va ser autentificat per un expert?
polar_question,La biblioteca és oberda els dimancses de la tarda?
polar_question,Respondeu el pacient bien al traiment?
polar_question,Estu publicat el resultat del examen a través del portal?
polar_question,Ha reached a unanimous decision the committee?
polar_question,S'han respectat les directrius de seguretat durant la construcció?
polar_question,És el lloc accessible per als usuaris de carreres de rodes?
polar_question,El conjunt s'ha qualificat per les finals regionals?
polar_question,Estu els documents notarisats i prenis per presentar?
polar_question,El governat ha signat la llei?
polar_question,El pla de queixa es va presentar en el període de temps previgut?
polar_question,El generador es capaz de alimentar todo el edificio?
polar_question,Recibíeren els funcionaris els bonifics al final de l'any?
polar_question,Estu els ingredients enumerats a l'embalatge?
polar_question,El autor ha respondut a les comentaris del revisor?
polar_question,Han revisat els comptes per una empresa independent?
polar_question,El prototip està preparat per al teste per als usuaris?
polar_question,El equip de rescatament va localitzar tots els excursionistes que no s'havien trobat?
polar_question,S'aprenen els termes del contracte?
polar_question,El municipi ha aprovat el certificat de construcció?
polar_question,El manuscrito original es va descobrir intacto?
polar_question,La clínica està acceptant nous pacients?
polar_question,El sensor detectó alguna lectura inusual?
polar_question,Estu inclòs el canvi de parking en el preu del tíquet?
polar_question,El proveedor ha confirmat la fecha de entrega?
polar_question,¿Fueron los participantes asignados al azar a grupos?
polar_question,És el senyal suficientment fort per a una línia de vídeo?
polar_question,El juez ha concedido la fianza al imputado?
polar_question,Estuven les cuentas anales de forma pública?
polar_question,El virus ha estat eliminat definitivament del sistema?
polar_question,S'ha reportat el incident a les autoritats competents?
polar_question,El ferry funciona según el horario habitual?
polar_question,El actualització del programa va resoldre el bug?
polar_question,Estu els fossils conservats en bon estat?
polar_question,L'ambaixador ha arribat a la cúpula?
polar_question,S’han notificat els residents afectats per avís en avís?
polar_question,El equipament del gimnasio està higienizat entre les sessions?
polar_question,Els acionistes votaron a favor de la proposta?
polar_question,Estu digitzat i consultable el registre històric?
polar_question,S'ha contengut el foc de manera completa?
polar_question,La fórmula ha estat verificada per un científic independent?
polar_question,El dispositiu és compatible amb el únic sistema d' operació?
polar_question,El comitjat va aprovar el candidat?
polar_question,Són els resultats del test estadísticament significatius?
polar_question,S'ha reservat el lloc per la conferència anual?
polar_question,¿Recibieron los refugiados protección temporal?
polar_question,El parc està oblid durant la renovació?
polar_question,La compania de transport compensà els passatgers per el retard?
polar_question,Estu les bateries includes al paquet?
polar_question,S'ha identificat el sospiciu a càmera?
polar_question,Era el tamaño de la muestra lo suficientemente grande para el estudio?
polar_question,El contracte és renovable després del terme inicial?
polar_question,El consell va votar per aprovar les noves normes de zonificació?
polar_question,Estu els instruments de laboratori calibrats adequadament?
polar_question,S'ha distribuït el projecte de legislació per a que es faci comentari?
polar_question,S'han ensayat les rutes de fuga en el simulacre?
polar_question,El banco de datos està codificat per protegir les informacions del usuari?
polar_question,El arquitecte va revisar els plans després de la inspecció?
polar_question,Són els rendements del cultiu suficients per a satisfer la demanda local?
polar_question,El pacient ha sido dado de alta?
polar_question,S'ha recopilat la prova seguint les procedències adequades de la cadena de custodia?
polar_question,El nou pont està dissenyat per resistir els tercats?
polar_question,El CEO va abogar per les acusacions durant la conferència de premsa?
polar_question,El personal està capacitad per a la primera atenció en situacions d'emergència?
polar_question,Ha reunit la proposta finançament del govern?
polar_question,S'han reintroduït els animals al seu habitat natural?
polar_question,La torre de transmissió està de nou operativa?
polar_question,El grup va enviar el informe per davant de la data màxima?
polar_question,Són les respòsies de l'encàntat anònimes?
polar_question,S'ha consultat la comunitat sobre el projecte de desenvolupament?
polar_question,Amb ambdues parts s'ha respectat l'acord original?
polar_question,Està mostrant signes de nova activitat el vulcan?
polar_question,El pilot ha completat el període de descans obligatori?
polar_question,Estuven els efectes secundaris enumerats a la folleta d’informació per al pacient?
polar_question,El enginyer ha revisat els càlcults estructurals?
polar_question,S'han declarat els patrimoni adequadament en el formulari fiscal?
polar_question,El satellitari transmet els dades de manera fi els?
polar_question,El mediador va ajudar les partides a arribar a un acord?
polar_question,Estuven els documents històrics conservats en condicions controlades per el clima?
polar_question,El test de sangre ha confirmat el diagnóstic?
polar_question,El prototip s'ha ensaiat en condiciones del món real?
polar_question,La nova política està alineada amb els valors de l'organització?
polar_question,L'union va acceptar la oferta salarial revisada?
polar_question,Estu els veïns conscienços del ruid de la construcció planificada?
polar_question,El sistema ha sido restaurado a su funcionalidad completa?
polar_question,S’han debriefat els participants després del estudi?
polar_question,El medicament s'administra amb els intervals corresponents?
polar_question,Va revelar la inspecció algunes deficiències estructurals?
polar_question,S'han conservat els registrats en conformitat amb la legislació de protecció de la privacy?
polar_question,El tribunal ha emitido una orden provisional?
polar_question,El equipament es va mantenir seguint les instruccions del fabricant?
polar_question,Està augmentant el nivell del riu per a causa de la recent pluviositat?
polar_question,La analàsis va confirmar la presència de contaminants?
polar_question,Estuem rellisant els objectius de producció aquest trimestre?
polar_question,Ha reunit la caritat el valor total de la donació?
polar_question,S’han revisat per pares els resultats abans de la publicació?
polar_question,La nova legislació és retroactiva?
polar_question,La escola va informar a les parets de la clausura?
polar_question,Estu els espècimens almacenats a la temperatura correcta?
polar_question,Ha interromput el treball de renovació les empreses locals?
polar_question,El vehicle ha estat recentment servit?
polar_question,El centre de conferències està equipat per a la interpretura simultània?
polar_question,El comitè va revisar tots els candidats enviats?
polar_question,Estu els termes i condicions redactats en un llenguatge ll·legible?
polar_question,S'ha demarcat el territori disputad?
polar_question,Estaban els operaris de rescatament equipats amb el material de protecció adequat?
polar_question,La nova línia de productes genera suficient ingressos?
polar_question,Identificava el organe de control alguna irregularitat?
polar_question,Estan las negociaciones comerciales todavía en curso?
polar_question,S'ha reforçat la presa després de la inspecció recent?
polar_question,S'ha emès un avís de rappel a tots els propietaris registrats?
polar_question,Serà segura la ruta de migració per a les besties aquest any?
polar_question,Detectaron algún patógeno en la anal·lisi de laboratori?
polar_question,Estu els sistems del edifici connectats a la plataforma central de monitorització?
polar_question,El candidat ha declarat tots els seus fons per a la campanya?
polar_question,S'han registrat els mesures tectòniques de manera precisa?
polar_question,El tractament propòstit està inclòs en el pla de seguiment?
polar_question,L'autoritat del port va autoritzar la navegació del vaivén per a la seva expedició?
polar_question,S'expliquen els requisits del visat estudiantil clarament en línia?
polar_question,S'ha transferit la investigació a les autoritats federals?
polar_question,El prototip s'ha aprovat per la producció en massa?
polar_question,Està operant la planta de tramitació de l'aigua dins dels límits permessi?
polar_question,El inspector de salut va trobar alguna violació?
polar_question,Estu les projeccions financeres basades en supposicions realistes?
polar_question,S'ha ratificat el tractat de pau per tots els signataris?
polar_question,S'han notificat els serveis d'emergència immediatament?
polar_question,Depèn del càrter per aprovar el contracte?
polar_question,El proveedor ha respectat els estàndards de qualitat especificats?
polar_question,Estu els senors calibrats per detectar quantitats ínfimes?
polar_question,Ha tornat a funcionar el centre comunitari després de la inundació?
polar_question,S'ha anunciat la modificació de la política a tots els funcionaris afectats?
polar_question,La solució de gestió de la memòria en la nube és compatible amb les necessitats de residència de dades?
polar_question,Els arqueòlegs havien trobat algunes arqueseries al fons del lloc?
polar_question,Estu disposat que els procediments d'evacuació estiguin publicats en cada habitació?
polar_question,El alcalde ha respondut a les preocupades de la comunitat?
polar_question,Estaven les projeccions climàtiques basades en els models més recentes?
polar_question,El càrrec de la solicitud de subvenció es a càrrega del Centre Nacional de Recerca i Innovació en Agricultura i Alimentació (Cerafa). La seva tramitació està en curs.
polar_question,El árbitro va consultar al assistent vídeo per a la resolució de la situació?
polar_question,S'han vacunat els bestios contra la dolori?
polar_question,S'ha validat el nou algoritme contra el conjunt de dades de referència?
polar_question,S'ha completat la actualització de la infraestructura al dia previst?
polar_question,La espècie està protegida per la legislació internacional?
polar_question,¿Los auditores señalaron alguna discrepancia en las cuentas?
polar_question,Estuven els voluntaris recreenent una forma adequada d'entrenament i suport?
polar_question,S'ha renovat el contracte de locazione per un altre període?
polar_question,S'han compensat els operaris per les hores de trànsit?
polar_question,El contador de agua es accesible para las lecturas regulares?
polar_question,El grup de expertos va recomanar algunes modificacions al curriculum?
polar_question,Estu els resultats electorals certificats per la comissió independent?
polar_question,S'ha resolvat legalment el litigi sobre la delimitació de la propietat?
polar_question,El medicament estava aprovado per a l'ús en pacients pediàctics?
polar_question,És la construcció compatible amb els codi constructius locals?
polar_question,El pacient va donar el seu consentiment per participar en el ensayo clànic?
polar_question,Estuven els protocols de criptauge dels dades actualitzats amb els estàndards actuals?
polar_question,El consell ha destinat suficient finançament per al programa?
polar_question,Estaban las condiciones meteorológicas dentro de los límites seguros para el lanzamiento?
polar_question,El lloc està a la disposició del públic en general?
polar_question,La inspecció va confirmar la compatibilitat amb les regulacions de salut dels aliments?
polar_question,Són els canvis proposats sostenuts per la evidència científica?
polar_question,S'ha fet una prova de fuga al tub de conducte abans de la comissió?
polar_question,¿Se eliminó el material peligroso de acuerdo con las regulaciones?
polar_question,El tractat és vinculant per tots els països membres?
polar_question,El fabricant ha emitido un aviso de retirada formal?
polar_question,Els residents tenen el dret a una compensació per la interrupció?
polar_question,El organisme regulador ha aprobado el nuevo medicamento?
polar_question,Estaven tots els interessats inclिuits al procés de consulta?
polar_question,És l'algoritm transparent i explicatiable per a els usuaris?
request,Podria baixar un poco las cortinas?
request,Seria possible que revisarais este informe antes del mediodía?
request,Podeu comprovar si els arxius es van carregar correctament?
request,Podeu unir-se à chamada alguns minutos depois?
request,No molesta si me facilita el programa actualizado.
request,Podria recordar-me sobre la reunión de mañana por la mañana?
request,"Seria amable de tenir el ascensor, per favor?"
request,Podria explicarme el procés de regístre?
request,Posso haver una mirada rápida a las tuyas notas?
request,No t’interèssi si reorganitzem el nostre agendament?
request,Podria comprovar si la meva adresa està registrada correctament?
request,Podria fer-me una traduccció d’aquest parràgraf?
request,Podes indicarme cuándo llega el paquete?
request,Podeu deixar-me saber si podem guardar esta informação confidencial?
request,No molesta si apaga la linterna?
request,Podria enviar-me la factura en formato PDF?
request,Seria capaç de cobreixar el meu turno el dissabte?
request,Podeu confirmar la recepció de la meva candidatura?
request,No tinguéssiu si movívamos a una mesa más tranquila?
request,Podria explicar-me com funciona la política de reembolso?
request,Seria possible que preparara el videoproyector antes de la presentación?
request,Podria revisar de nuevo las cuentas en la tercera página?
request,Podeu deixar-me levar um colega para a reunião?
request,No t’interessa si m’ajudas a llevar estas cajas arriba?
request,Podria deixar-me saber a sua disponibilidade na próxima semana?
request,Podria organitzar un taxi per al aeroport?
request,Podes cerciorarte de que la porta està llacrada quan toses?
request,Posso dejar mi bolsa en la recepción?
request,No tindries preocupació si vols revisar el meu borrador abans de presentarlo?
request,Podria proporcionar un resum breu de la discussió?
request,Podria recollir els nens de l'escola al·laç a dia?
request,Podria informar al grup sobre el cambio de lugar?
request,Podeu fer-me una sol·licitació per a una prorroga del termini de pagament?
request,No t’importi si utilitzava el teu carregador un moment.
request,Podria passar a un navegador diferente y volver a intentarlo?
request,Ser-ia capaç de facilitar el següent taller?
request,Podria actualitzar la hoja de cálculo amb les últimes figures?
request,Podeu enviar-me una cópia do acordo assinado?
request,No tindries a explicar els termes i condicions en un llenguatge senzill?
request,Podria me llamar de nuevo en un momento más conveniente?
request,Podria organitzar una reunió amb el fornà?
request,Podeu marcar com urgència els continguts del correu electrònic?
request,Podeu deixar-me um lugar mais perto da entrada?
request,No tinguéssiu objeccions si es va gravar aquesta sessió per les seves notes?
request,Podria proporcionar-me els dades de referència utilitzades en aquesta anàlisi?
request,Podria escortar al visitator al saló de conferències?
request,Podría garantir que el informe se distribuya a todos los miembros del consejo?
request,Podeu deixar-me alguns minutos para rever o contrato?
request,No molesta si cierra la puerta al salir.
request,Podria comprovar el sistema de copia de seguridad antes de final de día?
request,Seria capaç de preparar un breu informe sobre el tema?
request,Podria mantenir-me informat del desenvolupament de la situació?
request,Podeu dir-me sobre o estado da minha candidatura ao visto?
request,No tinguéssiu objeccions si contribueixo amb algunes idees a la proposta?
request,Podria organitzar una traducció del document legal?
request,Podria participar en la visita al lugar en mi nombre?
request,Podeu activar la notificació de ausència de contacte a la meva compte?
request,Podeu deixar-me um espaço de trabalho tranquilo para a próxima hora?
request,No t’interèssi fer-me una segona opinió sobre aquesta decisió?
request,Podria compartir-me las credenciales de inicio de sesión para el entorno de prueba?
request,Seria capaç de negociar una ventja de entrega millor?
request,Podría contactar con el cliente sobre la factura pendiente?
request,Podeu dir-me qual és el temps de transició esperat?
request,No tinguéssiu objeccions si entriguésse una breu pausa durant la sessió?
request,Podria organizar un coche compartido para el evento fuera del lugar?
request,Podria establir una relació amb el departament jurídic per a aquesta matèria?
request,Podeu comprovar si el formulari requereix una firma humida?
request,Podeu facilitar-me l’accès als dades històriques dels últims tres anys?
request,No t’importi si incluia el meu gestora en aquest correu electrònic?
request,Podria preparar una comparativa de las dos propuestas?
request,Ser-ia capaç de obrir un peça de substituição per la maquinària?
request,Podria aconsellar-me sobre la mejor ruta per evitar el tràfic?
request,Podeu donar-me un desglose detallat de els costos?
request,No molesta confirmar el número de referencia de la reserva?
request,Podria recuperar la versión original del documento?
request,Ser-ia capaç de ser mentor del nou intern aquest mes?
request,Podria comprovar si la integració funciona després de la actualització?
request,Podeu fer-me una pregunta sobre si poden prioritzar aquesta tasca per sobre les altres?
request,No tinguéssiu objeccions si entrais per presidir la reunió d'hores.
request,Podria eliminar las entradas duplicadas de la base de datos?
request,Seria possible concertar una cita urgente con el especialista?
request,Podríeis compartir el orden del dia al menos veinticuatro horas de antelación?
request,Podeu disculpar-me de la sesiÓn obligatoriÓ?
request,No tindries preocupació si vols prendre notes durant la conversa?
request,Podria confirmar si la política cubre los daños accidentales?
request,Podria proporcionar una carta de referencia?
request,Podeu supervisar els logs del servidor durant la nit?
request,Podeu deixar-me um carro de rodas disponível na porta?
request,No tinguéssiu amb problema si utilitzava aquest taule mentre el meu estigués fent reparacions?
request,Podria marcar un tiempo en el calendario para este proyecto?
request,Podria compilar una lista de preguntas frecuentes?
request,Podes assegurar-te de que funcionen los microfones antes del evento?
request,Podeu dir-me si prefere que todo o feedback seja enviado por escrito?
request,No tinguéssiu objeccions si revisitivessin aquest tema en una reunió posterior?
request,Podria indicar-me la farmacia más cercana?
request,Ser-ia capaç de fer una investigació de fons en primer plan sobre el candidat?
request,Podeu compartir els materials del taller amb els participants per avís?
request,Podeu haver-me una habitació amb una vista al jardí?
request,No tinguéssiu objeccions si moviava la data límite per a la vuitma-dimarç?
request,Podria imprimir dos copias de las diapositivas de la presentación?
request,Podria investigar la discrepancia en las cuentas?
request,Podeu desactivar les actualitzacions automàtiques del dispositiu compartit?
request,Podeu dir-me si necessiten una aclaració sobre el punt setze del contract?
request,No molesta si comprueba de nuevo la ortografía de mi nombre en el certificado?
request,Podria organitzar un almuerzo de grup per celebrar la finalització del projecte?
request,Ser-ia capaç de pilotar el nou procediment abans de la generalització completa?
request,Podria preparar una evaluación de riesgos per a la activitat proposada?
request,Podeu haver-me ajuda a preencher este formulário?
request,No tinguéssiu objeccions si preguntéssemes algunes preguntes de seguiment?
request,Podria establir una relació amb el catering sobre les necessitats dietàtiques?
request,Sería posible traducir el manual del usuario al español?
request,Podeu verificar la identitat de la persona que té contacte?
request,Podeu dir-me si el reuneix començar ràpidament a les nou?
request,No tindries preocupació si vols revisar el avís de privacitat abans de que entre en vigor?
request,Podria archivar els arxiveros del projecte antic per liberar el espai de gestió?
request,Podria proporcionar soporte técnico durante el lanzamiento?
request,Podeu enviar una invitación al calendario a todos los asistentes?
request,Podeu haver-me una sala tranquila para fazer esta chamada?
request,No tinguéssiu amb problema si entradessin a la sessió d'entrenament?
request,Podria preparar un resumen de una página para el ejecutivo?
request,Podría procesar mi solicitud de permiso anual?
request,Podríeis confirmar el número final de participantes al evento?
request,Podeu fer-me una pregunta sobre les preocupades abans de signar-se?
request,No tindries preocupació en seguir la pista de les més-nunciades mésics?
request,Podria ajudar-me a resetear las credenciales de inicio de sesión?
request,Ser-ia capaç de entregar el ordre abans del final de week-end?
request,Podria comprovar si hi ha una opció vegetariana al meniu?
request,Podría pregunte que el nivel de ruido se mantenga al mínimo?
request,No t’interèssi si reenviaba este hilo al equipo correspondiente?
request,Podria afegir una desculpa al final del document?
request,Seria possible que acogiese el webinar el próximo martes?
request,Podria preparar una lista corta de candidats adequats?
request,Podeu enviar-me um recibo detalhado para a minha reclamação de despesas?
request,No molesta aclarar los criterios de elegibilidad?
request,Podria comprovar que els dades són conformes amb les regulacions?
request,Seria possible que me acompañarais a la reunión?
request,Podeu guardar una copia de la versión final en el servidor compartido?
request,Podeu dir-me si voleu que es demanessin totes les preguntes fins al final?
request,No t’interèssi ajudar-me a configurar el equipament?
request,Podria informar a los departamentos pertinentes sobre el cambio de política?
request,Ser-ia capaç de rumnar els diagnosticos a la reçada?
request,Podría designar un contactor dedicado para esta cuenta?
request,Podeu donar-me la clau de la habitació un poco antes que la hora de check-in?
request,"No tinguéssiu amb problema si presentéssems per als veure per als darrers, perquè puc plegar-hi al mig-dia?"
request,Podria marcar una llamada de seguimiento para la semana que viene?
request,Ser-ia possible que obtinésseus les materias primereres a nivel local?
request,Podeu actualitzar els meus detalls de contacte al sistema?
request,Podeu dir-me si voleu que el informe sigui distribuït bajo embargo?
request,No t’interèssi fer-me una passejada pel nou flux de treball?
request,Podria preparar un documento de entrega antes de su licencia?
request,Seria capaç d'instal·lar els últims paràmetres de seguretat al dia d'hores?
request,Podeu comprovar si la meva registrant s'ha confirmat?
request,Podeu enviar-me una cópia dos meus dados pessoais que a organização conserve?
request,No tinguéssiu objeccions si afegitaria a aquesta pregunta a la prioritat de la fila?
request,Podria ampliar el tamaño de la fuente en la presentación de diapositivas?
request,Podria organitzar un intérprete per a la sessió?
request,Podría proporcionar una actualización sobre el progreso para finales de la semana?
request,Podeu preguntar si hi ha una llista d'espera per al curs?
request,No t’interèssi enviar-me un recordatorio un día antes?
request,Podria reunir feedback de los participantes después del evento?
request,Seria capaç de redactar una resposta a la queixa?
request,Podes garantir que el convidat ha estat afegit a la llista d'accés?
request,Podeu deixar-me cinco minutos para recolher os meus pensamentos antes da entrevista?
request,No tinguéssiu objeccions si observeix la sessió sense participar?
request,Podria clarificar la que versió del programa actualment està en ús?
request,Podria accelerar el proces de revisió?
request,Podeu comprovar si la garantia ha estat registrada?
request,Podeu sol·licitar el embarcament prioritari per una condició mèdica?
request,No tindries a sumar les conclusions principals del taller?
request,Podria afegir el meu nom a la llista de distribució?
request,Ser-ia capaç de fer una prova del formulari abans de que es faci disponible?
request,Podria confirmar-me la data de la próxima parada de mantenimiento programada?
request,Podeu fer-me una copia dels minuts de la reunió?
request,No t’interessa compartir el enlace a la grabación?
request,Podria preparar un borrador de orden del día para la próxima sesión?
request,Ser-ia possible que firmes els documents abans del final del dia?
request,Podria garantir que el saló està preparat per a cinquenta persones?
request,Podeu deixar-me um momento para rever isto antes de dar a minha resposta?
request,No tinguéssiu objeccions si traia una persona de suport per a la cita?
request,Podria convertir aquest fitxer a un format més accessible?
request,Ser-ia capaç de compilar els resultats de la recerca en un informe?
request,Podría proporcionar un cronograma para la finalización del trabajo?
request,Podeu dir-me si voleu que el projecte sigui considerat com a confidencial?
request,No molesta si volés revisar de nuevo las matemáticas de la última página.
request,Podria contactar amb el lloc per confirmar la configuració audiovisual?
request,Ser-ia capaç de preparar un plan d'entrenament per al nou personal?
request,Podria enviar los formularios completados al departamento de RRHH?
request,Posso tener un asiento en el pasillo en el vuelo de regreso?
request,No tindries a informar el equip que la data límite s'ha movat?
request,Podria participar en la reunión de análisis en mi nombre?
request,Podes indicarme si algo urgente llega durante la noche?
request,Podeu fer-me una pregunta sobre si deuen tenir un registre de totes les comunicacions?
request,No tindries preocupació confirmar el preu abans de fer el ordre?
request,Podria elevar este asunto al director senior?
request,Podria preparar una lista corta de proveedores aprobados?
request,Podes confirmar que el borrador ha sido revisado ortográficamente antes de enviar?
request,Podeu deixar-me um momento para falar com o gestor?
request,No tinguéssiu amb problema si emprestavais aquest llibre de la biblioteca del lloc de treball?
request,Podria enviar el formulario completado directamente al cliente?
request,Podria sintetizar els resultats en tres punts?
request,Podeu anotar els punts d'acció abans de ferar el nostre encerrament de la reunió?
request,Podeu dir-me qual és la política de cancel·lació?
request,No t’interèssi quan esgueli el preu per el proveedor alternatiu?
request,Podria garantir que els números d'emergència estiguin actualitzats?
request,Podria coordinar amb el equip de logística?
request,Podrías enviarme el número de seguimiento de mi envío?
request,Podeu deixar-me alguns dias para considerar a oferta antes de responder?
request,No tinguéssiu objeccions si utilitzava el telèfon de conferència per marcar el marc?
request,Podria compilar una llista de tots els taskes pendents?
request,Podria crear una cuenta de prueba para mí?
request,Podeu comprovar que la contraseña és adequada per a les necessitats de seguretat?
request,Podeu deixar-me saber se pretendem que mantenham isto entre nós por agora?
request,No tindries a veure't a abordar aquest problema abans del terme del sprint?
request,Podria garantir que el producto final coincide con las especificaciones acordadas?
request,Ser-ia capaç de completar la inducció abans de que comincie el projecte?
request,Podria aconsellar-me sobre el camí d'escalada adequat?
request,Podeu sol·licitar un interpret diferent per a la audiència?
request,No t’interèssi preparar una comparació de les opcions disponibles?
request,Podria avisarme si el estat s'actualitza?
request,Podria revisar la propuesta para el jueves?
request,Podeu desactivar les notificacions durant la presentació?
request,Podeu enviar-me uma cópia impressa do relatório para a reunião do conselho?
request,No t’interèssi si reenviaba els teus detalls de contacte al organizador?
request,Podria deixar-me saber si la compensació per el trave ho faria una altra cosa?
request,Ser-ia capaç de preparar un plan de contingència en cas de problemes tècnics?
request,Podría emitir una factura revisada que refleje el monto actualizado?
request,Podeu dir-me si és possible que l'ordre del dia sigui distribuït com a míníma quatre-vingt-oinares d'hores més adiantada?
request,No t’importi si canviés el format del informe semanal.
request,Podria identificar la causa raíz del error recurrente?
request,Ser-ia possible obrir una copia bilingüe del acord?
request,Podeu configurar el idioma predeterminat per a l'engràs en les setes?
request,Podeu enviar-me una cópia do relatório de auditoria de acessibilidade?
request,No tindries a incloure el número de referència en tota la correspondència?
request,Podria preparar una lista de control para el proceso de incorporación?
request,Podria fer-me una visita per la planta?
request,Podeu redirigir les míns fones mentre estigui en la reunió?
request,Podeu preguntar si existe un período de gracia para los pagos tardíos?
request,No tindries preocupació si no volen proporcionar una confirmació escrita de la reglula?
request,Podria actualitzar la pàgina de FAQ amb les informacions més recentes?
request,Ser-ia possible programar una prueba sin carga per a la presentació en viu?
request,Podes asegurar que los asistentes reciban un enlace de conexión con antelación?
request,¿Podría recibir la copia firmada de nuevo dentro de cinco días laborables?
request,No molesta si lo reenvías a quien se encargue de la adquisición?
request,Podria processar la solicitud con carácter urgente?
request,Podria proporcionar una referencia para el estándar?
request,Podría garantir que el generador de respaldo se pruebe antes del evento?
request,Podeu dir-me si és possible que el resultat es documentés i es faci compartir amb tots els interessats?
request,No molesta si añado unas diapositivas a la presentación?
request,Podria comparar los datos con el informe del año pasado?
request,Podria enviar un correo electrónico de seguimiento que resuma la discusión?
request,Podes confirmar si mi suscripción ha sido renovada?
request,Podeu redistribuir el meu lloc per a una situació més pròxima a una toma de força?
request,No tindries preocupació si no garanteix que el formulari de feedback sigui accessible en dispositius mobiles.
request,Podria recordar al equipo que actualicen sus hojas de registro para este viernes?
request,"Podria obténger un preu de, al menos, tres fornidores?"
request,Podria preparar un informe para el nuevo presidente?
request,Podeu donar-me uns dies per provar el programa abans de comprometre’t?
statement,El contract es va signar per ambdals agents el mateix dia.
statement,La fotosíntesis convierte la energía lumínica en energía química almacenada en la glucosa.
statement,La empresa ha denunciat una perda neta de catorze millons de dòlars per el trimestre.
statement,La selva amazónica absorbe aproximadamente dos mil millones de toneladas de dióxido de carbono cada año.
statement,El inculpat fue absuelto de todos los cargos después de un juicio de tres semanas.
statement,Els enginyers van dissenyar el pont per a càrrega de cinc mil tones.
statement,La espècie es va declarar extinta en el món natural en 1989.
statement,L'algorítmit processa fins a un milion de transaccions per següent.
statement,El vaccin va mostrar una taxa d'eficacitat del 94% en les pràxias clàsiques.
statement,La ciutat antiga es fundà per col·loquents grecs al segle VIII a.C.
statement,El govern va destinar tres mil millones de dòlars al desenvolupament de les infraestructures.
statement,El estudi va seguir a les participantes durant un període de vint anys.
statement,L'aigua es va fer bol·lar a 100 graus Celsius a la presió atmosfèrica normal.
statement,La biblioteca alberga más de dos millones de volúmenes catalogados.
statement,La nave espacial completó su órbita en exactamente noventa minutos.
statement,El informe identificó tres factores de riesgo clave asociados con la afección.
statement,L'economia va contrair un 4% durant el primer trimestre de l'any.
statement,El tract va ser ratificat per tots els estats membres en el període de sis mesos a partir de la signatura.
statement,L'hospital té una capacitat de octeuguts de camins en catorze seccions.
statement,"El film va guanyar quatre Premiats de la Academia, inclòs el de Millor Pel·lícula."
statement,La nova política entra en vigor el primer día del mes que viene.
statement,La auditoria desvelà irregularitats en comptes que dataven de fa cinc anys.
statement,El programa està llicenciat sota la llicència de código obert Apache 2.0.
statement,El comitè té lloc el tercer dimecres de cada mes.
statement,El riu atinge el seu nivell més alt durant la temporada de monsó.
statement,La universitat ofereix cursos en més de sesantze disciplines diferents.
statement,L'experiment s'ha realitzat en condicions controlades de laboratori.
statement,El reglament prohibe la venda del químicament sense una autorització.
statement,La població de la ciutat s'ha duplicat en els últims tres dècades.
statement,L'equip va guanyar catorze de les seus dezoctàvimes partits a la lliga.
statement,L'edifici està construït amb beton armat i d'acai estructural.
statement,El satélite transmite dades a una velocitat de 1 gigabyte per següent.
statement,El pacient va ser operat després que el tractament conservador no hagués funcionat.
statement,L'artista va crear la escultura utilitzant materials industrials recuperats.
statement,La llei exige que els empleadors prenin informació escrita amb tretze dies de anteprevi.
statement,L'illa és el lloc de tres espècies endèmiques que no es troben a més a ningú altre lloc de la Terra.
statement,La moneda se depreció un 15% frente al dólar el año pasado.
statement,La fusió va crear la principal empresa de telecomunicacions de la regió.
statement,L'excavació va revelar artífices que daten de la època del bronze.
statement,L'observatori va registrar la brillada solar més intensa en una dècada.
statement,La política fue aprobada por unanimidad pel comitè executiu.
statement,La empresa emplea a més de quaranta mil persones en tretze països.
statement,El bacin de riu suporta més d'una cent d'espècies de peus distincs.
statement,La legislació va ser aprovada per una majoritat de sesenta i sette votants.
statement,El sistema inicia sesión automáticamente los usuarios después de quince minutos de inactividad.
statement,El festival atrae a més d'un demi-millon de visitants cada estiu.
statement,El model climàtic preve que la temperatura mitjana aumente en dos graus per 2050.
statement,L'escola exige que els estudiants mantinguin una taxa mínima de presència del 80%.
statement,La central genera suficient electricitat per abastecer una ciutat completa.
statement,El manuscrito es el que se descubrió en un monasterio en el siglo XIV.
statement,El estudi descobri que el setenta i dos percents de respondents sostenien la mesura.
statement,La mutación genética aumenta el riesgo de desarrollar la enfermedad en un factor de tres.
statement,La plataforma gestiona aproximadament cincuenta mil usuaris simultàns en els moments de pic.
statement,"L'organització va ser fundada el 1945, al final de la Segona Guerra Mundial."
statement,"El vulcà va explotar per última vegada el 1883, en una de les explosions més violents de la història."
statement,El oleoducte se extiende por más de cuatro mil kilómetros a través de dos continentes.
statement,El reglament va entrar en vigor després d'un període de consulta pública.
statement,La espècie migra més de deu mil·liómetros cada any.
statement,Les imatges per satélite revelaron una desforestació extensa en la zona protegida.
statement,La fórmula fue derivada de los principios fundamentales por el equipo de investigación.
statement,La legislació va introduir l'etiquetació obligatori per a les productes modificades geneticamente.
statement,L'universitat es va constituir per carta real al segle XIII.
statement,L'anàlisi mostra una correlació estadísticament significativa entre les dues variables.
statement,El compuesto es soluble en agua a temperaturas superiores a los cuarenta grados Celsius.
statement,El veredicto ha sido revocado en apelación por el tribunal superior.
statement,L'organització ha funcionat de manera ininterrumpida durant més d'un segle.
statement,El disseny incorpora el calentatge solar passiu per reduir el consum de energia.
statement,El document va ser classificat com confidencial per el govern.
statement,El programa ha capacitado a més de deu mil professionals des de la seva creació.
statement,Els dades es vanen en serveuers situats en tres regions geogràfiques distinctes.
statement,El projecte es va retardar en huit mesos per a les interrupcions de la cadena de aprovisionament.
statement,El medicament és contraindicat en els pacients amb una afectació renal severa.
statement,L'acord cobre tot el dret d'ús i d'obtenció de la propietat intel·lectual desenvolupat durant el període del contracte.
statement,El glaciar ha retrocedido més de tres quilòmetres en els últims cincen anys.
statement,El comité de revisión recomendó cambios significativos al marco existente.
statement,El idioma pertenece a la familia sino-tibetana i té més d’un miljard de locutors natius.
statement,"L'entitat funciona tot el dia i tot el any, 7 dies a la semana."
statement,El resultat de la elecció va ser contestat per el partit perdedor al Tribunal Supremo.
statement,"El desvío estándar de la muestra se calculó en 2,4."
statement,El tribunal emitió una orden de restricción que impedía que la empresa operara.
statement,L'equip de investigació ha identificat una proteïna nova implicant en la divisió de les cel·lu·les.
statement,El fons investe exclusivament en les empreses amb una alta classificació ambiental.
statement,L'asteroide va passar a una distància de tres centòmicrones de la Terra.
statement,L'organització proporciona un refugio de emergencia a més de vint mil persones anualment.
statement,El sistema es va retirar de línia per a una manteniment durant les 6 hores de la nit.
statement,La temperatura desciende a los -30 graus en la noche más fría del año.
statement,La ruta propuesta atraviesa tres parques nacionales y dos reservas de vida silvestre.
statement,La conferència va reunir a assistents de setenta països de tot el món.
statement,La política exige una tasa de reciclaje mínima del 50% per a les materials d'embalatge.
statement,El puente té una lonja principal de mil novecentos y noventa y dos metres.
statement,El software detecta anomalías en tiempo real utilizando algoritmos de aprendizaje automático.
statement,El pueblo ha conservado su estilo de construcción tradicional durante seis siglos.
statement,El estudi implicava un grup de control i dos grups experimentals.
statement,La empresa detém patents per més de tres cent tecnologies.
statement,La profundidad de la fosa oceánica supera los once mil metros.
statement,El brot de cólera s'ha detectat a partir d'una única font contaminada d'aigua.
statement,La legislació concede un período de diez años a las instalaciones existentes.
statement,"El lloc de nidificació de la perdicella és exclusivista en la foresta de l'alta muntanya, a una altitud superior a les 2.000 metres."
statement,La investigación concluyó que el error humano fue la causa principal del accidente.
statement,El genoma del organismo conté aproximadament tres mil millons de parejos de bases.
statement,El nou campus acollirà fins a cinc mil estudiants.
statement,A la reunió assiste anualment el lideratge de les vint majors economies del món.
statement,La esperança de vida media a nivell nacional ha augmentat en deu anys des de 1990.
statement,El sónar reunit setcent setenta mostres durant la seva missio de dos anys.
statement,La constitució va ser modificada per una majoritat de dos terços a l'interno de la legislatura.
statement,L'algoritm reduce el temps de processament per ordre de magnitud.
statement,El depósito s'ha format durant millers de geologia per la pressió geològica.
statement,L'organització publica els seus estados financiers trimestralment.
statement,El reactor està dissenyat per funcionar durant les seixen anys abans de la descomissió.
statement,El reglament exige que toda la asesoría financiera s’escrivi aquests consells.
statement,El compuesto se sintetizó por primera vez en un laboratorio en 1953.
statement,El informe ha sido elaborado de acuerdo con las normas contables internacionales.
statement,L'infraestructura suporta les velocitats de transferència de dades de fins a catorc gigabits per següent.
statement,La espècie està inclòs en la llista vermella de la Unió Internacional per la Conservació de la Natura.
statement,El programa piloto s'ha desplegat a través de doce ciutats abans de la implementació a nivell nacional.
statement,La densitat del material és aproximadament huit vegades més que la del·l'aigua.
statement,El comitjat té la potestat per imponer sancions de fins a quinientos mil dòlars.
statement,El recorde se estableció en los Juegos Olímpicos de 1968 en la Ciudad de México.
statement,El estudi no va detectar diferències significatives entre els dos grups de tractament.
statement,La zona costera es objeto de inundaciones regulares durante las mareas de primavera.
statement,El reglament s’aplica a les empreses amb un ingressos anual superiors a les 10 millons d’euros.
statement,El manuscrito conté ilustraciones ejecutadas con hoja de oro.
statement,El dispositivo funciona con una batería de iones de litio con una duración de doce horas.
statement,El ensayo reclutó a más de treinta mil participantes en quince países.
statement,El idioma té sex cases gramaticals i tres gèneres gramaticals.
statement,L'entitat està acreditada pel organisme nacional de control de la qualitat.
statement,El caudal del riu se duplica durant la deshimeda de la primavera.
statement,El permiso autoriza la descarga de aguas residuales tratadas a niveles especificados.
statement,El compuesto tiene un punto de fusión de ciento ochenta y tres grados centígrados.
statement,La investigación está siendo llevada a cabo conjuntamente por tres agencias nacionales.
statement,El sistema ha sido certificado de forma independiente según el estándar de seguridad más alto.
statement,La estructura ha sido diseñada para resistir vientos de hasta doscientos cincuenta kilómetros por hora.
statement,L'organització opera en estricta conformidad con el derecho internacional humanitario.
statement,El preu de la commodity va baixar un 22% durant el període de informació.
statement,El avión quedó en tierra mientras se investigaba el incidente.
statement,La enmienda fue propuesta por el partido de la oposición y aprobada por una estrecha mayoría.
statement,El sistema genera alertas automàtiques quan detecta activitat anòmica.
statement,El informe concluye que las trayectorias actuales de las emisiones no son coherentes con los objetivos del Acuerdo de París.
statement,La biblioteca va ser legada a la ciutat per un filantropi al començ de segle XX.
statement,El protocol especifica el formato exacto y el orden de los paquetes de datos.
statement,L'aquifero abasteix d'aigua potable a més de tres milions de persones.
statement,El còdigo està subjecte a una revisió obligatoriària abans de ser incorporat a la branca principal.
statement,La planta florece anualmente a finales de la primavera bajo condiciones de largas horas de luz diurna.
statement,El reglament estableix una concentració máxima perjudicial de cinc parts per milió.
statement,La fundació rebé un centenar de millons de dòlars en el seu estat inicial.
statement,L'algoritme convergeix a la solució òptima en un número finit d'iteracions.
statement,La costa del país se extiende por más de treinta y seis mil kilómetros.
statement,La enmienda prohíbe el uso del aislamiento individual para los menores.
statement,El compuesto se descompone en subproductos inofensivos cuando se expone a la luz solar.
statement,La recerca es mantenida per un equip de enginyers que funcionen en quatre fusos horàrics.
statement,L'arquivística conserva material prim de prim valor que cobre deu séculos de història.
statement,La instalación ha sido inspeccionada por los reguladores y se ha comprobado que cumple con todas las normas.
statement,El estàndard es va desenvolupar a través d’un procés de consens internacional durant més d’un any.
statement,La imatge per satélite mostra una reducció significativa de la extensió del gel en comparació amb la dècada anterior.
statement,El medicament reduce el riesgo de recurrencia en un 40% en la población objetivo.
statement,La ley concede a los ciudadanos el derecho de solicitar el acceso a los datos personales que se encuentren en manos de los organismos públicos.
statement,L'organització va repartir-se de la certificació internacional de la més alta qualitat.
statement,"El equipo del projecte està compost per especialistes en enginyeria, advocació i ciències ambientals."
statement,El marco exige que los estados miembros informen sobre el progreso cada dos años.
statement,La prova presentada en el tribunal se obtuvo mediante medios legales.
statement,La fundació gestiona més d'un centenar de centres comunitaris a nivel nacional.
statement,El procés genera emissões negligíents en les condicions operatives normales.
statement,El sistema registra cada evento de acceso con un identificador de usuario y una marca de tiempo.
statement,El mineral es trobat en quantitats viables per al comerçament només en una manada de països.
statement,El contrato especifica una penalización del diez por ciento del valor total por entrega tardía.
statement,L'entitat publica el seu principal periódic des del 1885.
statement,La espècie té una alimentació exclusiva basada en un únic tip de insecte que es troba en els ocs antics.
statement,El reglament exige que los fabricantes de aeronaves cumplan con estrictos límites de ruido.
statement,El projecte és finançat conjuntament per la Unió Europea i el govern nacional.
statement,El estudi descobriment que la exposició a la substància més de les línies de seguretat causava danys al fí.
statement,L'organització està governat per un consell de vuitze representants eleits.
statement,El tractat obliga a los signatarios a reducir las emisiones de gases de efecto invernadero en al menos un 40%.
statement,L'edifici va repartir una classificació de platina per al disseny sostenible.
statement,El programa processa el audio en tiempo real con una latencia inferior a los veinte milisegundos.
statement,El tribunal va rejectar el apel·la per motius procedimentals.
statement,El virus se replica dins de les cel·lu·les del receptor i pot sobrevivenir fora d'un receptor durant fins a setze i dos hores.
statement,"La llei prohibe la discriminació per raons de edat, raça o inabilitat."
statement,El comitè va acabar la seva inspecció i va publicar un conjunt de vuitze recomanacions.
statement,El programa ha reduït les tas de reincidencia en un 30% entre els participants.
statement,"La emissió de la estació és de veinticu hores al dia, distribuïda per setze freqüències."
statement,El reglament exige que tots els edificis nous siguin nels del carbon net ja amb 2030.
statement,"El depósito conté, aproximadament, dos mil millons de tones de mena recuperable."
statement,"El projecte d'infraestructura creará, aproximadament, vint mil joves permanents."
statement,La investigación identificó fallos sistémicos en múltiples niveles de la organización.
statement,La ciutat experimenta un promedio de trescientos días de sol al año.
statement,El compuesto inhibe la enzima responsable de la síntesis de la pared celular en las bacterias.
statement,El fons ha aconseguit un profit anualitzat del 11% durant la última dècada.
statement,La estación de investigación ha estado ocupada de manera continua desde 1957.
statement,El tractat entrà en vigor després de la ratificació del cinquentzeè estatal signatar.
statement,El budget anual de la organización supera los quatre cents millones de dòlars.
statement,El sensor és capaç de detectar canvis de temperatura tan petits com una centésima de grau.
statement,La legislació estableix un organisme independent per supervisar la implementació.
statement,La cordillera forma una frontera natural entre los dos países.
statement,La enfermedad progresa a través de cuatro etapas distintas antes de llegar a ser potencialmente mortal.
statement,La política introdujo un precio del carbono de cincuenta dólares por tonelada de emisiones.
statement,El satélite mide la temperatura de la superficie del mar con una precisión de medio grado.
statement,El monument ha sido designado como Patrimonio de la Humanidad de la UNESCO.
statement,"El compuesto se degrada rápidamente en condiciones aerobias, pero persiste en suelos anaeróbicos."
statement,La universitat reuneix més de 30.000 candidatures per a 2.000 llocs de graduat.
statement,El marco fue adoptado como norma internacional vinculante en 2019.
statement,La estació es va construir el 1904 i continua en operació actual.
statement,El reglament exime a les petites empreses que no superindemnifiessen les 10 persones.
statement,L'observatori està situat a una altitud de quatre mil metres sobre el nivel del mar.
statement,La llei exige que tots els edificis públics previ els serveis accessibles.
statement,El projecte es va completar tres mesos abans del pla i amb un pressupost inferior al previst.
statement,"El organismo es capaz de sobrevivir al calor extremo, al frío, a la radiación y al vacío."
statement,El programa va inscriure més d'un centenar de milers de participants el seu primer any.
statement,El tribunal va conceder indemnizacions de tres milions de dòlars al reclamante.
statement,L'anàlisi va revelar una coincància del noventa i ocho per cent amb el eixample original.
statement,El contracte inclou una clau de força major que cobre pandèmies i desastres naturals.
statement,L'instrument mesura la resistència elèctrica amb una incertitud inferior al 1%.
statement,L'organització opera sota un estricto código de conducta que obliga a todos los miembros.
statement,La legislació va entrar en vigor al demanar el sí real.
statement,La espècie és capaç de realizar la fotosíntesi en condicions de llum extremment baixes.
statement,El delta del riu és una de les zones més biodiverses del continent.
statement,El projecte necessita de l'approvació de tres autoritats reguladores diferents.
statement,"El documento es stato redacetat en doble exemplar, conservant cada una de les parti una copia original."
statement,Els models de previsiblement preveuen precipitacions més que mitjanes per la temporada que s’aproxima.
statement,La xarxa està dissenyada amb redundància per garantir un temps d'inactivitat nul.
statement,El reglament exige una evaluación del impacto en la seguridad per darrera a qualsevol treball important en infraestructures.
statement,La organización fue colocada en administración voluntaria por su consejo de administración.
statement,L'entitat gestiona el prestatge de més d'un centenar de demandes de visat per mes.
statement,La espècie forma un vínculo de pareja per tota la vida i anida sempre en el mateix lloc cada any.
statement,La autoridad emitió un aviso de cumplimiento que exigía la reparación dentro de noventa días.
wh_question,Quels critères sont utilisés pour évaluer les candidats ?
wh_question,De unde provine el riu abans d'arribar al valle?
wh_question,Per què va rejectar el comitjat la proposta original?
wh_question,¿Cuánto tiempo tarda normalmente el proceso de fermentación?
wh_question,Qui detent el rècord per la majoria d'aparicions a la competició?
wh_question,¿Qué mecanismo permite que la enzima catalice la reacción?
wh_question,Quan començar la próxima cohort de formaires del programa?
wh_question,Quina regulamenta la eliminació de les restes electrònics?
wh_question,Per què el projecte ha quedat per deuda amb el cronometrat?
wh_question,¿De qué manera el software distingue entre las transacciones legítimas y las fraudulentas?
wh_question,¿Qué pruebas apoyan la afirmación de que el asentamiento data de antes de la época romana?
wh_question,¿Dónde están físicamente ubicados los servidores de copia de seguridad?
wh_question,Qui és responsable de aprovar el disseny final?
wh_question,Què percentatge del budget es dedica a la investigació i desenvolupament?
wh_question,Què data van ser actualitzades les normes de seguretat?
wh_question,Aquest dels esdevolupts proposats és el més adequat per al parc eolian?
wh_question,Per què els ocells migratoris tornen els anys seguïts al mateix lloc de nidificació?
wh_question,¿Cómo se distribuyen los residuos a través del modelo de regresión?
wh_question,Quins passos són necessaris per apelar a la decisió?
wh_question,Deu l'autoritat el seu mandat legal d'aquesta manera?
wh_question,Qui va redactar la versió inicial de la convenció?
wh_question,Què impact produc la modificació de la política en les petites empreses?
wh_question,Quan és el més precoce possible per marcar la inspecció?
wh_question,Quins aquests són els llengües oficialment reconeguts en la constitució?
wh_question,Per què va baixar el preu de la acció tan ràpidament després del anunci?
wh_question,¿Cómo responde el sistema inmunitario a un patógeno nuevo?
wh_question,Què proporció de la força de treball és empleada amb contractes temporaris?
wh_question,¿Dónde se encuentra la evidencia fósil de esta transición evolutiva?
wh_question,Qui ha autoritzat la transferència de fons a la contada offshore?
wh_question,¿Cuáles son las principales diferencias entre los dos enfoques?
wh_question,Què data es de previsible que acabe el termen d'extinció?
wh_question,Aquests són els sectors que més afecten els aumentos tarifaris proposats:
wh_question,¿Por qué el algoritmo está sesgado hacia la clase mayoritaria?
wh_question,¿En qué se diferencia el clima del interior del de la costa?
wh_question,¿Qué desencadenó el repentino aumento de la actividad sísmica?
wh_question,¿A dónde se deben presentar los resultados una vez finalizado el proceso?
wh_question,Qui assumerà la responsabilitat si el projecte no és capaç de entregar?
wh_question,Quinses són les garanties incorporades al sistema de vot?
wh_question,Què moment apareixen els primers registres escritos de la llengua?
wh_question,Quels matériaux sont classés comme dangereux dans le cadre de la nouvelle législation ?
wh_question,Per què la velocitat de reacció disminueix amb concentracions més elevades?
wh_question,¿De qué manera se evalúa el rendimiento del modelo en datos no vistos?
wh_question,¿Cuáles son los efectos secundarios de bloquear esta vía metabólica?
wh_question,¿Dónde se encuentra la instalación más cercana capaz de manejar el volumen requerido?
wh_question,Qui és el responsable de la comissió de supervisió independent?
wh_question,¿Qué justifica el coste significativamente superior de la opción premium?
wh_question,Què moment seran publicats els resultats del estudi d'impact ambiental?
wh_question,Quines naties vanós el personal més important a la misssió de manteniment de la pau?
wh_question,Per què perd la stabilitat la composició per sobre una determinada temperatura?
wh_question,¿De qué manera se determina el límite entre las dos jurisdicciones?
wh_question,Que sugieren los últimos datos demográficos sobre las tendencias de urbanización?
wh_question,¿Dónde pueden las personas acceder al texto completo de la legislación?
wh_question,Qui beneficia més de la implementació de aquesta política?
wh_question,¿Qué distingue una fuente primaria de una fuente secundaria en la investigación histórica?
wh_question,Què dia es de esperar que s'abri el procés d'adquisició per a les presentacions?
wh_question,Quina ruta ofereix la connexió més fiab·l·la entre les dues ciutats?
wh_question,Per què ha desccaret la taxa de natalitat de manera tan ràpida en els últims dos dècades?
wh_question,¿Cómo influye la presión de los pares en la toma de decisiones de los adolescentes?
wh_question,Quines mesures han adoptat per evitar que es repitiu el incident?
wh_question,¿Dónde se encuentra la mayor concentración de respiraderos hidrotermales de aguas profundas?
wh_question,Qui ha negociat els termes del acord de pau original?
wh_question,¿Cuáles serían las consecuencias ambientales de desviar el río?
wh_question,Què és el dia en què s'ha revisat integralment el protocol per última vegada?
wh_question,Aquestes variables tenen el poder predictiu més fort en el model.
wh_question,¿Por qué son los arrecifes de coral particularmente sensibles al aumento de la temperatura del agua?
wh_question,Com es comparen les dues tecnologies en termes d'eficacitat energètica?
wh_question,¿Cuáles son las causas principales de la erosió del sol en aquesta regió?
wh_question,¿A dónde va el exceso de calor generado por el proceso?
wh_question,Qui té dret a votar en el referéndum que s'aproxima?
wh_question,Quins canvis serienien necessaris per convertir el sistema en interoperabil·la?
wh_question,Què data expira el moratori de la perforació en el mar en profunzime?
wh_question,Aquests precedents històrics sustenen el argument jurídic?
wh_question,¿Por qué es la concentración de la sustancia más alta en las zonas urbanas?
wh_question,¿De qué manera se distribuye el financiamiento entre las organizaciones destinatarias?
wh_question,¿Cuál es el límite teórico de eficiencia para este tipo de motor?
wh_question,¿En qué ámbitos es más probable que se sientan los efectos a largo plazo de la política?
wh_question,Qui determina la composició del grup de resolució per mediació?
wh_question,Aquestes projections demogràfiques s’enlacen a quines premisses?
wh_question,Què data està prevista per a la promulgació de la regulament?
wh_question,Quins atores esdevenençats van consultats durant el desenvolupament del estàndard?
wh_question,¿Por qué el material presenta propiedades ópticas tan inusuales?
wh_question,¿Cómo se determina el valor del activo para efectos fiscales?
wh_question,¿Cómo se vería un fallo en el sistema de contención?
wh_question,¿Dónde se encuentra la oficina principal de la autoridad reguladora?
wh_question,Qui té el poder de dissolver la legislatura abans del terme del seu mandat?
wh_question,¿Qué pruebas falsificarían la hipótesis propuesta?
wh_question,Què data va ser adoptat el actual pla d’urbanització pel càrrec?
wh_question,Quins dels preceptos del acord són encara objecte de negociació?
wh_question,¿Por qué el hemisferio sur es menos industrializado que el norte?
wh_question,¿De qué manera la organización mide su impacto en las comunidades a las que presta servicios?
wh_question,¿Cuáles son las principales barreras para la adopción de la nueva tecnología?
wh_question,Deu el lloc el finançament principal per a la investigació de base?
wh_question,Qui és responsable en cas de que el contractant no cumpliésse les condicions?
wh_question,¿Quines condicions han de ser realsitzades abans de que s'liberin els fons?
wh_question,¿Cuándo entrarán en vigor los nuevos estándares de emisión para los vehículos pesados?
wh_question,Aquests són els factors que més preveuen el creixement econòmic a llarg termini.
wh_question,Per què és el temps de resposta molt més llarg durant els períodes de gran demanda?
wh_question,¿De qué manera se verifica la precisión de la medición de manera independiente?
wh_question,Quins segona la evidència que ens ofereix sobre l’eficiència a llarg terme del tractament?
wh_question,¿Dónde se almacenan las grabaciones archivadas de la emisión original?
wh_question,Qui està autoritzat per concedir excepcions al procediment habitual?
wh_question,Qual és el producte viable mínim per a aquesta fase de desenvolupament?
wh_question,Què moment es va donar a la comunitat la notificació de la decisió final?
wh_question,Quels scénarios ont été modélisés dans l'exercice de planification des scénarios de contingence ?
wh_question,Per què algunes espècies prosperen en hàbitats perturbats mentre altres declinaven?
wh_question,¿De qué manera se determina la tasa de descuento para los costos y beneficios futuros?
wh_question,¿Cuáles son las consecuencias a largo plazo de la privación del sueño en la función cognitiva?
wh_question,¿Dónde está la línea divisoria entre el riesgo aceptable y la negligencia?
wh_question,Qui assume la responsabilitat de la proba en una reclamació civil per daune?
wh_question,¿Qué significa el término interoperabilidad en el contexto de los sistemas de información sanitaria?
wh_question,Què moment va adoptar la primera vegada la societat un códec formal d'ètica?
wh_question,Quines regions es projecte que es van veure més afectes per l'augment del nivell del mar?
wh_question,Per què la solució proposta no té en compte els casos rars?
wh_question,¿De qué manera se concilien los resultados contradictorios de diferentes estudios en una meta-análisis?
wh_question,¿Qué garantías existen para proteger los derechos del acusado?
wh_question,¿Dónde está el cuello de botella en el proceso de fabricación actual?
wh_question,Qui media les disputes entre les États membres en vertu des termes du traité?
wh_question,¿Que tipo de formació és necessària abans que un operari pogués utilitzar el echipament?
wh_question,Què és la data més precoce per a la qual els dividendes podrien ser pagats als acionaris?
wh_question,Quina part té càrrega del cost de les demenges impredictibles durant la construcció?
wh_question,¿Por qué la adopción de la energía renovable es más rápida en algunas regiones que en otras?
wh_question,¿De qué manera el cerebro codifica y recupera las memorias a largo plazo?
wh_question,Quins tipus de limitacions imponen el pressupost al desenvolupament del projecte?
wh_question,¿En qué punto del proyecto de desarrollo tendría el mayor impacto visual?
wh_question,Qui fixa el salariu mínim a aquesta jurisdicció?
wh_question,Què hauria de canviar per que el model obtinguésse una exactitud acceptable?
wh_question,Què data van tenir les últimes actualitzades dels procediments de resposta en cas d'emergència?
wh_question,Aquests són els indicadors que inclou el índex combinat del benestar econòmic.
wh_question,Per què és la concentració de partículs més elevada a menor altitudine?
wh_question,¿Com gestiona la organización els conflictes d'interès entre els membres del consell d'administració?
wh_question,Quels droits a un locataire lorsqu'un propriétaire libre vend la propriété ?
wh_question,¿Dónde se encuentran las tierras agrícolas más productivas de la región?
wh_question,Qui detent els drets de propietat intel·lectual de la tecnologia desenvolupada conjuntament?
exclamation,Què de deslumbrantment vast és el univers de verdad!
exclamation,Què obra de prosa perfecta!
exclamation,Què incredibilment resilient és el spirit humà!
exclamation,Què gran privilegi és ser presenciat això!
exclamation,Què magnificament complex és el cervell humà!
exclamation,Què exemple d'liderança inspiradora va donar!
exclamation,Què meraviglia que aquest paisatge ha sigupat tan inalterbat!
polar_question,El formulari de candidatura està disponible en molts llengües?
polar_question,El grup de expertos va arribar a un consensu amb respecto a l'enfocament recomanat?
polar_question,Estu presentes totes les signatures requerides?
polar_question,El registre de riscos ha estat actualitzat després de la auditoria?
polar_question,¿Han dado a los interesados tiempo suficiente para responder?
polar_question,El projecte està dins del perímetre aprovat?
polar_question,El laboratorí va confirmar els resultats del test?
polar_question,S'reconcilien els comptes a nivell mensual?
polar_question,S'ha evaluat formalment el impact ambiental?
polar_question,S'han documentat totes les desviacions del protocol?
polar_question,El sistema de copia de seguridad es probado cada trimestre?
polar_question,"Amb la recerca, s'ha obtingut una mostra representativa estadísticament?"
polar_question,Són els resultats consistents entre els diferents subgrups?
polar_question,Ha renovat la poliza de seguro para este año?
polar_question,S'han registrat contingències adverses durant el tribunal?
polar_question,És el cronograma propósit realistes avui en compte les recursos actuals?
polar_question,El contratista ha obtí nit tots els permisos necessaris?
polar_question,Estu definides i mensurables els indicadors de gestió més importants?
request,Podria comprovar que la presentació és correcta?
request,Podria escalar esto al equipo correspondiente?
request,Podeu confirmar els termes abans de continuar?
request,Podeu dir-me si voleu que se cedi a racontar tots els canvis a l'document?
request,No tinguéssiu objeccions si distribuissiam un borrador al grup?
request,Podria descobrir qui és el contacte principal per a aquesta compte?
request,Ser-ia capaç de produir una versió en gran impresa?
request,Podria deixar-me saber si el budget ha sido aprobado?
request,Podría solicitar que la entrevista se realice en mi primer idioma?
request,No tindries preocupació en marcar aquest missatge com urgent?
request,Podria incloure els números de pàgina en tots els documents enviats?
request,Seria capaç de coordinar amb altres equips en això?
request,Podes garantir que los términos estén claramente definidos en el contrato?
request,Podeu enviar-me os dados de contacto do departamento de reclamações?
request,No tinguéssiu objeccions si afegissésem un punt al següent reuneument?
request,Podria sintetizar els principals punts en un únic paragràfia?
request,Podria fer-ho passar per la legalització abans de fer-ho definitivament?
request,Podría garantir que los productos entregables estén claramente vinculados a los hitos?
request,Podeu fer-me una favor i copiar-me en tota la correspondència futura?
request,No t’interèssi si et plau que el lloc de celebració tingu facilidades de parking?
request,Podria preparar una diapositiva que resuma el estado del proyecto?
request,Podria proporcionar una muestra del producto final?
request,Podes confirmar si a tots els participants li han explicat tot?
request,Podría tener un momento para discutir esto antes de que se tome la decisión?
request,No tindries preocupació si continua seguint el fornà de les obres pendientes?
request,Podria verificar la lista contra el registro principal?
request,Podria fer una analàsis de rentabilitat?
request,Podría organizar que los documentos se envíen por mensajería?
request,Podeu dir-me si és possible que les actas circulenten en les 24 hores?
request,No tindries a tenir en compte la nota de les accions acordades?
request,Podria reenviar el anexo en un formato más accesible?
request,Podria comprovar si el sistema és compatible amb la nostra infraestructura?
request,Podeu enviar-me o relatório completo em vez do resumo executivo?
request,No tinguéssiu objeccions si es prenent a connotació al director?
request,Podria preparar un borrador de comunicat de pressió per a la aprovació?
request,Seria capaç de identificar un proveedor alternativo?
request,Podeu actualitzar el pla del projecte per reflejar la cronologia revisada?
request,Podeu fer-me una pregunta sobre la accessibilitat de aquest document?
request,No tindries a posar una zona de treball compartida per al teatre?
request,Podria proporcionar alguna prueba de que se cumple con la norma?
request,Ser-ia capaç de organitzar la sessió introductoria per al nou personal?
request,Podeu marcar eventuels conflictes d'interès possibles abans de continuar?
request,Podeu haver-me deixo uma confirmação escrita do acordo?
request,No tinguéssiu amb que l'utilitessin com a cas d'estudi?
request,Podria aclarant-me sobre la diferència entre les dues categories?
request,Ser-ia capaç de preparar un plantilla per a les informes menals?
request,Podes garantir que los datos estén anonimizados antes de compartirlos?
request,Podeu enviar una copia a meu director de línea?
request,No tindries preocupació si no garanteix que la presentació sigui compatible amb tots els dispositius?
statement,La comissió publica un informe anual detallant les seves activitats i despeses.
statement,El estàndard exige que tots els resultats de les teses siguin verificats de manera independent.
statement,La enmienda fue presentada por un grupo de legisladores de todos los partidos políticos.
statement,L'entitat opera en virtud de una licencia concedida por el regulador nacional.
statement,El estudi va determinar una relació dosegegant entre la exposició i el risc.
statement,"L'organització té estat d'observador, però no té drets de vot a la assemblea."
statement,El glaciar fa que los icebergs salgan cada dia a la baia adjacente.
statement,El programa concede subvenciones de hasta cincuenta mil dòlars per projecte.
statement,La legislació crea una nova categoria d’espai protegit que cobreix zones marines.
statement,El compuesto presenta propiedades luminiscentes bajo la radiación ultravioleta.
statement,L'agentat revisa todas las solicitudes dentro de un plazo legal de sesenta días.
statement,El contracte inclou un mecanisme de resolució de disputes basat en un arbitraje vinculant.
statement,La nota energética del edifici s'ha millorat de D a B després del retrofit.
statement,El protocol especifica que las muestras deben procesarse dentro de las cuatro horas siguientes a su recolección.
statement,El comitjat està compos junts de nou membres nombrades per períodes de tres anys alternadament.
statement,El model achieveix una exactitud del 97% en el dataset de referencia.
statement,El acord va estar subjecte a la jurisdicció dels tribunals d'Anglaterra i Galilea.
statement,El territori cobre una superfície d'aproximadament trescents mil quilòmetres quadrats.
statement,La legislació impõe una responsabilidad estricta al operador en caso de un incidente.
statement,La previsible recuperació de la producció en els pròxims dos anys.
statement,La espècie pot tolerar un interval de salinitat de 0 a 40 parts per thousand.
statement,El financiament dependia de la presentación d'un detallat pla d'execució.
statement,L'autoritat té el poder de suspendre o revocar una llicència per a la infracció.
statement,L'instal·lació està dissenyada per tenir una vida útil d'almenament quaranta anys.
statement,El comitè està presidit per un ex-juí major amb una vasta experiència internacional.
statement,El reglament estableix límits màxims de residus per a més d’uns doscents pesticides.
statement,L'organització coordina les activitats de les tresàts d'entitats membres a nivell nacional.
statement,El dataset conté registres per a més de doscents milions de persones.
statement,La sonda es va iniciar en una trajectòria directa per reduir el temps de viatge en seix mesos.
statement,El marco distingue entre las medidas de mitigación y los mecanismos de compensación.
statement,El fons es financia amb contribucions dels estats membres en funció del seu PIB.
statement,La legislació introduce una nova obligació de diligència per a les platformes de redes sociales.
statement,La política exige que todos los contratistas cumplan con el código de conducta de la organización.
statement,El model predirà la repartició òptima de recursos en una gamma de escenaris.
statement,La ley establece penas penales por la divulgación no autorizada de información clasificada.
statement,El desvío estándar de las mediciones estaba dentro del rango de tolerancia aceptable.
statement,La espècie desova en el apatxent d'aigua dulce i passa la seva vida adulta al mar en apeu.
statement,La directiva exige que los estados miembros transpongan sus disposiciones dentro de dos años.
statement,L'organització es financia íntegrament per mitjans de contribucions voluntaires.
statement,L’instrument és capaç de detectar senyals de fonts situades més de cinc mil millons de parsecs de la Terra.
statement,El acord amb crea una comissió conjunta per supervisar la implementació de les dues parts.
statement,El reglament prohibe l'ús de certs aditius químics en els productes alimentaris.
statement,La inversión generó un rendimiento del dieciocho por ciento durante el período de tenencia de tres años.
statement,El protocol exige una notificació preal·legant per a qualsevol moviment transfronterer de residus.
statement,La estructura està classificada com a edifici patrimonial i no es pot demolir.
statement,La normativa concede la autoridad para emitir directrices vinculantes a las entidades reguladas.
statement,La agenció és obligada per la llei a consultar les comunitats afectades abans de prendre una decisió.
statement,El compuesto reacciona con el agua para producir un ácido altamente corrosivo.
statement,La política establece un salario mínimo que se revisa anualmente en función de la inflación.
statement,El acordament expira automatísment a no ser que les partides renoven el seu acord per consens mútim.
statement,El programa ha reduït les tas de mortalitat materna en més del 60% en la regió objectiu.
statement,El reglament crea una presunción de inocencia que desplaza la carga de la prueba.
statement,La xarxa cobre cinc-cents de fusos horàries i connecta més de quaranta països.
statement,L'instal·lació està equipada amb un sistema de reciclació d'aigua de última generació.
statement,La legislació exige la publicació anual d’un informe sobre la equiparació salarial.
statement,La espècie és un predador clave dont la retirada provoca efectius ecològics en cascada.
statement,L'organització opera a través de una red de centros regionales y oficinas locales.
wh_question,¿Cuáles son las suposiciones clave que sustentan el escenario de referencia?
