label,text
exclamation,What a beautiful sunset!
statement,The movie received positive reviews.
exclamation,How amazing that is!
command,Stop talking immediately.
request,Would you be able to accommodate this request?
command,Direct customers to the counter please.
exclamation,How thrilling this moment is!
wh_question,Who invented the printing press?
exclamation,How exciting the game was!
command,Get some rest now.
statement,He has been promoted to manager recently.
wh_question,Where are you going right now?
statement,The train was delayed by thirty minutes.
polar_question,Wouldn't it be better this way?
statement,We have visited that museum several times.
command,Send me an email when you can.
command,Jump to conclusions if you dare.
polar_question,Will we be arriving soon?
command,Set the table for dinner.
command,Turn off the lights before leaving.
statement,The cat is sleeping peacefully on the couch.
command,Open the door please.
request,Would you care to join us for dinner?
command,Complete the task by tomorrow.
request,Could you arrange a meeting this week?
statement,The sun rises in the east every day.
exclamation,How remarkably elegant that is!
exclamation,How powerful the engine sounds!
statement,The baby is sleeping peacefully.
exclamation,What a delicious meal this was!
statement,She works at a bank downtown.
request,Might I suggest an alternative approach?
command,Describe the process in detail.
command,Fabricate the prototype as shown.
request,Could you pass the salt?
request,Can you give me directions to the station?
exclamation,How absolutely breathtaking this view is!
statement,He has contributed significantly to the project.
statement,He fixed the broken bicycle yesterday.
command,Pack your bags for the trip.
exclamation,What a strong wind is blowing!
command,Give me a moment to think.
exclamation,What an outstanding achievement this is!
polar_question,Was the test difficult for you?
command,Do your chores before going out.
exclamation,What a spicy dish this is!
wh_question,When did the Berlin Wall fall?
request,Could you write me a recommendation letter?
exclamation,How boring this lecture is!
exclamation,What an impressive turnout at the event!
statement,I visited my grandmother last weekend.
command,Locate the file on the server.
exclamation,What an easy question to answer!
polar_question,Is it raining outside right now?
exclamation,How impressive your work is!
statement,I have been meaning to call you.
polar_question,Did you finish the task on time?
exclamation,What a stupid mistake that was!
request,Would you please confirm your attendance?
request,Could you give me a moment of your time?
wh_question,Who wrote Hamlet by Shakespeare?
command,Download the file from the website.
statement,The coffee is getting cold.
command,Explore new opportunities in your field.
request,Would you be so good as to assist me?
request,Could you provide more details about this?
polar_question,Does this make sense to you?
command,Equalize the pressure in the tires.
request,May I have the bill please?
polar_question,Had you heard that news before?
polar_question,Should I wait for you here?
exclamation,How absolutely majestic this palace is!
polar_question,Have you been to Paris before?
command,Take this medicine twice daily.
exclamation,What a perfect score on the test!
command,Create a backup copy of the files.
statement,We have been receiving positive feedback.
wh_question,Who wrote Romeo and Juliet?
statement,The store opens at nine every morning.
exclamation,How remarkably skillful the artist is!
request,Can I reserve a table for two tonight?
command,Sign the document here please.
exclamation,What a gorgeous sunset this evening!
wh_question,What is the population of Tokyo?
statement,The clock struck midnight exactly.
request,Can I borrow your pen for a moment?
statement,We went to the beach yesterday.
command,Initiate the process immediately.
command,Change the settings on your device.
request,Would you have time to help me?
command,Defend your position in the debate.
request,Would you sponsor my application?
wh_question,What is the deepest ocean on Earth?
request,Could you bend the rules just this once?
request,Could you spare a few minutes for me?
statement,The children were playing in the park.
exclamation,How calm the evening feels!
command,Log in to your account now.
command,Lead the team to victory tomorrow.
command,Turn left at the corner please.
command,Review the notes carefully.
exclamation,How frightening the movie was!
request,Can you deliver it tomorrow morning?
polar_question,Did she say anything important?
exclamation,What a magnificent stained glass window!
wh_question,Why do we dream at night?
command,Close the window before leaving.
request,Could you make this a priority task?
exclamation,How ridiculous this situation is!
exclamation,How annoying this noise is!
command,Handle with care please.
request,Could you find time in your schedule?
command,Finalize the agreement today.
statement,She wrote a letter to her friend.
command,Cooperate with others on this project.
wh_question,What is the chemical formula for water?
exclamation,What a talented musician he is!
wh_question,When will the package arrive?
command,Go ahead with the plan as discussed.
exclamation,What a bright light that is!
exclamation,How extraordinarily beautiful this is!
wh_question,What is your name please?
statement,The policy has been implemented successfully.
statement,The rain stopped suddenly this morning.
request,Could you connect me with support?
command,Wake up early tomorrow morning.
request,Would you adjust your schedule for this?
statement,The team has been training hard for the match.
command,Identify the problem quickly.
statement,The results exceeded our expectations.
statement,The children are doing their homework.
exclamation,How enormous this building is!
wh_question,Which country has the most people?
request,May I use your phone for a moment?
statement,He always drinks coffee in the morning.
exclamation,How remarkably precise this is!
polar_question,Hadn't they warned us already?
request,Could I ask for your honest opinion?
statement,He runs five miles every morning.
wh_question,Where is the nearest hospital?
exclamation,How brave of you to do that!
polar_question,Has anyone seen my keys anywhere?
wh_question,Where should I put this box?
request,Would you please clarify that for me?
statement,The weather has been unpredictable lately.
wh_question,Who are those people over there?
exclamation,How tremendously exciting this news is!
command,Join the discussion when you can.
statement,The students are studying for exams.
request,Would you consider an extension on this?
statement,The product has been improved significantly.
statement,The problem has been solved elegantly.
command,Calculate the total expenses for this month.
request,Could you turn down the music a bit?
command,Hang up properly when finished.
statement,She teaches mathematics at a high school.
exclamation,How absolutely harmonious this sounds!
polar_question,Has he called yet today?
command,Submit the application before Friday.
wh_question,Where does the Amazon River start?
command,Determine the cause of the issue.
exclamation,How tremendously refreshing this drink is!
request,Would you mind waiting a moment please?
command,Hesitate no longer and act now.
exclamation,What a brilliant idea this is!
statement,The teacher explained the lesson clearly.
exclamation,What a magnificent orchestra this is!
wh_question,Which element has the atomic number 1?
request,Would you sponsor my membership application?
request,Would it be possible to reschedule our meeting?
exclamation,How extraordinarily rare this artifact is!
command,Focus on the task at hand.
request,Could you ensure this gets done today?
wh_question,Who painted The Starry Night?
exclamation,What a tiny kitten this is!
statement,The car broke down on the highway.
command,Finish the project by end of week.
statement,We have been looking for a new apartment.
polar_question,Are you going anywhere special this weekend?
exclamation,What a loud thunderstorm we had!
wh_question,Who told you that story about the incident?
request,Would you be amenable to this proposal?
wh_question,Where is the Pyramids of Giza located?
exclamation,What a spectacular aurora borealis this is!
exclamation,What a fantastic performance by the team!
request,Could I request a transfer to another department?
request,Would you mind if I joined you for lunch?
exclamation,How remarkably entertaining this show is!
request,Could you process my application today?
wh_question,When did the Titanic sink?
command,Escort them to the exit please.
command,Drive safely on the roads today.
request,Would you please cancel my subscription?
command,Expand your knowledge every day.
command,Cancel the subscription immediately.
wh_question,What is the hardest natural substance?
request,Can you recommend a good restaurant nearby?
statement,The children have been behaving well lately.
wh_question,How deep is the Mariana Trench?
command,Refer patients to a specialist when needed.
command,Join us for dinner this evening.
request,Would you grant me permission for this?
command,Keep it simple and clear.
request,Could I get a glass of water please?
statement,The book belongs to the library.
request,May I ask a question about this topic?
exclamation,How tragic this story is!
wh_question,Who developed the theory of relativity?
exclamation,How hot the weather is today!
polar_question,Doesn't that seem odd to you?
exclamation,How brilliant your solution is!
exclamation,What an interesting story this is!
command,Implement the solution as proposed.
exclamation,How lucky you are to have this opportunity!
wh_question,Where is the Kremlin located in Moscow?
command,Eliminate unnecessary expenses from the budget.
wh_question,Who discovered penicillin?
request,Can you send me the report by email?
exclamation,How quick the service was!
statement,She has been practicing the piano daily.
exclamation,How cute the puppy is!
request,Could you repeat that please?
command,Contribute your ideas to the discussion.
command,Continue with the process as planned.
command,Be quiet during the meeting.
command,Make your bed every morning.
statement,I have been working on this since morning.
request,Could I have your contact information?
polar_question,Had they considered all options before deciding?
command,Write your name on the form.
exclamation,What a spectacular view from up here!
exclamation,What a terrible movie that was!
statement,The situation is becoming more complicated.
wh_question,Why did she leave so early this morning?
command,Evaluate the performance of the team.
request,Would you please be quiet during the presentation?
polar_question,Would you like some coffee?
exclamation,How tremendously vibrant this colors are!
wh_question,Whereby is this accomplished in practice?
command,Gather the information from all sources.
request,May I sit here on this bench?
exclamation,What a funny joke you told!
statement,The teacher gave the students homework.
command,Go to the store for milk.
command,Introduce yourself to the group.
exclamation,What an impressive collection you have!
statement,The music was playing softly in the background.
exclamation,What an incredible discovery this is!
exclamation,What a scary movie that was!
polar_question,Will anyone else attend the event?
command,Meet me at noon tomorrow.
wh_question,How much does an elephant weigh?
request,Could you verify this information for me?
request,May I have your attention please?
polar_question,Does she speak Spanish fluently?
statement,He appeared to be quite nervous during the interview.
request,May I leave early today?
command,Sit down and relax please.
command,Read this book when you have time.
command,Face your fears and overcome them.
statement,She speaks three languages fluently.
polar_question,Were they at home when you called?
command,Bring the documents tomorrow morning.
statement,The software has been updated recently.
command,Improve your skills every day.
command,Apply pressure to the wound gently.
statement,The river flows through the forest peacefully.
exclamation,How tremendously mesmerizing this performance is!
request,Could I count on your support for this?
exclamation,How hilarious that joke was!
statement,She graduated from university last year.
command,Accompany her to the doctor tomorrow.
request,Would you please sign here on this line?
command,Listen carefully to the instructions.
request,Can you explain this to me clearly?
request,Could you see your way to helping with this?
wh_question,Who is your favorite actor in movies?
statement,She seems to be enjoying her new job.
polar_question,Would there be any objections to this plan?
exclamation,What a great idea you have!
statement,I have been enjoying the warm weather.
statement,She has always been a dedicated student.
command,Email me the details when ready.
statement,We watched the sunset from the hill.
command,Drop me at the station please.
command,Complete the assignment by Friday.
statement,He forgot his wallet at home this morning.
wh_question,What year did World War II end?
request,Would you have the time to review this document?
exclamation,How colorful the autumn leaves are!
request,Would you see fit to approve this request?
statement,Whichever works best for you is fine with me.
polar_question,Is he still working on that project?
exclamation,How remarkably impressive your work is!
wh_question,Which gas do plants absorb from the air?
command,Investigate further into this matter.
request,Could I speak with the manager please?
statement,The traffic has been terrible this morning.
statement,The economy has been growing steadily.
statement,We have known each other for years.
polar_question,Ought I to apologize for my mistake?
statement,The concert was sold out completely.
command,Correct the errors in the document.
statement,I lost my keys somewhere in the house.
exclamation,What a huge elephant at the zoo!
statement,The restaurant serves excellent Italian food.
wh_question,Which way is the bathroom from here?
exclamation,What a beautiful rainbow after the rain!
command,Interpret the data accurately.
polar_question,Do you know the answer to this question?
statement,They have been planning this trip for months.
exclamation,How absolutely radiant this sunlight is!
wh_question,Which planet has the most moons?
command,Pull the lever to start the machine.
statement,The project is progressing smoothly.
polar_question,Shouldn't we wait a bit longer?
polar_question,Has anyone else noticed this problem?
exclamation,What a magnificent building this is!
polar_question,Will you be there at the meeting?
request,Would you reassign this task to someone else?
statement,I have been feeling exhausted recently.
exclamation,What a peaceful evening this is!
request,Would you mind opening the window?
request,Can I speak to customer service please?
exclamation,How deafening this noise is!
statement,I bought a new car last month.
wh_question,How many continents are there in the world?
exclamation,How lovely this garden looks!
command,Celebrate your achievements every day.
request,May I request a refund for this product?
wh_question,What is the speed of light in km/s?
command,Excuse me for a moment while I answer this.
statement,The package arrived this morning as expected.
polar_question,Have they left already for the airport?
polar_question,Couldn't you have tried harder to succeed?
wh_question,What time does the store close today?
polar_question,Shall we proceed with the plan?
exclamation,What a delicious dessert this is!
request,Would you mind terribly if I asked for help?
wh_question,How long have you lived here in this city?
request,Could you translate this document for me?
wh_question,Where did you put the car keys?
wh_question,Where is the Colosseum located in Rome?
request,Would you take a look at this document?
exclamation,How wonderful this moment feels!
request,Could you accommodate this change in schedule?
exclamation,How incredibly talented you are!
polar_question,Was the movie good that you watched?
command,Check your calendar for availability.
exclamation,How absolutely magnificent this view is!
command,Maintain focus on your goals.
command,Attend the meeting promptly at 3 PM.
polar_question,Might it rain tomorrow according to forecast?
statement,The company has expanded globally in recent years.
wh_question,How large is the Sun compared to Earth?
exclamation,What a spectacular sunset this evening!
exclamation,What an amazing accomplishment this is!
request,Would you kindly provide the details please?
command,Fulfill your promises to others.
polar_question,Were the instructions clear enough for you?
request,Can you check my account status online?
exclamation,How absolutely wonderful this day is!
wh_question,What happened last night at the party?
exclamation,What a surprise party this turned out to be!
wh_question,Which planet is closest to the Sun in our solar system?
request,Can you provide a tracking number for my order?
wh_question,How are you today I hope you are well?
exclamation,What a magnificent cathedral this is!
command,Consider all options before deciding.
wh_question,How far is the Moon from Earth in kilometers?
command,Practice your piano lessons daily.
exclamation,How tremendously generous you are!
exclamation,What an impressive architecture this building has!
request,Could you prioritize this issue for me?
command,Execute the plan as discussed.
command,Export the data to a spreadsheet.
statement,I forgot to call my mother yesterday.
statement,They have lived here for ten years now.
wh_question,How many bones are in the human body?
wh_question,How old is the Earth in billions of years?
exclamation,What a happy ending to the story!
request,May I change my reservation to another date?
request,May I see some other options available?
exclamation,What a magnificent oak tree this is!
request,Would you have any recommendations for restaurants?
wh_question,What is the capital of Australia Canberra?
request,Might we discuss this matter further?
command,Call me when you arrive at the location.
polar_question,Are you feeling okay today?
command,Imagine the possibilities ahead of you.
request,Could I borrow your pen for a moment?
exclamation,How sweet this chocolate tastes!
command,Examine the evidence carefully.
request,Would you be good enough to check this document?
statement,We have been waiting for good news.
statement,The flowers are blooming in spring.
wh_question,When did you arrive at the airport?
polar_question,Shall we pick a date for the meeting?
exclamation,What a terrible accident that was!
command,Hand in your homework before the deadline.
exclamation,What a marvelous performance by the orchestra!
statement,They are my best friends from childhood.
polar_question,Does it really matter in the end?
command,Bring me some water please.
statement,She has been managing the team effectively.
exclamation,What a spectacular dance performance this is!
request,Could you wrap this as a gift for me?
command,Leave early today to avoid traffic.
command,Push the button to start the process.
exclamation,What a narrow escape that was!
wh_question,How fast can a cheetah run in mph?
wh_question,Which could be the best solution to this problem?
exclamation,What a wonderful surprise this is!
command,Form a team for the project.
command,Enter your password to access the system.
wh_question,How should I approach this problem?
exclamation,What a remarkable achievement this is!
polar_question,Do you intend to go to the conference?
statement,She has been living alone since last year.
statement,She sings beautifully in the choir.
command,Cover the basics before advancing.
request,Could you possibly lend me your assistance?
wh_question,Which book do you prefer reading?
command,Study for the test tomorrow.
command,Enjoy your meal at the restaurant.
command,Come here and look at this.
request,Can you forward this email to my colleague?
statement,I remember meeting you at the conference last year.
polar_question,Will it be sunny tomorrow according to weather?
polar_question,Isn't that interesting to learn about?
request,Could you repeat that please?
statement,I love reading books in my spare time.
request,Would you look into this matter for me?
wh_question,Where is the Great Wall of China located?
exclamation,How remarkably valuable this antique is!
command,Integrate the systems together.
exclamation,How absolutely brilliant your idea is!
polar_question,Do you want to go to the movies?
exclamation,How tremendously peaceful this place is!
wh_question,How come you're so tired today?
command,Follow the instructions carefully.
wh_question,What would you recommend I do?
statement,The painting was created by a famous artist.
wh_question,Which ocean is the largest on Earth?
command,Fill the form completely.
command,File the complaint with the manager.
wh_question,Which is the smallest country in the world?
request,Would you arrange for transportation for me?
statement,We finished dinner at eight o'clock.
polar_question,Do you think it will work out?
command,Assemble the furniture carefully.
exclamation,How fortunate you are to have this opportunity!
statement,They have been friends since childhood.
polar_question,Should I bring anything to the party?
command,Edit the document before submitting.
exclamation,What an astonishing development this is!
request,Would you provide your feedback on this?
exclamation,How dazzling this lights are!
command,Fix the issue as soon as possible.
command,Guide tourists around the city.
statement,She has been working here for five years.
exclamation,How difficult this challenge is!
command,Label the items clearly.
command,Debate the merits of this proposal.
command,Choose your words carefully when speaking.
request,Would you please update my information?
exclamation,What an impressive display of talent!
exclamation,How tremendously colorful this artwork is!
exclamation,What a challenging puzzle this is!
request,Would you have any objections to this plan?
polar_question,Hasn't she been working hard lately?
command,Wait for me at the station.
polar_question,Mightn't we find another way to solve this?
request,Would you mind waiting on hold for a moment?
statement,The sky is blue today.
command,Estimate the cost of the project.
wh_question,Where is the Sahara Desert located in Africa?
polar_question,Should we leave now for the airport?
exclamation,How simple this task seems!
exclamation,How sweet this melody sounds!
polar_question,Weren't you supposed to be there at the meeting?
command,Include all details in the report.
polar_question,Had you seen that before in your life?
request,Would you mind closing the door please?
command,Explain your reasoning behind this decision.
command,Take out the trash this evening.
statement,We have been waiting for an hour.
polar_question,Might we need an umbrella tomorrow?
statement,He has been learning Spanish on weekends.
exclamation,How terrible this news is!
request,Could you make an exception for me this time?
statement,The experiment yielded interesting results.
exclamation,How impressive this accomplishment is!
command,Decorate the room for the party.
exclamation,What a boring lecture that was!
statement,She has been studying for her exams.
command,Learn from mistakes and improve.
wh_question,What is the longest river in the world?
statement,The dog chased the cat around the tree.
polar_question,Could she have known about this secret?
command,Manage your time wisely.
exclamation,How tremendously inspiring this speech is!
exclamation,What an extraordinary opportunity this is!
exclamation,What a gorgeous scenery this view offers!
request,May I inquire about that matter?
command,Check the oil level in your car.
request,Could you elaborate on that point?
wh_question,Who painted the Mona Lisa famous painting?
request,Can I ask you a question about this topic?
request,Would you be willing to share your thoughts?
wh_question,When ought we to leave for the airport?
wh_question,Which metal is liquid at room temperature?
wh_question,How much does this cost in dollars?
command,Distribute the materials to all participants.
command,Connect the cables properly to the device.
statement,The children are playing in the garden.
request,Would you happen to know where the library is?
exclamation,What a close game that basketball match was!
exclamation,How remarkably intricate this design is!
command,Inform the team about the updates.
wh_question,How long does it take to orbit Earth?
wh_question,What is the largest mammal on Earth?
request,Could I reschedule my appointment to next week?
command,Contact the support team for help.
command,Help yourself to some refreshments.
command,Avoid excessive spending this month.
polar_question,Wasn't it supposed to rain today?
request,Can you help me with this problem?
command,Clean your room before guests arrive.
polar_question,Should we have done it differently?
wh_question,How tall is Mount Everest in meters?
exclamation,What a fast car this sports car is!
exclamation,What a delightful surprise this turned out to be!
statement,The garden has been blooming wonderfully this spring.
statement,The building has been renovated beautifully.
wh_question,What is the largest desert in the world?
statement,The conference was very informative.
command,Hang up the coat on the hanger.
exclamation,What a spectacular light show this is!
exclamation,What a close call that situation was!
wh_question,Which one do you prefer between these options?
request,Can you suggest a solution to this problem?
statement,I have two brothers and one sister.
request,Would you pass the salt please?
command,Inspect the equipment before using.
statement,The train arrives at noon every day.
exclamation,How remarkably creative this design is!
statement,The book was written by a renowned author.
wh_question,What is the currency of Japan the yen?
request,Can I have a piece of cake please?
command,Report any issues immediately to management.
statement,She painted the walls white last weekend.
request,Would you please provide your feedback on this?
statement,The birds are flying south for winter.
exclamation,What a magnificent palace this is!
exclamation,What a beautiful day this is for a walk!
request,Could I impose upon you for a favor?
wh_question,Who invented the light bulb Thomas Edison?
wh_question,What might cause this issue in your opinion?
request,Could I prevail upon you to help with this?
command,Look at the board for instructions.
statement,The situation has been under control.
request,Could you possibly arrange this for me?
exclamation,How tremendously graceful this dancer is!
exclamation,What a fantastic view from the balcony!
request,Would you be so kind as to help me?
exclamation,How clever you are to solve that puzzle!
exclamation,How scary this horror movie is!
wh_question,Who was the first person on the Moon Neil Armstrong?
wh_question,Where is Machu Picchu located in Peru?
command,Develop a strategy for success.
wh_question,Where is the Taj Mahal located in India?
command,Limit your spending this month.
statement,The food tasted delicious at the restaurant.
request,Can you help me with this task?
command,Draw a diagram of the process.
command,Text me later when you're free.
request,Would you please return this by Friday?
exclamation,How tedious this paperwork is!
statement,He has been recovering well from surgery.
wh_question,Why are you here at this meeting?
command,Control your temper in difficult situations.
exclamation,How fascinating this discovery is!
command,Install the software on your computer.
polar_question,Didn't I tell you so about this matter?
exclamation,What a horrible noise this construction makes!
command,Start the engine of the car.
statement,The movie was fantastic last night.
exclamation,What a mess this room is in!
exclamation,What a loud explosion that was!
command,Clean up your workspace before leaving.
exclamation,What a spectacular fireworks show this is!
command,Forgive and forget past mistakes.
wh_question,How many countries are in Europe currently?
statement,The proposal was approved unanimously.
request,Can I get a receipt please for this purchase?
request,Could I depend on you for this task?
wh_question,Where is Mount Kilimanjaro located in Africa?
statement,I felt tired after the long walk yesterday.
wh_question,When did humans first land on the Moon 1969?
request,Could you possibly make an exception for me?
command,Follow the signs to the exit.
statement,The weather was unusually cold yesterday.
wh_question,Who invented the telephone Alexander Graham Bell?
exclamation,How absolutely stunning this view is!
request,Would you consider my proposal for this project?
exclamation,How absolutely glorious this sunrise is!
wh_question,Which metal is the best conductor of electricity?
request,Could I trouble you for some assistance?
wh_question,When was the Eiffel Tower built in Paris?
command,Exceed expectations in your work.
polar_question,Are they coming to the party tonight?
request,Could you open the window please?
request,Would you mind sharing the document with me?
command,Deliver the package to the address.
command,Illustrate the concept with examples.
command,Message your brother when you can.
exclamation,What an impressive display of skill this is!
wh_question,Which fruit contains the most vitamin C?
command,Generate a report on the findings.
request,Could you clarify that point for me?
command,Enable the feature in the settings.
command,Encourage teamwork among colleagues.
request,Could I request your presence at the meeting?
statement,He plays guitar every day for practice.
statement,He has been traveling extensively for work.
command,Launch the campaign next week.
command,Extend the deadline for submissions.
wh_question,What is your favorite color in the rainbow?
exclamation,What a delicious aroma from the kitchen!
statement,The baby is crying in the other room.
command,Pass the salt to your neighbor.
wh_question,Where did you learn to speak so well?
statement,She is reading a book by the window.
exclamation,How cold it is outside today!
command,Turn right at the next intersection.
request,Would you like me to help you with that?
statement,The fish is swimming in the pond.
exclamation,What a lovely dress you are wearing!
command,Write your homework in your notebook.
polar_question,Do you prefer tea or coffee in the morning?
statement,The leaves are falling from the trees.
exclamation,How hot the soup is on the stove!
command,Put the dishes in the sink.
wh_question,What time is the meeting scheduled for?
statement,The clock is ticking on the wall.
command,Drink plenty of water throughout the day.
wh_question,Who is your favorite singer in the world?
exclamation,What a stunning performance by the artist!
statement,The car is parked in the driveway.
command,Take your shoes off at the door.
wh_question,How many languages can you speak fluently?
statement,He is cooking dinner in the kitchen.
exclamation,What a bright moon tonight in the sky!
command,Bring your umbrella when you go out.
wh_question,What is the population of your city?
statement,The birds are singing in the morning.
exclamation,How refreshing this lemonade tastes!
command,Call your mother this weekend.
wh_question,Which season is your favorite of the year?
statement,The ice cream is melting in the sun.
command,Place the order before noon.
wh_question,What kind of music do you enjoy listening to?
statement,The painting hangs above the fireplace.
exclamation,How delicious this homemade bread is!
command,Return the borrowed books to the library.
wh_question,Who taught you how to ride a bicycle?
statement,The phone is ringing in the other room.
command,Light the candle on the birthday cake.
wh_question,What is the capital city of your country?
statement,The dog is barking at the mailman.
exclamation,What an adorable puppy in the window!
command,Share your experience with the group.
wh_question,Where did you go on your last vacation?
statement,The candle is burning on the table.
command,Open the gift carefully.
wh_question,How old are you if you don't mind me asking?
statement,The train is approaching the station.
exclamation,What a gorgeous garden full of flowers!
command,Hold the door open for others.
wh_question,What is your favorite movie of all time?
statement,The milk has gone bad in the refrigerator.
exclamation,How tall this skyscraper is downtown!
command,Water the plants in the backyard.
wh_question,Which day of the week is your busiest?
statement,The letter was delivered this morning.
command,Close the curtains before sleeping.
wh_question,Who is your best friend in the world?
exclamation,What a sweet melody coming from the piano!
statement,The shoes are under the bed.
command,Set the alarm for seven in the morning.
wh_question,What sport do you enjoy playing the most?
statement,The coffee shop opens at six daily.
exclamation,How fragrant these roses smell in the vase!
command,Keep the door locked at night.
wh_question,How far is your workplace from home?
statement,The fire is crackling in the fireplace.
command,Choose a seat in the theater.
wh_question,What is your dream career when you grow up?
statement,The keys are hanging on the hook.
exclamation,How fluffy these clouds look in the sky!
command,Hang the picture on the wall.
wh_question,Which type of cuisine do you prefer eating?
statement,The bus arrives every fifteen minutes.
exclamation,What a magnificent eagle soaring overhead!
command,Print the documents for the meeting.
wh_question,How often do you exercise in a week?
statement,The sun is setting over the horizon.
command,Wrap the present with colorful paper.
wh_question,What would you do with a million dollars?
statement,The cat is sitting on the windowsill.
exclamation,How noisy this construction site is!
command,Leave a message after the beep.
wh_question,Who inspired you to pursue your career?
statement,The book is lying open on the desk.
command,Refill the water bottle before going out.
wh_question,What is the most beautiful place you've visited?
statement,The wind is blowing gently through the trees.
exclamation,What a romantic dinner this evening is!
command,Move the furniture to rearrange the room.
wh_question,Which holiday is your favorite of the year?
statement,The airplane is flying high in the sky.
exclamation,How peaceful this park is in the morning!
command,Take the trash out to the bin.
wh_question,How do you usually spend your weekends?
statement,The soup is simmering on the stove.
command,Place the vase on the mantelpiece.
wh_question,What is the purpose of this meeting today?
statement,The light is shining through the window.
exclamation,What a magnificent view of the mountains!
command,Connect the charger to your phone.
wh_question,Which historical event fascinates you the most?
statement,The flag is waving in the wind.
command,Flip the pancake in the pan.
wh_question,What is your definition of success in life?
statement,The clock chimed midnight in the tower.
exclamation,How crisp this autumn air feels outside!
command,Lock the car doors before leaving.
wh_question,What makes you happy in everyday life?
statement,The balloon is floating toward the ceiling.
exclamation,What a creative art piece this sculpture is!
command,Wind the toy to make it move.
wh_question,Which book has influenced your thinking the most?
statement,The curtain is moving in the breeze.
command,Place the plate in the dishwasher.
wh_question,How would you describe your personality in one word?
statement,The thunder is rumbling in the distance.
exclamation,How sparkling clean this room looks now!
command,Separate the recycling from the trash.
wh_question,What is the best advice you've ever received?
statement,The horse is running in the field.
exclamation,How sparkling this diamond ring looks!
command,Peel the orange before eating it.
wh_question,What tradition does your family have during holidays?
statement,The sunflowers are facing the sun.
command,Dust the shelves in the living room.
wh_question,What skill would you like to learn this year?
statement,The candle flame is flickering in the dark.
exclamation,How shiny this newly washed car looks!
command,Fold the laundry and put it away.
wh_question,What historical figure do you admire the most?
statement,The snow is falling gently outside.
exclamation,How delicate this lace fabric feels!
command,Scoop the ice cream into the bowl.
wh_question,What is your favorite thing about your job?
statement,The waves are crashing on the shore.
command,Place the pillow behind your head.
wh_question,What makes a good friend in your opinion?
statement,The frog is sitting on the lily pad.
exclamation,How green this grass is after the rain!
command,Pour the milk into the cereal bowl.
wh_question,What causes seasons to change on Earth?
statement,The candle wax is dripping onto the plate.
command,Unscrew the lid of the jar.
wh_question,What is the most challenging thing you've done?
statement,The clockwork toy is ticking rhythmically.
exclamation,How vintage this antique furniture looks!
command,Wipe the dust off the television screen.
wh_question,What would you change about the world if you could?
statement,The rainbow is spanning across the sky.
exclamation,How aromatic this coffee smells in the morning!
command,Chop the vegetables for the stew.
wh_question,What is your favorite dessert to end a meal?
statement,The shadow is stretching across the ground.
command,Pour the paint into the palette.
wh_question,What do you value most in a relationship?
statement,The kite is flying high above the trees.
exclamation,How prickly this cactus looks on the desk!
command,Squeeze the lemon for fresh juice.
wh_question,What inspired you to start your own business?
statement,The spider is spinning a web in the corner.
exclamation,How polished this silverware looks now!
command,Stir the mixture clockwise in the pot.
wh_question,What is your philosophy on life and happiness?
statement,The moon is shining through the clouds.
command,Press the button to start the machine.
wh_question,What motivates you to wake up every morning?
statement,The dew is glistening on the leaves.
exclamation,How smooth this stone feels in your hand!
command,Grate the cheese for the pizza topping.
wh_question,What is your proudest accomplishment so far?
statement,The comet is streaking across the night sky.
exclamation,How crystalline this ice looks in the glass!
command,Knead the dough until it rises properly.
wh_question,What do you hope to achieve in the next year?
statement,The fireflies are glowing in the jar.
command,Tighten the screws on the cabinet door.
wh_question,What values do you consider most important?
statement,The smoke is rising from the chimney.
exclamation,How warm this blanket feels on a cold night!
command,Spread the butter on the toast.
wh_question,What would constitute a perfect day for you?
statement,The sailboat is gliding across the lake.
exclamation,How geometric this building architecture is!
command,Flip the burger on the grill.
wh_question,What has been your biggest life lesson?
statement,The icicles are melting from the roof.
command,Whip the cream until it becomes fluffy.
wh_question,What brings you the most joy in life?
statement,The lantern is glowing softly in the tent.
exclamation,How rustic this barn looks in the field!
command,Measure the flour for the recipe.
wh_question,What drives your passion for what you do?
statement,The chameleon is changing colors on the branch.
command,Marinate the chicken for two hours.
wh_question,What legacy do you want to leave behind?
statement,The meteor is burning up in the atmosphere.
exclamation,How iridescent this butterfly wing is!
command,Steam the vegetables until tender.
wh_question,What gives you the most energy and vitality?
statement,The lighthouse is beaming across the bay.
command,Season the steak with salt and pepper.
wh_question,What would make you feel truly fulfilled?
statement,The hummingbird is hovering at the flower.
exclamation,How whimsical this carousel looks in the park!
command,Baste the turkey with pan juices.
wh_question,What purpose do you believe gives life meaning?
statement,The waterfall is cascading down the rocks.
exclamation,How refreshing this mountain stream water is!
command,Let the dough rest before shaping it.
wh_question,What brings balance to your life?
statement,The windmill is turning slowly in the breeze.
exclamation,How vintage this record player looks in the corner!
command,Rest the meat before carving it.
wh_question,What fills your heart with gratitude?
statement,The greenhouse is filled with exotic plants.
exclamation,How glossy this freshly waxed floor is!
command,Braise the beef until it is fork-tender.
wh_question,What do you appreciate most about your friends?
statement,The owl is hooting in the forest at night.
exclamation,How pristine this snow looks on the mountaintop!
command,Deglaze the pan with white wine.
wh_question,What nurtures your soul and spirit?
statement,The train whistle is echoing through the valley.
exclamation,How weathered this old ship looks at sea!
command,Simmer the sauce on low heat.
wh_question,What makes you feel truly alive?
statement,The snowmobile is racing across the frozen lake.
exclamation,How sleek this sports car looks in the showroom!
command,Carve the pumpkin for Halloween.
wh_question,What connects you deeply to others?
statement,The lighthouse beam is cutting through the fog.
exclamation,How translucent these stained glass windows are!
command,Dice the onions for the salsa.
wh_question,What gives you hope for the future?
statement,The sail is catching the wind perfectly.
exclamation,How textured this woven basket looks handcrafted!
command,Gratin the potatoes until golden brown.
wh_question,What empowers you to be your best self?
statement,The fireworks are bursting in the night sky.
exclamation,How luminous this glow-in-the-dark sticker is!
command,Glaze the donuts with chocolate frosting.
wh_question,What brings peace to your mind?
statement,The hot air balloon is rising over the valley.
exclamation,How whimsical this carnival ride looks at sunset!
command,Temper the chocolate for dipping.
wh_question,What fills your life with purpose?
statement,The kangaroo is hopping across the outback.
exclamation,How ornate this baroque ceiling looks painted!
command,Poach the eggs in simmering water.
wh_question,What makes your heart sing with joy?
statement,The Northern Lights are dancing in the sky.
exclamation,How metallic this dragon sculpture looks shiny!
command,Flambé the bananas with rum sauce.
wh_question,What creates lasting happiness for you?
statement,The cruise ship is sailing into the harbor.
exclamation,How tiered this wedding cake looks decorated!
command,Blanch the almonds before toasting them.
wh_question,What makes you feel truly connected?
statement,The carousel is spinning at the fairground.
exclamation,How mosaic this patio looks with tiles!
command,Broil the salmon until slightly charred.
wh_question,What awakens your sense of wonder?
statement,The ferry is docking at the pier.
exclamation,How swirled this soft serve ice cream looks!
command,Score the bread dough before baking.
wh_question,What gives your life meaning and direction?
statement,The yacht is anchored in the bay.
exclamation,How quilted this pattern looks stitched!
command,Crème brûlée the custard until caramelized.
wh_question,What is the secret to a happy life?
statement,The seaplane is landing on the water.
exclamation,How braided this bread looks shaped!
command,Infuse the tea with fresh mint leaves.
wh_question,What wisdom have you gained over the years?
statement,The steamboat is chugging up the river.
exclamation,How etched this glass design looks carved!
command,Reduce the sauce until thickened.
wh_question,What truth have you discovered about yourself?
statement,The biplane is doing stunts at the airshow.
exclamation,How filigreed this metalwork looks crafted!
command,Ferment the cabbage for sauerkraut.
wh_question,What brings contentment to your soul?
statement,The zeppelin is floating over the city.
exclamation,How embossed this leather looks tooled!
command,Distill the essential oils from flowers.
wh_question,What makes you feel truly at peace?
statement,The jetpack is propelling through the air.
exclamation,How damask this tablecloth looks patterned!
command,Emulsify the mayonnaise until smooth.
wh_question,What gives you inner strength and resilience?
statement,The helicopter is landing on the rooftop.
exclamation,How gilded this picture frame looks ornate!
command,Caramelize the sugar for the dessert.
wh_question,What brings you comfort in difficult times?
statement,The submarine is diving deep underwater.
exclamation,How embossed this wallpaper looks textured!
command,Clarify the butter for frying.
wh_question,What guides your moral compass in life?
statement,The rocket is launching into space.
exclamation,How stenciled this wall looks painted!
command,Crystallize the honey for decoration.
wh_question,What shapes your worldview and beliefs?
statement,The drone is flying over the vineyard.
exclamation,How mosaic this floor looks tiled!
command,Atomize the perfume for misting.
wh_question,What influences your decisions and choices?
statement,The glider is soaring through the clouds.
exclamation,How marbled this soap looks swirled!
command,Gelatinize the starch for thickening.
wh_question,What principles do you live your life by?
statement,The gondola is gliding through Venice canals.
exclamation,How burnished this copper pot looks polished!
command,Carbonade the beef with beer and onions.
wh_question,What matters most to you in the end?
statement,The rickshaw is moving through the market.
exclamation,How quilted this jacket looks padded!
command,Coddle the eggs in water bath.
wh_question,What do you want to be remembered for?
statement,The dinghy is sailing near the shore.
exclamation,How embossed this metal plate looks etched!
command,Roulette the crème for cracking surface.
wh_question,What impact do you want to have on others?
statement,The schooner is catching the trade winds.
exclamation,How lattice this pie crust looks woven!
command,Bain-marie the chocolate for melting.
wh_question,What contribution do you want to make?
statement,The punt is gliding on the river.
exclamation,How woven this basket looks handcrafted!
command,Lard the meat with bacon strips.
wh_question,What difference do you hope to make?
statement,The cruiser is heading to the island.
exclamation,How pleated this lamp shade looks folded!
command,Lard the pork with fat strips.
wh_question,What would you like your epitaph to say?
statement,The freighter is unloading at the dock.
exclamation,How damask this curtain looks woven!
command,Cure the ham for several weeks.
wh_question,What wisdom would you share with the next generation?
statement,The tanker is refueling at sea.
exclamation,How brocaded this tapestry looks rich!
command,Smoke the fish over wood chips.
wh_question,What truth should everyone know?
statement,The hovercraft is gliding over water.
exclamation,How herringbone this floor looks parquet!
command,Brine the turkey for moisture.
wh_question,What insight has changed your perspective?
statement,The kayaker is navigating the rapids.
exclamation,How tweed this jacket looks woven!
command,Spatchcock the chicken for even cooking.
wh_question,What realization has been most profound for you?
statement,The rowboat is drifting downstream.
exclamation,How tartan this blanket looks patterned!
command,Spatchcock the turkey before roasting.
wh_question,What has been your biggest eye-opener?
statement,The paddleboard is surfing the waves.
exclamation,How houndstooth this suit looks checkered!
command,Debone the fish before grilling.
wh_question,What has surprised you most about life?
statement,The catamaran is racing across the bay.
exclamation,How argyle this sock looks knitted!
command,Devein the shrimp before sautéing.
wh_question,What do you wish you knew earlier in life?
statement,The trimaran is sailing smoothly.
exclamation,How cable knit this sweater looks textured!
command,Butterfly the pork chop for grilling.
wh_question,What advice would you give your younger self?
statement,The houseboat is moored at the dock.
exclamation,How fair isle this vest looks knitted!
command,Bone the chicken breast for stuffing.
wh_question,What would you do differently if you could redo it?
statement,The barge is transporting goods along the river.
exclamation,How paisley this scarf looks printed!
command,Lattice the pie top for decoration.
wh_question,What mistakes have taught you the most?
statement,The tugboat is pulling the barge.
exclamation,How polka dot this dress looks patterned!
command,Crisscross the bacon strips for baking.
wh_question,What lessons have shaped your character?
statement,The sampan is fishing in the harbor.
exclamation,How pinstripe this suit looks tailored!
command,Weave the basket from willow branches.
wh_question,What has been your greatest teacher?
statement,The junks are sailing with the monsoon.
exclamation,How chevron this rug looks patterned!
command,Braid the garlic for storing.
wh_question,What experiences have made you who you are?
statement,The dhow is trading along the coast.
exclamation,How herringbone this necklace looks styled!
command,Plait the hair for a neat look.
wh_question,What has tested your faith in humanity?
statement,The clipper is racing against time.
exclamation,How Celtic this knot looks intricate!
command,Coil the rope for storage.
wh_question,What has restored your faith in people?
statement,The frigate is patrolling the waters.
exclamation,How tribal this print looks bold!
command,Loop the yarn for knitting.
wh_question,What makes you believe in goodness?
statement,The corvette is escorting the convoy.
exclamation,How Art Deco this building looks styled!
command,Knot the rope securely.
wh_question,What gives you hope for humanity?
statement,The destroyer is defending the fleet.
exclamation,How Bauhaus this chair looks designed!
command,Loop the curtain tie-back.
wh_question,What inspires you about the future?
statement,The cruiser is on patrol duty.
exclamation,How Art Nouveau this mirror looks decorated!
command,Loop the ribbon for gift wrapping.
wh_question,What possibilities excite you most?
statement,The submarine is hunting enemy vessels.
exclamation,How Gothic this cathedral looks medieval!
command,Hook the door chain for security.
wh_question,What innovations do you dream about?
statement,The aircraft carrier is launching jets.
exclamation,How Renaissance this fresco looks painted!
command,Hook the fishing lure.
wh_question,What advances would change the world?
statement,The dreadnought is imposing on the seas.
exclamation,How Rococo this palace looks decorated!
command,Barbecue the ribs low and slow.
wh_question,What technology would transform humanity?
statement,The galleon is treasure hunting.
exclamation,How Baroque this church looks ornate!
command,Broil the steaks for a crust.
wh_question,What would make life better for everyone?
statement,The merchant ship is carrying cargo.
exclamation,How Neoclassical this parliament looks styled!
command,Grill the vegetables for char flavor.
wh_question,What change would you make to society?
statement,The container ship is global trade.
exclamation,How Brutalist this building looks raw!
command,Roast the chicken until golden.
wh_question,What reform would you champion?
statement,The oil tanker is a floating refinery.
exclamation,How Futurist this design looks forward!
command,Bake the bread until crusty.
wh_question,What cause would you dedicate your life to?
statement,The fishing boat is casting nets.
exclamation,How minimalist this room looks sparse!
command,Sauté the onions until translucent.
wh_question,What mission would you pursue?
statement,The tugboat is assisting the freighter.
exclamation,How Scandinavian this interior looks cozy!
command,Braise the short ribs for hours.
wh_question,What purpose would give your life direction?
statement,The ferry is transporting passengers.
exclamation,How Mediterranean this villa looks whitewashed!
command,Stew the beef with vegetables.
wh_question,What calling would you follow?
statement,The canoe is gliding through the mist.
exclamation,How Japanese this garden looks serene!
command,Steam the dim sum for lunch.
wh_question,What passion would you pursue relentlessly?
statement,The kayak is cutting through waves.
exclamation,How Moroccan this riad looks tiled!
command,Poach the pears in syrup.
wh_question,What dream would you never give up on?
statement,The raft is floating downstream.
exclamation,How Thai this cuisine looks colorful!
command,Bake the scones for afternoon tea.
wh_question,What aspiration would you sacrifice everything for?
statement,The dinghy is bouncing on swells.
exclamation,How Mexican this fiesta looks vibrant!
command,Fry the tacos until crispy.
wh_question,What ambition burns brightest in your heart?
statement,The yacht is anchored in the cove.
exclamation,How Indian this wedding looks colorful!
command,Simmer the curry until fragrant.
wh_question,What goal would you dedicate decades to?
statement,The sailboat is tacking into the wind.
exclamation,How Chinese this dragon looks ceremonial!
command,Stir-fry the noodles for quick cooking.
wh_question,What quest would you embark on today?
statement,The cruiser is making port.
exclamation,How French this patisserie looks elegant!
command,Whisk the batter until smooth.
wh_question,What adventure calls to your soul?
statement,The warship is returning from patrol.
exclamation,How Italian this piazza looks cobblestone!
command,Knead the pasta dough firmly.
wh_question,What journey would you take right now?
statement,The merchant vessel is seeking harbor.
exclamation,How Greek this taverna looks rustic!
command,Toss the salad with dressing.
wh_question,What expedition would you undertake?
statement,The submarine is surfacing.
exclamation,How Spanish this plaza looks sunbaked!
command,Fold the omelette gently.
wh_question,What discovery awaits you out there?
statement,The coast guard is on rescue duty.
exclamation,How Portuguese this village looks charming!
command,Scramble the eggs soft and creamy.
wh_question,What mysteries would you like to uncover?
statement,The cargo ship is entering port.
exclamation,How Dutch this windmill looks iconic!
command,Toast the bread until golden.
wh_question,What secrets would you like to know?
statement,The fishing trawler is hauling nets.
exclamation,How Swiss this chalet looks snow-capped!
command,Warm the soup for the cold day.
wh_question,What knowledge would you seek above all else?
statement,The whaling ship is on expedition.
exclamation,How Nordic this cabin looks hygge!
command,Heat the milk for hot chocolate.
wh_question,What would you want to learn most?
statement,The pirate ship is sailing the seven seas.
exclamation,How Celtic this village looks ancient!
command,Brew the tea for proper steep.
wh_question,What skill would you master if time were no object?
statement,The ghost ship is drifting aimlessly.
exclamation,How Viking this longship looks fierce!
command,Perk the coffee for strong brew.
wh_question,What art would you create if money didn't matter?
statement,The ghost ship is emerging from the fog.
exclamation,How pirate this skull looks fierce!
command,Infuse the gin with botanicals.
wh_question,What music would you compose for the world?
statement,The cruise liner is on world tour.
exclamation,How Caribbean this beach looks turquoise!
command,Muddle the mint for mojitos.
wh_question,What story would you tell if all eyes were listening?
statement,The yacht club is hosting races.
exclamation,How tropical this drink looks refreshing!
command,Shake the cocktail vigorously.
wh_question,What would you invent if imagination were your only limit?
statement,The regatta is beginning at dawn.
exclamation,How sparkling this champagne looks effervescent!
command,Layer the trifle for dessert.
wh_question,What innovation would revolutionize daily life?
statement,The naval fleet is assembled.
exclamation,How patriotic this parade looks grand!
command,Garnish the dish with fresh herbs.
wh_question,What would you create to help humanity?
statement,The harbor is bustling with activity.
exclamation,How festive this celebration looks colorful!
command,Plate the food artistically.
wh_question,What gift would you give to the world?
statement,The lighthouse is guiding ships home.
exclamation,How romantic this sunset looks golden!
command,Arrange the flowers in the vase.
wh_question,What would you protect at all costs?
statement,The dock is busy with workers.
exclamation,How nostalgic this old photo looks faded!
command,Stack the firewood neatly.
wh_question,What would you fight for without hesitation?
statement,The warehouse is full of supplies.
exclamation,How industrial this factory looks massive!
command,Sort the packages by size.
wh_question,What would you defend with your last breath?
statement,The cargo hold is packed tight.
exclamation,How mechanical this conveyor looks automated!
command,Inventory the stock regularly.
wh_question,What would you sacrifice everything to preserve?
statement,The deck is cleared for loading.
exclamation,How nautical this rope looks coiled!
command,Secure the cargo for sea voyage.
wh_question,What tradition is worth preserving?
statement,The crew is preparing to sail.
exclamation,How maritime this compass looks brass!
command,Hoist the sails to catch the wind.
wh_question,What heritage should never be forgotten?
statement,The captain is at the helm.
exclamation,How ceremonial this flag looks waving!
command,Navigate by the stars tonight.
wh_question,What culture would you honor above all others?
statement,The voyage is planned for weeks ahead.
exclamation,How adventurous this map looks weathered!
command,Chart the course for distant shores.
wh_question,What story from history fascinates you most?
statement,The expedition is well provisioned.
exclamation,How expedition this journal looks travel-worn!
command,Pack supplies for the journey.
wh_question,What explorer inspires your sense of wonder?
statement,The travelers are gathering at dawn.
exclamation,How rugged this backpack looks well-used!
command,Lace your boots for the trail.
wh_question,What frontier calls to your spirit?
statement,The camp is set for the night.
exclamation,How wilderness this campsite looks remote!
command,Pitch the tent under the stars.
wh_question,What wild place would you explore first?
statement,The campfire is burning low.
exclamation,How cozy this sleeping bag looks inviting!
command,Roast marshmallows over the fire.
wh_question,What natural wonder would you witness?
statement,The trail is winding up the mountain.
exclamation,How majestic this peak looks snow-capped!
command,Follow the path through the forest.
wh_question,What vista would take your breath away?
statement,The river is rushing over rocks.
exclamation,How pristine this waterfall looks cascading!
command,Wade across the shallow crossing.
wh_question,What sound would you hear in nature's symphony?
statement,The waterfall is thundering below.
exclamation,How powerful this cascade looks rushing!
command,Swim to the other shore.
wh_question,What would silence sound like in the wild?
statement,The bear is fishing in the stream.
exclamation,How wildlife this moment looks magical!
command,Make no sudden movements.
wh_question,What animal would you encounter in the wild?
statement,The deer is grazing peacefully.
exclamation,How serene this meadow looks pastoral!
command,Walk softly through the woods.
wh_question,What creature would you study if you could?
statement,The owl is hunting at night.
exclamation,How nocturnal this creature looks mysterious!
command,Observe from a distance.
wh_question,What species would you protect from extinction?
statement,The eagle is soaring overhead.
exclamation,How free this bird looks soaring!
command,Watch the sunset from the ridge.
wh_question,What freedom means most to you?
statement,The hawk is circling for prey.
exclamation,How keen this predator looks hunting!
command,Scan the horizon for landmarks.
wh_question,What would you risk for freedom?
statement,The wolf is howling at the moon.
exclamation,How wild this forest sounds nocturnal!
command,Track the footprints in the snow.
wh_question,What instinct guides your every move?
statement,The fox is sneaking through shadows.
exclamation,How cunning this animal looks stalking!
command,Follow the trail carefully.
wh_question,What inner voice do you trust most?
statement,The rabbit is hiding in the burrow.
exclamation,How timid this creature looks alert!
command,Stay quiet to avoid detection.
wh_question,What intuition has saved you before?
statement,The mouse is nibbling on seeds.
exclamation,How tiny this animal looks resourceful!
command,Set the trap without touching it.
wh_question,What warning sign did you ignore once?
statement,The squirrel is storing acorns.
exclamation,How industrious this creature looks busy!
command,Gather nuts for winter storage.
wh_question,What preparation has paid off for you?
statement,The beaver is building a dam.
exclamation,How engineering this structure looks built!
command,Work together as a team.
wh_question,What collaboration has accomplished wonders?
statement,The ants are marching in formation.
exclamation,How organized this colony looks working!
command,Contribute your part to the effort.
wh_question,What unity has achieved greatness?
statement,The bees are pollinating flowers.
exclamation,How industrious this swarm looks buzzing!
command,Plant seeds for future harvest.
wh_question,What investment will pay off later?
statement,The worms are enriching the soil.
exclamation,How earthy this garden looks thriving!
command,Turn the compost regularly.
wh_question,What sustainability practice should be universal?
statement,The soil is ready for planting.
exclamation,How fertile this ground looks rich!
command,Dig holes for the seedlings.
wh_question,What growth would you like to nurture?
statement,The seeds are sprouting already.
exclamation,How green this sprout looks delicate!
command,Water the young plants gently.
wh_question,What care would help someone flourish?
statement,The sapling is growing toward light.
exclamation,How resilient this tree looks reaching!
command,Protect the trunk from wind damage.
wh_question,What strength do you admire in others?
statement,The branch is reaching across the gap.
exclamation,How generous this tree looks sharing!
command,Share the shade with others.
wh_question,What generosity has touched your heart?
statement,The roots are spreading deep.
exclamation,How grounded this tree looks stable!
command,Anchor yourself in your values.
wh_question,What foundation do you stand upon?
statement,The leaves are filtering sunlight.
exclamation,How filtering this canopy looks dappled!
command,Let the light shine through.
wh_question,What truth passes through you?
statement,The bark is protecting the trunk.
exclamation,How protective this bark looks rugged!
command,Defend what matters most.
wh_question,What would you shield from harm?
statement,The rings tell the tree's age.
exclamation,How historic this tree looks ancient!
command,Mark the anniversary with celebration.
wh_question,What memory would you preserve forever?
statement,The acorn fell from the branch.
exclamation,How potential this tiny seed looks promising!
command,Plant the seed with hope.
wh_question,What new beginning awaits you?
statement,The forest is regenerating naturally.
exclamation,How renewal this ecosystem looks thriving!
command,Give space for new growth.
wh_question,What ending leads to new beginnings?
statement,The old tree finally fell.
exclamation,How final this moment looks somber!
command,Accept what cannot be changed.
wh_question,What acceptance has freed your spirit?
statement,The stump remains as a reminder.
exclamation,How memorial this stump looks natural!
command,Remember those who came before.
wh_question,What legacy will you leave behind?
statement,The new forest is taking shape.
exclamation,How hope this regenerating land looks promising!
command,Look toward the future with optimism.
wh_question,What future are you building today?
statement,The seasons are cycling endlessly.
exclamation,How cyclical this nature looks eternal!
command,Embrace change as it comes.
wh_question,What change do you welcome most?
statement,Spring brings new life to the forest.
exclamation,How rebirth this bloom looks fresh!
command,Welcome the warmth of sunshine.
wh_question,What warmth has comforted your soul?
statement,Summer ripens the fruit on trees.
exclamation,How harvest this abundance looks plentiful!
command,Share the bounty with neighbors.
wh_question,What abundance do you feel grateful for?
statement,Autumn paints the forest in gold.
exclamation,How beauty this transformation looks stunning!
command,Appreciate the changes in life.
wh_question,What beauty have you witnessed lately?
statement,Winter blankets the forest in snow.
exclamation,How peaceful this silence looks white!
command,Find warmth in cold times.
wh_question,What comfort sustains you through winter?
statement,The cycle continues eternally.
exclamation,How eternal this rhythm sounds timeless!
command,Live fully in each season.
wh_question,What moment are you living in right now?
statement,Time moves forward never backward.
exclamation,How irreversible this passage feels!
command,Seize the day with purpose.
wh_question,What will you accomplish today?
statement,The clock is ticking away.
exclamation,How urgent this moment feels precious!
command,Act before opportunity passes.
wh_question,What opportunity might you miss?
statement,The deadline is approaching fast.
exclamation,How pressure this situation feels intense!
command,Prioritize what truly matters.
wh_question,What truly matters to you deep down?
statement,Energy is running low.
exclamation,How exhaustion this fatigue feels draining!
command,Rest before you collapse.
wh_question,What replenishes your energy?
statement,Sleep is calling softly.
exclamation,How rest this slumber beckons inviting!
command,Close your eyes and relax.
wh_question,What dreams await you tonight?
statement,The mind is drifting away.
exclamation,How wandering this thoughts feel free!
command,Let go of all worries.
wh_question,What weighs on your mind right now?
statement,Peace is settling in.
exclamation,How calm this tranquility feels serene!
command,Breathe deeply and slowly.
wh_question,What serenity do you seek?
statement,The world fades into quiet.
exclamation,How stillness this peace feels profound!
command,Embrace the silence within.
wh_question,What silence speaks loudest to you?
statement,Dawn breaks on the horizon.
exclamation,How awakening this sunrise feels hopeful!
command,Rise and greet the new day.
wh_question,What hope does each sunrise bring?
statement,Birds are singing their morning song.
exclamation,How musical this chorus sounds melodious!
command,Open your heart to new possibilities.
wh_question,What possibilities excite you most?
statement,The air smells of fresh morning dew.
exclamation,How aromatic this fragrance smells pure!
command,Start your journey with intention.
wh_question,What intention guides your path today?
statement,Coffee is brewing in the kitchen.
exclamation,How aroma this brew smells awakening!
command,Fuel your body and mind.
wh_question,What rituals start your day right?
statement,The newspaper awaits on the porch.
exclamation,How news this headlines sounds urgent!
command,Stay informed about the world.
wh_question,What news matters most to you?
statement,The mail carrier is on the route.
exclamation,How delivery this routine sounds reliable!
command,Check for letters from loved ones.
wh_question,What correspondence brings you joy?
statement,The phone rings in the hallway.
exclamation,How notification this ring sounds alerting!
command,Answer with a warm greeting.
wh_question,Who would you most like to hear from?
statement,The doorbell chimes melodiously.
exclamation,How welcoming this chime sounds cheerful!
command,Greet your visitor with a smile.
wh_question,Who might be calling on you today?
statement,The dog is barking at the door.
exclamation,How protective this bark sounds alert!
command,See who has arrived at the gate.
wh_question,What visitor might brighten your day?
statement,A package was delivered.
exclamation,How excitement this delivery brings curious!
command,Open the box with care.
wh_question,What surprise might be inside?
statement,The gift is beautifully wrapped.
exclamation,How anticipation this wrapping builds exciting!
command,Reveal the surprise with wonder.
wh_question,What gift would truly delight you?
statement,A letter inside bears your name.
exclamation,How personal this handwriting looks intimate!
command,Read the heartfelt message inside.
wh_question,What words would touch your heart?
statement,The message speaks of love.
exclamation,How touching this sentiment feels moving!
command,Cherish those who care for you.
wh_question,What love fills your heart with gratitude?
statement,Friendship enriches our lives.
exclamation,How valuable this bond feels enduring!
command,Nurture your friendships daily.
wh_question,What friendship has stood the test of time?
statement,Family ties run deep.
exclamation,How roots this connection feels grounding!
command,Honor your family traditions.
wh_question,What family ritual do you cherish most?
statement,Community brings us together.
exclamation,How belonging this togetherness feels welcoming!
command,Participate in community events.
wh_question,What community would you like to join?
statement,Culture shapes our identity.
exclamation,How heritage this identity feels meaningful!
command,Explore other cultures respectfully.
wh_question,What culture would you like to experience?
statement,Language connects us all.
exclamation,How communication this connection feels bridging!
command,Learn to speak with kindness.
wh_question,What language speaks to your soul?
statement,Music transcends boundaries.
exclamation,How universal this art form sounds inspiring!
command,Share your favorite song today.
wh_question,What melody moves you deeply?
statement,Dance expresses what words cannot.
exclamation,How joyful this movement feels liberating!
command,Dance like nobody is watching.
wh_question,What rhythm lives within you?
statement,Art reveals inner truths.
exclamation,How revealing this creation looks expressive!
command,Create something beautiful today.
wh_question,What beauty do you wish to create?
statement,Writing captures fleeting thoughts.
exclamation,How preservation this words feels lasting!
command,Journal your experiences daily.
wh_question,What story do you want to tell?
statement,Photography freezes moments in time.
exclamation,How timeless this captured moment looks!
command,Photograph something meaningful today.
wh_question,What scene would you frame forever?
statement,Film tells stories in motion.
exclamation,How narrative this moving picture feels cinematic!
command,Watch a film that inspires you.
wh_question,What film has changed your perspective?
statement,Theater brings stories to life.
exclamation,How alive this performance feels dynamic!
command,Attend a live performance soon.
wh_question,What story would you bring to stage?
statement,Comedy brings laughter and joy.
exclamation,How funny this joke sounds hilarious!
command,Share a laugh with friends today.
wh_question,What makes you laugh until you cry?
statement,Drama explores human emotions.
exclamation,How intense this emotion feels raw!
command,Watch a gripping drama tonight.
wh_question,What emotion would you like to explore?
statement,Tragedy teaches valuable lessons.
exclamation,How profound this lesson feels heavy!
command,Learn from difficult experiences.
wh_question,What tragedy taught you resilience?
statement,Romance kindles the heart's fire.
exclamation,How passionate this love feels burning!
command,Write a love letter today.
wh_question,What would you write in a love letter?
statement,Adventure calls the brave.
exclamation,How thrilling this excitement feels exhilarating!
command,Accept an adventure today.
wh_question,What adventure awaits you?
statement,Mystery intrigues the curious.
exclamation,How puzzling this enigma feels intriguing!
command,Solve a mystery this week.
wh_question,What mystery would you like to unravel?
statement,Science uncovers truth.
exclamation,How discovery this revelation feels enlightening!
command,Explore a scientific topic today.
wh_question,What scientific truth fascinates you?
statement,Philosophy questions existence.
exclamation,How deep this inquiry feels profound!
command,Ponder life's big questions.
wh_question,What question has no answer?
statement,History repeats itself.
exclamation,How cyclical this pattern feels echoing!
command,Learn from history's lessons.
wh_question,What historical lesson is most relevant today?
statement,Geography shapes cultures.
exclamation,How varied this world looks diverse!
command,Travel to new places this year.
wh_question,What place would you like to explore?
statement,Economics drives societies.
exclamation,How complex this system feels intricate!
command,Understand economic principles.
wh_question,What economic trend concerns you most?
statement,Politics influences lives.
exclamation,How powerful this influence feels significant!
command,Stay engaged with civic duties.
wh_question,What political issue matters to you?
statement,Law maintains order.
exclamation,How binding this framework feels structured!
command,Respect the rule of law.
wh_question,What law should be changed?
statement,Medicine heals the sick.
exclamation,How miraculous this healing feels blessed!
command,Take care of your health.
wh_question,What health practice is most important?
statement,Education empowers minds.
exclamation,How transformative this learning feels liberating!
command,Never stop learning new things.
wh_question,What subject would you like to master?
statement,Technology advances rapidly.
exclamation,How innovative this progress feels cutting-edge!
command,Embrace new technologies wisely.
wh_question,What technology will shape the future?
statement,Innovation drives progress.
exclamation,How creative this solution feels ingenious!
command,Think outside the box today.
wh_question,What innovation would improve life?
statement,Design enhances beauty.
exclamation,How aesthetic this creation looks elegant!
command,Design something functional yet beautiful.
wh_question,What design principles do you admire?
statement,Engineering builds foundations.
exclamation,How solid this structure feels permanent!
command,Engineer solutions to problems.
wh_question,What engineering marvel impresses you?
statement,Architecture shapes spaces.
exclamation,How inspiring this building looks monumental!
command,Appreciate architectural beauty.
wh_question,What architecture speaks to your soul?
statement,Agriculture feeds nations.
exclamation,How nourishing this harvest feels abundant!
command,Support local farmers today.
wh_question,What food are you grateful for?
statement,Industry powers economies.
exclamation,How productive this manufacturing feels powerful!
command,Work with purpose and passion.
wh_question,What work fulfills you most?
statement,Service helps others.
exclamation,How giving this volunteering feels rewarding!
command,Volunteer in your community today.
wh_question,What cause would you serve?
statement,Charity changes lives.
exclamation,How impactful this generosity feels transformative!
command,Donate to a worthy cause.
wh_question,What charity deserves your support?
statement,Justice seeks fairness.
exclamation,How righteous this cause feels noble!
command,Stand up for what's right.
wh_question,What injustice would you fight against?
statement,Peace requires effort.
exclamation,How harmony this coexistence feels balanced!
command,Be an ambassador of peace.
wh_question,What peace do you wish to cultivate?
statement,War brings devastation.
exclamation,How destructive this conflict feels devastating!
command,Work toward conflict resolution.
wh_question,What conflict would you help resolve?
statement,Diplomacy bridges nations.
exclamation,How diplomatic this negotiation feels tactful!
command,Communicate with respect and understanding.
wh_question,What diplomatic solution would you propose?
statement,Cooperation achieves goals.
exclamation,How collaborative this teamwork feels synergistic!
command,Collaborate with others today.
wh_question,What goal would you achieve together?
statement,Competition drives excellence.
exclamation,How challenging this rivalry feels motivating!
command,Compete with integrity and honor.
wh_question,What competition inspires you to excel?
statement,Leadership guides others.
exclamation,How influential this guidance feels empowering!
command,Lead by example every day.
wh_question,What leader inspires you most?
statement,Mentorship nurtures growth.
exclamation,How nurturing this guidance feels supportive!
command,Be a mentor to someone today.
wh_question,What mentor changed your life?
statement,Friendship supports us.
exclamation,How supportive this friendship feels comforting!
command,Be a good friend to others.
wh_question,What friendship advice would you give?
statement,Trust builds relationships.
exclamation,How foundational this trust feels essential!
command,Build trust through consistency.
wh_question,What trust would you never betray?
statement,Honesty strengthens bonds.
exclamation,How refreshing this truth feels liberating!
command,Be honest even when it's hard.
wh_question,What honest truth needs to be spoken?
statement,Courage overcomes fear.
exclamation,How brave this act feels heroic!
command,Face your fears with courage.
wh_question,What fear would you like to conquer?
statement,Patience yields results.
exclamation,How rewarding this waiting feels worth it!
command,Practice patience in all things.
wh_question,What has patience taught you?
statement,Persistence defeats obstacles.
exclamation,How determined this perseverance feels unstoppable!
command,Never give up on your dreams.
wh_question,What obstacle did you overcome?
statement,Creativity solves problems.
exclamation,How inventive this solution feels clever!
command,Think creatively about challenges.
wh_question,What creative solution impressed you?
statement,Humor lightens burdens.
exclamation,How funny this moment feels delightful!
command,Share a laugh with someone today.
wh_question,What made you laugh recently?
statement,Gratitude enriches life.
exclamation,How thankful this appreciation feels heartwarming!
command,Express gratitude daily.
wh_question,What are you grateful for today?
statement,Kindness creates ripples.
exclamation,How touching this gesture feels heartfelt!
command,Perform an act of kindness today.
wh_question,What kindness touched your heart?
statement,Compassion heals wounds.
exclamation,How empathetic this understanding feels caring!
command,Show compassion to those in need.
wh_question,What compassion changed someone's life?
statement,Forgiveness frees the soul.
exclamation,How liberating this release feels healing!
command,Forgive those who have wronged you.
wh_question,What resentment do you wish to release?
statement,Hope sustains us.
exclamation,How uplifting this optimism feels inspiring!
command,Hold onto hope always.
wh_question,What hope keeps you going?
statement,Faith provides comfort.
exclamation,How reassuring this belief feels grounding!
command,Have faith in yourself and others.
wh_question,What gives you faith in humanity?
statement,Love conquers all.
exclamation,How powerful this love feels boundless!
command,Love unconditionally today.
wh_question,What love would you give freely?
statement,Joy fills our hearts.
exclamation,How elating this happiness feels ecstatic!
command,Celebrate life's joys.
wh_question,What brings you pure joy?
statement,Peace dwells within.
exclamation,How serene this inner calm feels tranquil!
command,Find your inner peace.
wh_question,What calms your racing mind?
statement,Wisdom comes with age.
exclamation,How insightful this experience feels teaching!
command,Learn from elders and teachers.
wh_question,What wisdom would you share?
statement,Knowledge is power.
exclamation,How empowering this understanding feels illuminating!
command,Seek knowledge every day.
wh_question,What knowledge would you share freely?
statement,Understanding bridges gaps.
exclamation,How connecting this empathy feels unifying!
command,Seek to understand before judging.
wh_question,What would you like others to understand about you?
statement,Respect honors differences.
exclamation,How dignified this acceptance feels honoring!
command,Respect everyone's journey.
wh_question,What respect do you wish to receive?
statement,Acceptance brings peace.
exclamation,How liberating this allowance feels freeing!
command,Accept what you cannot change.
wh_question,What would you like to accept about yourself?
statement,Growth requires change.
exclamation,How transformative this evolution feels renewing!
command,Embrace personal growth.
wh_question,What aspect of yourself are you growing?
statement,Change is inevitable.
exclamation,How adaptive this flexibility feels resilient!
command,Adapt to life's changes.
wh_question,What change has made you stronger?
statement,Balance creates harmony.
exclamation,How equilibrium this stability feels centering!
command,Balance work and rest.
wh_question,What balance do you seek in life?
statement,Moderation prevents excess.
exclamation,How prudent this restraint feels wise!
command,Practice moderation in all things.
wh_question,What area of your life needs moderation?
statement,Simplicity brings clarity.
exclamation,How uncluttered this minimalism feels freeing!
command,Simplify your life today.
wh_question,What would you simplify?
statement,Focus drives results.
exclamation,How laser this concentration feels powerful!
command,Focus on one task at a time.
wh_question,What demands your focus right now?
statement,Priorities guide actions.
exclamation,How purposeful this direction feels clarifying!
command,Set clear priorities.
wh_question,What is your highest priority today?
statement,Goals provide direction.
exclamation,How motivating this ambition feels energizing!
command,Set achievable goals.
wh_question,What goal are you working toward?
statement,Plans structure success.
exclamation,How strategic this planning feels organized!
command,Plan your week in advance.
wh_question,What would you plan if time were unlimited?
statement,Preparation prevents failure.
exclamation,How ready this preparedness feels confident!
command,Prepare for what lies ahead.
wh_question,What are you preparing for?
statement,Practice builds mastery.
exclamation,How improving this repetition feels perfecting!
command,Practice your skills daily.
wh_question,What skill are you practicing?
statement,Discipline creates excellence.
exclamation,How rewarding this self-control feels empowering!
command,Maintain discipline in your habits.
wh_question,What discipline serves you well?
statement,Routine establishes stability.
exclamation,How grounding this consistency feels reassuring!
command,Establish healthy routines.
wh_question,What routine keeps you grounded?
statement,Habits shape character.
exclamation,How influential this repetition feels formative!
command,Build positive habits.
wh_question,What habit changed your life?
statement,Choices define destiny.
exclamation,How consequential this decision feels pivotal!
command,Make conscious choices.
wh_question,What choice awaits you?
statement,Consequences follow actions.
exclamation,How accountability this responsibility feels mature!
command,Take responsibility for your actions.
wh_question,What consequence taught you a lesson?
statement,Mistakes are learning opportunities.
exclamation,How valuable this failure feels instructive!
command,Learn from your mistakes.
wh_question,What mistake taught you the most?
statement,Failure leads to growth.
exclamation,How strengthening this setback feels resilience-building!
command,Embrace failure as a teacher.
wh_question,What failure made you stronger?
statement,Success requires perseverance.
exclamation,How triumphant this victory feels earned!
command,Celebrate your successes.
wh_question,What success are you proud of?
statement,Achievement rewards effort.
exclamation,How satisfying this accomplishment feels fulfilling!
command,Acknowledge your achievements.
wh_question,What achievement matters most?
statement,Recognition honors work.
exclamation,How affirming this acknowledgment feels encouraging!
command,Recognize others' contributions.
wh_question,What recognition would honor your work?
statement,Reputation builds over time.
exclamation,How established this credibility feels trustworthy!
command,Build a good reputation.
wh_question,What reputation would you like to have?
statement,Legacy lives on.
exclamation,How lasting this impact feels meaningful!
command,Leave a positive legacy.
wh_question,What would you like to be remembered for?
statement,Memory preserves history.
exclamation,How nostalgic this recollection feels sentimental!
command,Honor those from the past.
wh_question,What memory would you preserve forever?
statement,Story connects generations.
exclamation,How timeless this narrative feels bridging!
command,Share your story with others.
wh_question,What story would you tell future generations?
statement,Tradition carries meaning.
exclamation,How meaningful this custom feels cultural!
command,Honor important traditions.
wh_question,What tradition connects you to your roots?
statement,Heritage defines identity.
exclamation,How rooted this ancestry feels grounding!
command,Explore your family heritage.
wh_question,What heritage are you proud of?
statement,Roots provide stability.
exclamation,How grounding this connection feels stabilizing!
command,Stay connected to your roots.
wh_question,What roots anchor you?
statement,Culture enriches experience.
exclamation,How vibrant this diversity feels colorful!
command,Celebrate cultural differences.
wh_question,What culture inspires you?
statement,Identity shapes perspective.
exclamation,How unique this individuality feels distinctive!
command,Embrace your authentic self.
wh_question,What makes you uniquely you?
statement,Individuality deserves respect.
exclamation,How precious this uniqueness feels special!
command,Honor your true self.
wh_question,What truth defines your identity?
statement,Authenticity brings freedom.
exclamation,How liberating this genuineness feels releasing!
command,Live authentically every day.
wh_question,What would you do if nobody judged you?
statement,Courage expresses truth.
exclamation,How brave this vulnerability feels empowering!
command,Express your true feelings.
wh_question,What truth do you need to express?
statement,Vulnerability builds connection.
exclamation,How intimate this openness feels trusting!
command,Share your vulnerabilities.
wh_question,What vulnerability would you share?
statement,Connection transcends distance.
exclamation,How amazing this bond feels timeless!
command,Connect deeply with others.
wh_question,What connection do you cherish most?
statement,Community provides belonging.
exclamation,How welcoming this belonging feels inclusive!
command,Build community wherever you go.
wh_question,What community feels like home?
statement,Belonging nurtures well-being.
exclamation,How healing this acceptance feels validating!
command,Create spaces where all belong.
wh_question,What belonging have you experienced?
statement,Inclusion embraces diversity.
exclamation,How enriching this diversity feels expanding!
command,Practice inclusion daily.
wh_question,What inclusion would you create?
statement,Diversity strengthens groups.
exclamation,How powerful this variety feels multiplying!
command,Value different perspectives.
wh_question,What perspective challenged yours?
statement,Perspective shapes reality.
exclamation,How transformative this viewpoint feels paradigm-shifting!
command,Consider other viewpoints.
wh_question,What shifted your perspective recently?
statement,Empathy bridges differences.
exclamation,How connecting this understanding feels unifying!
command,Practice empathy daily.
wh_question,What helped you understand someone else?
statement,Compassion transforms relationships.
exclamation,How healing this kindness feels restorative!
command,Show compassion to all.
wh_question,What compassion did you receive?
statement,Kindness ripples outward.
exclamation,How contagious this goodness feels inspiring!
command,Choose kindness in interactions.
wh_question,What kindness did you pay forward?
statement,Generosity creates abundance.
exclamation,How abundant this sharing feels enriching!
command,Give generously of your time.
wh_question,What did you give recently?
statement,Sharing multiplies joy.
exclamation,How joyful this giving feels multiplying!
command,Share your blessings with others.
wh_question,What would you share if you had unlimited resources?
statement,Giving brings fulfillment.
exclamation,How satisfying this service feels purposeful!
command,Give without expecting return.
wh_question,What giving fulfilled you?
statement,Service elevates purpose.
exclamation,How meaningful this contribution feels significant!
command,Serve others with joy.
wh_question,What purpose drives you?
statement,Contribution creates change.
exclamation,How impactful this involvement feels transformative!
command,Contribute to something larger.
wh_question,What cause needs your contribution?
statement,Impact echoes through time.
exclamation,How enduring this effect feels lasting!
command,Make a positive impact.
wh_question,What impact do you want to make?
statement,Legacy endures beyond life.
exclamation,How profound this permanence feels eternal!
command,Build something that lasts.
wh_question,What would constitute a meaningful legacy?
statement,Memory immortalizes meaning.
exclamation,How beautiful this remembrance feels honoring!
command,Remember those who inspire you.
wh_question,Who would you like to remember?
statement,Inspiration ignites action.
exclamation,How energizing this motivation feels activating!
command,Act on your inspirations.
wh_question,What inspires you to act?
statement,Motivation fuels achievement.
exclamation,How driving this ambition feels unstoppable!
command,Stay motivated toward goals.
wh_question,What keeps you motivated?
statement,Determination overcomes obstacles.
exclamation,How fierce this resolve feels unbreakable!
command,Stay determined no matter what.
wh_question,What strengthened your determination?
statement,Resilience bounces back.
exclamation,How inspiring this recovery feels heroic!
command,Build your resilience.
wh_question,What helped you bounce back?
statement,Perseverance wins in the end.
exclamation,How triumphant this endurance feels victorious!
command,Persevere through challenges.
wh_question,What did perseverance teach you?
statement,Grit conquers difficulty.
exclamation,How tenacious this spirit feels unstoppable!
command,Develop grit and determination.
wh_question,What grit helped you succeed?
statement,Tenacity creates success.
exclamation,How unstoppable this persistence feels victorious!
command,Never give up on dreams.
wh_question,What dream keeps you going?
statement,Hope sustains through darkness.
exclamation,How radiant this optimism feels illuminating!
command,Hold onto hope always.
wh_question,What hope illuminates your path?
statement,Faith guides through uncertainty.
exclamation,How comforting this trust feels anchoring!
command,Trust in the journey.
wh_question,What faith guides your path?
statement,Belief empowers action.
exclamation,How confident this conviction feels strengthening!
command,Believe in yourself.
wh_question,What do you believe about yourself?
statement,Confidence builds success.
exclamation,How powerful this self-assurance feels energizing!
command,Build your confidence daily.
wh_question,What builds your confidence?
statement,Self-esteem honors worth.
exclamation,How valuable this self-worth feels precious!
command,Value yourself highly.
wh_question,What value do you see in yourself?
statement,Self-respect sets boundaries.
exclamation,How dignified this self-honor feels empowering!
command,Respect yourself first.
wh_question,What boundary protects your self-respect?
statement,Self-love nurtures well-being.
exclamation,How nourishing this self-care feels healing!
command,Love yourself unconditionally.
wh_question,What self-love practice helps you?
statement,Self-care prevents burnout.
exclamation,How essential this renewal feels restorative!
command,Prioritize your well-being.
wh_question,What self-care do you practice?
statement,Rest restores energy.
exclamation,How rejuvenating this relaxation feels revitalizing!
command,Take time to rest properly.
wh_question,What rest leaves you refreshed?
statement,Play brings joy.
exclamation,How delightful this fun feels liberating!
command,Make time for play.
wh_question,What play brings you joy?
statement,Curiosity drives discovery.
exclamation,How wonderous this exploration feels exciting!
command,Cultivate your curiosity.
wh_question,What curiosity would you like to explore?
statement,Wonder awakes imagination.
exclamation,How magical this marvel feels enchanting!
command,Rekindle your sense of wonder.
wh_question,What wonder fills you with awe?
statement,Imagination creates possibility.
exclamation,How expansive this creativity feels limitless!
command,Dream big and imagine more.
wh_question,What would you imagine if limits didn't exist?
statement,Dreams inspire action.
exclamation,How motivating this vision feels inspiring!
command,Turn dreams into plans.
wh_question,What dream would you act on today?
statement,Vision guides direction.
exclamation,How clarifying this foresight feels purposeful!
command,Envision your ideal future.
wh_question,What future do you envision?
statement,Goals map the path.
exclamation,How strategic this planning feels guiding!
command,Set clear and achievable goals.
wh_question,What goals align with your vision?
statement,Action creates results.
exclamation,How productive this momentum feels empowering!
command,Take action toward your goals.
wh_question,What action advances your goals today?
statement,Momentum builds confidence.
exclamation,How exhilarating this progress feels motivating!
command,Maintain your momentum.
wh_question,What momentum have you built?
statement,Progress brings satisfaction.
exclamation,How rewarding this advancement feels fulfilling!
command,Celebrate progress made.
wh_question,What progress have you made recently?
statement,Achievement marks milestones.
exclamation,How triumphant this accomplishment feels significant!
command,Acknowledge your achievements.
wh_question,What milestone would you like to reach?
statement,Success requires consistency.
exclamation,How reliable this dependability feels trustworthy!
command,Be consistent in your efforts.
wh_question,What consistency has led to success?
statement,Excellence demands dedication.
exclamation,How admirable this commitment feels inspiring!
command,Dedicate yourself to excellence.
wh_question,What excellence do you strive for?
statement,Mastery comes from practice.
exclamation,How satisfying this expertise feels authoritative!
command,Practice until you master it.
wh_question,What skill would you like to master?
statement,Skill builds confidence.
exclamation,How capable this proficiency feels empowering!
command,Develop your skills daily.
wh_question,What skill is worth developing?
statement,Knowledge expands possibilities.
exclamation,How enriching this learning feels expanding!
command,Never stop learning.
wh_question,What knowledge would expand your possibilities?
statement,Wisdom guides choices.
exclamation,How insightful this discernment feels clarifying!
command,Seek wisdom in decisions.
wh_question,What wisdom guides your choices?
statement,Understanding brings peace.
exclamation,How calming this comprehension feels relieving!
command,Seek to understand before reacting.
wh_question,What understanding brought you peace?
statement,Clarity eliminates confusion.
exclamation,How illuminating this insight feels revealing!
command,Get clear on what you want.
wh_question,What clarity would help you now?
statement,Focus amplifies results.
exclamation,How powerful this concentration feels multiplying!
command,Focus your energy on priorities.
wh_question,What focus would produce the best results?
statement,Priorities streamline decisions.
exclamation,How simplifying this ranking feels organizing!
command,Prioritize ruthlessly.
wh_question,What priority deserves your attention now?
statement,Simplification enhances clarity.
exclamation,How refreshing this decluttering feels liberating!
command,Simplify to amplify.
wh_question,What would you simplify this week?
statement,Efficiency saves time.
exclamation,How time-saving this optimization feels productive!
command,Optimize your workflows.
wh_question,What process could be more efficient?
statement,Productivity drives results.
exclamation,How accomplishing this output feels empowering!
command,Maximize your productivity.
wh_question,What productivity hack works for you?
statement,Effectiveness matters most.
exclamation,How impactful this efficiency feels significant!
command,Focus on what works.
wh_question,What works best for you?
statement,Improvement is always possible.
exclamation,How hopeful this growth feels limitless!
command,Continuously improve yourself.
wh_question,What would you like to improve?
statement,Change enables growth.
exclamation,How transformative this adaptation feels renewing!
command,Embrace change as opportunity.
wh_question,What change would you embrace?
statement,Growth exceeds comfort.
exclamation,How rewarding this stretching feels expanding!
command,Step outside your comfort zone.
wh_question,What would you try if failure weren't possible?
statement,Learning never ends.
exclamation,How humbling this openness feels expanding!
command,Remain a lifelong learner.
wh_question,What would you like to learn next?
statement,Experience teaches best.
exclamation,How instructive this living feels schooling!
command,Value your experiences.
wh_question,What experience taught you the most?
statement,Mistakes reveal truth.
exclamation,How revealing this failure feels instructive!
command,Don't fear making mistakes.
wh_question,What did a recent mistake teach you?
statement,Feedback accelerates growth.
exclamation,How helpful this input feels developmental!
command,Welcome constructive feedback.
wh_question,What feedback helped you improve?
statement,Reflection deepens learning.
exclamation,How insightful this introspection feels clarifying!
command,Reflect on your experiences.
wh_question,What would you reflect on today?
statement,Journaling captures insights.
exclamation,How documenting this thought feels preserving!
command,Keep a journal of learnings.
wh_question,What would you journal about today?
statement,Meditation cultivates awareness.
exclamation,How centering this mindfulness feels grounding!
command,Practice meditation daily.
wh_question,What meditation practice works for you?
statement,Breath connects body and mind.
exclamation,How vital this life force feels energizing!
command,Focus on your breath.
wh_question,What does your breath tell you now?
statement,Presence anchors in now.
exclamation,How grounding this moment feels real!
command,Be present in the current moment.
wh_question,What are you present to right now?
statement,Gratitude transforms perspective.
exclamation,How shifting this appreciation feels refreshing!
command,Practice daily gratitude.
wh_question,What gratitude fills your heart?
statement,Appreciation enhances life.
exclamation,How enriching this valuing feels satisfying!
command,Appreciate the small things.
wh_question,What small thing brings you joy?
statement,Beauty exists everywhere.
exclamation,How uplifting this noticing feels inspiring!
command,Seek beauty in daily life.
wh_question,What beauty do you notice today?
statement,Wonder revives spirit.
exclamation,How magical this noticing feels enchanting!
command,Cultivate wonder daily.
wh_question,What fills you with wonder?
statement,Joy resides within.
exclamation,How radiant this inner light feels illuminating!
command,Find joy in simple things.
wh_question,Where does your joy come from?
statement,Peace is always available.
exclamation,How accessible this calm feels reassuring!
command,Access your inner peace.
wh_question,What brings you peace of mind?
statement,Love flows from within.
exclamation,How boundless this inner love feels radiating!
command,Let love flow from your heart.
wh_question,What love do you feel right now?
statement,Compassion extends outward.
exclamation,How connecting this caring feels bridging!
command,Extend compassion to all.
wh_question,What compassion do you feel now?
statement,Kindness radiates outward.
exclamation,How warming this goodwill feels spreading!
command,Spread kindness today.
wh_question,What kindness have you witnessed?
statement,Generosity creates abundance.
exclamation,How giving this sharing feels multiplying!
command,Share your abundance.
wh_question,What abundance can you share?
statement,Service connects us all.
exclamation,How meaningful this helping feels connecting!
command,Serve with joy.
wh_question,What service fulfills you?
statement,Community supports growth.
exclamation,How nurturing this support feels uplifting!
command,Build supportive community.
wh_question,What community supports you?
statement,Belonging honors identity.
exclamation,How validating this acceptance feels confirming!
command,Create belonging wherever you go.
wh_question,Where do you feel you belong?
statement,Purpose gives direction.
exclamation,How guiding this meaning feels directing!
command,Connect to your purpose.
wh_question,What is your life's purpose?
statement,Calling awaits discovery.
exclamation,How beckoning this destiny feels destined!
command,Answer your calling.
wh_question,What calling do you hear?
statement,Destiny unfolds through choices.
exclamation,How shaping this agency feels empowering!
command,Make choices that matter.
wh_question,What choice shapes your destiny?
statement,Life is a journey.
exclamation,How traveling this passage feels adventurous!
command,Enjoy the journey of life.
wh_question,What journey are you on?
statement,Experience is the teacher.
exclamation,How schooling this living feels educating!
command,Live fully and learn much.
wh_question,What is life teaching you now?
statement,Growth happens in moments.
exclamation,How present this becoming feels evolving!
command,Embrace growth moments.
wh_question,What growth is happening now?
statement,Change is the only constant.
exclamation,How flowing this impermanence feels freeing!
command,Flow with change.
wh_question,What change is occurring now?
statement,Every ending is a beginning.
exclamation,How hopeful this transition feels renewing!
command,Welcome new beginnings.
wh_question,What beginning awaits you?
statement,Tomorrow holds possibility.
exclamation,How exciting this potential feels promising!
command,Embrace tomorrow with hope.
wh_question,What possibility does tomorrow hold?
statement,The present is a gift.
exclamation,How precious this now feels irreplaceable!
command,Treasure each moment.
wh_question,How will you treasure this moment?
statement,Life is meant to be lived.
exclamation,How vibrant this existing feels alive!
command,Live life fully.
wh_question,How fully are you living?
statement,You are exactly where you need to be.
exclamation,How perfectly this placement feels exactly right!
command,Trust your journey.
polar_question,Do you trust where you are now?
statement,Everything happens for a reason.
exclamation,How meaningful this coincidence feels purposeful!
command,Find meaning in experience.
wh_question,What meaning do you find now?
statement,You are capable of amazing things.
exclamation,How powerful this capability feels unlimited!
command,Believe in your potential.
wh_question,What amazing thing will you do?
statement,Your dreams are valid.
exclamation,How worthy this aspiration feels deserving!
command,Honor your dreams.
wh_question,What dream deserves your honor?
statement,Your voice matters.
exclamation,How significant this expression feels important!
command,Speak your truth.
wh_question,What truth needs your voice?
statement,You deserve happiness.
exclamation,How deserved this joy feels warranted!
command,Claim your happiness.
wh_question,What happiness will you claim?
statement,You are worthy of love.
exclamation,How lovable this worthiness feels deserving!
command,Accept your lovability.
polar_question,Do you accept that you are worthy of love?
statement,You bring unique value.
exclamation,How irreplaceable this value feels unique!
command,Share your unique gifts.
wh_question,What unique gift will you share?
statement,Your presence enriches others.
exclamation,How enriching this impact feels meaningful!
command,Honor your positive impact.
wh_question,How does your presence enrich others?
statement,You inspire those around you.
exclamation,How inspiring this influence feels motivating!
command,Be an inspiration to others.
wh_question,Who inspires you to be better?
statement,You are enough just as you are.
exclamation,How sufficient this wholeness feels complete!
command,Accept your completeness.
polar_question,Do you accept that you are enough?
statement,You have the power to choose.
exclamation,How empowering this agency feels liberating!
command,Choose consciously and wisely.
wh_question,What choice will you make?
statement,You create your own reality.
exclamation,How creative this authorship feels shaping!
command,Shape your reality with intention.
wh_question,What reality are you creating?
statement,You are the author of your story.
exclamation,How narrative this storytelling feels meaningful!
command,Write a story you love.
wh_question,What story are you writing?
statement,The best is yet to come.
exclamation,How promising this future feels exciting!
command,Anticipate great things ahead.
wh_question,What great thing awaits you?
statement,You are destined for greatness.
exclamation,How glorious this destiny feels magnificent!
command,Embrace your destiny.
polar_question,Do you feel destined for greatness?
statement,Your potential is unlimited.
exclamation,How boundless this possibility feels infinite!
command,Live without limits.
wh_question,What would you attempt if you knew you could not fail?
statement,You are becoming who you are meant to be.
exclamation,How becoming this evolution feels purposeful!
command,Trust the process of becoming.
wh_question,Who are you becoming?
statement,Life supports your growth.
exclamation,How supportive this life feels nurturing!
command,Accept life's support.
wh_question,How does life support your growth?
statement,The universe conspires in your favor.
exclamation,How conspiring this alignment feels magical!
command,Trust in the universe.
polar_question,Do you trust that the universe supports you?
statement,Everything works out in the end.
exclamation,How reassuring this assurance feels comforting!
command,Trust in the outcome.
polar_question,Do you trust that it will work out?
statement,You are guided and protected.
exclamation,How safe this protection feels divine!
command,Accept your guidance.
polar_question,Do you feel guided and protected?
statement,Your path is unique.
exclamation,How individual this journey feels personal!
command,Honor your unique path.
polar_question,Do you honor your unique journey?
statement,There is no right or wrong way.
exclamation,How freeing this permission feels liberating!
command,Be open to all possibilities.
wh_question,What way feels right to you?
statement,Every perspective is valid.
exclamation,How accepting this allowance feels inclusive!
command,Honor all viewpoints.
wh_question,What perspective do you honor?
statement,Diversity enriches us all.
exclamation,How enriching this variety feels expanding!
command,Celebrate diversity.
wh_question,What diversity do you celebrate?
statement,Unity embraces differences.
exclamation,How unifying this harmony feels connecting!
command,Find unity in diversity.
wh_question,How do you find unity in diversity?
statement,Connection transcends barriers.
exclamation,How bridging this bond feels connecting!
command,Connect beyond barriers.
wh_question,What barriers do you transcend?
statement,Love transcends all boundaries.
exclamation,How limitless this love feels infinite!
command,Love without boundaries.
wh_question,What boundaries does your love transcend?
statement,Peace is within you.
exclamation,How accessible this calm feels inherent!
command,Find peace within.
wh_question,Where do you find your peace?
statement,Joy emanates from inside.
exclamation,How radiating this happiness feels outward!
command,Let joy emanate from within.
wh_question,What joy do you emanate?
statement,Light shines from your soul.
exclamation,How illuminating this brightness feels radiant!
command,Let your light shine.
wh_question,What light do you shine?
statement,Love radiates from your heart.
exclamation,How warming this affection feels spreading!
command,Open your heart to love.
wh_question,What love does your heart hold?
statement,Compassion flows through you.
exclamation,How healing this empathy feels transformative!
command,Let compassion flow.
wh_question,What compassion flows through you?
statement,Kindness emanates from your spirit.
exclamation,How contagious this goodness feels spreading!
command,Let kindness emanate.
wh_question,What kindness do you emanate?
statement,Generosity flows from your soul.
exclamation,How giving this spirit feels enriching!
command,Let generosity flow through you.
wh_question,What generosity do you share?
statement,Wisdom dwells within you.
exclamation,How knowing this inner wisdom feels guiding!
command,Trust your inner wisdom.
wh_question,What wisdom dwells within you?
statement,Truth resides in your heart.
exclamation,How authentic this inner truth feels freeing!
command,Honor your inner truth.
wh_question,What truth resides in your heart?
statement,Intuition guides your steps.
exclamation,How sensing this inner guidance feels directing!
command,Follow your intuition.
wh_question,What does your intuition tell you?
statement,Your gut knows the way.
exclamation,How instinctive this knowing feels certain!
command,Trust your gut feelings.
wh_question,What does your gut tell you now?
statement,Your instincts serve you well.
exclamation,How reliable this inner compass feels trustworthy!
command,Honor your instincts.
wh_question,What instinct do you honor?
statement,Your inner voice speaks truth.
exclamation,How audible this inner knowing feels clear!
command,Listen to your inner voice.
wh_question,What is your inner voice saying?
statement,Your heart knows the answer.
exclamation,How feeling this knowing feels right!
command,Trust your heart.
wh_question,What does your heart tell you?
statement,Your soul knows the way.
exclamation,How spiritual this knowing feels profound!
command,Honor your soul's wisdom.
wh_question,What does your soul know?
statement,You are whole and complete.
exclamation,How perfect this completeness feels whole!
command,Accept your wholeness.
polar_question,Do you feel whole and complete?
statement,You are exactly enough.
exclamation,How sufficient this adequacy feels adequate!
command,Know that you are enough.
polar_question,Do you know that you are enough?
statement,You belong here.
exclamation,How fitting this belonging feels appropriate!
command,Know that you belong.
polar_question,Do you know you belong here?
statement,You have a place in this world.
exclamation,How significant this space feels purposeful!
command,Claim your place in the world.
wh_question,What place will you claim?
statement,Your existence matters.
exclamation,How meaningful this significance feels purposeful!
command,Know that you matter.
polar_question,Do you know that you matter?
statement,Your presence makes a difference.
exclamation,How impactful this contribution feels meaningful!
command,Know your presence matters.
polar_question,Does your presence make a difference?
statement,You are loved unconditionally.
exclamation,How loved this acceptance feels cherished!
command,Accept that you are loved.
polar_question,Do you know you are loved?
statement,You are supported always.
exclamation,How supported this care feels lifting!
command,Accept that you are supported.
polar_question,Do you feel supported?
statement,You are guided every step.
exclamation,How guided this direction feels leading!
command,Trust your guidance.
polar_question,Do you feel guided?
statement,You are never alone.
exclamation,How connected this unity feels companionate!
command,Know you are never alone.
polar_question,Do you know you are never alone?
statement,Love surrounds you always.
exclamation,How enveloping this love feels protecting!
command,Open to love's embrace.
polar_question,Do you feel love surrounding you?
statement,Peace wraps around you.
exclamation,How calming this serenity feels soothing!
command,Receive this peace.
polar_question,Do you feel this peace?
statement,Joy bubbles up inside.
exclamation,How effervescent this happiness feels sparkling!
command,Let joy bubble up.
polar_question,Does joy bubble up inside you?
statement,Hope springs eternal within.
exclamation,How renewing this optimism feels refreshing!
command,Let hope spring eternal.
polar_question,Does hope spring eternal within you?
statement,Faith strengthens your resolve.
exclamation,How fortifying this belief feels empowering!
command,Let faith strengthen you.
wh_question,What faith strengthens you?
statement,Courage rises from within.
exclamation,How rising this bravery feels empowering!
command,Let courage rise within.
wh_question,What courage rises from within you?
statement,Strength flows through you.
exclamation,How powerful this might feels energizing!
command,Let strength flow through you.
wh_question,What strength flows through you?
statement,Resilience dwells in your spirit.
exclamation,How bouncing this recovery feels unstoppable!
command,Let resilience dwell within.
wh_question,What resilience dwells in your spirit?
statement,Determination fuels your actions.
exclamation,How driving this resolve feels motivating!
command,Let determination fuel you.
wh_question,What determination fuels your actions?
statement,Passion ignites your soul.
exclamation,How blazing this enthusiasm feels energizing!
command,Let passion ignite your soul.
wh_question,What passion ignites your soul?
statement,Purpose guides your path.
exclamation,How directing this meaning feels purposeful!
command,Let purpose guide you.
wh_question,What purpose guides your path?
statement,Vision illuminates your way.
exclamation,How bright this foresight feels enlightening!
command,Let vision illuminate your way.
wh_question,What vision illuminates your way?
statement,Dreams inspire your journey.
exclamation,How inspiring this aspiration feels motivating!
command,Let dreams inspire your journey.
wh_question,What dreams inspire your journey?
statement,Wonder fills your heart.
exclamation,How filling this awe feels expanding!
command,Let wonder fill your heart.
wh_question,What wonder fills your heart?
statement,Curiosity sparks exploration.
exclamation,How sparking this inquiry feels exciting!
command,Let curiosity spark within you.
wh_question,What curiosity sparks within you?
statement,Creativity flows through you.
exclamation,How flowing this imagination feels boundless!
command,Let creativity flow through you.
wh_question,What creativity flows through you?
statement,Innovation emerges from within.
exclamation,How emerging this invention feels pioneering!
command,Let innovation emerge.
wh_question,What innovation emerges from you?
statement,Ideas spring to mind.
exclamation,How springing this thinking feels generative!
command,Let ideas spring forth.
wh_question,What idea springs to mind?
statement,Insight arises unexpectedly.
exclamation,How arising this understanding feels illuminating!
command,Let insight arise.
wh_question,What insight arises for you?
statement,Clarity comes in moments.
exclamation,How clearing this understanding feels relieving!
command,Let clarity come to you.
wh_question,What clarity comes to you?
statement,Truth reveals itself.
exclamation,How revealing this discovery feels exposing!
command,Let truth reveal itself.
wh_question,What truth reveals itself to you?
statement,Understanding dawns slowly.
exclamation,How dawning this comprehension feels awakening!
command,Let understanding dawn.
wh_question,What understanding dawns for you?
statement,Wisdom deepens over time.
exclamation,How deepening this insight feels maturing!
command,Let wisdom deepen within you.
wh_question,What wisdom deepens within you?
statement,Knowledge grows continuously.
exclamation,How growing this learning feels expanding!
command,Let knowledge grow within you.
wh_question,What knowledge grows within you?
statement,Experience accumulates wisdom.
exclamation,How accumulating this expertise feels seasoning!
command,Let experience accumulate.
wh_question,What experience has accumulated for you?
statement,Memory preserves lessons.
exclamation,How preserving this remembering feels honoring!
command,Let memory preserve lessons.
wh_question,What lesson does memory preserve?
statement,Lessons inform future choices.
exclamation,How informing this guidance feels directing!
command,Let lessons inform your choices.
wh_question,What lesson informs your choice?
statement,Choices shape destiny.
exclamation,How shaping this decision feels consequential!
command,Let choices shape your destiny.
wh_question,What choice shapes your destiny?
statement,Destiny unfolds gracefully.
exclamation,How unfolding this fate feels destined!
command,Let destiny unfold gracefully.
wh_question,How does your destiny unfold?
statement,Life unfolds perfectly.
exclamation,How perfectly this unfolding feels divine!
command,Trust life's perfect unfolding.
polar_question,Do you trust life's perfect unfolding?
statement,The universe supports you.
exclamation,How supporting this cosmos feels conspiring!
command,Trust in the supportive universe.
polar_question,Does the universe support you?
statement,All is unfolding as it should.
exclamation,How should this unfolding feels destined!
command,Trust in the unfolding.
polar_question,Do you trust that all unfolds as it should?
statement,You are exactly where you should be.
exclamation,How appropriate this placement feels perfect!
command,Trust where you are now.
polar_question,Do you trust you are where you should be?
statement,Each moment is a gift.
exclamation,How gifting this present feels precious!
command,Receive each moment as a gift.
polar_question,Will you receive this moment as a gift?
statement,Now is the only moment that exists.
exclamation,How present this now feels eternal!
command,Be fully in the now.
polar_question,Are you fully present in the now?
statement,This moment will never come again.
exclamation,How irreplaceable this occurrence feels fleeting!
command,Treasure this unrepeatable moment.
wh_question,How will you treasure this moment?
statement,Make the most of now.
exclamation,How maximizing this present feels purposeful!
command,Make the most of this moment.
wh_question,What will you make of this moment?
statement,This moment is yours to create.
exclamation,How creating this now feels empowering!
command,Create this moment intentionally.
wh_question,What will you create in this moment?
statement,You are the creator of your experience.
exclamation,How authoring this reality feels powerful!
command,Create your experience consciously.
wh_question,What experience are you creating?
statement,Your reality is of your making.
exclamation,How making this reality feels shaping!
command,Shape your reality with love.
wh_question,What reality are you shaping?
statement,Choose joy in this moment.
exclamation,How choosing this happiness feels empowering!
command,Choose joy right now.
polar_question,Will you choose joy in this moment?
statement,Choose peace in this moment.
exclamation,How choosing this calm feels centering!
command,Choose peace right now.
polar_question,Will you choose peace in this moment?
statement,Choose love in this moment.
exclamation,How choosing this affection feels heartwarming!
command,Choose love right now.
polar_question,Will you choose love in this moment?
statement,Choose gratitude in this moment.
exclamation,How choosing this thankfulness feels enriching!
command,Choose gratitude right now.
polar_question,Will you choose gratitude in this moment?
statement,Choose kindness in this moment.
exclamation,How choosing this goodness feels uplifting!
command,Choose kindness right now.
polar_question,Will you choose kindness in this moment?
statement,Choose compassion in this moment.
exclamation,How choosing this caring feels connecting!
command,Choose compassion right now.
polar_question,Will you choose compassion in this moment?
statement,Choose understanding in this moment.
exclamation,How choosing this comprehension feels bridging!
command,Choose understanding right now.
polar_question,Will you choose understanding in this moment?
statement,Choose forgiveness in this moment.
exclamation,How choosing this release feels freeing!
command,Choose forgiveness right now.
polar_question,Will you choose forgiveness in this moment?
statement,Choose acceptance in this moment.
exclamation,How choosing this allowance feels liberating!
command,Choose acceptance right now.
polar_question,Will you choose acceptance in this moment?
statement,Choose patience in this moment.
exclamation,How choosing this tolerance feels calming!
command,Choose patience right now.
polar_question,Will you choose patience in this moment?
statement,Choose courage in this moment.
exclamation,How choosing this bravery feels empowering!
command,Choose courage right now.
polar_question,Will you choose courage in this moment?
statement,Choose faith in this moment.
exclamation,How choosing this trust feels anchoring!
command,Choose faith right now.
polar_question,Will you choose faith in this moment?
statement,Choose hope in this moment.
exclamation,How choosing this optimism feels uplifting!
command,Choose hope right now.
polar_question,Will you choose hope in this moment?
statement,Choose determination in this moment.
exclamation,How choosing this resolve feels strengthening!
command,Choose determination right now.
polar_question,Will you choose determination in this moment?
statement,Choose focus in this moment.
exclamation,How choosing this concentration feels amplifying!
command,Choose focus right now.
polar_question,Will you choose focus in this moment?
statement,Choose presence in this moment.
exclamation,How choosing this being feels grounding!
command,Choose presence right now.
polar_question,Will you choose presence in this moment?
statement,Choose awareness in this moment.
exclamation,How choosing this consciousness feels awakening!
command,Choose awareness right now.
polar_question,Will you choose awareness in this moment?
statement,Choose mindfulness in this moment.
exclamation,How choosing this attentiveness feels centering!
command,Choose mindfulness right now.
polar_question,Will you choose mindfulness in this moment?
statement,Choose stillness in this moment.
exclamation,How choosing this quiet feels calming!
command,Choose stillness right now.
polar_question,Will you choose stillness in this moment?
statement,Choose silence in this moment.
exclamation,How choosing this hush feels peaceful!
command,Choose silence right now.
polar_question,Will you choose silence in this moment?
statement,Choose breath in this moment.
exclamation,How choosing this life force feels vitalizing!
command,Choose to breathe deeply now.
polar_question,Will you choose to breathe deeply?
statement,Choose life in this moment.
exclamation,How choosing this vitality feels energizing!
command,Choose life fully now.
polar_question,Will you choose life fully?
statement,Choose to be here now.
exclamation,How choosing this presence feels grounding!
command,Choose to be here now.
polar_question,Are you choosing to be here now?
statement,Choose to be present.
exclamation,How choosing this attending feels being!
command,Choose to be present now.
polar_question,Are you choosing to be present?
statement,Choose to be mindful.
exclamation,How choosing this noticing feels awakening!
command,Choose to be mindful now.
polar_question,Are you choosing to be mindful?
statement,Choose to be grateful.
exclamation,How choosing this thanking feels enriching!
command,Choose to be grateful now.
polar_question,Are you choosing to be grateful?
statement,Choose to be joyful.
exclamation,How choosing this happiness feels spreading!
command,Choose to be joyful now.
polar_question,Are you choosing to be joyful?
statement,Choose to be at peace.
exclamation,How choosing this serenity feels calming!
command,Choose to be at peace now.
polar_question,Are you choosing to be at peace?
statement,Choose to be loving.
exclamation,How choosing this affection feels radiating!
command,Choose to be loving now.
polar_question,Are you choosing to be loving?
statement,Choose to be kind.
exclamation,How choosing this goodness feels spreading!
command,Choose to be kind now.
polar_question,Are you choosing to be kind?
statement,Choose to be compassionate.
exclamation,How choosing this empathy feels connecting!
command,Choose to be compassionate now.
polar_question,Are you choosing to be compassionate?
statement,Choose to be understanding.
exclamation,How choosing this comprehension feels bridging!
command,Choose to be understanding now.
polar_question,Are you choosing to be understanding?
statement,Choose to be forgiving.
exclamation,How choosing this release feels freeing!
command,Choose to be forgiving now.
polar_question,Are you choosing to be forgiving?
statement,Choose to be accepting.
exclamation,How choosing this allowance feels liberating!
command,Choose to be accepting now.
polar_question,Are you choosing to be accepting?
statement,Choose to be patient.
exclamation,How choosing this tolerance feels calming!
command,Choose to be patient now.
polar_question,Are you choosing to be patient?
statement,Choose to be courageous.
exclamation,How choosing this bravery feels empowering!
command,Choose to be courageous now.
polar_question,Are you choosing to be courageous?
statement,Choose to be determined.
exclamation,How choosing this resolve feels strengthening!
command,Choose to be determined now.
polar_question,Are you choosing to be determined?
statement,Choose to be focused.
exclamation,How choosing this concentration feels amplifying!
command,Choose to be focused now.
polar_question,Are you choosing to be focused?
statement,Choose to be aware.
exclamation,How choosing this consciousness feels awakening!
command,Choose to be aware now.
polar_question,Are you choosing to be aware?
statement,Choose to be still.
exclamation,How choosing this quiet feels calming!
command,Choose to be still now.
polar_question,Are you choosing to be still?
statement,Choose to be silent.
exclamation,How choosing this hush feels peaceful!
command,Choose to be silent now.
polar_question,Are you choosing to be silent?
statement,Choose to breathe.
exclamation,How choosing this breath feels vitalizing!
command,Choose to breathe now.
polar_question,Are you choosing to breathe?
statement,Choose to live.
exclamation,How choosing this life feels energizing!
command,Choose to live now.
polar_question,Are you choosing to live?
statement,Choose to be.
exclamation,How choosing this existence feels being!
command,Choose to be now.
polar_question,Are you choosing to be?
statement,This is your moment.
exclamation,How yours this moment feels!
command,Own this moment.
polar_question,Is this your moment?
statement,This is your life.
exclamation,How yours this existence feels!
command,Live your life fully.
polar_question,Are you living your life fully?
statement,This is your journey.
exclamation,How yours this path feels!
command,Walk your journey boldly.
polar_question,Are you walking your journey boldly?
statement,This is your story.
exclamation,How yours this narrative feels!
command,Write your story beautifully.
polar_question,Are you writing your story beautifully?
statement,This is your truth.
exclamation,How yours this reality feels!
command,Speak your truth proudly.
polar_question,Are you speaking your truth proudly?
statement,This is your voice.
exclamation,How yours this expression feels!
command,Use your voice boldly.
polar_question,Are you using your voice boldly?
statement,This is your power.
exclamation,How yours this strength feels!
command,Use your power wisely.
polar_question,Are you using your power wisely?
statement,This is your light.
exclamation,How yours this brightness feels!
command,Share your light brightly.
polar_question,Are you sharing your light brightly?
statement,This is your love.
exclamation,How yours this affection feels!
command,Share your love freely.
polar_question,Are you sharing your love freely?
statement,This is your gift.
exclamation,How yours this offering feels!
command,Share your gift generously.
polar_question,Are you sharing your gift generously?
statement,This is your purpose.
exclamation,How yours this meaning feels!
command,Live your purpose fully.
polar_question,Are you living your purpose fully?
statement,This is your destiny.
exclamation,How yours this fate feels!
command,Embrace your destiny confidently.
polar_question,Are you embracing your destiny confidently?
statement,This is your moment to shine.
exclamation,How brilliant this shining feels!
command,Shine brightly now.
polar_question,Are you shining brightly now?
statement,This is your moment to bloom.
exclamation,How blossoming this blooming feels!
command,Bloom beautifully now.
polar_question,Are you blooming beautifully now?
statement,This is your moment to fly.
exclamation,How soaring this flying feels!
command,Fly freely now.
polar_question,Are you flying freely now?
statement,This is your moment to soar.
exclamation,How ascending this soaring feels!
command,Soar high now.
polar_question,Are you soaring high now?
statement,This is your moment to rise.
exclamation,How elevating this rising feels!
command,Rise up now.
polar_question,Are you rising up now?
statement,This is your moment to grow.
exclamation,How expanding this growing feels!
command,Grow strongly now.
polar_question,Are you growing strongly now?
statement,This is your moment to transform.
exclamation,How transforming this metamorphosis feels!
command,Transform completely now.
polar_question,Are you transforming completely now?
statement,This is your moment to evolve.
exclamation,How evolving this development feels!
command,Evolve gracefully now.
polar_question,Are you evolving gracefully now?
statement,This is your moment to become.
exclamation,How becoming this emergence feels!
command,Become fully now.
polar_question,Are you becoming fully now?
statement,This is your moment to be more.
exclamation,How expanding this becoming feels!
command,Be more fully now.
polar_question,Are you being more fully now?
statement,This is your moment of awakening.
exclamation,How awakening this enlightenment feels!
command,Awaken fully now.
polar_question,Are you awakening fully now?
statement,This is your moment of awareness.
exclamation,How aware this consciousness feels!
command,Be aware now.
polar_question,Are you aware now?
statement,This is your moment of presence.
exclamation,How present this being feels!
command,Be present now.
polar_question,Are you present now?
statement,This is your moment of peace.
exclamation,How peaceful this calm feels!
command,Be at peace now.
polar_question,Are you at peace now?
statement,This is your moment of joy.
exclamation,How joyful this happiness feels!
command,Be joyful now.
polar_question,Are you joyful now?
statement,This is your moment of love.
exclamation,How loving this affection feels!
command,Be loving now.
polar_question,Are you loving now?
statement,This is your moment of light.
exclamation,How bright this radiance feels!
command,Be the light now.
polar_question,Are you being the light now?
statement,This is your moment of power.
exclamation,How powerful this strength feels!
command,Be powerful now.
polar_question,Are you powerful now?
statement,This is your moment of wisdom.
exclamation,How wise this knowing feels!
command,Be wise now.
polar_question,Are you wise now?
statement,This is your moment of truth.
exclamation,How truthful this authenticity feels!
command,Be truthful now.
polar_question,Are you truthful now?
statement,This is your moment of courage.
exclamation,How brave this valor feels!
command,Be courageous now.
polar_question,Are you courageous now?
statement,This is your moment of compassion.
exclamation,How compassionate this caring feels!
command,Be compassionate now.
polar_question,Are you compassionate now?
statement,This is your moment of kindness.
exclamation,How kind this goodness feels!
command,Be kind now.
polar_question,Are you kind now?
statement,This is your moment of gratitude.
exclamation,How grateful this thankfulness feels!
command,Be grateful now.
polar_question,Are you grateful now?
statement,This is your moment of forgiveness.
exclamation,How freeing this release feels!
command,Be forgiving now.
polar_question,Are you forgiving now?
statement,This is your moment of acceptance.
exclamation,How accepting this allowance feels!
command,Be accepting now.
polar_question,Are you accepting now?
statement,This is your moment of patience.
exclamation,How patient this tolerance feels!
command,Be patient now.
polar_question,Are you patient now?
statement,This is your moment of humility.
exclamation,How humble this modesty feels!
command,Be humble now.
polar_question,Are you humble now?
statement,This is your moment of service.
exclamation,How serving this giving feels!
command,Be of service now.
polar_question,Are you of service now?
statement,This is your moment of contribution.
exclamation,How contributing this sharing feels!
command,Contribute now.
polar_question,Are you contributing now?
statement,This is your moment of impact.
exclamation,How impactful this influence feels!
command,Make an impact now.
polar_question,Are you making an impact now?
statement,This is your moment to matter.
exclamation,How mattering this significance feels!
command,Matter now.
polar_question,Are you mattering now?
statement,This is your moment to belong.
exclamation,How belonging this connection feels!
command,Belong now.
polar_question,Are you belonging now?
statement,This is your moment to connect.
exclamation,How connecting this bonding feels!
command,Connect now.
polar_question,Are you connecting now?
statement,This is your moment to love.
exclamation,How loving this caring feels!
command,Love now.
polar_question,Are you loving now?
statement,This is your moment to be loved.
exclamation,How loved this cherishing feels!
command,Accept that you are loved now.
polar_question,Do you accept that you are loved now?
statement,This is your moment to be enough.
exclamation,How enough this sufficiency feels!
command,Know that you are enough now.
polar_question,Do you know that you are enough now?
statement,This is your moment to be whole.
exclamation,How whole this completeness feels!
command,Know that you are whole now.
polar_question,Do you know that you are whole now?
statement,This is your moment to be perfect.
exclamation,How perfect this imperfection feels!
command,Know that you are perfect now.
polar_question,Do you know that you are perfect now?
statement,This is your moment to be divine.
exclamation,How divine this sacredness feels!
command,Know that you are divine now.
polar_question,Do you know that you are divine now?
statement,This is your moment to be eternal.
exclamation,How eternal this timelessness feels!
command,Know that you are eternal now.
polar_question,Do you know that you are eternal now?
statement,This is your moment to be infinite.
exclamation,How infinite this boundlessness feels!
command,Know that you are infinite now.
polar_question,Do you know that you are infinite now?
statement,This is your moment to be unlimited.
exclamation,How unlimited this freedom feels!
command,Know that you are unlimited now.
polar_question,Do you know that you are unlimited now?
statement,This is your moment to be free.
exclamation,How free this liberation feels!
command,Be free now.
polar_question,Are you free now?
statement,This is your moment to be happy.
exclamation,How happy this joy feels!
command,Be happy now.
polar_question,Are you happy now?
request,Could you send me the project files when you get a chance?
request,Would you be able to cover for me on Friday afternoon?
request,Can you review my draft before I submit it tomorrow?
request,Would you mind proofreading this email before I send it?
request,Could you forward that document to the whole team please?
request,May I have an extension on the deadline for this report?
request,Could you copy me on those email threads going forward?
request,Would you please update the project tracker with the latest status?
request,Can you arrange a call with the client for next Tuesday?
request,Would you be available for a quick meeting this afternoon?
request,Could you take notes during the presentation today?
request,May I use the conference room at two o'clock?
request,Would you mind sending me the invoice once it's ready?
request,Can you let me know when the shipment arrives?
request,Could you prepare a summary of the key findings?
request,Would you be willing to mentor the new intern this quarter?
request,May I ask you to reconsider the budget allocation?
request,Could you translate this document into Spanish for me?
request,Would you please confirm receipt of this email?
request,Can you share the login credentials for the shared drive?
request,Could you set up the projector before the meeting starts?
request,Would you be able to handle my calls while I'm out?
request,May I delegate this task to someone with more bandwidth?
request,Can you double-check the figures in the financial report?
request,Could you let the team know about the schedule change?
request,Would you mind rescheduling our one-on-one to Thursday?
request,Can you send me the minutes from last week's meeting?
request,Could you approve my travel expense report by Friday?
request,Would you be able to join the call as technical support?
request,May I have access to the client database for this project?
request,Could you write up a brief for the new campaign?
request,Would you mind introducing me to your contact at that firm?
request,Can you compile the survey results into a single document?
request,Could you run through the onboarding checklist with the new hire?
request,Would you please respond to the client's query today?
request,May I borrow the company credit card for travel expenses?
request,Could you update the website with the new pricing information?
request,Would you be so kind as to sign off on this purchase order?
request,Can you coordinate with the logistics team on delivery?
request,Could you let me know if there are any conflicts in my schedule?
request,Could you pass me the remote control please?
request,Would you mind turning down the television a little?
request,Can you hold my bag while I look for my keys?
request,May I have another slice of cake please?
request,Could you give me a lift to the train station?
request,Would you mind if I opened the window for some fresh air?
request,Can you help me move this heavy wardrobe?
request,Could you let me know when dinner is ready?
request,Would you be able to babysit on Saturday evening?
request,May I borrow your umbrella for the afternoon?
request,Could you take a photo of all of us please?
request,Would you mind keeping the noise down a bit?
request,Can you remind me to call the dentist tomorrow morning?
request,Could you lend me some cash until I get to the ATM?
request,Would you be so kind as to open the door for me?
request,May I use your laptop charger for a few minutes?
request,Could you save me a seat near the front?
request,Would you mind watching my bag while I use the restroom?
request,Can you tell me the Wi-Fi password please?
request,Could you swap seats with me on the train?
request,Would you mind turning off the light when you leave?
request,Can you pour me a glass of water please?
request,Could you help me carry these bags inside?
request,Would you be able to pick me up from the airport?
request,May I sit in the front seat for the journey?
request,Could you wake me up at seven tomorrow morning?
request,Would you mind if I changed the thermostat setting?
request,Can you help me wrap these Christmas presents?
request,Could you read this letter and tell me what you think?
request,Would you please stop drumming your fingers on the table?
request,May I ask you to be a little more patient with me?
request,Can you check if the back door is locked please?
request,Could you feed the cat while I'm away this weekend?
request,Would you be able to water the plants for me?
request,May I ask you not to use your phone during dinner?
request,Could you lower the blinds to block the afternoon sun?
request,Would you mind moving your car out of the driveway?
request,Can you help me put up these shelves on the wall?
request,Could you taste this soup and tell me if it needs salt?
request,Would you be able to drive the kids to school tomorrow?
request,Could I get a refund on this defective item?
request,Would you be able to process my order today?
request,May I speak with a supervisor about this billing issue?
request,Can you check if you have this in a larger size?
request,Could you deliver this to my home address instead?
request,Would you mind wrapping this as a birthday gift?
request,Can I exchange this for a different color please?
request,Could you call me back when a technician is available?
request,May I have an itemized receipt for this purchase?
request,Would you be able to waive the cancellation fee?
request,Can you apply my loyalty discount to this order?
request,Could I have extra napkins with my order please?
request,Would you mind checking if my reservation is confirmed?
request,May I change my appointment to a later time slot?
request,Can you recommend which product suits my needs best?
request,Could you bring the check when you have a moment?
request,Would you be able to hold this item for me until tomorrow?
request,May I try on these shoes in a size nine please?
request,Can you tell me what the daily special is today?
request,Could you give me a table away from the kitchen noise?
request,Would you be able to split the bill three ways for us?
request,May I have a glass of tap water with my meal please?
request,Could you check if my parcel has been delivered?
request,Would you be willing to price-match this competitor offer?
request,Can you add extra cheese to my order please?
request,Could I have the order without onions?
request,Would you mind calling me when my prescription is ready?
request,May I have a printed receipt for my records?
request,Can you tell me the estimated delivery time for this order?
request,Could you give me a discount on a bulk purchase?
request,Could you explain the side effects of this medication?
request,Would you mind scheduling a follow-up appointment for me?
request,May I have a copy of my medical records?
request,Can you refer me to a specialist in orthopaedics?
request,Could you let me know my test results as soon as possible?
request,Would you be able to prescribe something stronger for the pain?
request,May I request a second opinion on this diagnosis?
request,Can you check my blood pressure once more please?
request,Could you recommend a physiotherapist in my area?
request,Would you mind explaining the procedure in more detail?
request,May I ask what other treatment options are available?
request,Can you adjust my dosage based on the latest results?
request,Could you write me a sick note for this week?
request,Would you be able to fit me in for an emergency appointment?
request,May I bring a family member into the consultation?
request,Could you recommend a good restaurant near the hotel?
request,Would you be able to arrange airport transfer for me?
request,May I check in early if my room is available?
request,Can you bring fresh towels to my room please?
request,Could you call me a taxi for six in the morning?
request,Would you mind storing my luggage until check-in time?
request,May I have a late checkout tomorrow please?
request,Can you book a table at the hotel restaurant for eight?
request,Could you give me directions to the nearest pharmacy?
request,Would you be so kind as to print my boarding pass?
request,May I have an extra pillow for my bed please?
request,Can you upgrade me to a room with a sea view?
request,Could you arrange a guided city tour for tomorrow morning?
request,Would you please ensure the room is quiet and away from the lift?
request,May I leave my valuables in the hotel safe?
request,Could you get me a map of the local area please?
request,Would you be able to extend my stay by one more night?
request,May I request a non-smoking room on a higher floor?
request,Can you organize a vegetarian meal option for me?
request,Could you inform me about the cancellation policy?
request,Would you be able to arrange a wake-up call at five thirty?
request,May I have the amenities replenished in my room?
request,Could you recommend a reliable car hire service nearby?
request,Would you mind notifying me when the shuttle departs?
request,Can you confirm my reservation for three nights?
request,Could you help me with my heavy suitcase to the room?
request,Would you be able to send up room service at nine?
request,May I have a cot added to the room for my child?
request,Can you arrange a taxi to the convention center please?
request,Could you provide a receipt for my entire stay?
request,Could you help me reset my password please?
request,Would you be able to fix this technical issue today?
request,May I have remote access support to resolve this problem?
request,Can you walk me through the installation process step by step?
request,Could you escalate this ticket to a senior technician?
request,Would you mind backing up my files before the system update?
request,May I have the latest version of the software installed?
request,Can you check if there are any known bugs in this build?
request,Could you send me the API documentation for this service?
request,Would you be able to schedule the maintenance for the weekend?
request,Could you restore my account access as soon as possible?
request,Would you mind explaining what caused the system outage?
request,May I have a refund for the subscription I was incorrectly charged?
request,Can you migrate my data to the new platform?
request,Could you set up two-factor authentication on my account?
request,Could you explain this concept in simpler terms for me?
request,Would you mind looking over my essay before the deadline?
request,May I have more time to complete this assignment?
request,Can you recommend a good textbook for this subject?
request,Could you clarify what you meant by that last point?
request,Would you be willing to write me a letter of recommendation?
request,May I ask a follow-up question about the lecture?
request,Can you share the lecture slides with the class?
request,Could you go through the solution to question five again?
request,Would you please post the assignment rubric on the course page?
request,May I retake the quiz if I can demonstrate improvement?
request,Can you give me feedback on my thesis proposal?
request,Could you advise me on which elective courses to take?
request,Would you be able to hold additional office hours this week?
request,May I record this lecture for personal review later?
request,Could you review my bibliography for proper citation format?
request,Would you be willing to supervise my research project?
request,May I submit my assignment a day late with a valid reason?
request,Can you explain the grading criteria for the final exam?
request,Could you arrange a study group for the upcoming test?
request,Could you show me something in a different style please?
request,Would you be able to gift-wrap this purchase for me?
request,May I have a bag for these items please?
request,Can you check if this item is currently on sale?
request,Could you hold this item while I think it over?
request,Would you be willing to match that lower price?
request,May I pay for this appliance in installments?
request,Can you check your online stock for this product?
request,Could you call me when the new shipment arrives?
request,Would you mind showing me how this device works?
request,Can you order this in my size from another store?
request,Could you bring out a fresh one from the stockroom?
request,Would you be able to apply my store credit to this purchase?
request,May I have a rain check if this item is out of stock?
request,Can you engrave my initials on this watch?
request,Could you take a different route to avoid the traffic?
request,Would you be able to stop briefly at the cashpoint?
request,May I have a receipt for this journey please?
request,Can you slow down a little on these winding roads?
request,Could you open the boot so I can load my luggage?
request,Would you mind helping me with directions from here?
request,May I reserve a window seat on the train?
request,Can you let me off at the next stop please?
request,Could you let me know when we reach the city centre?
request,Would you be able to drop me off near the entrance?
request,Could you help me fix the leaking tap in the bathroom?
request,Would you mind taking out the recycling this week?
request,May I ask you to vacuum the living room before guests arrive?
request,Can you replace the lightbulb in the hallway?
request,Could you reorganize the kitchen cupboards with me?
request,Would you be willing to paint the spare room on the weekend?
request,May I ask you to be quieter after ten at night?
request,Can you help me assemble this flat-pack furniture?
request,Could you check if the boiler pressure is at the right level?
request,Would you mind clearing the gutters before the rainy season?
request,Can you collect the dry cleaning on your way home?
request,Could you make sure the bins are put out on collection day?
request,Would you be able to look after the house while I'm on holiday?
request,May I ask you to lower your music after midnight?
request,Can you fix the squeaky floorboard in the bedroom?
request,I was wondering if you could spare a moment to assist me.
request,Would it be too much trouble to turn the heating down slightly?
request,Could I possibly take a seat next to you on the bench?
request,Would you happen to have a spare pen I could borrow?
request,Might I trouble you for a glass of water please?
request,Would you be so good as to read this over for me?
request,Could I ask you to watch my belongings for just a moment?
request,Would you kindly accept my apologies for the inconvenience?
request,Might I inquire as to your availability this coming weekend?
request,Could you see your way to approving this modest request?
request,Would you be amenable to moving our appointment to Monday?
request,I would be most grateful if you could reply by noon.
request,Would you care to have a look at these preliminary findings?
request,Could you possibly move me up in the queue?
request,May I be so bold as to propose an alternative solution?
request,Would you mind terribly if I brought a colleague along?
request,Could I prevail upon you to lend me a helping hand?
request,Would you be kind enough to hold the lift for me?
request,May I ask you not to smoke within this designated area?
request,Could you do me the honour of attending this ceremony?
request,Might I ask for a few moments of your valuable time?
request,Would you be so gracious as to consider my proposal?
request,Could I impose upon you for one small favour?
request,Would you care to review this summary before it goes out?
request,Might I suggest we take a short break before continuing?
request,Would it be possible for you to lower your voice slightly?
request,Could you possibly find it in your heart to forgive me?
request,Would you be so kind as to accept this small token?
request,Might I humbly request your guidance on this matter?
request,Could I trouble you for directions to the nearest exit?
request,Can you do me a solid and drop these letters off for me?
request,Would you mind helping me out with something quick?
request,Could you just double-check that for me real quick?
request,Can you shoot me a text when you're on your way?
request,Would you be up for grabbing coffee and chatting about this?
request,Could you give me a heads-up before you leave?
request,Can you keep an eye on things while I step out?
request,Would you mind swapping shifts with me this Friday?
request,Could you just go along with it for now please?
request,Can you back me up on this when they ask?
request,Would you be cool with lending me your charger for a bit?
request,Could you grab me a coffee while you're up?
request,Can you just send me that link you mentioned earlier?
request,Would you mind just running this by me one more time?
request,Could you loop me in on that thread please?
request,Can you do me a favour and not mention this to anyone?
request,Would you be down to give me a hand with this later?
request,Could you just ping me when you get a chance?
request,Can you cover the bill and I'll pay you back tomorrow?
request,Would you be okay with pushing the meeting back an hour?
request,Could you confirm whether the report was received?
request,Would you be able to get here by eight thirty?
request,May I have a moment of your undivided attention?
request,Can you check whether the form was filled out correctly?
request,Could you reach out to them on my behalf?
request,Would you mind giving me a quick status update?
request,May I remind you of the deadline at the end of the week?
request,Can you make sure everyone has a copy of the agenda?
request,Could you ensure the contract is signed before close of business?
request,Would you be able to stay a bit late to finish this today?
request,May I ask you to reconsider your decision on this matter?
request,Can you help me understand where this went wrong?
request,Could you point me in the right direction here?
request,Would you mind stepping outside for a quick word?
request,May I interrupt for just one second?
request,Can you run this by legal before we proceed?
request,Could you get approval from management for this change?
request,Would you be able to pull together a short presentation?
request,May I ask that you keep this conversation confidential?
request,Can you get everyone on the same page before the deadline?
request,Could you kindly return my call at your earliest convenience?
request,Would you be available to assist with the setup this evening?
request,May I borrow your notes from the last session?
request,Can you show me where the main entrance is please?
request,Could you help me fill out this form correctly?
request,Would you mind explaining the terms and conditions to me?
request,May I request that you lower the volume on the music?
request,Can you arrange a brief tour of the facility for me?
request,Could you tell me who I should speak to about this matter?
request,Would you be so kind as to respond by the end of the day?
request,May I ask that this be kept off the record?
request,Can you confirm the time and location of the meeting?
request,Could you share your notes from the conference call?
request,Would you be able to translate this sentence for me?
request,May I suggest that we revisit this topic next week?
request,Can you drop by my office when you have a free moment?
request,Could you give me an honest assessment of this proposal?
request,Would you mind holding on while I get someone to help you?
request,May I draw your attention to this important detail?
request,Can you make an appointment for me with the director?
request,Could you proofread this before it goes to the printer?
request,Would you be able to come in an hour earlier on Thursday?
request,May I ask that you refrain from interrupting during presentations?
request,Can you let me know if anything changes before then?
request,Could you share your screen so I can follow along?
request,Would you mind explaining that last part once more?
request,May I use the kitchen facilities during my break?
request,Can you send me a reminder the day before the event?
request,Could you be a bit more specific about what you need?
request,Would you be willing to take on some additional responsibilities?
request,May I request a quiet workspace for the rest of the day?
request,Can you tell me how long this process typically takes?
request,Could you reduce the font size in the presentation slides?
request,Would you be able to source a vegetarian option for the lunch?
request,May I ask you to move your car from the visitor spot?
request,Can you help me calculate the total cost including tax?
request,Could you introduce me to the rest of the team today?
request,Would you mind waiting just five more minutes?
request,May I have the floor to present my findings?
request,Can you ensure the room is set up before everyone arrives?
request,Could you fetch the files from the archive room for me?
request,Would you be able to confirm the delivery address on the form?
request,May I ask that all phones be switched to silent mode?
request,Can you help me track down the original version of this document?
request,Could you make sure this task is completed by end of play?
request,Would you mind double-checking my calculations here?
request,May I reserve a spot in the car park for tomorrow?
request,Can you pick up some groceries on your way over?
request,Could you collect my parcel from reception when it arrives?
request,Would you be able to come with me to the appointment?
request,May I ask you to translate what they just said?
request,Can you recommend a reliable plumber in the neighbourhood?
request,Could you turn off the garden sprinklers when you leave?
request,Would you mind helping me carry these boxes downstairs?
request,May I ask that you follow up with me later this week?
request,Can you ask the neighbours to keep their dog quieter at night?
request,Could you let me know your thoughts on this idea?
request,Would you be willing to compromise on this particular issue?
request,May I ask you to give this matter your urgent attention?
request,Can you confirm that the funds have been transferred successfully?
request,Could you please acknowledge this email so I know you received it?
request,Would you be able to send across the contract for review?
request,May I ask for your patience while we look into this further?
request,Can you make arrangements for the team to attend the conference?
request,Could you ensure all safety procedures are followed correctly?
request,Would you mind giving us a little more notice next time?
request,May I ask you to outline the main risks in your assessment?
request,Can you reduce the amount of jargon in this document?
request,Could you schedule a demo of the new software for the team?
request,Would you be able to respond to the client before end of day?
request,May I ask that we keep the meeting to under an hour?
request,Could you let me know your decision by end of day?
request,Would you be willing to provide a character reference for me?
request,May I have access to the shared folder for this project?
request,Can you get someone to look at the broken printer?
request,Could you put this on my tab and I'll settle up later?
request,Would you mind moving over slightly so I can sit down?
request,May I have a window seat on the flight please?
request,Can you ask the chef to make mine without nuts?
request,Could you let someone know I'm waiting in reception?
request,Would you please send me the tracking number for my order?
request,May I have a moment to collect my thoughts?
request,Can you email me the agenda at least a day in advance?
request,Could you confirm whether the meeting is still happening?
request,Would you be able to give me a progress update?
request,May I ask that all feedback be given constructively?
request,Can you hold my calls for the next thirty minutes?
request,Could you give me a few days to think this over?
request,Would you mind not forwarding that email to anyone else?
request,May I be excused from the next team-building session?
request,Can you check if the contract includes a warranty clause?
request,Could you include my name on the invitation list?
request,Would you be so kind as to notify me in advance?
request,May I have the ingredients list for that dish?
request,Can you bring the paperwork to my office when it's ready?
request,Could you offer a student discount on this purchase?
request,Would you mind reading the instructions one more time?
request,May I speak to someone who can authorize this?
request,Can you give me a written quote for the work?
request,Could you let me sit in on the next training session?
request,Would you be able to contact me via email instead?
request,May I have the manager's direct contact details?
request,Can you make sure my dietary requirements are noted?
request,Could you post the parcel by recorded delivery?
request,Would you be able to reduce the monthly payment amount?
request,May I request a seat upgrade to premium economy?
request,Can you book the flights for the entire team?
request,Could you set a reminder for the review meeting next month?
request,Would you mind taking this survey about your experience?
request,May I ask you to review my performance review draft?
request,Can you ensure the invoice matches the purchase order?
request,Could you help me find the error in this formula?
request,Would you be available to co-present with me at the event?
request,May I have your signature on this consent form?
request,Can you lock up when you leave tonight?
request,Could you notify me if the situation changes?
request,Would you mind sparing five minutes to discuss something?
request,May I ask that this decision be revisited next quarter?
request,Can you send over the revised proposal when it's done?
request,Could you find a quieter spot for our conversation?
request,Would you be willing to take on the project lead role?
request,May I ask for more clarity on the performance criteria?
request,Can you arrange a one-to-one with me this week?
request,Could you extend the warranty on this product?
request,Would you mind referring me to someone who can help?
request,May I request that you speak a little slower please?
request,Can you let me know if there are alternative products?
request,Could you give me a summary of what was discussed?
request,Would you be able to notify me before making any changes?
request,May I ask that you double-check the measurements?
request,Can you help me understand the fine print on this contract?
request,Could you sign the document and send it back today?
request,Would you mind giving me a character reference?
request,May I ask that you copy everyone in on correspondence?
request,Can you clear your schedule for the emergency meeting?
request,Could you liaise with the other department on my behalf?
request,Would you be able to send the package by express post?
request,May I have the contact details of the account manager?
request,Can you resend the file in a different format please?
request,Could you prepare a cost-benefit analysis for this proposal?
request,Would you mind confirming the address on the delivery note?
request,May I request that all communications be documented?
request,Can you arrange for someone to collect the equipment?
request,Could you show me how to use the new software interface?
request,Would you be willing to give a short presentation to the group?
request,May I take your coat and show you to a seat?
request,Can you give me a few more examples to illustrate the point?
request,Could you go over the key points one more time?
request,Would you mind reducing the complexity of this report?
request,May I ask that you treat this matter with discretion?
request,Can you coordinate the logistics for the off-site event?
request,Could you write a brief bio for the company website?
request,Would you be available for an informal catch-up this week?
request,May I have a brief extension on my subscription trial?
request,Can you ensure the slides are uploaded before the session?
request,Could you highlight the changes made since the last version?
request,Would you be so kind as to walk me through your process?
request,May I ask you to get a second quote for comparison?
request,Can you let the guests know about the change of venue?
request,Could you notify the relevant parties of the new policy?
request,Would you mind filling in this short feedback form?
request,May I request a meeting with the board on this issue?
request,Can you provide evidence to support this claim?
request,Could you contact the supplier about the faulty goods?
request,Would you be able to reschedule the inspection visit?
request,May I ask what led to this decision being made?
request,Can you chase the client for the outstanding invoice?
request,Could you allocate more resources to this project?
request,Would you be willing to share your expertise on this topic?
request,May I have a map of the building's emergency exits?
request,Can you ensure everyone has signed the attendance sheet?
request,Could you give me your honest feedback on this presentation?
request,Would you mind making an introduction over email?
request,May I ask that you update the knowledge base with this fix?
request,Can you schedule a debrief after the event?
request,Could you help me set a realistic timeline for this?
request,Would you be able to take the lead on this initiative?
request,May I have a quiet word with you in private?
request,Can you make sure the venue has wheelchair access?
request,Could you speak to the landlord about the heating problem?
request,Would you mind making enough copies for everyone?
request,May I ask that the issue be escalated to a senior level?
request,Can you ensure the data is anonymized before sharing?
request,Could you provide a translation of this legal document?
request,Would you be available to act as a witness for me?
request,May I request that the lights be dimmed for the presentation?
request,Can you follow up on the outstanding action items?
request,Could you keep a record of these decisions for our files?
request,Would you mind setting the default language to English?
request,May I ask that the noise level in the office be reduced?
request,Can you assign someone to manage the social media account?
request,Could you negotiate better terms with the vendor?
request,Would you be willing to endorse my professional profile?
request,May I have the opportunity to address the team directly?
request,Can you route this query to the appropriate department?
request,Could you organize a team lunch before the project ends?
request,Would you mind handling the correspondence while I'm away?
request,May I request that the service be reinstated immediately?
request,Can you confirm the minimum order quantity for this product?
request,Could you attach the relevant supporting documents to the email?
request,Would you be able to present the findings at the next board meeting?
request,May I ask that you be available on the phone during this period?
request,Can you liaise with IT to get my access rights restored?
request,Could you arrange for the broken equipment to be replaced?
request,Would you mind giving me a guided walkthrough of the process?
request,May I have permission to share this data with external stakeholders?
request,Can you help me draft a response to this formal complaint?
request,Could you provide a briefing note ahead of the stakeholder meeting?
request,Would you be able to make the report more accessible for non-specialists?
request,May I ask that you send the final version before noon tomorrow?
request,Can you arrange cover for my classes while I attend the conference?
request,Could you outline the next steps following this decision?
request,Would you mind noting down the key points for me?
request,May I request a formal apology in writing for this error?
request,Can you make the necessary corrections and resubmit the form?
request,Could you process this expense claim at your earliest convenience?
request,Would you be so kind as to acknowledge my contribution in the report?
request,May I ask that the contract be reviewed by our legal team first?
request,Can you see if anyone is free to assist me this afternoon?
request,Could you set up an automated reminder for the recurring meeting?
request,Would you be willing to take the minutes at today's meeting?
request,May I have a hard copy of the certificate for my records?
request,Can you update me on the current status of my application?
request,Could you organize the files into clearly labelled folders?
request,Would you be able to add captions to the video for accessibility?
request,May I ask that all approvals be obtained before proceeding?
request,Can you make the necessary amendments based on the feedback?
request,Could you bring the matter to the attention of the relevant authority?
request,Would you mind preparing a short executive summary of the proposal?
request,May I ask you to give this task the highest priority?
request,Can you have a word with the supplier about the delivery delays?
request,Could you remind the team of the confidentiality agreement?
request,Would you be available to support me during the client pitch?
request,May I request that the session begin fifteen minutes earlier?
request,Can you make sure everyone has completed the mandatory training?
request,Could you provide a cost estimate for the proposed changes?
request,Would you mind following up with them if we don't hear back?
request,May I ask that this be handled outside the regular process?
request,Can you keep me informed of any developments on this case?
request,Could you clarify the scope of work before we begin?
request,Would you be willing to submit a formal request on my behalf?
request,May I ask that the invoice be corrected and reissued?
request,Can you get the necessary sign-offs before the launch?
request,Could you look into why this error keeps occurring?
request,Would you be able to arrange an interpreter for the meeting?
request,May I request that the delivery be rerouted to a different address?
request,Can you make sure the report is formatted consistently throughout?
request,Could you arrange for a replacement part to be sent immediately?
request,Would you mind holding the table for us for another ten minutes?
request,May I ask that the team be briefed before the announcement?
request,Can you reach out to the participants and confirm their attendance?
request,Could you set up an out-of-office reply on my behalf?
request,Would you be willing to act as the point of contact while I travel?
request,May I have your approval to proceed with the next phase?
request,Can you instruct the couriers to leave the parcel with a neighbour?
request,Could you ensure that all stakeholders are aligned on the timeline?
request,Would you mind sharing the test results with the wider team?
request,May I ask that steps be taken to prevent this from happening again?
request,Can you arrange for the meeting room to be cleaned before we arrive?
request,Could you provide a written confirmation of our agreement?
request,Would you be able to facilitate a resolution between the two parties?
request,May I request that my personal data be deleted from your system?
request,Can you make sure the access codes are changed after the project?
request,Could you summarize the discussion points in a brief follow-up email?
request,Would you mind letting me have a look at that before it goes out?
request,May I ask you to escalate this beyond the normal channels?
request,Can you allocate a dedicated account manager to our company?
request,Could you provide step-by-step guidance on completing the process?
request,Would you be available to assist with the next round of interviews?
request,May I request that the venue be changed to a more accessible location?
request,Can you make a note of any outstanding issues for the follow-up?
request,Could you remind everyone about the dress code for the event?
request,Would you be willing to reduce the price if we commit to a longer term?
request,May I ask that a formal investigation be launched into this matter?
request,Can you review the risk assessment and update it accordingly?
request,Could you make this change retroactive from the start of the month?
request,Would you be able to vouch for my experience during the reference call?
request,May I request that a copy of the report be sent to all attendees?
request,Can you ensure the instructions are written in plain language?
request,Could you identify a suitable replacement for this component?
request,Would you mind giving the new recruit a tour of the office?
request,May I ask that you prioritize speed over perfection this time?
request,Can you have someone available on-call throughout the weekend?
request,Could you send a reminder to everyone before the deadline?
request,Would you be able to adjust the schedule to accommodate late arrivals?
request,May I have a brief word with you after the meeting?
request,Can you check the inventory before placing the next order?
request,Could you compile a list of all outstanding tasks for review?
request,Would you mind sharing your screen so I can follow along?
polar_question,Am I going to die?
polar_question,Am I sick?
polar_question,Are Spanish and German different languages?
polar_question,Are airplanes flown inside?
polar_question,Are apples red fruit?
polar_question,Are aspirin and tylenol pain relievers?
polar_question,Are bananas and oranges sweet vegetables?
polar_question,Are band-aids used for healing?
polar_question,Are cars made here?
polar_question,Are cars used to drive on the water?
polar_question,Are chips and pretzels salty?
polar_question,Are clocks and bikes used to tell time?
polar_question,Are coffee and hot chocolate cold drinks?
polar_question,Are computers used to brush your teeth with?
polar_question,Are dogs and cats animals that live in the jungle?
polar_question,Are flies and robins small insects?
polar_question,Are football and baseball types of food?
polar_question,Are fruits and vegetables healthy to eat?
polar_question,Are houses more than $50 dollars?
polar_question,Are lasagna and spaghetti Chinese dishes?
polar_question,Are lizards small?
polar_question,Are muscles needed to move our body?
polar_question,Are musicians and artists creative?
polar_question,Are ovens used to freeze things?
polar_question,Are paint and syrup used to take a bath in?
polar_question,Are peanuts made into jam?
polar_question,Are pencils and markers used to write on a whiteboard?
polar_question,Are pillows and mattresses used to sleep on?
polar_question,Are rattlesnakes poisonous?
polar_question,Are roses tall trees?
polar_question,Are scoops of ice cream sweet?
polar_question,Are shoes worn over the top of socks?
polar_question,Are shovels something you would use to dig a hole with?
polar_question,Are the children at school?
polar_question,"Are the letters ""d"" and ""s"" in the word ""dressing""?"
polar_question,Are there 80 minutes in an hour?
polar_question,Are they American?
polar_question,Are they sitting in a row ?
polar_question,Are they studying hard?
polar_question,Are they visiting Paris?
polar_question,Are umbrellas used to keep you wet?
polar_question,Are violins and pianos musical instruments?
polar_question,Are we going to try it?
polar_question,Are wild animals dangerous?
polar_question,Are you going to try it?
polar_question,Are you hungry?
polar_question,Are you looking for the keys?
polar_question,Are you sick?
polar_question,Can John read?
polar_question,Can a backpack get a cold?
polar_question,Can a circle have corners?
polar_question,Can a fish live out of water?
polar_question,Can a tiger be your pet?
polar_question,Can pigs walk on two feet?
polar_question,Can you brush your teeth with a shoe?
polar_question,Can you buy eggs by the dozen?
polar_question,Can you drive a car wearing a blindfold?
polar_question,Can you drive a car without wearing a seatbelt?
polar_question,Can you eat tomato soup with a fork?
polar_question,Can you eat without a mouth?
polar_question,Can you freeze orange juice?
polar_question,Can you fry vegetables in a pan?
polar_question,Can you grow a mustache on your foot?
polar_question,Can you jump over a puddle?
polar_question,Can you keep a horse inside your house?
polar_question,Can you make bread without using flour?
polar_question,Can you rake leaves with a hammer?
polar_question,Can you ride a bike without a helmet?
polar_question,Can you ride a camel?
polar_question,Can you rip concrete?
polar_question,Can you see in the dark without a flashlight?
polar_question,Can you sleep in the day time?
polar_question,Can you stir something with a spoon?
polar_question,Can you stretch a rock?
polar_question,Can you teach a cat to talk?
polar_question,Can you touch your elbow with your nose?
polar_question,Can you use a shovel at the beach?
polar_question,Can you wear a tie?
polar_question,Can you wear pajama's to school / work?
polar_question,Could he have said that?
polar_question,Did she have a smile on her face?
polar_question,Did she have her camera?
polar_question,Did the boss notice the mistake?
polar_question,Did the printer break?
polar_question,Did they dance well?
polar_question,Did they find the answer?
polar_question,Did they forget their tickets?
polar_question,Did you feel sick?
polar_question,Did you go to the park?
polar_question,Did you see John yesterday?
polar_question,Do astronauts work in grocery stores?
polar_question,Do babies need their diapers changed?
polar_question,Do baby birds get fed by their mother?
polar_question,Do butterflies run fast?
polar_question,Do cars have engines?
polar_question,Do cats climb trees?
polar_question,Do children play with toys?
polar_question,Do computers help us find information?
polar_question,Do elephants live in the ocean?
polar_question,Do erasers remove pencil marks?
polar_question,Do fire extinguishers help fireman?
polar_question,Do football players use sticks?
polar_question,Do horses wear socks?
polar_question,Do new clothes get dirty?
polar_question,Do pilots fly paper planes?
polar_question,Do plants wear glasses?
polar_question,Do storms damage homes?
polar_question,Do teachers help you learn?
polar_question,Do we call a school if we have an emergency?
polar_question,Do we eat beef?
polar_question,Do we need our hands to play a musical instrument?
polar_question,Do we want more money?
polar_question,Do windows need to be cleaned?
polar_question,Do you agree?
polar_question,Do you believe me?
polar_question,Do you chew soup?
polar_question,Do you do yoga?
polar_question,Do you eat beef?
polar_question,Do you get wet when you go swimming?
polar_question,Do you have a car?
polar_question,Do you have a dog?
polar_question,Do you have a problem?
polar_question,Do you need to go home?
polar_question,Do you own a car?
polar_question,Do you throw things in the garbage that are broken?
polar_question,Do you use roller skates on the grass?
polar_question,Do you want a drink?
polar_question,Do you want more money?
polar_question,Does an orange have more juice than a banana?
polar_question,Does he read every day?
polar_question,Does it snow during the summer?
polar_question,Does my dog bark loudly?
polar_question,Does she have a job?
polar_question,Does she love tennis?
polar_question,Does the sun make things hot?
polar_question,Does yogurt go bad if it isn't refrigerated?
polar_question,Does your birthday always happen on the same day?
polar_question,Does your dog bark loudly?
polar_question,Has John been fired?
polar_question,Has he been working here?
polar_question,Has he had surgery?
polar_question,Has she done the housework?
polar_question,Has she had a job?
polar_question,Has the order been approved?
polar_question,Have they finished?
polar_question,Have you eaten breakfast today?
polar_question,Have you got a car?
polar_question,Have you got a pen?
polar_question,Have you seen Michael?
polar_question,"If it is June, is it hot in the North Pole?"
polar_question,"If someone cries, are they sad?"
polar_question,"If someone smiles, are they sad?"
polar_question,"If something is light, would it sink?"
polar_question,"If something is tasty, is it bad?"
polar_question,"If something smells, does it stink?"
polar_question,"If there are laves on the ground, is it winter?"
polar_question,"If there is snow on the ground, is it summer?"
polar_question,"If you break an egg, can you fix it?"
polar_question,"If you cut yourself really bad, should you go to the dentist?"
polar_question,"If you have a ball, can you play catch?"
polar_question,"If you have a bracelet, do you own jewelry?"
polar_question,"If you have a pen and paper, can you write your name?"
polar_question,"If you have boiling water, is it hot?"
polar_question,"If you rip your shirt, would you staple it back together?"
polar_question,"If you want to watch a movie, would you go to a bank?"
polar_question,"If you wanted to get warm, would you drink hot chocolate?"
polar_question,"If you went to a restaurant, would you see clowns?"
polar_question,"If you were a bee, could you sing?"
polar_question,"If you were a bird, would you have fins?"
polar_question,"If you were a builder, would you use a hammer?"
polar_question,"If you were a cat, would you have three legs?"
polar_question,"If you were a caterpillar, would you have legs?"
polar_question,"If you were a chair, could you swim?"
polar_question,"If you were a computer, would you be alive?"
polar_question,"If you were a fish, could you jump?"
polar_question,"If you were a horse, could you gallup?"
polar_question,"If you were a shark, would you eat fish?"
polar_question,"If you were an ant, would you live in dirt?"
polar_question,"If you were an owner, would you have a pet?"
polar_question,"If you were rotten, would you smell nice?"
polar_question,"If your bike has a flat tire, should you ride it?"
polar_question,Is 50% higher than 48%?
polar_question,Is 9:30 p.m. later than 3:30 p.m.?
polar_question,Is John a doctor?
polar_question,Is Luan going to be hired?
polar_question,Is New York City small?
polar_question,Is Peter going to go?
polar_question,Is a brick heavier than a feather?
polar_question,Is a car bigger than a person?
polar_question,Is a car faster than a bicycle?
polar_question,Is a clown funnier than a doctor?
polar_question,Is a cow bigger than an elephant?
polar_question,Is a day longer than a week?
polar_question,Is a father older than his son?
polar_question,Is a gallon less than a cup?
polar_question,Is a hurricane dangerous?
polar_question,Is a mile longer than a football field?
polar_question,Is a month longer than an hour?
polar_question,Is a pair of shoes more than one shoe?
polar_question,Is a pair of socks less than three pairs?
polar_question,Is a screwdriver a tool?
polar_question,Is a state bigger than a city?
polar_question,Is a year longer than six months?
polar_question,Is building a house hard work?
polar_question,Is five dollars more than one hundred?
polar_question,Is half an apple less than one apple?
polar_question,Is he a bad person?
polar_question,Is he a good person?
polar_question,Is he being interviewed now?
polar_question,Is he fat?
polar_question,Is he tall?
polar_question,Is it 4 o'clock?
polar_question,Is it a doctor's job to save people?
polar_question,Is my name being called?
polar_question,Is one million a big number?
polar_question,Is paper used to wash clothes?
polar_question,Is she a bad person?
polar_question,Is she a good person?
polar_question,Is she being interviewed now?
polar_question,Is she fat?
polar_question,Is she tall?
polar_question,Is the moon hotter than the sun?
polar_question,Is the school open?
polar_question,Is the train going to arrive?
polar_question,Is thirty minutes shorter than one hour?
polar_question,Is today my birthday?
polar_question,Is today your birthday?
polar_question,Is twenty more than fifty?
polar_question,Is whole less than a half?
polar_question,Is yoga popular?
polar_question,Is your arm bigger than your thigh?
polar_question,Might it be broken?
polar_question,Must a visa be obtained first?
polar_question,Shall we attend?
polar_question,Should he practice more?
polar_question,Should she practice more?
polar_question,Was New York expensive?
polar_question,Was Sarah his teacher?
polar_question,Was he going to visit?
polar_question,Was it nice?
polar_question,Was she going to visit?
polar_question,Was the book sold?
polar_question,Was the price the same?
polar_question,Was the printer being repaired?
polar_question,Was the waiter rude?
polar_question,Were they waiting long?
polar_question,Were we late?
polar_question,Were you rich?
polar_question,Were you there?
polar_question,Were you tired?
polar_question,Will he come?
polar_question,Will she come?
polar_question,Will they be happy?
polar_question,Will they be hired?
polar_question,Will we join them?
polar_question,Will you go to the park?
polar_question,Will you join them?
polar_question,Would he have been angry?
polar_question,Would she have been angry?
